{
    "json_invalid": false,
    "preamble": "Problem 8. Language X (20 marks)\n  ",
    "context": "Here are some Language X sentences with their English translations.\n\nLanguage X\tEnglish\nPotaatatahim.\tI ran.\nPotaatahim.\tHe / she ran.\nPotaatatal.\tI\u2019ve run / I am running.\nJohnoh wakol.\tJohn is fat.\nPamoh mokkol.\tPam is pregnant.\nPotaatal.\tHe / she has run or He /she is running.\nNamokkol.\tYou\u2019re pregnant.\nSowakol.\tI\u2019m fat.\nLohhomoh noolol.\tThe man is tall.\nLohhomoh hotiichohim.\tThe man sang.\nLohhom noolol faasotahim.\tI saw the tall man.\nLohhom noolol ashfaasohim.\tYou saw the tall man.\n\nHere are some more examples.\n\nLanguage X\tEnglish\nSokkah soposhol.\tMy leg is cut.\nSofaasohim.\tHe / she saw me.\nAssofaasohim.\tYou saw me.\nLohhom owitahim.\tHe/she told the man.\nIbah sokka somifitahim.\tThe dog bit my leg.\nIbah oyiba mifitahim.\tThe dog bit my dog.\nNayowitatahim.\tI told you.\nOyowitahim.\tHe / she told me.\nSoshmah lohhom faasohim.\tMy mother saw the man.\nSoshmah napotaatahim.\tYour mother ran.",
    "questions": "[{\"question_n\": \"Q 8.1\", \"prompt\": \"Translate the following into Language X.\", \"subprompts\": [{\"questionpart_n\": \"a.\", \"question\": \"He / she saw John.\", \"answer\": \"John faasohim.\", \"matches_human_scoring\": false, \"fuzzy_matching\": false, \"manual_edit\": false}, {\"questionpart_n\": \"b.\", \"question\": \"I sang.\", \"answer\": \"Hotiichotahim.\", \"matches_human_scoring\": false, \"fuzzy_matching\": false, \"manual_edit\": false}, {\"questionpart_n\": \"c.\", \"question\": \"You\\u2019re singing.\", \"answer\": \"Ashhotiichol.\", \"matches_human_scoring\": false, \"fuzzy_matching\": false, \"manual_edit\": false}, {\"questionpart_n\": \"d.\", \"question\": \"I\\u2019m pregnant.\", \"answer\": \"Somokkol.\", \"matches_human_scoring\": false, \"fuzzy_matching\": false, \"manual_edit\": false}, {\"questionpart_n\": \"e.\", \"question\": \"He / she saw the fat man.\", \"answer\": \"Lohhom wakol faasohim.\", \"matches_human_scoring\": false, \"fuzzy_matching\": false, \"manual_edit\": false}]}, {\"question_n\": \"Q 8.2\", \"prompt\": \"Translate the following into English.\", \"subprompts\": [{\"questionpart_n\": \"f.\", \"question\": \"Nakkah naposhol.\", \"answer\": \"Your leg is cut.\", \"matches_human_scoring\": false, \"fuzzy_matching\": false, \"manual_edit\": false}, {\"questionpart_n\": \"g.\", \"question\": \"Nakkah poshol.\", \"answer\": \"Your leg is cut.\", \"matches_human_scoring\": false, \"fuzzy_matching\": false, \"manual_edit\": false}, {\"questionpart_n\": \"h.\", \"question\": \"Oyiba ashfaasohim.\", \"answer\": \"You saw my dog.\", \"matches_human_scoring\": false, \"fuzzy_matching\": false, \"manual_edit\": false}, {\"questionpart_n\": \"i.\", \"question\": \"Shma oyfaasotahim.\", \"answer\": \"I saw my mother.\", \"matches_human_scoring\": false, \"fuzzy_matching\": false, \"manual_edit\": false}, {\"questionpart_n\": \"j.\", \"question\": \"Oyibah nakka namifitahim.\", \"answer\": \"My dog bit your leg.\", \"matches_human_scoring\": false, \"fuzzy_matching\": false, \"manual_edit\": false}]}]",
    "obfuscated": "True",
    "obf_num": "6",
    "mapping": {
        "b": "p",
        "l": "t",
        "y": "k",
        "w": "ch",
        "p": "f",
        "t": "h",
        "k": "m",
        "ch": "n",
        "f": "b",
        "h": "l",
        "m": "y",
        "n": "w",
        "a": "o",
        "i": "a",
        "o": "i",
        "john": "john",
        "pam": "pam",
        "s": "s",
        "sh": "sh"
    }
}