{
    "json_invalid": false,
    "preamble": "Problem 8. Language X (20 marks)\n  ",
    "context": "Here are some Language X sentences with their English translations.\n\nLanguage X\tEnglish\nChofaafafabil.\tI ran.\nChofaafabil.\tHe / she ran.\nChofaafafap.\tI\u2019ve run / I am running.\nJohnob kahop.\tJohn is fat.\nPamob lohhop.\tPam is pregnant.\nChofaafap.\tHe / she has run or He /she is running.\nYalohhop.\tYou\u2019re pregnant.\nSokahop.\tI\u2019m fat.\nPobbolob yoopop.\tThe man is tall.\nPobbolob bofiimobil.\tThe man sang.\nPobbol yoopop naasofabil.\tI saw the tall man.\nPobbol yoopop ashnaasobil.\tYou saw the tall man.\n\nHere are some more examples.\n\nLanguage X\tEnglish\nSohhab sochoshop.\tMy leg is cut.\nSonaasobil.\tHe / she saw me.\nAssonaasobil.\tYou saw me.\nPobbol okifabil.\tHe/she told the man.\nIwab sohha solinifabil.\tThe dog bit my leg.\nIwab otiwa linifabil.\tThe dog bit my dog.\nYatokifafabil.\tI told you.\nOtokifabil.\tHe / she told me.\nSoshlab pobbol naasobil.\tMy mother saw the man.\nSoshlab yachofaafabil.\tYour mother ran.",
    "questions": "[{\"question_n\": \"Q 8.1\", \"prompt\": \"Translate the following into Language X.\", \"subprompts\": [{\"questionpart_n\": \"a.\", \"question\": \"He / she saw John.\", \"answer\": \"John naasobil.\", \"matches_human_scoring\": false, \"fuzzy_matching\": false, \"manual_edit\": false}, {\"questionpart_n\": \"b.\", \"question\": \"I sang.\", \"answer\": \"Bofiimofabil.\", \"matches_human_scoring\": false, \"fuzzy_matching\": false, \"manual_edit\": false}, {\"questionpart_n\": \"c.\", \"question\": \"You\\u2019re singing.\", \"answer\": \"Ashbofiimop.\", \"matches_human_scoring\": false, \"fuzzy_matching\": false, \"manual_edit\": false}, {\"questionpart_n\": \"d.\", \"question\": \"I\\u2019m pregnant.\", \"answer\": \"Solohhop.\", \"matches_human_scoring\": false, \"fuzzy_matching\": false, \"manual_edit\": false}, {\"questionpart_n\": \"e.\", \"question\": \"He / she saw the fat man.\", \"answer\": \"Pobbol kahop naasobil.\", \"matches_human_scoring\": false, \"fuzzy_matching\": false, \"manual_edit\": false}]}, {\"question_n\": \"Q 8.2\", \"prompt\": \"Translate the following into English.\", \"subprompts\": [{\"questionpart_n\": \"f.\", \"question\": \"Yahhab yachoshop.\", \"answer\": \"Your leg is cut.\", \"matches_human_scoring\": false, \"fuzzy_matching\": false, \"manual_edit\": false}, {\"questionpart_n\": \"g.\", \"question\": \"Yahhab choshop.\", \"answer\": \"Your leg is cut.\", \"matches_human_scoring\": false, \"fuzzy_matching\": false, \"manual_edit\": false}, {\"questionpart_n\": \"h.\", \"question\": \"Otiwa ashnaasobil.\", \"answer\": \"You saw my dog.\", \"matches_human_scoring\": false, \"fuzzy_matching\": false, \"manual_edit\": false}, {\"questionpart_n\": \"i.\", \"question\": \"Shla otnaasofabil.\", \"answer\": \"I saw my mother.\", \"matches_human_scoring\": false, \"fuzzy_matching\": false, \"manual_edit\": false}, {\"questionpart_n\": \"j.\", \"question\": \"Otiwab yahha yalinifabil.\", \"answer\": \"My dog bit your leg.\", \"matches_human_scoring\": false, \"fuzzy_matching\": false, \"manual_edit\": false}]}]",
    "obfuscated": "True",
    "obf_num": "10",
    "mapping": {
        "b": "ch",
        "l": "f",
        "y": "h",
        "w": "m",
        "p": "n",
        "t": "b",
        "k": "l",
        "ch": "y",
        "f": "w",
        "h": "p",
        "m": "t",
        "n": "k",
        "a": "o",
        "i": "a",
        "o": "i",
        "john": "john",
        "pam": "pam",
        "s": "s",
        "sh": "sh"
    }
}