{
    "json_invalid": false,
    "preamble": "Round 2 Problem 1. Language X possessions\n  \nLanguage X is usually written in a different script, which has been transliterated here using the English alphabet with some special marks to indicate particular pronunciations. Because Language X has many more sounds (especially different consonant sounds such as four distinct ways of pronouncing a \u201cd\u201d), you will see accents on vowels (such as \u012b) and dots under consonants (such as \u1e0d) in the transliteration used here. In your answer, you need to include these special marks where necessary.\n",
    "context": "Here are some Language X sentences, phrases and words with their English translations.\n\ns\u0301ula\u0304\u0303radi niura\u0303 ci?\tDo you have money?\ns\u0301ula\u0304\u0303rus\u0301i niura\u0303 ciumi.\tYou do not have money.\nAnilhu a\u0303la\u0303 ci.\tAnil has a mother.\nliradi niura\u0303 ci.\tI have money.\nAnilradi s\u0301a\u0304\u0303mt\u0326his\u0301a\u0303 ci\u0304pa\u0304t cim.\tAnil has three cigarettes.\nAnilha\u0304 vi\u0304t\u0326ha\u0303 ci.\tAnil has a father.\nAnilrus\u0301i niura\u0303 ci.\tAnil has money.\nRameshrus\u0301i chi\u0304uta\u0303 hikil cim.\tRamesh has two pens.\nBinduhu a\u0303la\u0303 ciumi.\tBindu does not have a mother.\nBinduradi ci\u0304pa\u0304t ci?\tDoes Bindu have a cigarette?\nRameshha\u0304 mot\u0326ar ci?\tDoes Ramesh have a car?\nBinduhi chi\u0304uta\u0303 gip cim.\tBindu has two houses.\nBindurus\u0301i ci\u0304pa\u0304t ci.\tBindu has a cigarette.\nBinduha\u0304 mot\u0326ar ci.\tBindu has (a) car.\nGitaradi ra\u0303vi\u0304m ciumi.\tGita does not have soap.\nGitahi chi\u0304uta\u0303 mot\u0326ar cim.\tGita has two cars.\noh vitta\u0303 ci\u0304pa\u0304t\tone packet of cigarettes\nchir rupiya\u0304\u0303\tten rupees  \nha\u0303na\u0304\u0303\tnotebook\nlut\u0326a\u0303a\u0304\u0303\tsweets, candies\npe\u0304nsili\tpencil\nspa\u0304\u0303li\thusband\nma\u0303s\u0301umu\tgranddaughter\nniput\u0326ha\u0303p\tfamily\nha\u0304t\u0326ighipi\u0304\trooms\nreba\u0304\tkey\n\n",
    "questions": "[{\"question_n\": \"Q 1\", \"prompt\": \"Translate these sentences into Language X. In some cases, two different translations are possible. In such cases, you should provide both translations separated by a comma.\", \"subprompts\": [{\"questionpart_n\": \"a.\", \"question\": \"I have a notebook.\", \"answer\": \"[\\\"liradi ha\u0303na\u0304\u0303 ci., lirus\u0301i ha\u0303na\u0304\u0303 ci.\\\", \\\"lirus\u0301i ha\u0303na\u0304\u0303 ci., liradi ha\u0303na\u0304\u0303 ci.\\\"]\", \"matches_human_scoring\": false, \"fuzzy_matching\": false, \"manual_edit\": false}, {\"questionpart_n\": \"b.\", \"question\": \"Bindu does not have one packet of cigarettes.\", \"answer\": \"[\\\"Binduradi oh vitta\u0303 ci\u0304pa\u0304t ciumi., Bindurus\u0301i oh vitta\u0303 ci\u0304pa\u0304t ciumi.\\\", \\\"Bindurus\u0301i oh vitta\u0303 ci\u0304pa\u0304t ciumi., Binduradi oh vitta\u0303 ci\u0304pa\u0304t ciumi.\\\"]\", \"matches_human_scoring\": false, \"fuzzy_matching\": false, \"manual_edit\": false}, {\"questionpart_n\": \"c.\", \"question\": \"Gita has a husband.\", \"answer\": \"Gitaha\u0304 spa\u0304\u0303lim ci.\", \"matches_human_scoring\": false, \"fuzzy_matching\": false, \"manual_edit\": false}, {\"questionpart_n\": \"d.\", \"question\": \"Ramesh has a granddaughter.\", \"answer\": \"Rameshhu ma\u0303s\u0301umu ci.\", \"matches_human_scoring\": false, \"fuzzy_matching\": false, \"manual_edit\": false}, {\"questionpart_n\": \"e.\", \"question\": \"Do you have ten rupees?\", \"answer\": \"[\\\"s\u0301ula\u0304\u0303rus\u0301i chir rupiya\u0304\u0303 cim?, s\u0301ula\u0304\u0303radi chir rupiya\u0304\u0303 cim?\\\", \\\"s\u0301ula\u0304\u0303radi chir rupiya\u0304\u0303 cim?, s\u0301ula\u0304\u0303rus\u0301i chir rupiya\u0304\u0303 cim?\\\"]\", \"matches_human_scoring\": false, \"fuzzy_matching\": false, \"manual_edit\": false}, {\"questionpart_n\": \"f.\", \"question\": \"The house has three rooms.\", \"answer\": \"Giphi s\u0301a\u0304\u0303mt\u0326his\u0301a\u0303 ha\u0304t\u0326ighipi\u0304 cim.\", \"matches_human_scoring\": false, \"fuzzy_matching\": false, \"manual_edit\": false}, {\"questionpart_n\": \"g.\", \"question\": \"The family does not have a granddaughter.\", \"answer\": \"niput\u0326ha\u0303phu ma\u0303s\u0301umu ciumi.\", \"matches_human_scoring\": false, \"fuzzy_matching\": false, \"manual_edit\": false}, {\"questionpart_n\": \"h.\", \"question\": \"Do you have sweets?\", \"answer\": \"[\\\"s\u0301ula\u0304\u0303rus\u0301i lut\u0326a\u0303a\u0304\u0303 cim?, s\u0301ula\u0304\u0303radi lut\u0326a\u0303a\u0304\u0303 cim?\\\", \\\"s\u0301ula\u0304\u0303radi lut\u0326a\u0303a\u0304\u0303 cim?, s\u0301ula\u0304\u0303rus\u0301i lut\u0326a\u0303a\u0304\u0303 cim?\\\"]\", \"matches_human_scoring\": false, \"fuzzy_matching\": false, \"manual_edit\": false}, {\"questionpart_n\": \"i.\", \"question\": \"Anil does not have a key.\", \"answer\": \"[\\\"Anilradi reba\u0304 ciumi., Anilrus\u0301i reba\u0304 ciumi.\\\", \\\"Anilrus\u0301i reba\u0304 ciumi., Anilradi reba\u0304 ciumi.\\\"]\", \"matches_human_scoring\": false, \"fuzzy_matching\": false, \"manual_edit\": false}, {\"questionpart_n\": \"j.\", \"question\": \"I do not have a pencil.\", \"answer\": \"[\\\"lirus\u0301i pe\u0304nsili ciumi., liradi pe\u0304nsili ciumi.\\\", \\\"liradi pe\u0304nsili ciumi., lirus\u0301i pe\u0304nsili ciumi.\\\"]\", \"matches_human_scoring\": false, \"fuzzy_matching\": false, \"manual_edit\": false}]}]",
    "obfuscated": "True",
    "obf_num": "22",
    "mapping": {
        "b": "v",
        "c": "b",
        "ch": "c",
        "d": "ch",
        "g": "d",
        "gh": "g",
        "h": "gh",
        "k": "h",
        "l": "k",
        "m": "l",
        "n": "m",
        "p": "n",
        "r": "p",
        "s": "r",
        "s\u0301": "s",
        "t": "s\u0301",
        "t\u0326": "t",
        "t\u0326h": "t\u0326",
        "v": "t\u0326h",
        "a": "i",
        "e": "o",
        "i": "u",
        "o": "a\u0304",
        "u": "i\u0304",
        "a\u0304": "a\u0303",
        "i\u0304": "a\u0304\u0303",
        "a\u0303": "a",
        "a\u0304\u0303": "e",
        "anil": "anil",
        "ramesh": "ramesh",
        "bindu": "bindu",
        "gita": "gita",
        "rupiya\u0304\u0303": "rupiya\u0304\u0303",
        "mot\u0326ar": "mot\u0326ar",
        "pe\u0304nsil": "pe\u0304nsil"
    }
}