{
    "json_invalid": false,
    "preamble": "Round 2 Problem 1. Language X possessions\n  \nLanguage X is usually written in a different script, which has been transliterated here using the English alphabet with some special marks to indicate particular pronunciations. Because Language X has many more sounds (especially different consonant sounds such as four distinct ways of pronouncing a \u201cd\u201d), you will see accents on vowels (such as \u012b) and dots under consonants (such as \u1e0d) in the transliteration used here. In your answer, you need to include these special marks where necessary.\n",
    "context": "Here are some Language X sentences, phrases and words with their English translations.\n\nmoda\u0303ka\u0304\u0303t\u0326he gheoki\u0304 te?\tDo you have money?\nmoda\u0303kome gheoki\u0304 teoge.\tYou do not have money.\nAnilco i\u0304di\u0304 te.\tAnil has a mother.\ndeka\u0304\u0303t\u0326he gheoki\u0304 te.\tI have money.\nAnilka\u0304\u0303t\u0326he ma\u0303gremi\u0304 ta\u0304hun teg.\tAnil has three cigarettes.\nAnilcu sa\u0304ri\u0304 te.\tAnil has a father.\nAnilkome gheoki\u0304 te.\tAnil has money.\nRameshkome t\u0326a\u0304oni\u0304 ceched teg.\tRamesh has two pens.\nBinduco i\u0304di\u0304 teoge.\tBindu does not have a mother.\nBinduka\u0304\u0303t\u0326he ta\u0304hun te?\tDoes Bindu have a cigarette?\nRameshcu mot\u0326ar te?\tDoes Ramesh have a car?\nBinduce t\u0326a\u0304oni\u0304 veh teg.\tBindu has two houses.\nBindukome ta\u0304hun te.\tBindu has a cigarette.\nBinducu mot\u0326ar te.\tBindu has (a) car.\nGitaka\u0304\u0303t\u0326he ki\u0304sa\u0304g teoge.\tGita does not have soap.\nGitace t\u0326a\u0304oni\u0304 mot\u0326ar teg.\tGita has two cars.\nic senni\u0304 ta\u0304hun\tone packet of cigarettes\nt\u0326ek rupiya\u0304\u0303\tten rupees  \nci\u0304gha\u0303\tnotebook\ndopi\u0304a\u0303\tsweets, candies\npe\u0304nsile\tpencil\nlha\u0303de\thusband\ngi\u0304mogo\tgranddaughter\nghehori\u0304h\tfamily\ncupebeha\u0304\trooms\nkas\u0301u\tkey\n\n",
    "questions": "[{\"question_n\": \"Q 1\", \"prompt\": \"Translate these sentences into Language X. In some cases, two different translations are possible. In such cases, you should provide both translations separated by a comma.\", \"subprompts\": [{\"questionpart_n\": \"a.\", \"question\": \"I have a notebook.\", \"answer\": \"[\\\"deka\u0304\u0303t\u0326he ci\u0304gha\u0303 te., dekome ci\u0304gha\u0303 te.\\\", \\\"dekome ci\u0304gha\u0303 te., deka\u0304\u0303t\u0326he ci\u0304gha\u0303 te.\\\"]\", \"matches_human_scoring\": false, \"fuzzy_matching\": false, \"manual_edit\": false}, {\"questionpart_n\": \"b.\", \"question\": \"Bindu does not have one packet of cigarettes.\", \"answer\": \"[\\\"Binduka\u0304\u0303t\u0326he ic senni\u0304 ta\u0304hun teoge., Bindukome ic senni\u0304 ta\u0304hun teoge.\\\", \\\"Bindukome ic senni\u0304 ta\u0304hun teoge., Binduka\u0304\u0303t\u0326he ic senni\u0304 ta\u0304hun teoge.\\\"]\", \"matches_human_scoring\": false, \"fuzzy_matching\": false, \"manual_edit\": false}, {\"questionpart_n\": \"c.\", \"question\": \"Gita has a husband.\", \"answer\": \"Gitacu lha\u0303deg te.\", \"matches_human_scoring\": false, \"fuzzy_matching\": false, \"manual_edit\": false}, {\"questionpart_n\": \"d.\", \"question\": \"Ramesh has a granddaughter.\", \"answer\": \"Rameshco gi\u0304mogo te.\", \"matches_human_scoring\": false, \"fuzzy_matching\": false, \"manual_edit\": false}, {\"questionpart_n\": \"e.\", \"question\": \"Do you have ten rupees?\", \"answer\": \"[\\\"moda\u0303kome t\u0326ek rupiya\u0304\u0303 teg?, moda\u0303ka\u0304\u0303t\u0326he t\u0326ek rupiya\u0304\u0303 teg?\\\", \\\"moda\u0303ka\u0304\u0303t\u0326he t\u0326ek rupiya\u0304\u0303 teg?, moda\u0303kome t\u0326ek rupiya\u0304\u0303 teg?\\\"]\", \"matches_human_scoring\": false, \"fuzzy_matching\": false, \"manual_edit\": false}, {\"questionpart_n\": \"f.\", \"question\": \"The house has three rooms.\", \"answer\": \"Vehce ma\u0303gremi\u0304 cupebeha\u0304 teg.\", \"matches_human_scoring\": false, \"fuzzy_matching\": false, \"manual_edit\": false}, {\"questionpart_n\": \"g.\", \"question\": \"The family does not have a granddaughter.\", \"answer\": \"ghehori\u0304hco gi\u0304mogo teoge.\", \"matches_human_scoring\": false, \"fuzzy_matching\": false, \"manual_edit\": false}, {\"questionpart_n\": \"h.\", \"question\": \"Do you have sweets?\", \"answer\": \"[\\\"moda\u0303kome dopi\u0304a\u0303 teg?, moda\u0303ka\u0304\u0303t\u0326he dopi\u0304a\u0303 teg?\\\", \\\"moda\u0303ka\u0304\u0303t\u0326he dopi\u0304a\u0303 teg?, moda\u0303kome dopi\u0304a\u0303 teg?\\\"]\", \"matches_human_scoring\": false, \"fuzzy_matching\": false, \"manual_edit\": false}, {\"questionpart_n\": \"i.\", \"question\": \"Anil does not have a key.\", \"answer\": \"[\\\"Anilka\u0304\u0303t\u0326he kas\u0301u teoge., Anilkome kas\u0301u teoge.\\\", \\\"Anilkome kas\u0301u teoge., Anilka\u0304\u0303t\u0326he kas\u0301u teoge.\\\"]\", \"matches_human_scoring\": false, \"fuzzy_matching\": false, \"manual_edit\": false}, {\"questionpart_n\": \"j.\", \"question\": \"I do not have a pencil.\", \"answer\": \"[\\\"dekome pe\u0304nsile teoge., deka\u0304\u0303t\u0326he pe\u0304nsile teoge.\\\", \\\"deka\u0304\u0303t\u0326he pe\u0304nsile teoge., dekome pe\u0304nsile teoge.\\\"]\", \"matches_human_scoring\": false, \"fuzzy_matching\": false, \"manual_edit\": false}]}]",
    "obfuscated": "True",
    "obf_num": "23",
    "mapping": {
        "b": "s",
        "c": "s\u0301",
        "ch": "t",
        "d": "t\u0326",
        "g": "t\u0326h",
        "gh": "v",
        "h": "b",
        "k": "c",
        "l": "ch",
        "m": "d",
        "n": "g",
        "p": "gh",
        "r": "h",
        "s": "k",
        "s\u0301": "l",
        "t": "m",
        "t\u0326": "n",
        "t\u0326h": "p",
        "v": "r",
        "a": "e",
        "e": "i",
        "i": "o",
        "o": "u",
        "u": "a\u0304",
        "a\u0304": "i\u0304",
        "i\u0304": "a\u0303",
        "a\u0303": "a\u0304\u0303",
        "a\u0304\u0303": "a",
        "anil": "anil",
        "ramesh": "ramesh",
        "bindu": "bindu",
        "gita": "gita",
        "rupiya\u0304\u0303": "rupiya\u0304\u0303",
        "mot\u0326ar": "mot\u0326ar",
        "pe\u0304nsil": "pe\u0304nsil"
    }
}