{
    "json_invalid": false,
    "preamble": "Round 2 Problem 1. Language X possessions\n  \nLanguage X is usually written in a different script, which has been transliterated here using the English alphabet with some special marks to indicate particular pronunciations. Because Language X has many more sounds (especially different consonant sounds such as four distinct ways of pronouncing a \u201cd\u201d), you will see accents on vowels (such as \u012b) and dots under consonants (such as \u1e0d) in the transliteration used here. In your answer, you need to include these special marks where necessary.\n",
    "context": "Here are some Language X sentences, phrases and words with their English translations.\n\nki\u0304ceghitu dui\u0304gha su?\tDo you have money?\nki\u0304ceghi\u0304ku dui\u0304gha sui\u0304chu.\tYou do not have money.\nAnilvi\u0304 aca su.\tAnil has a mother.\ncughitu dui\u0304gha su.\tI have money.\nAnilghitu kechnuka sa\u0304\u0303ga\u0303l such.\tAnil has three cigarettes.\nAnilva\u0303 pa\u0304\u0303na su.\tAnil has a father.\nAnilghi\u0304ku dui\u0304gha su.\tAnil has money.\nRameshghi\u0304ku s\u0301a\u0304\u0303i\u0304la vubuc such.\tRamesh has two pens.\nBinduvi\u0304 aca sui\u0304chu.\tBindu does not have a mother.\nBindughitu sa\u0304\u0303ga\u0303l su?\tDoes Bindu have a cigarette?\nRameshva\u0303 mot\u0326ar su?\tDoes Ramesh have a car?\nBinduvu s\u0301a\u0304\u0303i\u0304la t\u0326ug such.\tBindu has two houses.\nBindughi\u0304ku sa\u0304\u0303ga\u0303l su.\tBindu has a cigarette.\nBinduva\u0303 mot\u0326ar su.\tBindu has (a) car.\nGitaghitu ghapa\u0304\u0303ch sui\u0304chu.\tGita does not have soap.\nGitavu s\u0301a\u0304\u0303i\u0304la mot\u0326ar such.\tGita has two cars.\na\u0304v pulla sa\u0304\u0303ga\u0303l\tone packet of cigarettes\ns\u0301ugh rupiya\u0304\u0303\tten rupees  \nvade\tnotebook\nci\u0304mae\tsweets, candies\npe\u0304nsilu\tpencil\nhgecu\thusband\nchaki\u0304chi\u0304\tgranddaughter\ndugi\u0304nag\tfamily\nva\u0303mut\u0326huga\u0304\u0303\trooms\nghora\u0303\tkey\n\n",
    "questions": "[{\"question_n\": \"Q 1\", \"prompt\": \"Translate these sentences into Language X. In some cases, two different translations are possible. In such cases, you should provide both translations separated by a comma.\", \"subprompts\": [{\"questionpart_n\": \"a.\", \"question\": \"I have a notebook.\", \"answer\": \"[\\\"cughitu vade su., cughi\u0304ku vade su.\\\", \\\"cughi\u0304ku vade su., cughitu vade su.\\\"]\", \"matches_human_scoring\": false, \"fuzzy_matching\": false, \"manual_edit\": false}, {\"questionpart_n\": \"b.\", \"question\": \"Bindu does not have one packet of cigarettes.\", \"answer\": \"[\\\"Bindughitu a\u0304v pulla sa\u0304\u0303ga\u0303l sui\u0304chu., Bindughi\u0304ku a\u0304v pulla sa\u0304\u0303ga\u0303l sui\u0304chu.\\\", \\\"Bindughi\u0304ku a\u0304v pulla sa\u0304\u0303ga\u0303l sui\u0304chu., Bindughitu a\u0304v pulla sa\u0304\u0303ga\u0303l sui\u0304chu.\\\"]\", \"matches_human_scoring\": false, \"fuzzy_matching\": false, \"manual_edit\": false}, {\"questionpart_n\": \"c.\", \"question\": \"Gita has a husband.\", \"answer\": \"Gitava\u0303 hgecuch su.\", \"matches_human_scoring\": false, \"fuzzy_matching\": false, \"manual_edit\": false}, {\"questionpart_n\": \"d.\", \"question\": \"Ramesh has a granddaughter.\", \"answer\": \"Rameshvi\u0304 chaki\u0304chi\u0304 su.\", \"matches_human_scoring\": false, \"fuzzy_matching\": false, \"manual_edit\": false}, {\"questionpart_n\": \"e.\", \"question\": \"Do you have ten rupees?\", \"answer\": \"[\\\"ki\u0304ceghi\u0304ku s\u0301ugh rupiya\u0304\u0303 such?, ki\u0304ceghitu s\u0301ugh rupiya\u0304\u0303 such?\\\", \\\"ki\u0304ceghitu s\u0301ugh rupiya\u0304\u0303 such?, ki\u0304ceghi\u0304ku s\u0301ugh rupiya\u0304\u0303 such?\\\"]\", \"matches_human_scoring\": false, \"fuzzy_matching\": false, \"manual_edit\": false}, {\"questionpart_n\": \"f.\", \"question\": \"The house has three rooms.\", \"answer\": \"T\u0326ugvu kechnuka va\u0303mut\u0326huga\u0304\u0303 such.\", \"matches_human_scoring\": false, \"fuzzy_matching\": false, \"manual_edit\": false}, {\"questionpart_n\": \"g.\", \"question\": \"The family does not have a granddaughter.\", \"answer\": \"dugi\u0304nagvi\u0304 chaki\u0304chi\u0304 sui\u0304chu.\", \"matches_human_scoring\": false, \"fuzzy_matching\": false, \"manual_edit\": false}, {\"questionpart_n\": \"h.\", \"question\": \"Do you have sweets?\", \"answer\": \"[\\\"ki\u0304ceghi\u0304ku ci\u0304mae such?, ki\u0304ceghitu ci\u0304mae such?\\\", \\\"ki\u0304ceghitu ci\u0304mae such?, ki\u0304ceghi\u0304ku ci\u0304mae such?\\\"]\", \"matches_human_scoring\": false, \"fuzzy_matching\": false, \"manual_edit\": false}, {\"questionpart_n\": \"i.\", \"question\": \"Anil does not have a key.\", \"answer\": \"[\\\"Anilghitu ghora\u0303 sui\u0304chu., Anilghi\u0304ku ghora\u0303 sui\u0304chu.\\\", \\\"Anilghi\u0304ku ghora\u0303 sui\u0304chu., Anilghitu ghora\u0303 sui\u0304chu.\\\"]\", \"matches_human_scoring\": false, \"fuzzy_matching\": false, \"manual_edit\": false}, {\"questionpart_n\": \"j.\", \"question\": \"I do not have a pencil.\", \"answer\": \"[\\\"cughi\u0304ku pe\u0304nsilu sui\u0304chu., cughitu pe\u0304nsilu sui\u0304chu.\\\", \\\"cughitu pe\u0304nsilu sui\u0304chu., cughi\u0304ku pe\u0304nsilu sui\u0304chu.\\\"]\", \"matches_human_scoring\": false, \"fuzzy_matching\": false, \"manual_edit\": false}]}]",
    "obfuscated": "True",
    "obf_num": "18",
    "mapping": {
        "b": "p",
        "c": "r",
        "ch": "s",
        "d": "s\u0301",
        "g": "t",
        "gh": "t\u0326",
        "h": "t\u0326h",
        "k": "v",
        "l": "b",
        "m": "c",
        "n": "ch",
        "p": "d",
        "r": "g",
        "s": "gh",
        "s\u0301": "h",
        "t": "k",
        "t\u0326": "l",
        "t\u0326h": "m",
        "v": "n",
        "a": "u",
        "e": "a\u0304",
        "i": "i\u0304",
        "o": "a\u0303",
        "u": "a\u0304\u0303",
        "a\u0304": "a",
        "i\u0304": "e",
        "a\u0303": "i",
        "a\u0304\u0303": "o",
        "anil": "anil",
        "ramesh": "ramesh",
        "bindu": "bindu",
        "gita": "gita",
        "rupiya\u0304\u0303": "rupiya\u0304\u0303",
        "mot\u0326ar": "mot\u0326ar",
        "pe\u0304nsil": "pe\u0304nsil"
    }
}