{
    "json_invalid": false,
    "preamble": "Problem 1. (In)definitely Language X (5 marks)\n  ",
    "context": "How does Person X say \u2018a\u2019 and \u2018the\u2019? Use these examples to find out, and fill in the blanks (marked with e.g., __(a)__) in the table. Note that a and \u0103 are pronounced differently and that the difference matters.\n\nnoza\u0306liz\tthe ticket\nip noza\u0306l\ta ticket\nnaoeliz\tthe boy\nip naoel\t__(a)__\ncele\tthe girl\nu cela\ta girl\ncsepba\u0306ze\tthe bread roll\nu csepba\u0306za\t__(b)__\nza\u0306fite\tthe vegetable\n__(c)__\ta vegetable\n__(d)__\tthe pencil\nip rsa\u0306oup\ta pencil\nresla\u0306e\tthe book\nu resla\u0306\t__(e)__\n__(f)__\tthe love\nu msefudla\u0306\ta love\nreda\thouse\n__(g)__\ta house\n__(h)__\tthe house\ngsoa\u0306la\u0306p\tfriend\n__(i)__\tthe friend\n__(j)__\ta friend",
    "questions": "[{\"question_n\": \"Q 1.\", \"prompt\": \"Fill in the blanks using the table above.\", \"subprompts\": [{\"questionpart_n\": \"a.\", \"question\": \"__(a)__\", \"answer\": \"a boy\", \"matches_human_scoring\": false, \"fuzzy_matching\": false, \"manual_edit\": false}, {\"questionpart_n\": \"b.\", \"question\": \"__(b)__\", \"answer\": \"a bread roll\", \"matches_human_scoring\": false, \"fuzzy_matching\": false, \"manual_edit\": false}, {\"questionpart_n\": \"c.\", \"question\": \"__(c)__\", \"answer\": \"u za\u0306fita\", \"matches_human_scoring\": false, \"fuzzy_matching\": false, \"manual_edit\": false}, {\"questionpart_n\": \"d.\", \"question\": \"__(d)__\", \"answer\": \"rsa\u0306oupiz\", \"matches_human_scoring\": false, \"fuzzy_matching\": false, \"manual_edit\": false}, {\"questionpart_n\": \"e.\", \"question\": \"__(e)__\", \"answer\": \"a book\", \"matches_human_scoring\": false, \"fuzzy_matching\": false, \"manual_edit\": false}, {\"questionpart_n\": \"f.\", \"question\": \"__(f)__\", \"answer\": \"msefudla\u0306e\", \"matches_human_scoring\": false, \"fuzzy_matching\": false, \"manual_edit\": false}, {\"questionpart_n\": \"g.\", \"question\": \"__(g)__\", \"answer\": \"u reda\", \"matches_human_scoring\": false, \"fuzzy_matching\": false, \"manual_edit\": false}, {\"questionpart_n\": \"h.\", \"question\": \"__(h)__\", \"answer\": \"rede\", \"matches_human_scoring\": false, \"fuzzy_matching\": false, \"manual_edit\": false}, {\"questionpart_n\": \"i.\", \"question\": \"__(i)__\", \"answer\": \"gsoa\u0306la\u0306piz\", \"matches_human_scoring\": false, \"fuzzy_matching\": false, \"manual_edit\": false}, {\"questionpart_n\": \"j.\", \"question\": \"__(j)__\", \"answer\": \"ip gsoa\u0306la\u0306p\", \"matches_human_scoring\": false, \"fuzzy_matching\": false, \"manual_edit\": false}]}]",
    "obfuscated": "True",
    "obf_num": "6",
    "mapping": {
        "i": "o",
        "e": "a\u0306",
        "u": "i",
        "a": "e",
        "o": "u",
        "a\u0306": "a",
        "p": "g",
        "t": "l",
        "c": "r",
        "b": "n",
        "d": "m",
        "g": "f",
        "l": "z",
        "r": "s",
        "n": "p",
        "m": "t",
        "f": "c",
        "z": "b",
        "s": "d"
    }
}