{
    "json_invalid": false,
    "preamble": "Problem 1. (In)definitely Language X (5 marks)\n  ",
    "context": "How does Person X say \u2018a\u2019 and \u2018the\u2019? Use these examples to find out, and fill in the blanks (marked with e.g., __(a)__) in the table. Note that a and \u0103 are pronounced differently and that the difference matters.\n\nmosa\u0306ris\tthe ticket\nit mosa\u0306r\ta ticket\nmaoeris\tthe boy\nit maoer\t__(a)__\nbere\tthe girl\nu bera\ta girl\nbpetda\u0306se\tthe bread roll\nu bpetda\u0306sa\t__(b)__\nsa\u0306zice\tthe vegetable\n__(c)__\ta vegetable\n__(d)__\tthe pencil\nit npa\u0306out\ta pencil\nnepra\u0306e\tthe book\nu nepra\u0306\t__(e)__\n__(f)__\tthe love\nu fpezugra\u0306\ta love\nnega\thouse\n__(g)__\ta house\n__(h)__\tthe house\nlpoa\u0306ra\u0306t\tfriend\n__(i)__\tthe friend\n__(j)__\ta friend",
    "questions": "[{\"question_n\": \"Q 1.\", \"prompt\": \"Fill in the blanks using the table above.\", \"subprompts\": [{\"questionpart_n\": \"a.\", \"question\": \"__(a)__\", \"answer\": \"a boy\", \"matches_human_scoring\": false, \"fuzzy_matching\": false, \"manual_edit\": false}, {\"questionpart_n\": \"b.\", \"question\": \"__(b)__\", \"answer\": \"a bread roll\", \"matches_human_scoring\": false, \"fuzzy_matching\": false, \"manual_edit\": false}, {\"questionpart_n\": \"c.\", \"question\": \"__(c)__\", \"answer\": \"u sa\u0306zica\", \"matches_human_scoring\": false, \"fuzzy_matching\": false, \"manual_edit\": false}, {\"questionpart_n\": \"d.\", \"question\": \"__(d)__\", \"answer\": \"npa\u0306outis\", \"matches_human_scoring\": false, \"fuzzy_matching\": false, \"manual_edit\": false}, {\"questionpart_n\": \"e.\", \"question\": \"__(e)__\", \"answer\": \"a book\", \"matches_human_scoring\": false, \"fuzzy_matching\": false, \"manual_edit\": false}, {\"questionpart_n\": \"f.\", \"question\": \"__(f)__\", \"answer\": \"fpezugra\u0306e\", \"matches_human_scoring\": false, \"fuzzy_matching\": false, \"manual_edit\": false}, {\"questionpart_n\": \"g.\", \"question\": \"__(g)__\", \"answer\": \"u nega\", \"matches_human_scoring\": false, \"fuzzy_matching\": false, \"manual_edit\": false}, {\"questionpart_n\": \"h.\", \"question\": \"__(h)__\", \"answer\": \"nege\", \"matches_human_scoring\": false, \"fuzzy_matching\": false, \"manual_edit\": false}, {\"questionpart_n\": \"i.\", \"question\": \"__(i)__\", \"answer\": \"lpoa\u0306ra\u0306tis\", \"matches_human_scoring\": false, \"fuzzy_matching\": false, \"manual_edit\": false}, {\"questionpart_n\": \"j.\", \"question\": \"__(j)__\", \"answer\": \"it lpoa\u0306ra\u0306t\", \"matches_human_scoring\": false, \"fuzzy_matching\": false, \"manual_edit\": false}]}]",
    "obfuscated": "True",
    "obf_num": "10",
    "mapping": {
        "i": "o",
        "e": "a\u0306",
        "u": "i",
        "a": "e",
        "o": "u",
        "a\u0306": "a",
        "p": "l",
        "t": "r",
        "c": "n",
        "b": "m",
        "d": "f",
        "g": "z",
        "l": "s",
        "r": "p",
        "n": "t",
        "m": "c",
        "f": "b",
        "z": "d",
        "s": "g"
    }
}