{
    "json_invalid": false,
    "preamble": "Problem 1. (In)definitely Language X (5 marks)\n  ",
    "context": "How does Person X say \u2018a\u2019 and \u2018the\u2019? Use these examples to find out, and fill in the blanks (marked with e.g., __(a)__) in the table. Note that a and \u0103 are pronounced differently and that the difference matters.\n\ncoga\u0306pig\tthe ticket\nir coga\u0306p\ta ticket\ncaoepig\tthe boy\nir caoep\t__(a)__\nmepe\tthe girl\nu mepa\ta girl\nmlerfa\u0306ge\tthe bread roll\nu mlerfa\u0306ga\t__(b)__\nga\u0306dine\tthe vegetable\n__(c)__\ta vegetable\n__(d)__\tthe pencil\nir tla\u0306our\ta pencil\ntelpa\u0306e\tthe book\nu telpa\u0306\t__(e)__\n__(f)__\tthe love\nu bleduzpa\u0306\ta love\nteza\thouse\n__(g)__\ta house\n__(h)__\tthe house\nsloa\u0306pa\u0306r\tfriend\n__(i)__\tthe friend\n__(j)__\ta friend",
    "questions": "[{\"question_n\": \"Q 1.\", \"prompt\": \"Fill in the blanks using the table above.\", \"subprompts\": [{\"questionpart_n\": \"a.\", \"question\": \"__(a)__\", \"answer\": \"a boy\", \"matches_human_scoring\": false, \"fuzzy_matching\": false, \"manual_edit\": false}, {\"questionpart_n\": \"b.\", \"question\": \"__(b)__\", \"answer\": \"a bread roll\", \"matches_human_scoring\": false, \"fuzzy_matching\": false, \"manual_edit\": false}, {\"questionpart_n\": \"c.\", \"question\": \"__(c)__\", \"answer\": \"u ga\u0306dina\", \"matches_human_scoring\": false, \"fuzzy_matching\": false, \"manual_edit\": false}, {\"questionpart_n\": \"d.\", \"question\": \"__(d)__\", \"answer\": \"tla\u0306ourig\", \"matches_human_scoring\": false, \"fuzzy_matching\": false, \"manual_edit\": false}, {\"questionpart_n\": \"e.\", \"question\": \"__(e)__\", \"answer\": \"a book\", \"matches_human_scoring\": false, \"fuzzy_matching\": false, \"manual_edit\": false}, {\"questionpart_n\": \"f.\", \"question\": \"__(f)__\", \"answer\": \"bleduzpa\u0306e\", \"matches_human_scoring\": false, \"fuzzy_matching\": false, \"manual_edit\": false}, {\"questionpart_n\": \"g.\", \"question\": \"__(g)__\", \"answer\": \"u teza\", \"matches_human_scoring\": false, \"fuzzy_matching\": false, \"manual_edit\": false}, {\"questionpart_n\": \"h.\", \"question\": \"__(h)__\", \"answer\": \"teze\", \"matches_human_scoring\": false, \"fuzzy_matching\": false, \"manual_edit\": false}, {\"questionpart_n\": \"i.\", \"question\": \"__(i)__\", \"answer\": \"sloa\u0306pa\u0306rig\", \"matches_human_scoring\": false, \"fuzzy_matching\": false, \"manual_edit\": false}, {\"questionpart_n\": \"j.\", \"question\": \"__(j)__\", \"answer\": \"ir sloa\u0306pa\u0306r\", \"matches_human_scoring\": false, \"fuzzy_matching\": false, \"manual_edit\": false}]}]",
    "obfuscated": "True",
    "obf_num": "11",
    "mapping": {
        "i": "o",
        "e": "a\u0306",
        "u": "i",
        "a": "e",
        "o": "u",
        "a\u0306": "a",
        "p": "s",
        "t": "p",
        "c": "t",
        "b": "c",
        "d": "b",
        "g": "d",
        "l": "g",
        "r": "l",
        "n": "r",
        "m": "n",
        "f": "m",
        "z": "f",
        "s": "z"
    }
}