{
    "json_invalid": false,
    "preamble": "Problem 1. (In)definitely Language X (5 marks)\n  ",
    "context": "How does Person X say \u2018a\u2019 and \u2018the\u2019? Use these examples to find out, and fill in the blanks (marked with e.g., __(a)__) in the table. Note that a and \u0103 are pronounced differently and that the difference matters.\n\nnuzaloz\tthe ticket\nop nuzal\ta ticket\nneua\u0306loz\tthe boy\nop neua\u0306l\t__(a)__\nca\u0306la\u0306\tthe girl\ni ca\u0306le\ta girl\ncsa\u0306pbaza\u0306\tthe bread roll\ni csa\u0306pbaze\t__(b)__\nzafota\u0306\tthe vegetable\n__(c)__\ta vegetable\n__(d)__\tthe pencil\nop rsauip\ta pencil\nra\u0306slaa\u0306\tthe book\ni ra\u0306sla\t__(e)__\n__(f)__\tthe love\ni msa\u0306fidla\ta love\nra\u0306de\thouse\n__(g)__\ta house\n__(h)__\tthe house\ngsualap\tfriend\n__(i)__\tthe friend\n__(j)__\ta friend",
    "questions": "[{\"question_n\": \"Q 1.\", \"prompt\": \"Fill in the blanks using the table above.\", \"subprompts\": [{\"questionpart_n\": \"a.\", \"question\": \"__(a)__\", \"answer\": \"a boy\", \"matches_human_scoring\": false, \"fuzzy_matching\": false, \"manual_edit\": false}, {\"questionpart_n\": \"b.\", \"question\": \"__(b)__\", \"answer\": \"a bread roll\", \"matches_human_scoring\": false, \"fuzzy_matching\": false, \"manual_edit\": false}, {\"questionpart_n\": \"c.\", \"question\": \"__(c)__\", \"answer\": \"i zafote\", \"matches_human_scoring\": false, \"fuzzy_matching\": false, \"manual_edit\": false}, {\"questionpart_n\": \"d.\", \"question\": \"__(d)__\", \"answer\": \"rsauipoz\", \"matches_human_scoring\": false, \"fuzzy_matching\": false, \"manual_edit\": false}, {\"questionpart_n\": \"e.\", \"question\": \"__(e)__\", \"answer\": \"a book\", \"matches_human_scoring\": false, \"fuzzy_matching\": false, \"manual_edit\": false}, {\"questionpart_n\": \"f.\", \"question\": \"__(f)__\", \"answer\": \"msa\u0306fidlaa\u0306\", \"matches_human_scoring\": false, \"fuzzy_matching\": false, \"manual_edit\": false}, {\"questionpart_n\": \"g.\", \"question\": \"__(g)__\", \"answer\": \"i ra\u0306de\", \"matches_human_scoring\": false, \"fuzzy_matching\": false, \"manual_edit\": false}, {\"questionpart_n\": \"h.\", \"question\": \"__(h)__\", \"answer\": \"ra\u0306da\u0306\", \"matches_human_scoring\": false, \"fuzzy_matching\": false, \"manual_edit\": false}, {\"questionpart_n\": \"i.\", \"question\": \"__(i)__\", \"answer\": \"gsualapoz\", \"matches_human_scoring\": false, \"fuzzy_matching\": false, \"manual_edit\": false}, {\"questionpart_n\": \"j.\", \"question\": \"__(j)__\", \"answer\": \"op gsualap\", \"matches_human_scoring\": false, \"fuzzy_matching\": false, \"manual_edit\": false}]}]",
    "obfuscated": "True",
    "obf_num": "30",
    "mapping": {
        "i": "u",
        "e": "a",
        "u": "o",
        "a": "a\u0306",
        "o": "i",
        "a\u0306": "e",
        "p": "g",
        "t": "l",
        "c": "r",
        "b": "n",
        "d": "m",
        "g": "f",
        "l": "z",
        "r": "s",
        "n": "p",
        "m": "t",
        "f": "c",
        "z": "b",
        "s": "d"
    }
}