{
    "json_invalid": false,
    "preamble": "Problem 1. (In)definitely Language X (5 marks)\n  ",
    "context": "How does Person X say \u2018a\u2019 and \u2018the\u2019? Use these examples to find out, and fill in the blanks (marked with e.g., __(a)__) in the table. Note that a and \u0103 are pronounced differently and that the difference matters.\n\nzota\u0306mit\tthe ticket\nib zota\u0306m\ta ticket\nzaoemit\tthe boy\nib zaoem\t__(a)__\ngeme\tthe girl\nu gema\ta girl\ngcebla\u0306te\tthe bread roll\nu gcebla\u0306ta\t__(b)__\nta\u0306pide\tthe vegetable\n__(c)__\ta vegetable\n__(d)__\tthe pencil\nib fca\u0306oub\ta pencil\nfecma\u0306e\tthe book\nu fecma\u0306\t__(e)__\n__(f)__\tthe love\nu scepurma\u0306\ta love\nfera\thouse\n__(g)__\ta house\n__(h)__\tthe house\nncoa\u0306ma\u0306b\tfriend\n__(i)__\tthe friend\n__(j)__\ta friend",
    "questions": "[{\"question_n\": \"Q 1.\", \"prompt\": \"Fill in the blanks using the table above.\", \"subprompts\": [{\"questionpart_n\": \"a.\", \"question\": \"__(a)__\", \"answer\": \"a boy\", \"matches_human_scoring\": false, \"fuzzy_matching\": false, \"manual_edit\": false}, {\"questionpart_n\": \"b.\", \"question\": \"__(b)__\", \"answer\": \"a bread roll\", \"matches_human_scoring\": false, \"fuzzy_matching\": false, \"manual_edit\": false}, {\"questionpart_n\": \"c.\", \"question\": \"__(c)__\", \"answer\": \"u ta\u0306pida\", \"matches_human_scoring\": false, \"fuzzy_matching\": false, \"manual_edit\": false}, {\"questionpart_n\": \"d.\", \"question\": \"__(d)__\", \"answer\": \"fca\u0306oubit\", \"matches_human_scoring\": false, \"fuzzy_matching\": false, \"manual_edit\": false}, {\"questionpart_n\": \"e.\", \"question\": \"__(e)__\", \"answer\": \"a book\", \"matches_human_scoring\": false, \"fuzzy_matching\": false, \"manual_edit\": false}, {\"questionpart_n\": \"f.\", \"question\": \"__(f)__\", \"answer\": \"scepurma\u0306e\", \"matches_human_scoring\": false, \"fuzzy_matching\": false, \"manual_edit\": false}, {\"questionpart_n\": \"g.\", \"question\": \"__(g)__\", \"answer\": \"u fera\", \"matches_human_scoring\": false, \"fuzzy_matching\": false, \"manual_edit\": false}, {\"questionpart_n\": \"h.\", \"question\": \"__(h)__\", \"answer\": \"fere\", \"matches_human_scoring\": false, \"fuzzy_matching\": false, \"manual_edit\": false}, {\"questionpart_n\": \"i.\", \"question\": \"__(i)__\", \"answer\": \"ncoa\u0306ma\u0306bit\", \"matches_human_scoring\": false, \"fuzzy_matching\": false, \"manual_edit\": false}, {\"questionpart_n\": \"j.\", \"question\": \"__(j)__\", \"answer\": \"ib ncoa\u0306ma\u0306b\", \"matches_human_scoring\": false, \"fuzzy_matching\": false, \"manual_edit\": false}]}]",
    "obfuscated": "True",
    "obf_num": "26",
    "mapping": {
        "i": "o",
        "e": "a\u0306",
        "u": "i",
        "a": "e",
        "o": "u",
        "a\u0306": "a",
        "p": "n",
        "t": "m",
        "c": "f",
        "b": "z",
        "d": "s",
        "g": "p",
        "l": "t",
        "r": "c",
        "n": "b",
        "m": "d",
        "f": "g",
        "z": "l",
        "s": "r"
    }
}