{
    "json_invalid": false,
    "preamble": "Problem 1. (In)definitely Language X (5 marks)\n  ",
    "context": "How does Person X say \u2018a\u2019 and \u2018the\u2019? Use these examples to find out, and fill in the blanks (marked with e.g., __(a)__) in the table. Note that a and \u0103 are pronounced differently and that the difference matters.\n\nloma\u0306dim\tthe ticket\niz loma\u0306d\ta ticket\nlaoedim\tthe boy\niz laoed\t__(a)__\npede\tthe girl\nu peda\ta girl\npfezta\u0306me\tthe bread roll\nu pfezta\u0306ma\t__(b)__\nma\u0306nise\tthe vegetable\n__(c)__\ta vegetable\n__(d)__\tthe pencil\niz gfa\u0306ouz\ta pencil\ngefda\u0306e\tthe book\nu gefda\u0306\t__(e)__\n__(f)__\tthe love\nu rfenucda\u0306\ta love\ngeca\thouse\n__(g)__\ta house\n__(h)__\tthe house\nbfoa\u0306da\u0306z\tfriend\n__(i)__\tthe friend\n__(j)__\ta friend",
    "questions": "[{\"question_n\": \"Q 1.\", \"prompt\": \"Fill in the blanks using the table above.\", \"subprompts\": [{\"questionpart_n\": \"a.\", \"question\": \"__(a)__\", \"answer\": \"a boy\", \"matches_human_scoring\": false, \"fuzzy_matching\": false, \"manual_edit\": false}, {\"questionpart_n\": \"b.\", \"question\": \"__(b)__\", \"answer\": \"a bread roll\", \"matches_human_scoring\": false, \"fuzzy_matching\": false, \"manual_edit\": false}, {\"questionpart_n\": \"c.\", \"question\": \"__(c)__\", \"answer\": \"u ma\u0306nisa\", \"matches_human_scoring\": false, \"fuzzy_matching\": false, \"manual_edit\": false}, {\"questionpart_n\": \"d.\", \"question\": \"__(d)__\", \"answer\": \"gfa\u0306ouzim\", \"matches_human_scoring\": false, \"fuzzy_matching\": false, \"manual_edit\": false}, {\"questionpart_n\": \"e.\", \"question\": \"__(e)__\", \"answer\": \"a book\", \"matches_human_scoring\": false, \"fuzzy_matching\": false, \"manual_edit\": false}, {\"questionpart_n\": \"f.\", \"question\": \"__(f)__\", \"answer\": \"rfenucda\u0306e\", \"matches_human_scoring\": false, \"fuzzy_matching\": false, \"manual_edit\": false}, {\"questionpart_n\": \"g.\", \"question\": \"__(g)__\", \"answer\": \"u geca\", \"matches_human_scoring\": false, \"fuzzy_matching\": false, \"manual_edit\": false}, {\"questionpart_n\": \"h.\", \"question\": \"__(h)__\", \"answer\": \"gece\", \"matches_human_scoring\": false, \"fuzzy_matching\": false, \"manual_edit\": false}, {\"questionpart_n\": \"i.\", \"question\": \"__(i)__\", \"answer\": \"bfoa\u0306da\u0306zim\", \"matches_human_scoring\": false, \"fuzzy_matching\": false, \"manual_edit\": false}, {\"questionpart_n\": \"j.\", \"question\": \"__(j)__\", \"answer\": \"iz bfoa\u0306da\u0306z\", \"matches_human_scoring\": false, \"fuzzy_matching\": false, \"manual_edit\": false}]}]",
    "obfuscated": "True",
    "obf_num": "27",
    "mapping": {
        "i": "o",
        "e": "a\u0306",
        "u": "i",
        "a": "e",
        "o": "u",
        "a\u0306": "a",
        "p": "b",
        "t": "d",
        "c": "g",
        "b": "l",
        "d": "r",
        "g": "n",
        "l": "m",
        "r": "f",
        "n": "z",
        "m": "s",
        "f": "p",
        "z": "t",
        "s": "c"
    }
}