{
    "json_invalid": false,
    "preamble": "Problem 1. (In)definitely Language X (5 marks)\n  ",
    "context": "How does Person X say \u2018a\u2019 and \u2018the\u2019? Use these examples to find out, and fill in the blanks (marked with e.g., __(a)__) in the table. Note that a and \u0103 are pronounced differently and that the difference matters.\n\nma\u0306sires\tthe ticket\net ma\u0306sir\ta ticket\nmoa\u0306ures\tthe boy\net moa\u0306ur\t__(a)__\nburu\tthe girl\na buro\ta girl\nbputdisu\tthe bread roll\na bputdiso\t__(b)__\nsizecu\tthe vegetable\n__(c)__\ta vegetable\n__(d)__\tthe pencil\net npia\u0306at\ta pencil\nnupriu\tthe book\na nupri\t__(e)__\n__(f)__\tthe love\na fpuzagri\ta love\nnugo\thouse\n__(g)__\ta house\n__(h)__\tthe house\nlpa\u0306irit\tfriend\n__(i)__\tthe friend\n__(j)__\ta friend",
    "questions": "[{\"question_n\": \"Q 1.\", \"prompt\": \"Fill in the blanks using the table above.\", \"subprompts\": [{\"questionpart_n\": \"a.\", \"question\": \"__(a)__\", \"answer\": \"a boy\", \"matches_human_scoring\": false, \"fuzzy_matching\": false, \"manual_edit\": false}, {\"questionpart_n\": \"b.\", \"question\": \"__(b)__\", \"answer\": \"a bread roll\", \"matches_human_scoring\": false, \"fuzzy_matching\": false, \"manual_edit\": false}, {\"questionpart_n\": \"c.\", \"question\": \"__(c)__\", \"answer\": \"a sizeco\", \"matches_human_scoring\": false, \"fuzzy_matching\": false, \"manual_edit\": false}, {\"questionpart_n\": \"d.\", \"question\": \"__(d)__\", \"answer\": \"npia\u0306ates\", \"matches_human_scoring\": false, \"fuzzy_matching\": false, \"manual_edit\": false}, {\"questionpart_n\": \"e.\", \"question\": \"__(e)__\", \"answer\": \"a book\", \"matches_human_scoring\": false, \"fuzzy_matching\": false, \"manual_edit\": false}, {\"questionpart_n\": \"f.\", \"question\": \"__(f)__\", \"answer\": \"fpuzagriu\", \"matches_human_scoring\": false, \"fuzzy_matching\": false, \"manual_edit\": false}, {\"questionpart_n\": \"g.\", \"question\": \"__(g)__\", \"answer\": \"a nugo\", \"matches_human_scoring\": false, \"fuzzy_matching\": false, \"manual_edit\": false}, {\"questionpart_n\": \"h.\", \"question\": \"__(h)__\", \"answer\": \"nugu\", \"matches_human_scoring\": false, \"fuzzy_matching\": false, \"manual_edit\": false}, {\"questionpart_n\": \"i.\", \"question\": \"__(i)__\", \"answer\": \"lpa\u0306irites\", \"matches_human_scoring\": false, \"fuzzy_matching\": false, \"manual_edit\": false}, {\"questionpart_n\": \"j.\", \"question\": \"__(j)__\", \"answer\": \"et lpa\u0306irit\", \"matches_human_scoring\": false, \"fuzzy_matching\": false, \"manual_edit\": false}]}]",
    "obfuscated": "True",
    "obf_num": "7",
    "mapping": {
        "i": "a\u0306",
        "e": "i",
        "u": "e",
        "a": "u",
        "o": "a",
        "a\u0306": "o",
        "p": "l",
        "t": "r",
        "c": "n",
        "b": "m",
        "d": "f",
        "g": "z",
        "l": "s",
        "r": "p",
        "n": "t",
        "m": "c",
        "f": "b",
        "z": "d",
        "s": "g"
    }
}