{
    "json_invalid": false,
    "preamble": "Problem 2. Language X road trip (5 marks)\n\n    As a result of its isolation, Language X has retained many characteristics of the ancestral language, making it particularly interesting for linguists.",
    "context": "Four People Z friends, Danute (f), Jokubas (m), Matis (m) and Regina (f) are planning a trip. Here are some extracts from their conversation. Pay attention to the extra lines and dots above and below the letters \u2013 they matter!\n\n Speaker \t      Language X \t      English\n\n Danute to Jokubas    Sa\u0328s\u030c z\u030cu\u0304ji\u0328sa\u0328 njyre\u0307s\u030c.    We want some change.\n\n Jokubas to Danute    O\u0301l z\u030cu\u0304ji\u0328i\u0308 ra\u0328sepo\u0301ka.    I want a map.\n\n Danute to Regina     Ti\u0328s\u030c s\u030cvo\u0301ide\u0307.           He\u2019s reading. \n\n Jokubas to Matis     O\u0301j di\u0308 di\u0308ji\u0328 njyre\u0307s\u030c?    Do you have some change? \n\n Matis to Jokubas     O\u0301l z\u030ca\u0328di\u0308ji\u0328i\u0308 njyre\u0307s\u030c.    I don\u2019t have any change. \n\n Matis to the others  Tos\u030c a\u0328i\u0328z\u030co\u0301da\u0328.           You\u2019re going. \n\n Regina to the others Sa\u0328s\u030c di\u0308ji\u0328sa\u0328 njyre\u0307s\u030c.    We have some change. \n\n Matis to Regina      Di\u0308 di\u0308ji\u0328 gmi\u0328jo\u0301da.      You have a bike.\n\n Matis to the others  Regina di\u0308ji\u0328 gmi\u0328jo\u0301da.  Regina has a bike.\n\n Jokubas to Danute    S\u030cvo\u0301iduv ra\u0328sepo\u0301ka.     Read the map!\n\n Danute to Matis and Regina Tos\u030c z\u030ca\u0328s\u030cvo\u0301ide\u0307da\u0328 ra\u0328sepo\u0301ka. You aren\u2019t reading the map. \n\n Matis and Regina to Danute. Sa\u0328s\u030c a\u0328i\u0328z\u030co\u0301sa\u0328.    We\u2019re going.\n\n",
    "questions": "[{\"question_n\": \"Q 1\", \"prompt\": \"For you: From the conversation, work out how to translate these English sentences into Language X. Once again, make sure you pay attention to the extra lines and dots above and below the letters.\", \"subprompts\": [{\"questionpart_n\": \"1\", \"question\": \"Speaker: to Danute and Jokubas, English:Do you have a bike?\", \"answer\": \"O\u0301j tos\u030c di\u0308ji\u0328da\u0328 gmi\u0328jo\u0301da?\", \"matches_human_scoring\": true, \"fuzzy_matching\": false, \"manual_edit\": false}, {\"questionpart_n\": \"2\", \"question\": \"Speaker: to Jokubas and Matis, English: You\\u2019re not reading.\", \"answer\": \"Tos\u030c z\u030ca\u0328s\u030cvo\u0301ide\u0307da\u0328.\", \"matches_human_scoring\": true, \"fuzzy_matching\": false, \"manual_edit\": false}, {\"questionpart_n\": \"3\", \"question\": \"Speaker: to Matis, English: You are going.\", \"answer\": \"Di\u0308 a\u0328i\u0328z\u030co\u0301.\", \"matches_human_scoring\": true, \"fuzzy_matching\": false, \"manual_edit\": false}, {\"questionpart_n\": \"4\", \"question\": \"Is Matis going?\", \"answer\": \"O\u0301j Matis a\u0328i\u0328z\u030co\u0301?\", \"matches_human_scoring\": true, \"fuzzy_matching\": false, \"manual_edit\": false}, {\"questionpart_n\": \"5\", \"question\": \"We don\\u2019t want any change.\", \"answer\": \"Sa\u0328s\u030c z\u030ca\u0328z\u030cu\u0304ji\u0328sa\u0328 njyre\u0307s\u030c.\", \"matches_human_scoring\": true, \"fuzzy_matching\": false, \"manual_edit\": false}, {\"questionpart_n\": \"6\", \"question\": \"Speaker: Jokubas to the others, English: You don\\u2019t have any change.\", \"answer\": \"Tos\u030c z\u030ca\u0328di\u0308ji\u0328da\u0328 njyre\u0307s\u030c.\", \"matches_human_scoring\": true, \"fuzzy_matching\": false, \"manual_edit\": false}, {\"questionpart_n\": \"7\", \"question\": \"Don\\u2019t I have a bike?\", \"answer\": \"O\u0301j o\u0301l z\u030ca\u0328di\u0308ji\u0328i\u0308 gmi\u0328jo\u0301da?\", \"matches_human_scoring\": true, \"fuzzy_matching\": false, \"manual_edit\": false}, {\"questionpart_n\": \"8\", \"question\": \"I don\\u2019t want a map.\", \"answer\": \"O\u0301l z\u030ca\u0328z\u030cu\u0304ji\u0328i\u0308 ra\u0328sepo\u0301ka.\", \"matches_human_scoring\": true, \"fuzzy_matching\": false, \"manual_edit\": false}]}]",
    "obfuscated": "True",
    "obf_num": "21",
    "mapping": {
        "a": "o\u0301",
        "e": "a\u0328",
        "i": "i\u0328",
        "o": "e\u0307",
        "u": "i\u0308",
        "o\u0301": "u\u0304",
        "a\u0328": "y",
        "i\u0328": "a",
        "e\u0307": "e",
        "i\u0308": "i",
        "u\u0304": "o",
        "y": "u",
        "p": "k",
        "t": "d",
        "k": "v",
        "d": "g",
        "v": "m",
        "g": "n",
        "m": "s",
        "n": "z\u030c",
        "s": "s\u030c",
        "z\u030c": "r",
        "s\u030c": "l",
        "r": "j",
        "l": "p",
        "j": "t",
        "regina": "regina",
        "matis": "matis"
    }
}