{
    "json_invalid": false,
    "preamble": "Problem 2. Language X road trip (5 marks)\n\n    As a result of its isolation, Language X has retained many characteristics of the ancestral language, making it particularly interesting for linguists.",
    "context": "Four People Z friends, Danute (f), Jokubas (m), Matis (m) and Regina (f) are planning a trip. Here are some extracts from their conversation. Pay attention to the extra lines and dots above and below the letters \u2013 they matter!\n\n Speaker \t      Language X \t      English\n\n Danute to Jokubas    Vam guz\u030ceva dz\u030co\u0301nim.    We want some change.\n\n Jokubas to Danute    Ys guz\u030ceo navi\u0328s\u030cyla\u0328.    I want a map.\n\n Danute to Regina     Rem mpye\u0307ji.           He\u2019s reading. \n\n Jokubas to Matis     Yz\u030c jo joz\u030ce dz\u030co\u0301nim?    Do you have some change? \n\n Matis to Jokubas     Ys gajoz\u030ceo dz\u030co\u0301nim.    I don\u2019t have any change. \n\n Matis to the others  Ri\u0308m aegyja.           You\u2019re going. \n\n Regina to the others Vam joz\u030ceva dz\u030co\u0301nim.    We have some change. \n\n Matis to Regina      Jo joz\u030ce tkez\u030cyja\u0328.      You have a bike.\n\n Matis to the others  Regina joz\u030ce tkez\u030cyja\u0328.  Regina has a bike.\n\n Jokubas to Danute    Mpye\u0307ju\u0304p navi\u0328s\u030cyla\u0328.     Read the map!\n\n Danute to Matis and Regina Ri\u0308m gampye\u0307jija navi\u0328s\u030cyla\u0328. You aren\u2019t reading the map. \n\n Matis and Regina to Danute. Vam aegyva.    We\u2019re going.\n\n",
    "questions": "[{\"question_n\": \"Q 1\", \"prompt\": \"For you: From the conversation, work out how to translate these English sentences into Language X. Once again, make sure you pay attention to the extra lines and dots above and below the letters.\", \"subprompts\": [{\"questionpart_n\": \"1\", \"question\": \"Speaker: to Danute and Jokubas, English:Do you have a bike?\", \"answer\": \"Yz\u030c ri\u0308m joz\u030ceja tkez\u030cyja\u0328?\", \"matches_human_scoring\": true, \"fuzzy_matching\": false, \"manual_edit\": false}, {\"questionpart_n\": \"2\", \"question\": \"Speaker: to Jokubas and Matis, English: You\\u2019re not reading.\", \"answer\": \"Ri\u0308m gampye\u0307jija.\", \"matches_human_scoring\": true, \"fuzzy_matching\": false, \"manual_edit\": false}, {\"questionpart_n\": \"3\", \"question\": \"Speaker: to Matis, English: You are going.\", \"answer\": \"Jo aegy.\", \"matches_human_scoring\": true, \"fuzzy_matching\": false, \"manual_edit\": false}, {\"questionpart_n\": \"4\", \"question\": \"Is Matis going?\", \"answer\": \"Yz\u030c Matis aegy?\", \"matches_human_scoring\": true, \"fuzzy_matching\": false, \"manual_edit\": false}, {\"questionpart_n\": \"5\", \"question\": \"We don\\u2019t want any change.\", \"answer\": \"Vam gaguz\u030ceva dz\u030co\u0301nim.\", \"matches_human_scoring\": true, \"fuzzy_matching\": false, \"manual_edit\": false}, {\"questionpart_n\": \"6\", \"question\": \"Speaker: Jokubas to the others, English: You don\\u2019t have any change.\", \"answer\": \"Ri\u0308m gajoz\u030ceja dz\u030co\u0301nim.\", \"matches_human_scoring\": true, \"fuzzy_matching\": false, \"manual_edit\": false}, {\"questionpart_n\": \"7\", \"question\": \"Don\\u2019t I have a bike?\", \"answer\": \"Yz\u030c ys gajoz\u030ceo tkez\u030cyja\u0328?\", \"matches_human_scoring\": true, \"fuzzy_matching\": false, \"manual_edit\": false}, {\"questionpart_n\": \"8\", \"question\": \"I don\\u2019t want a map.\", \"answer\": \"Ys gaguz\u030ceo navi\u0328s\u030cyla\u0328.\", \"matches_human_scoring\": true, \"fuzzy_matching\": false, \"manual_edit\": false}]}]",
    "obfuscated": "True",
    "obf_num": "1",
    "mapping": {
        "a": "y",
        "e": "a",
        "i": "e",
        "o": "i",
        "u": "o",
        "o\u0301": "u",
        "a\u0328": "o\u0301",
        "i\u0328": "a\u0328",
        "e\u0307": "i\u0328",
        "i\u0308": "e\u0307",
        "u\u0304": "i\u0308",
        "y": "u\u0304",
        "p": "l",
        "t": "j",
        "k": "p",
        "d": "t",
        "v": "k",
        "g": "d",
        "m": "v",
        "n": "g",
        "s": "m",
        "z\u030c": "n",
        "s\u030c": "s",
        "r": "z\u030c",
        "l": "s\u030c",
        "j": "r",
        "regina": "regina",
        "matis": "matis"
    }
}