{
    "json_invalid": false,
    "preamble": "Problem 2. Language X road trip (5 marks)\n\n    As a result of its isolation, Language X has retained many characteristics of the ancestral language, making it particularly interesting for linguists.",
    "context": "Four People Z friends, Danute (f), Jokubas (m), Matis (m) and Regina (f) are planning a trip. Here are some extracts from their conversation. Pay attention to the extra lines and dots above and below the letters \u2013 they matter!\n\n Speaker \t      Language X \t      English\n\n Danute to Jokubas    No\u0301z\u030c si\u0308la\u0328no\u0301 mlu\u0304s\u030ci\u0328z\u030c.    We want some change.\n\n Jokubas to Danute    Ur si\u0308la\u0328e\u0307 s\u030co\u0301najuty.    I want a map.\n\n Danute to Regina     Pa\u0328z\u030c z\u030cdueki\u0328.           He\u2019s reading. \n\n Jokubas to Matis     Ul ke\u0307 ke\u0307la\u0328 mlu\u0304s\u030ci\u0328z\u030c?    Do you have some change? \n\n Matis to Jokubas     Ur so\u0301ke\u0307la\u0328e\u0307 mlu\u0304s\u030ci\u0328z\u030c.    I don\u2019t have any change. \n\n Matis to the others  Piz\u030c o\u0301a\u0328suko\u0301.           You\u2019re going. \n\n Regina to the others No\u0301z\u030c ke\u0307la\u0328no\u0301 mlu\u0304s\u030ci\u0328z\u030c.    We have some change. \n\n Matis to Regina      Ke\u0307 ke\u0307la\u0328 vga\u0328luky.      You have a bike.\n\n Matis to the others  Regina ke\u0307la\u0328 vga\u0328luky.  Regina has a bike.\n\n Jokubas to Danute    Z\u030cduekod s\u030co\u0301najuty.     Read the map!\n\n Danute to Matis and Regina Piz\u030c so\u0301z\u030cdueki\u0328ko\u0301 s\u030co\u0301najuty. You aren\u2019t reading the map. \n\n Matis and Regina to Danute. No\u0301z\u030c o\u0301a\u0328suno\u0301.    We\u2019re going.\n\n",
    "questions": "[{\"question_n\": \"Q 1\", \"prompt\": \"For you: From the conversation, work out how to translate these English sentences into Language X. Once again, make sure you pay attention to the extra lines and dots above and below the letters.\", \"subprompts\": [{\"questionpart_n\": \"1\", \"question\": \"Speaker: to Danute and Jokubas, English:Do you have a bike?\", \"answer\": \"Ul piz\u030c ke\u0307la\u0328ko\u0301 vga\u0328luky?\", \"matches_human_scoring\": true, \"fuzzy_matching\": false, \"manual_edit\": false}, {\"questionpart_n\": \"2\", \"question\": \"Speaker: to Jokubas and Matis, English: You\\u2019re not reading.\", \"answer\": \"Piz\u030c so\u0301z\u030cdueki\u0328ko\u0301.\", \"matches_human_scoring\": true, \"fuzzy_matching\": false, \"manual_edit\": false}, {\"questionpart_n\": \"3\", \"question\": \"Speaker: to Matis, English: You are going.\", \"answer\": \"Ke\u0307 o\u0301a\u0328su.\", \"matches_human_scoring\": true, \"fuzzy_matching\": false, \"manual_edit\": false}, {\"questionpart_n\": \"4\", \"question\": \"Is Matis going?\", \"answer\": \"Ul Matis o\u0301a\u0328su?\", \"matches_human_scoring\": true, \"fuzzy_matching\": false, \"manual_edit\": false}, {\"questionpart_n\": \"5\", \"question\": \"We don\\u2019t want any change.\", \"answer\": \"No\u0301z\u030c so\u0301si\u0308la\u0328no\u0301 mlu\u0304s\u030ci\u0328z\u030c.\", \"matches_human_scoring\": true, \"fuzzy_matching\": false, \"manual_edit\": false}, {\"questionpart_n\": \"6\", \"question\": \"Speaker: Jokubas to the others, English: You don\\u2019t have any change.\", \"answer\": \"Piz\u030c so\u0301ke\u0307la\u0328ko\u0301 mlu\u0304s\u030ci\u0328z\u030c.\", \"matches_human_scoring\": true, \"fuzzy_matching\": false, \"manual_edit\": false}, {\"questionpart_n\": \"7\", \"question\": \"Don\\u2019t I have a bike?\", \"answer\": \"Ul ur so\u0301ke\u0307la\u0328e\u0307 vga\u0328luky?\", \"matches_human_scoring\": true, \"fuzzy_matching\": false, \"manual_edit\": false}, {\"questionpart_n\": \"8\", \"question\": \"I don\\u2019t want a map.\", \"answer\": \"Ur so\u0301si\u0308la\u0328e\u0307 s\u030co\u0301najuty.\", \"matches_human_scoring\": true, \"fuzzy_matching\": false, \"manual_edit\": false}]}]",
    "obfuscated": "True",
    "obf_num": "17",
    "mapping": {
        "a": "u",
        "e": "o\u0301",
        "i": "a\u0328",
        "o": "i\u0328",
        "u": "e\u0307",
        "o\u0301": "i\u0308",
        "a\u0328": "u\u0304",
        "i\u0328": "y",
        "e\u0307": "a",
        "i\u0308": "e",
        "u\u0304": "i",
        "y": "o",
        "p": "t",
        "t": "k",
        "k": "d",
        "d": "v",
        "v": "g",
        "g": "m",
        "m": "n",
        "n": "s",
        "s": "z\u030c",
        "z\u030c": "s\u030c",
        "s\u030c": "r",
        "r": "l",
        "l": "j",
        "j": "p",
        "regina": "regina",
        "matis": "matis"
    }
}