{
    "json_invalid": false,
    "preamble": "Problem 5. At ease in Language X (15 marks)\n ",
    "context": "Here are some Language X sentences with their English translations:\n\nRe worewore nreu.\tYou are walking.\nU worewore \u014bu oaawu.\tA woman is walking.\nA \u014boroorobe noa.\tI am playing.\nU worewore worew \u014bu \u014ba\u014beeo Meeri.\tMary is walking to the store.\nO \u014buro\u014buro abobaraw \u014bu oi\u014ba oaawu.\tWomen are sitting next to the house.\nO \u014bute\u014bute worurua w \u014bu teng oua.\tPeople are bathing today.\nA \u014bute\u014bute awowew \u014bu oi\u014ba noa.\tI am bathing in the house.\nO \u014boroorobe awowew \u014bu \u014ba\u014beeo o\u014boua.\tChildren are playing in the store.\nRe \u014buro\u014buro nreu wangooteng.\tYou will sit tomorrow.\nU \u014boroorobe abobaraw \u014bu rokoa \u014bu o\u014boua w \u014bu teng oua.\tThe child is playing next to the road today.\n\n",
    "questions": "[{\"question_n\": \"Q 5.1\", \"prompt\": \"For each sentence, first, rearrange the sentence into the correct Language X word order, and then translate it into English. One of the sentences contains an error which can\\u2019t be fixed by changing the word order.\\n(a)\\tincorrect order\\tMeeri oi\u014ba u worew wangooteng \u014bu worewore.\\n(b)\\tincorrect order\\tAwowew noa rokoa a \u014bu \u014buro\u014buro.\\n(c)\\tincorrect order\\tW o\u014boua o teng \u014bu worew oua rokoa worewore \u014bu.\", \"subprompts\": [{\"questionpart_n\": \"(a1)\", \"question\": \"(a, correct order)\", \"answer\": \"U worewore worew \u014bu oi\u014ba Meeri wangooteng.\", \"matches_human_scoring\": false, \"fuzzy_matching\": false, \"manual_edit\": false}, {\"questionpart_n\": \"(a2)\", \"question\": \"(a, translation)\", \"answer\": \"Mary will walk to the house tomorrow.\", \"matches_human_scoring\": false, \"fuzzy_matching\": false, \"manual_edit\": false}, {\"questionpart_n\": \"(b1)\", \"question\": \"(b, correct order)\", \"answer\": \"A \u014buro\u014buro awowew \u014bu rokoa noa.\", \"matches_human_scoring\": false, \"fuzzy_matching\": false, \"manual_edit\": false}, {\"questionpart_n\": \"(b2)\", \"question\": \"(b, translation)\", \"answer\": \"[\\\"I am sitting on the road\\\", \\\"I sit on the road\\\",  \\\"I am sitting in the road\\\", \\\"I sit in the road\\\"]\", \"matches_human_scoring\": false, \"fuzzy_matching\": true, \"manual_edit\": false}, {\"questionpart_n\": \"(c1)\", \"question\": \"(c, correct order)\", \"answer\": \"O worewore worew rokoa \u014bu o\u014boua w \u014bu teng oua.\", \"matches_human_scoring\": false, \"fuzzy_matching\": false, \"manual_edit\": false}, {\"questionpart_n\": \"(c2)\", \"question\": \"(c, translation)\", \"answer\": \"[\\\"A child is walking to the road today.\\\", \\\"A child walks to the road today.\\\", \\\"The child is walking to the road today.\\\", \\\"The child walks to the road today.\\\"]\", \"matches_human_scoring\": false, \"fuzzy_matching\": true, \"manual_edit\": false}]}, {\"question_n\": \"Q 5.2\", \"prompt\": \"As mentioned, one of the three Language X sentences above contains an error. Correct the sentence by changing just one word, without changing the meaning. Return the correct version:\", \"subprompts\": [{\"questionpart_n\": \"(a)\", \"question\": \"\", \"answer\": \"U worewore worew rokoa \u014bu o\u014boua w \u014bu teng oua.\", \"matches_human_scoring\": false, \"fuzzy_matching\": true, \"manual_edit\": false}]}, {\"question_n\": \"Q 5.3\", \"prompt\": \"Translate into Language X:\", \"subprompts\": [{\"questionpart_n\": \"(a)\", \"question\": \"Women will play tomorrow.\", \"answer\": \"O \u014boroorobe oaawu wangooteng.\", \"matches_human_scoring\": false, \"fuzzy_matching\": true, \"manual_edit\": false}, {\"questionpart_n\": \"(b)\", \"question\": \"You are sitting next to the store today.\", \"answer\": \"Re \u014buro\u014buro abobaraw \u014bu \u014ba\u014beeo nreu w \u014bu teng oua.\", \"matches_human_scoring\": false, \"fuzzy_matching\": false, \"manual_edit\": false}]}]",
    "obfuscated": "True",
    "obf_num": "20",
    "mapping": {
        "b": "t",
        "k": "r",
        "n": "w",
        "t": "\u014b",
        "r": "b",
        "w": "k",
        "\u014b": "n",
        "a": "o",
        "e": "u",
        "i": "a",
        "o": "e",
        "u": "i",
        "meeri": "meeri",
        "ng": "ng"
    }
}