{
    "json_invalid": false,
    "preamble": "Problem 5. At ease in Language X (15 marks)\n ",
    "context": "Here are some Language X sentences with their English translations:\n\nRa wirawira nrao.\tYou are walking.\nO wirawira \u014bo iuuwo.\tA woman is walking.\nU \u014biriiriba niu.\tI am playing.\nO wirawira wiraw \u014bo \u014bu\u014baai Meeri.\tMary is walking to the store.\nI \u014bori\u014bori ubiburuw \u014bo ie\u014bu iuuwo.\tWomen are sitting next to the house.\nI \u014bota\u014bota wirorou w \u014bo tang iou.\tPeople are bathing today.\nU \u014bota\u014bota uwiwaw \u014bo ie\u014bu niu.\tI am bathing in the house.\nI \u014biriiriba uwiwaw \u014bo \u014bu\u014baai i\u014biou.\tChildren are playing in the store.\nRa \u014bori\u014bori nrao wungiitang.\tYou will sit tomorrow.\nO \u014biriiriba ubiburuw \u014bo rikiu \u014bo i\u014biou w \u014bo tang iou.\tThe child is playing next to the road today.\n\n",
    "questions": "[{\"question_n\": \"Q 5.1\", \"prompt\": \"For each sentence, first, rearrange the sentence into the correct Language X word order, and then translate it into English. One of the sentences contains an error which can\\u2019t be fixed by changing the word order.\\n(a)\\tincorrect order\\tMeeri ie\u014bu o wiraw wungiitang \u014bo wirawira.\\n(b)\\tincorrect order\\tUwiwaw niu rikiu u \u014bo \u014bori\u014bori.\\n(c)\\tincorrect order\\tW i\u014biou i tang \u014bo wiraw iou rikiu wirawira \u014bo.\", \"subprompts\": [{\"questionpart_n\": \"(a1)\", \"question\": \"(a, correct order)\", \"answer\": \"O wirawira wiraw \u014bo ie\u014bu Meeri wungiitang.\", \"matches_human_scoring\": false, \"fuzzy_matching\": false, \"manual_edit\": false}, {\"questionpart_n\": \"(a2)\", \"question\": \"(a, translation)\", \"answer\": \"Mary will walk to the house tomorrow.\", \"matches_human_scoring\": false, \"fuzzy_matching\": false, \"manual_edit\": false}, {\"questionpart_n\": \"(b1)\", \"question\": \"(b, correct order)\", \"answer\": \"U \u014bori\u014bori uwiwaw \u014bo rikiu niu.\", \"matches_human_scoring\": false, \"fuzzy_matching\": false, \"manual_edit\": false}, {\"questionpart_n\": \"(b2)\", \"question\": \"(b, translation)\", \"answer\": \"[\\\"I am sitting on the road\\\", \\\"I sit on the road\\\",  \\\"I am sitting in the road\\\", \\\"I sit in the road\\\"]\", \"matches_human_scoring\": false, \"fuzzy_matching\": true, \"manual_edit\": false}, {\"questionpart_n\": \"(c1)\", \"question\": \"(c, correct order)\", \"answer\": \"I wirawira wiraw rikiu \u014bo i\u014biou w \u014bo tang iou.\", \"matches_human_scoring\": false, \"fuzzy_matching\": false, \"manual_edit\": false}, {\"questionpart_n\": \"(c2)\", \"question\": \"(c, translation)\", \"answer\": \"[\\\"A child is walking to the road today.\\\", \\\"A child walks to the road today.\\\", \\\"The child is walking to the road today.\\\", \\\"The child walks to the road today.\\\"]\", \"matches_human_scoring\": false, \"fuzzy_matching\": true, \"manual_edit\": false}]}, {\"question_n\": \"Q 5.2\", \"prompt\": \"As mentioned, one of the three Language X sentences above contains an error. Correct the sentence by changing just one word, without changing the meaning. Return the correct version:\", \"subprompts\": [{\"questionpart_n\": \"(a)\", \"question\": \"\", \"answer\": \"O wirawira wiraw rikiu \u014bo i\u014biou w \u014bo tang iou.\", \"matches_human_scoring\": false, \"fuzzy_matching\": true, \"manual_edit\": false}]}, {\"question_n\": \"Q 5.3\", \"prompt\": \"Translate into Language X:\", \"subprompts\": [{\"questionpart_n\": \"(a)\", \"question\": \"Women will play tomorrow.\", \"answer\": \"I \u014biriiriba iuuwo wungiitang.\", \"matches_human_scoring\": false, \"fuzzy_matching\": true, \"manual_edit\": false}, {\"questionpart_n\": \"(b)\", \"question\": \"You are sitting next to the store today.\", \"answer\": \"Ra \u014bori\u014bori ubiburuw \u014bo \u014bu\u014baai nrao w \u014bo tang iou.\", \"matches_human_scoring\": false, \"fuzzy_matching\": false, \"manual_edit\": false}]}]",
    "obfuscated": "True",
    "obf_num": "1",
    "mapping": {
        "b": "t",
        "k": "r",
        "n": "w",
        "t": "\u014b",
        "r": "b",
        "w": "k",
        "\u014b": "n",
        "a": "i",
        "e": "o",
        "i": "u",
        "o": "a",
        "u": "e",
        "meeri": "meeri",
        "ng": "ng"
    }
}