{
    "json_invalid": false,
    "preamble": "Problem 5. At ease in Language X (15 marks)\n ",
    "context": "Here are some Language X sentences with their English translations:\n\nTu returetu ktui.\tYou are walking.\nI returetu wi eoori.\tA woman is walking.\nO weteete\u014bu keo.\tI am playing.\nI returetu retur wi wowuue Meeri.\tMary is walking to the store.\nE witewite o\u014be\u014botor wi eawo eoori.\tWomen are sitting next to the house.\nE winuwinu retitio r wi nung eio.\tPeople are bathing today.\nO winuwinu orerur wi eawo keo.\tI am bathing in the house.\nE weteete\u014bu orerur wi wowuue eweio.\tChildren are playing in the store.\nTu witewite ktui rongeenung.\tYou will sit tomorrow.\nI weteete\u014bu o\u014be\u014botor wi tebeo wi eweio r wi nung eio.\tThe child is playing next to the road today.\n\n",
    "questions": "[{\"question_n\": \"Q 5.1\", \"prompt\": \"For each sentence, first, rearrange the sentence into the correct Language X word order, and then translate it into English. One of the sentences contains an error which can\\u2019t be fixed by changing the word order.\\n(a)\\tincorrect order\\tMeeri eawo i retur rongeenung wi returetu.\\n(b)\\tincorrect order\\tOrerur keo tebeo o wi witewite.\\n(c)\\tincorrect order\\tR eweio e nung wi retur eio tebeo returetu wi.\", \"subprompts\": [{\"questionpart_n\": \"(a1)\", \"question\": \"(a, correct order)\", \"answer\": \"I returetu retur wi eawo Meeri rongeenung.\", \"matches_human_scoring\": false, \"fuzzy_matching\": false, \"manual_edit\": false}, {\"questionpart_n\": \"(a2)\", \"question\": \"(a, translation)\", \"answer\": \"Mary will walk to the house tomorrow.\", \"matches_human_scoring\": false, \"fuzzy_matching\": false, \"manual_edit\": false}, {\"questionpart_n\": \"(b1)\", \"question\": \"(b, correct order)\", \"answer\": \"O witewite orerur wi tebeo keo.\", \"matches_human_scoring\": false, \"fuzzy_matching\": false, \"manual_edit\": false}, {\"questionpart_n\": \"(b2)\", \"question\": \"(b, translation)\", \"answer\": \"[\\\"I am sitting on the road\\\", \\\"I sit on the road\\\",  \\\"I am sitting in the road\\\", \\\"I sit in the road\\\"]\", \"matches_human_scoring\": false, \"fuzzy_matching\": true, \"manual_edit\": false}, {\"questionpart_n\": \"(c1)\", \"question\": \"(c, correct order)\", \"answer\": \"E returetu retur tebeo wi eweio r wi nung eio.\", \"matches_human_scoring\": false, \"fuzzy_matching\": false, \"manual_edit\": false}, {\"questionpart_n\": \"(c2)\", \"question\": \"(c, translation)\", \"answer\": \"[\\\"A child is walking to the road today.\\\", \\\"A child walks to the road today.\\\", \\\"The child is walking to the road today.\\\", \\\"The child walks to the road today.\\\"]\", \"matches_human_scoring\": false, \"fuzzy_matching\": true, \"manual_edit\": false}]}, {\"question_n\": \"Q 5.2\", \"prompt\": \"As mentioned, one of the three Language X sentences above contains an error. Correct the sentence by changing just one word, without changing the meaning. Return the correct version:\", \"subprompts\": [{\"questionpart_n\": \"(a)\", \"question\": \"\", \"answer\": \"I returetu retur tebeo wi eweio r wi nung eio.\", \"matches_human_scoring\": false, \"fuzzy_matching\": true, \"manual_edit\": false}]}, {\"question_n\": \"Q 5.3\", \"prompt\": \"Translate into Language X:\", \"subprompts\": [{\"questionpart_n\": \"(a)\", \"question\": \"Women will play tomorrow.\", \"answer\": \"E weteete\u014bu eoori rongeenung.\", \"matches_human_scoring\": false, \"fuzzy_matching\": true, \"manual_edit\": false}, {\"questionpart_n\": \"(b)\", \"question\": \"You are sitting next to the store today.\", \"answer\": \"Tu witewite o\u014be\u014botor wi wowuue ktui r wi nung eio.\", \"matches_human_scoring\": false, \"fuzzy_matching\": false, \"manual_edit\": false}]}]",
    "obfuscated": "True",
    "obf_num": "16",
    "mapping": {
        "b": "n",
        "k": "t",
        "n": "r",
        "t": "w",
        "r": "\u014b",
        "w": "b",
        "\u014b": "k",
        "a": "e",
        "e": "i",
        "i": "o",
        "o": "u",
        "u": "a",
        "meeri": "meeri",
        "ng": "ng"
    }
}