{
    "json_invalid": false,
    "preamble": "Problem 5. At ease in Language X (15 marks)\n ",
    "context": "Here are some Language X sentences with their English translations:\n\nBu kebukebu wbui.\tYou are walking.\nI kebukebu ni eooki.\tA woman is walking.\nO nebeebetu weo.\tI am playing.\nI kebukebu kebuk ni nonuue Meeri.\tMary is walking to the store.\nE nibenibe otetobok ni eano eooki.\tWomen are sitting next to the house.\nE ni\u014buni\u014bu kebibio k ni \u014bung eio.\tPeople are bathing today.\nO ni\u014buni\u014bu okekuk ni eano weo.\tI am bathing in the house.\nE nebeebetu okekuk ni nonuue eneio.\tChildren are playing in the store.\nBu nibenibe wbui kongee\u014bung.\tYou will sit tomorrow.\nI nebeebetu otetobok ni bereo ni eneio k ni \u014bung eio.\tThe child is playing next to the road today.\n\n",
    "questions": "[{\"question_n\": \"Q 5.1\", \"prompt\": \"For each sentence, first, rearrange the sentence into the correct Language X word order, and then translate it into English. One of the sentences contains an error which can\\u2019t be fixed by changing the word order.\\n(a)\\tincorrect order\\tMeeri eano i kebuk kongee\u014bung ni kebukebu.\\n(b)\\tincorrect order\\tOkekuk weo bereo o ni nibenibe.\\n(c)\\tincorrect order\\tK eneio e \u014bung ni kebuk eio bereo kebukebu ni.\", \"subprompts\": [{\"questionpart_n\": \"(a1)\", \"question\": \"(a, correct order)\", \"answer\": \"I kebukebu kebuk ni eano Meeri kongee\u014bung.\", \"matches_human_scoring\": false, \"fuzzy_matching\": false, \"manual_edit\": false}, {\"questionpart_n\": \"(a2)\", \"question\": \"(a, translation)\", \"answer\": \"Mary will walk to the house tomorrow.\", \"matches_human_scoring\": false, \"fuzzy_matching\": false, \"manual_edit\": false}, {\"questionpart_n\": \"(b1)\", \"question\": \"(b, correct order)\", \"answer\": \"O nibenibe okekuk ni bereo weo.\", \"matches_human_scoring\": false, \"fuzzy_matching\": false, \"manual_edit\": false}, {\"questionpart_n\": \"(b2)\", \"question\": \"(b, translation)\", \"answer\": \"[\\\"I am sitting on the road\\\", \\\"I sit on the road\\\",  \\\"I am sitting in the road\\\", \\\"I sit in the road\\\"]\", \"matches_human_scoring\": false, \"fuzzy_matching\": true, \"manual_edit\": false}, {\"questionpart_n\": \"(c1)\", \"question\": \"(c, correct order)\", \"answer\": \"E kebukebu kebuk bereo ni eneio k ni \u014bung eio.\", \"matches_human_scoring\": false, \"fuzzy_matching\": false, \"manual_edit\": false}, {\"questionpart_n\": \"(c2)\", \"question\": \"(c, translation)\", \"answer\": \"[\\\"A child is walking to the road today.\\\", \\\"A child walks to the road today.\\\", \\\"The child is walking to the road today.\\\", \\\"The child walks to the road today.\\\"]\", \"matches_human_scoring\": false, \"fuzzy_matching\": true, \"manual_edit\": false}]}, {\"question_n\": \"Q 5.2\", \"prompt\": \"As mentioned, one of the three Language X sentences above contains an error. Correct the sentence by changing just one word, without changing the meaning. Return the correct version:\", \"subprompts\": [{\"questionpart_n\": \"(a)\", \"question\": \"\", \"answer\": \"I kebukebu kebuk bereo ni eneio k ni \u014bung eio.\", \"matches_human_scoring\": false, \"fuzzy_matching\": true, \"manual_edit\": false}]}, {\"question_n\": \"Q 5.3\", \"prompt\": \"Translate into Language X:\", \"subprompts\": [{\"questionpart_n\": \"(a)\", \"question\": \"Women will play tomorrow.\", \"answer\": \"E nebeebetu eooki kongee\u014bung.\", \"matches_human_scoring\": false, \"fuzzy_matching\": true, \"manual_edit\": false}, {\"questionpart_n\": \"(b)\", \"question\": \"You are sitting next to the store today.\", \"answer\": \"Bu nibenibe otetobok ni nonuue wbui k ni \u014bung eio.\", \"matches_human_scoring\": false, \"fuzzy_matching\": false, \"manual_edit\": false}]}]",
    "obfuscated": "True",
    "obf_num": "21",
    "mapping": {
        "b": "\u014b",
        "k": "b",
        "n": "k",
        "t": "n",
        "r": "t",
        "w": "r",
        "\u014b": "w",
        "a": "e",
        "e": "i",
        "i": "o",
        "o": "u",
        "u": "a",
        "meeri": "meeri",
        "ng": "ng"
    }
}