{
    "json_invalid": false,
    "preamble": "Problem 5. At ease in Language X (15 marks)\n ",
    "context": "Here are some Language X sentences with their English translations:\n\nWa \u014biwa\u014biwa twao.\tYou are walking.\nO \u014biwa\u014biwa bo iuu\u014bo.\tA woman is walking.\nU biwiiwika tiu.\tI am playing.\nO \u014biwa\u014biwa \u014biwa\u014b bo bubaai Meeri.\tMary is walking to the store.\nI bowibowi ukikuwu\u014b bo iebu iuu\u014bo.\tWomen are sitting next to the house.\nI borabora \u014biwowou \u014b bo rang iou.\tPeople are bathing today.\nU borabora u\u014bi\u014ba\u014b bo iebu tiu.\tI am bathing in the house.\nI biwiiwika u\u014bi\u014ba\u014b bo bubaai ibiou.\tChildren are playing in the store.\nWa bowibowi twao \u014bungiirang.\tYou will sit tomorrow.\nO biwiiwika ukikuwu\u014b bo winiu bo ibiou \u014b bo rang iou.\tThe child is playing next to the road today.\n\n",
    "questions": "[{\"question_n\": \"Q 5.1\", \"prompt\": \"For each sentence, first, rearrange the sentence into the correct Language X word order, and then translate it into English. One of the sentences contains an error which can\\u2019t be fixed by changing the word order.\\n(a)\\tincorrect order\\tMeeri iebu o \u014biwa\u014b \u014bungiirang bo \u014biwa\u014biwa.\\n(b)\\tincorrect order\\tU\u014bi\u014ba\u014b tiu winiu u bo bowibowi.\\n(c)\\tincorrect order\\t\u014a ibiou i rang bo \u014biwa\u014b iou winiu \u014biwa\u014biwa bo.\", \"subprompts\": [{\"questionpart_n\": \"(a1)\", \"question\": \"(a, correct order)\", \"answer\": \"O \u014biwa\u014biwa \u014biwa\u014b bo iebu Meeri \u014bungiirang.\", \"matches_human_scoring\": false, \"fuzzy_matching\": false, \"manual_edit\": false}, {\"questionpart_n\": \"(a2)\", \"question\": \"(a, translation)\", \"answer\": \"Mary will walk to the house tomorrow.\", \"matches_human_scoring\": false, \"fuzzy_matching\": false, \"manual_edit\": false}, {\"questionpart_n\": \"(b1)\", \"question\": \"(b, correct order)\", \"answer\": \"U bowibowi u\u014bi\u014ba\u014b bo winiu tiu.\", \"matches_human_scoring\": false, \"fuzzy_matching\": false, \"manual_edit\": false}, {\"questionpart_n\": \"(b2)\", \"question\": \"(b, translation)\", \"answer\": \"[\\\"I am sitting on the road\\\", \\\"I sit on the road\\\",  \\\"I am sitting in the road\\\", \\\"I sit in the road\\\"]\", \"matches_human_scoring\": false, \"fuzzy_matching\": true, \"manual_edit\": false}, {\"questionpart_n\": \"(c1)\", \"question\": \"(c, correct order)\", \"answer\": \"I \u014biwa\u014biwa \u014biwa\u014b winiu bo ibiou \u014b bo rang iou.\", \"matches_human_scoring\": false, \"fuzzy_matching\": false, \"manual_edit\": false}, {\"questionpart_n\": \"(c2)\", \"question\": \"(c, translation)\", \"answer\": \"[\\\"A child is walking to the road today.\\\", \\\"A child walks to the road today.\\\", \\\"The child is walking to the road today.\\\", \\\"The child walks to the road today.\\\"]\", \"matches_human_scoring\": false, \"fuzzy_matching\": true, \"manual_edit\": false}]}, {\"question_n\": \"Q 5.2\", \"prompt\": \"As mentioned, one of the three Language X sentences above contains an error. Correct the sentence by changing just one word, without changing the meaning. Return the correct version:\", \"subprompts\": [{\"questionpart_n\": \"(a)\", \"question\": \"\", \"answer\": \"O \u014biwa\u014biwa \u014biwa\u014b winiu bo ibiou \u014b bo rang iou.\", \"matches_human_scoring\": false, \"fuzzy_matching\": true, \"manual_edit\": false}]}, {\"question_n\": \"Q 5.3\", \"prompt\": \"Translate into Language X:\", \"subprompts\": [{\"questionpart_n\": \"(a)\", \"question\": \"Women will play tomorrow.\", \"answer\": \"I biwiiwika iuu\u014bo \u014bungiirang.\", \"matches_human_scoring\": false, \"fuzzy_matching\": true, \"manual_edit\": false}, {\"questionpart_n\": \"(b)\", \"question\": \"You are sitting next to the store today.\", \"answer\": \"Wa bowibowi ukikuwu\u014b bo bubaai twao \u014b bo rang iou.\", \"matches_human_scoring\": false, \"fuzzy_matching\": false, \"manual_edit\": false}]}]",
    "obfuscated": "True",
    "obf_num": "17",
    "mapping": {
        "b": "r",
        "k": "w",
        "n": "\u014b",
        "t": "b",
        "r": "k",
        "w": "n",
        "\u014b": "t",
        "a": "i",
        "e": "o",
        "i": "u",
        "o": "a",
        "u": "e",
        "meeri": "meeri",
        "ng": "ng"
    }
}