{
    "preamble": "Problem 5. At ease in Language X (15 marks)\n ",
    "context": "Here are some Language X sentences with their English translations:\n\nKo nakonako \u014bkoe.\tYou are walking.\nE nakonako te aiine.\tA woman is walking.\nI takaakaro \u014bai.\tI am playing.\nE nakonako nakon te titooa Meeri.\tMary is walking to the store.\nA tekateka irarikin te auti aiine.\tWomen are sitting next to the house.\nA tebotebo nakekei n te bong aei.\tPeople are bathing today.\nI tebotebo inanon te auti \u014bai.\tI am bathing in the house.\nA takaakaro inanon te titooa ataei.\tChildren are playing in the store.\nKo tekateka \u014bkoe ningaabong.\tYou will sit tomorrow.\nE takaakaro irarikin te kawai te ataei n te bong aei.\tThe child is playing next to the road today.\n\n",
    "questions": "[{\"question_n\": \"Q 5.1\", \"prompt\": \"For each sentence, first, rearrange the sentence into the correct Language X word order, and then translate it into English. One of the sentences contains an error which can\\u2019t be fixed by changing the word order.\\n(a)\\tincorrect order\\tMeeri auti e nakon ningaabong te nakonako.\\n(b)\\tincorrect order\\tInanon \\u014bai kawai i te tekateka.\\n(c)\\tincorrect order\\tN ataei a bong te nakon aei kawai nakonako te.\", \"subprompts\": [{\"questionpart_n\": \"(a1)\", \"question\": \"(a, correct order)\", \"answer\": \"E nakonako nakon te auti Meeri ningaabong.\", \"matches_human_scoring\": false, \"fuzzy_matching\": false, \"manual_edit\": false}, {\"questionpart_n\": \"(a2)\", \"question\": \"(a, translation)\", \"answer\": \"Mary will walk to the house tomorrow.\", \"matches_human_scoring\": false, \"fuzzy_matching\": false, \"manual_edit\": false}, {\"questionpart_n\": \"(b1)\", \"question\": \"(b, correct order)\", \"answer\": \"I tekateka inanon te kawai \\u014bai.\", \"matches_human_scoring\": false, \"fuzzy_matching\": false, \"manual_edit\": false}, {\"questionpart_n\": \"(b2)\", \"question\": \"(b, translation)\", \"answer\": \"[\\\"I am sitting on the road\\\", \\\"I sit on the road\\\",  \\\"I am sitting in the road\\\", \\\"I sit in the road\\\"]\", \"matches_human_scoring\": false, \"fuzzy_matching\": true, \"manual_edit\": false}, {\"questionpart_n\": \"(c1)\", \"question\": \"(c, correct order)\", \"answer\": \"A nakonako nakon kawai te ataei n te bong aei.\", \"matches_human_scoring\": false, \"fuzzy_matching\": false, \"manual_edit\": false}, {\"questionpart_n\": \"(c2)\", \"question\": \"(c, translation)\", \"answer\": \"[\\\"A child is walking to the road today.\\\", \\\"A child walks to the road today.\\\", \\\"The child is walking to the road today.\\\", \\\"The child walks to the road today.\\\"]\", \"matches_human_scoring\": false, \"fuzzy_matching\": true, \"manual_edit\": false}]}, {\"question_n\": \"Q 5.2\", \"prompt\": \"As mentioned, one of the three Language X sentences above contains an error. Correct the sentence by changing just one word, without changing the meaning. Return the correct version:\", \"subprompts\": [{\"questionpart_n\": \"(a)\", \"question\": \"\", \"answer\": \"E nakonako nakon kawai te ataei n te bong aei.\", \"matches_human_scoring\": false, \"fuzzy_matching\": true, \"manual_edit\": false}]}, {\"question_n\": \"Q 5.3\", \"prompt\": \"Translate into Language X:\", \"subprompts\": [{\"questionpart_n\": \"(a)\", \"question\": \"Women will play tomorrow.\", \"answer\": \"A takaakaro aiine ningaabong.\", \"matches_human_scoring\": false, \"fuzzy_matching\": true, \"manual_edit\": false}, {\"questionpart_n\": \"(b)\", \"question\": \"You are sitting next to the store today.\", \"answer\": \"Ko tekateka irarikin te titooa \\u014bkoe n te bong aei.\", \"matches_human_scoring\": false, \"fuzzy_matching\": false, \"manual_edit\": false}]}]",
    "notes": "Q 5.1 needs a review. Very unique structure and we should check that model's are responding in the correct format.",
    "answers_page": 3,
    "team_review": true,
    "obfuscated": "False",
    "obf_num": "0",
    "mapping": null,
    "json_invalid": false
}