{
    "json_invalid": false,
    "preamble": "Problem 9. Central Language X sums \n Northern and Central Language X are distinct but related languages.  ",
    "context": "In the following examples, you may like to know the following pronunciation facts.\n\u0272 - palatal nasal, like ni in onion.\n\u0283\u2019- postalveolar fricative, like sh in shell, but ejective (\u2018spat out\u2019)\nk\u2019 \u2013 velar stop like k in kiss, but ejective.\n\u1e2d - ee sound as in fee, but with \u2018creaky\u2019 voice.\n\u0242 - glottal stop, like the t in London butter (often written bu\u2019er).\n\u0169 \u2013 oo sound as in zoo, but nasalised like on in French bonjour. \n\nFirst, here are some numbers in Northern Language X:\n\n9 = ruwu \u0283\u2019u\u0303tli\u0330a\u0242 \u0272ut\u0283\u2019u\u0303\n13 = ruwu \u0283\u2019u\u0303tli\u0330a\u0242 ki\u0330\u0283\u2019dui\n17 = rutanu\u0303 \u0283\u2019u\u0303tli\u0330a\u0242 \u0272ut\u0283\u2019u\u0303\n20 = rutanu\u0303 \u0283\u2019u\u0303tli\u0330a\u0242 ki\u0330wi\u0330ai\n26 = ruwtah \u0283\u2019u\u0303tli\u0330a\u0242 tani\u0330\n30 = ruwtah \u0283\u2019u\u0303tli\u0330a\u0242 \u0283\u2019i\u0330wi\u0330u\n35 = ki\u0330wi\u0330ai \u0283\u2019u\u0303tli\u0330a\u0242 wtah\n\nAnd now some arithmetic equalities in Central Language X (where * means \u2018multiplied by\u2019):\n\ntju t\u0283\u2019\u0272uk\u2019h + \u0272u\u0303\u0272ruhui\u0330 tju t\u0283\u2019\u0272uk\u2019h tju = tju si\u0330u\u0303t \u0283\u2019i\u0330si\u0330\u0242ele\u0242\nri\u0330\u0242ai\u0330 + tju t\u0283\u2019\u0272uk\u2019h = \u0272u\u0303\u0272ruhui\u0330 tai\u0330\ntju si\u0330u\u0303t tju * tai\u0330 = tai\u0330 si\u0330u\u0303t tai\u0330\n\u0283\u2019i\u0330si\u0330\u0242ele\u0242 + ri\u0330gui\u0330 = \u0283\u2019i\u0330si\u0330nu * tai\u0330\n\u0272u\u0303\u0272ruhui\u0330 wutleh * wutleh = tju si\u0330u\u0303t \u0272u\u0303\u0272ruhui\u0330 tju t\u0283\u2019\u0272uk\u2019h tju\n\u0272u\u0303\u0272ruhui\u0330 ri\u0330gui\u0330 + ri\u0330gui\u0330 = tai\u0330 * \u0272u\u0303\u0272ruhui\u0330\nri\u0330gui\u0330 + wutleh = tju t\u0283\u2019\u0272uk\u2019h\ntju + tai\u0330 = wutleh\n\nAnd finally an equality in both languages:\nNorthern Language X:\t\t Central Language X:\n\u0283\u2019u\u0303wi\u0330ali\u0330\u0242 * ruwu \u0283\u2019u\u0303tli\u0330a\u0242 tani\u0330 \t=\t wutleeh si\u0330u\u0303t \u0272u\u0303\u0272ruhui\u0330,",
    "questions": "[{\"question_n\": \"Q9.1\", \"prompt\": \"Write out the following numbers in Northern Language X\", \"subprompts\": [{\"questionpart_n\": \"a.\", \"question\": \"2\", \"answer\": \"tani\u0330\", \"matches_human_scoring\": false, \"fuzzy_matching\": false, \"manual_edit\": false}, {\"questionpart_n\": \"b.\", \"question\": \"31\", \"answer\": \"ruwtah \u0283\u2019u\u0303tli\u0330a\u0242 \u0283\u2019u\u0303wi\u0330ali\u0330\u0242\", \"matches_human_scoring\": false, \"fuzzy_matching\": false, \"manual_edit\": false}]}, {\"question_n\": \"Q9.2\", \"prompt\": \"Write out the following numbers in Central Language X\", \"subprompts\": [{\"questionpart_n\": \"a.\", \"question\": \"9\", \"answer\": \"tju t\u0283\u2019\u0272uk\u2019h tju\", \"matches_human_scoring\": false, \"fuzzy_matching\": false, \"manual_edit\": false}, {\"questionpart_n\": \"b.\", \"question\": \"56\", \"answer\": \"tai\u0330 si\u0330u\u0303t \u0272u\u0303\u0272ruhui\u0330 \u0283\u2019i\u0330si\u0330nu\", \"matches_human_scoring\": false, \"fuzzy_matching\": false, \"manual_edit\": false}, {\"questionpart_n\": \"c.\", \"question\": \"60\", \"answer\": \"wutleh si\u0330u\u0303t\", \"matches_human_scoring\": false, \"fuzzy_matching\": false, \"manual_edit\": false}]}]",
    "obfuscated": "True",
    "obf_num": "28",
    "mapping": {
        "\u0272": "\u0242",
        "\u0283\u2019": "d",
        "k\u2019": "g",
        "\u0242": "h",
        "d": "j",
        "g": "k",
        "h": "l",
        "j": "n",
        "k": "r",
        "l": "s",
        "n": "t",
        "r": "w",
        "s": "\u0272",
        "t": "\u0283\u2019",
        "w": "k\u2019",
        "a": "u",
        "e": "u\u0303",
        "i": "i\u0330",
        "u": "a",
        "u\u0303": "e",
        "i\u0330": "i"
    }
}