{
    "json_invalid": false,
    "preamble": "Problem 9. Central Language X sums \n Northern and Central Language X are distinct but related languages.  ",
    "context": "In the following examples, you may like to know the following pronunciation facts.\n\u0272 - palatal nasal, like ni in onion.\n\u0283\u2019- postalveolar fricative, like sh in shell, but ejective (\u2018spat out\u2019)\nk\u2019 \u2013 velar stop like k in kiss, but ejective.\n\u1e2d - ee sound as in fee, but with \u2018creaky\u2019 voice.\n\u0242 - glottal stop, like the t in London butter (often written bu\u2019er).\n\u0169 \u2013 oo sound as in zoo, but nasalised like on in French bonjour. \n\nFirst, here are some numbers in Northern Language X:\n\n9 = \u0272u\u0242u gu\u0303k\u2019ti\u0330aj duk\u2019gu\u0303\n13 = \u0272u\u0242u gu\u0303k\u2019ti\u0330aj si\u0330gkui\n17 = \u0272uk\u2019awu\u0303 gu\u0303k\u2019ti\u0330aj duk\u2019gu\u0303\n20 = \u0272uk\u2019awu\u0303 gu\u0303k\u2019ti\u0330aj si\u0330\u0242i\u0330ai\n26 = \u0272u\u0242k\u2019an gu\u0303k\u2019ti\u0330aj k\u2019awi\u0330\n30 = \u0272u\u0242k\u2019an gu\u0303k\u2019ti\u0330aj gi\u0330\u0242i\u0330u\n35 = si\u0330\u0242i\u0330ai gu\u0303k\u2019ti\u0330aj \u0242k\u2019an\n\nAnd now some arithmetic equalities in Central Language X (where * means \u2018multiplied by\u2019):\n\nk\u2019ru k\u2019gduhn + du\u0303d\u0272unui\u0330 k\u2019ru k\u2019gduhn k\u2019ru = k\u2019ru \u0283\u2019i\u0330u\u0303k\u2019 gi\u0330\u0283\u2019i\u0330jetej\n\u0272i\u0330jai\u0330 + k\u2019ru k\u2019gduhn = du\u0303d\u0272unui\u0330 k\u2019ai\u0330\nk\u2019ru \u0283\u2019i\u0330u\u0303k\u2019 k\u2019ru * k\u2019ai\u0330 = k\u2019ai\u0330 \u0283\u2019i\u0330u\u0303k\u2019 k\u2019ai\u0330\ngi\u0330\u0283\u2019i\u0330jetej + \u0272i\u0330lui\u0330 = gi\u0330\u0283\u2019i\u0330wu * k\u2019ai\u0330\ndu\u0303d\u0272unui\u0330 \u0242uk\u2019ten * \u0242uk\u2019ten = k\u2019ru \u0283\u2019i\u0330u\u0303k\u2019 du\u0303d\u0272unui\u0330 k\u2019ru k\u2019gduhn k\u2019ru\ndu\u0303d\u0272unui\u0330 \u0272i\u0330lui\u0330 + \u0272i\u0330lui\u0330 = k\u2019ai\u0330 * du\u0303d\u0272unui\u0330\n\u0272i\u0330lui\u0330 + \u0242uk\u2019ten = k\u2019ru k\u2019gduhn\nk\u2019ru + k\u2019ai\u0330 = \u0242uk\u2019ten\n\nAnd finally an equality in both languages:\nNorthern Language X:\t\t Central Language X:\ngu\u0303\u0242i\u0330ati\u0330j * \u0272u\u0242u gu\u0303k\u2019ti\u0330aj k\u2019awi\u0330 \t=\t \u0242uk\u2019teen \u0283\u2019i\u0330u\u0303k\u2019 du\u0303d\u0272unui\u0330,",
    "questions": "[{\"question_n\": \"Q9.1\", \"prompt\": \"Write out the following numbers in Northern Language X\", \"subprompts\": [{\"questionpart_n\": \"a.\", \"question\": \"2\", \"answer\": \"k\u2019awi\u0330\", \"matches_human_scoring\": false, \"fuzzy_matching\": false, \"manual_edit\": false}, {\"questionpart_n\": \"b.\", \"question\": \"31\", \"answer\": \"\u0272u\u0242k\u2019an gu\u0303k\u2019ti\u0330aj gu\u0303\u0242i\u0330ati\u0330j\", \"matches_human_scoring\": false, \"fuzzy_matching\": false, \"manual_edit\": false}]}, {\"question_n\": \"Q9.2\", \"prompt\": \"Write out the following numbers in Central Language X\", \"subprompts\": [{\"questionpart_n\": \"a.\", \"question\": \"9\", \"answer\": \"k\u2019ru k\u2019gduhn k\u2019ru\", \"matches_human_scoring\": false, \"fuzzy_matching\": false, \"manual_edit\": false}, {\"questionpart_n\": \"b.\", \"question\": \"56\", \"answer\": \"k\u2019ai\u0330 \u0283\u2019i\u0330u\u0303k\u2019 du\u0303d\u0272unui\u0330 gi\u0330\u0283\u2019i\u0330wu\", \"matches_human_scoring\": false, \"fuzzy_matching\": false, \"manual_edit\": false}, {\"questionpart_n\": \"c.\", \"question\": \"60\", \"answer\": \"\u0242uk\u2019ten \u0283\u2019i\u0330u\u0303k\u2019\", \"matches_human_scoring\": false, \"fuzzy_matching\": false, \"manual_edit\": false}]}]",
    "obfuscated": "True",
    "obf_num": "9",
    "mapping": {
        "\u0272": "j",
        "\u0283\u2019": "k",
        "k\u2019": "l",
        "\u0242": "n",
        "d": "r",
        "g": "s",
        "h": "t",
        "j": "w",
        "k": "\u0272",
        "l": "\u0283\u2019",
        "n": "k\u2019",
        "r": "\u0242",
        "s": "d",
        "t": "g",
        "w": "h",
        "a": "u",
        "e": "u\u0303",
        "i": "i\u0330",
        "u": "a",
        "u\u0303": "e",
        "i\u0330": "i"
    }
}