{
    "json_invalid": false,
    "preamble": "Problem 9. Central Language X sums \n Northern and Central Language X are distinct but related languages.  ",
    "context": "In the following examples, you may like to know the following pronunciation facts.\n\u0272 - palatal nasal, like ni in onion.\n\u0283\u2019- postalveolar fricative, like sh in shell, but ejective (\u2018spat out\u2019)\nk\u2019 \u2013 velar stop like k in kiss, but ejective.\n\u1e2d - ee sound as in fee, but with \u2018creaky\u2019 voice.\n\u0242 - glottal stop, like the t in London butter (often written bu\u2019er).\n\u0169 \u2013 oo sound as in zoo, but nasalised like on in French bonjour. \n\nFirst, here are some numbers in Northern Language X:\n\n9 = jini sulgu\u0303i\u0330w rilsu\n13 = jini sulgu\u0303i\u0330w du\u0303s\u0272ie\n17 = jili\u0330hu sulgu\u0303i\u0330w rilsu\n20 = jili\u0330hu sulgu\u0303i\u0330w du\u0303nu\u0303i\u0330e\n26 = jinli\u0330k\u2019 sulgu\u0303i\u0330w li\u0330hu\u0303\n30 = jinli\u0330k\u2019 sulgu\u0303i\u0330w su\u0303nu\u0303i\n35 = du\u0303nu\u0303i\u0330e sulgu\u0303i\u0330w nli\u0330k\u2019\n\nAnd now some arithmetic equalities in Central Language X (where * means \u2018multiplied by\u2019):\n\nl\u0242i lsritk\u2019 + rurjik\u2019iu\u0303 l\u0242i lsritk\u2019 l\u0242i = l\u0242i ku\u0303ul su\u0303ku\u0303wagaw\nju\u0303wi\u0330u\u0303 + l\u0242i lsritk\u2019 = rurjik\u2019iu\u0303 li\u0330u\u0303\nl\u0242i ku\u0303ul l\u0242i * li\u0330u\u0303 = li\u0330u\u0303 ku\u0303ul li\u0330u\u0303\nsu\u0303ku\u0303wagaw + ju\u0303\u0283\u2019iu\u0303 = su\u0303ku\u0303hi * li\u0330u\u0303\nrurjik\u2019iu\u0303 nilgak\u2019 * nilgak\u2019 = l\u0242i ku\u0303ul rurjik\u2019iu\u0303 l\u0242i lsritk\u2019 l\u0242i\nrurjik\u2019iu\u0303 ju\u0303\u0283\u2019iu\u0303 + ju\u0303\u0283\u2019iu\u0303 = li\u0330u\u0303 * rurjik\u2019iu\u0303\nju\u0303\u0283\u2019iu\u0303 + nilgak\u2019 = l\u0242i lsritk\u2019\nl\u0242i + li\u0330u\u0303 = nilgak\u2019\n\nAnd finally an equality in both languages:\nNorthern Language X:\t\t Central Language X:\nsunu\u0303i\u0330gu\u0303w * jini sulgu\u0303i\u0330w li\u0330hu\u0303 \t=\t nilgaak\u2019 ku\u0303ul rurjik\u2019iu\u0303,",
    "questions": "[{\"question_n\": \"Q9.1\", \"prompt\": \"Write out the following numbers in Northern Language X\", \"subprompts\": [{\"questionpart_n\": \"a.\", \"question\": \"2\", \"answer\": \"li\u0330hu\u0303\", \"matches_human_scoring\": false, \"fuzzy_matching\": false, \"manual_edit\": false}, {\"questionpart_n\": \"b.\", \"question\": \"31\", \"answer\": \"jinli\u0330k\u2019 sulgu\u0303i\u0330w sunu\u0303i\u0330gu\u0303w\", \"matches_human_scoring\": false, \"fuzzy_matching\": false, \"manual_edit\": false}]}, {\"question_n\": \"Q9.2\", \"prompt\": \"Write out the following numbers in Central Language X\", \"subprompts\": [{\"questionpart_n\": \"a.\", \"question\": \"9\", \"answer\": \"l\u0242i lsritk\u2019 l\u0242i\", \"matches_human_scoring\": false, \"fuzzy_matching\": false, \"manual_edit\": false}, {\"questionpart_n\": \"b.\", \"question\": \"56\", \"answer\": \"li\u0330u\u0303 ku\u0303ul rurjik\u2019iu\u0303 su\u0303ku\u0303hi\", \"matches_human_scoring\": false, \"fuzzy_matching\": false, \"manual_edit\": false}, {\"questionpart_n\": \"c.\", \"question\": \"60\", \"answer\": \"nilgak\u2019 ku\u0303ul\", \"matches_human_scoring\": false, \"fuzzy_matching\": false, \"manual_edit\": false}]}]",
    "obfuscated": "True",
    "obf_num": "13",
    "mapping": {
        "\u0272": "w",
        "\u0283\u2019": "\u0272",
        "k\u2019": "\u0283\u2019",
        "\u0242": "k\u2019",
        "d": "\u0242",
        "g": "d",
        "h": "g",
        "j": "h",
        "k": "j",
        "l": "k",
        "n": "l",
        "r": "n",
        "s": "r",
        "t": "s",
        "w": "t",
        "a": "i",
        "e": "u",
        "i": "u\u0303",
        "u": "i\u0330",
        "u\u0303": "a",
        "i\u0330": "e"
    }
}