{
    "json_invalid": false,
    "preamble": "Problem 9. Central Language X sums \n Northern and Central Language X are distinct but related languages.  ",
    "context": "In the following examples, you may like to know the following pronunciation facts.\n\u0272 - palatal nasal, like ni in onion.\n\u0283\u2019- postalveolar fricative, like sh in shell, but ejective (\u2018spat out\u2019)\nk\u2019 \u2013 velar stop like k in kiss, but ejective.\n\u1e2d - ee sound as in fee, but with \u2018creaky\u2019 voice.\n\u0242 - glottal stop, like the t in London butter (often written bu\u2019er).\n\u0169 \u2013 oo sound as in zoo, but nasalised like on in French bonjour. \n\nFirst, here are some numbers in Northern Language X:\n\n9 = nutu \u0272u\u0303ski\u0330ak\u2019 wus\u0272u\u0303\n13 = nutu \u0272u\u0303ski\u0330ak\u2019 ji\u0330\u0272\u0242ui\n17 = nusalu\u0303 \u0272u\u0303ski\u0330ak\u2019 wus\u0272u\u0303\n20 = nusalu\u0303 \u0272u\u0303ski\u0330ak\u2019 ji\u0330ti\u0330ai\n26 = nutsag \u0272u\u0303ski\u0330ak\u2019 sali\u0330\n30 = nutsag \u0272u\u0303ski\u0330ak\u2019 \u0272i\u0330ti\u0330u\n35 = ji\u0330ti\u0330ai \u0272u\u0303ski\u0330ak\u2019 tsag\n\nAnd now some arithmetic equalities in Central Language X (where * means \u2018multiplied by\u2019):\n\nshu s\u0272wu\u0283\u2019g + wu\u0303wnugui\u0330 shu s\u0272wu\u0283\u2019g shu = shu ri\u0330u\u0303s \u0272i\u0330ri\u0330k\u2019ekek\u2019\nni\u0330k\u2019ai\u0330 + shu s\u0272wu\u0283\u2019g = wu\u0303wnugui\u0330 sai\u0330\nshu ri\u0330u\u0303s shu * sai\u0330 = sai\u0330 ri\u0330u\u0303s sai\u0330\n\u0272i\u0330ri\u0330k\u2019ekek\u2019 + ni\u0330dui\u0330 = \u0272i\u0330ri\u0330lu * sai\u0330\nwu\u0303wnugui\u0330 tuskeg * tuskeg = shu ri\u0330u\u0303s wu\u0303wnugui\u0330 shu s\u0272wu\u0283\u2019g shu\nwu\u0303wnugui\u0330 ni\u0330dui\u0330 + ni\u0330dui\u0330 = sai\u0330 * wu\u0303wnugui\u0330\nni\u0330dui\u0330 + tuskeg = shu s\u0272wu\u0283\u2019g\nshu + sai\u0330 = tuskeg\n\nAnd finally an equality in both languages:\nNorthern Language X:\t\t Central Language X:\n\u0272u\u0303ti\u0330aki\u0330k\u2019 * nutu \u0272u\u0303ski\u0330ak\u2019 sali\u0330 \t=\t tuskeeg ri\u0330u\u0303s wu\u0303wnugui\u0330,",
    "questions": "[{\"question_n\": \"Q9.1\", \"prompt\": \"Write out the following numbers in Northern Language X\", \"subprompts\": [{\"questionpart_n\": \"a.\", \"question\": \"2\", \"answer\": \"sali\u0330\", \"matches_human_scoring\": false, \"fuzzy_matching\": false, \"manual_edit\": false}, {\"questionpart_n\": \"b.\", \"question\": \"31\", \"answer\": \"nutsag \u0272u\u0303ski\u0330ak\u2019 \u0272u\u0303ti\u0330aki\u0330k\u2019\", \"matches_human_scoring\": false, \"fuzzy_matching\": false, \"manual_edit\": false}]}, {\"question_n\": \"Q9.2\", \"prompt\": \"Write out the following numbers in Central Language X\", \"subprompts\": [{\"questionpart_n\": \"a.\", \"question\": \"9\", \"answer\": \"shu s\u0272wu\u0283\u2019g shu\", \"matches_human_scoring\": false, \"fuzzy_matching\": false, \"manual_edit\": false}, {\"questionpart_n\": \"b.\", \"question\": \"56\", \"answer\": \"sai\u0330 ri\u0330u\u0303s wu\u0303wnugui\u0330 \u0272i\u0330ri\u0330lu\", \"matches_human_scoring\": false, \"fuzzy_matching\": false, \"manual_edit\": false}, {\"questionpart_n\": \"c.\", \"question\": \"60\", \"answer\": \"tuskeg ri\u0330u\u0303s\", \"matches_human_scoring\": false, \"fuzzy_matching\": false, \"manual_edit\": false}]}]",
    "obfuscated": "True",
    "obf_num": "29",
    "mapping": {
        "\u0272": "k\u2019",
        "\u0283\u2019": "\u0242",
        "k\u2019": "d",
        "\u0242": "g",
        "d": "h",
        "g": "j",
        "h": "k",
        "j": "l",
        "k": "n",
        "l": "r",
        "n": "s",
        "r": "t",
        "s": "w",
        "t": "\u0272",
        "w": "\u0283\u2019",
        "a": "u",
        "e": "u\u0303",
        "i": "i\u0330",
        "u": "a",
        "u\u0303": "e",
        "i\u0330": "i"
    }
}