{
    "json_invalid": false,
    "preamble": "Problem 9. Central Language X sums \n Northern and Central Language X are distinct but related languages.  ",
    "context": "In the following examples, you may like to know the following pronunciation facts.\n\u0272 - palatal nasal, like ni in onion.\n\u0283\u2019- postalveolar fricative, like sh in shell, but ejective (\u2018spat out\u2019)\nk\u2019 \u2013 velar stop like k in kiss, but ejective.\n\u1e2d - ee sound as in fee, but with \u2018creaky\u2019 voice.\n\u0242 - glottal stop, like the t in London butter (often written bu\u2019er).\n\u0169 \u2013 oo sound as in zoo, but nasalised like on in French bonjour. \n\nFirst, here are some numbers in Northern Language X:\n\n9 = diji luhk\u2019u\u0303i\u0330r kihlu\n13 = diji luhk\u2019u\u0303i\u0330r \u0283\u2019u\u0303lsie\n17 = dihi\u0330\u0242u luhk\u2019u\u0303i\u0330r kihlu\n20 = dihi\u0330\u0242u luhk\u2019u\u0303i\u0330r \u0283\u2019u\u0303ju\u0303i\u0330e\n26 = dijhi\u0330w luhk\u2019u\u0303i\u0330r hi\u0330\u0242u\u0303\n30 = dijhi\u0330w luhk\u2019u\u0303i\u0330r lu\u0303ju\u0303i\n35 = \u0283\u2019u\u0303ju\u0303i\u0330e luhk\u2019u\u0303i\u0330r jhi\u0330w\n\nAnd now some arithmetic equalities in Central Language X (where * means \u2018multiplied by\u2019):\n\nh\u0272i hlkinw + kukdiwiu\u0303 h\u0272i hlkinw h\u0272i = h\u0272i gu\u0303uh lu\u0303gu\u0303rak\u2019ar\ndu\u0303ri\u0330u\u0303 + h\u0272i hlkinw = kukdiwiu\u0303 hi\u0330u\u0303\nh\u0272i gu\u0303uh h\u0272i * hi\u0330u\u0303 = hi\u0330u\u0303 gu\u0303uh hi\u0330u\u0303\nlu\u0303gu\u0303rak\u2019ar + du\u0303tiu\u0303 = lu\u0303gu\u0303\u0242i * hi\u0330u\u0303\nkukdiwiu\u0303 jihk\u2019aw * jihk\u2019aw = h\u0272i gu\u0303uh kukdiwiu\u0303 h\u0272i hlkinw h\u0272i\nkukdiwiu\u0303 du\u0303tiu\u0303 + du\u0303tiu\u0303 = hi\u0330u\u0303 * kukdiwiu\u0303\ndu\u0303tiu\u0303 + jihk\u2019aw = h\u0272i hlkinw\nh\u0272i + hi\u0330u\u0303 = jihk\u2019aw\n\nAnd finally an equality in both languages:\nNorthern Language X:\t\t Central Language X:\nluju\u0303i\u0330k\u2019u\u0303r * diji luhk\u2019u\u0303i\u0330r hi\u0330\u0242u\u0303 \t=\t jihk\u2019aaw gu\u0303uh kukdiwiu\u0303,",
    "questions": "[{\"question_n\": \"Q9.1\", \"prompt\": \"Write out the following numbers in Northern Language X\", \"subprompts\": [{\"questionpart_n\": \"a.\", \"question\": \"2\", \"answer\": \"hi\u0330\u0242u\u0303\", \"matches_human_scoring\": false, \"fuzzy_matching\": false, \"manual_edit\": false}, {\"questionpart_n\": \"b.\", \"question\": \"31\", \"answer\": \"dijhi\u0330w luhk\u2019u\u0303i\u0330r luju\u0303i\u0330k\u2019u\u0303r\", \"matches_human_scoring\": false, \"fuzzy_matching\": false, \"manual_edit\": false}]}, {\"question_n\": \"Q9.2\", \"prompt\": \"Write out the following numbers in Central Language X\", \"subprompts\": [{\"questionpart_n\": \"a.\", \"question\": \"9\", \"answer\": \"h\u0272i hlkinw h\u0272i\", \"matches_human_scoring\": false, \"fuzzy_matching\": false, \"manual_edit\": false}, {\"questionpart_n\": \"b.\", \"question\": \"56\", \"answer\": \"hi\u0330u\u0303 gu\u0303uh kukdiwiu\u0303 lu\u0303gu\u0303\u0242i\", \"matches_human_scoring\": false, \"fuzzy_matching\": false, \"manual_edit\": false}, {\"questionpart_n\": \"c.\", \"question\": \"60\", \"answer\": \"jihk\u2019aw gu\u0303uh\", \"matches_human_scoring\": false, \"fuzzy_matching\": false, \"manual_edit\": false}]}]",
    "obfuscated": "True",
    "obf_num": "8",
    "mapping": {
        "\u0272": "r",
        "\u0283\u2019": "s",
        "k\u2019": "t",
        "\u0242": "w",
        "d": "\u0272",
        "g": "\u0283\u2019",
        "h": "k\u2019",
        "j": "\u0242",
        "k": "d",
        "l": "g",
        "n": "h",
        "r": "j",
        "s": "k",
        "t": "l",
        "w": "n",
        "a": "i",
        "e": "u",
        "i": "u\u0303",
        "u": "i\u0330",
        "u\u0303": "a",
        "i\u0330": "e"
    }
}