{
    "json_invalid": false,
    "preamble": "Problem 9. Central Language X sums \n Northern and Central Language X are distinct but related languages.  ",
    "context": "In the following examples, you may like to know the following pronunciation facts.\n\u0272 - palatal nasal, like ni in onion.\n\u0283\u2019- postalveolar fricative, like sh in shell, but ejective (\u2018spat out\u2019)\nk\u2019 \u2013 velar stop like k in kiss, but ejective.\n\u1e2d - ee sound as in fee, but with \u2018creaky\u2019 voice.\n\u0242 - glottal stop, like the t in London butter (often written bu\u2019er).\n\u0169 \u2013 oo sound as in zoo, but nasalised like on in French bonjour. \n\nFirst, here are some numbers in Northern Language X:\n\n9 = ti\u0283\u2019i \u0242u\u0272ru\u0303i\u0330g k\u2019i\u0272\u0242u\n13 = ti\u0283\u2019i \u0242u\u0272ru\u0303i\u0330g nu\u0303\u0242hie\n17 = ti\u0272i\u0330su \u0242u\u0272ru\u0303i\u0330g k\u2019i\u0272\u0242u\n20 = ti\u0272i\u0330su \u0242u\u0272ru\u0303i\u0330g nu\u0303\u0283\u2019u\u0303i\u0330e\n26 = ti\u0283\u2019\u0272i\u0330k \u0242u\u0272ru\u0303i\u0330g \u0272i\u0330su\u0303\n30 = ti\u0283\u2019\u0272i\u0330k \u0242u\u0272ru\u0303i\u0330g \u0242u\u0303\u0283\u2019u\u0303i\n35 = nu\u0303\u0283\u2019u\u0303i\u0330e \u0242u\u0272ru\u0303i\u0330g \u0283\u2019\u0272i\u0330k\n\nAnd now some arithmetic equalities in Central Language X (where * means \u2018multiplied by\u2019):\n\n\u0272li \u0272\u0242k\u2019idk + k\u2019uk\u2019tikiu\u0303 \u0272li \u0272\u0242k\u2019idk \u0272li = \u0272li wu\u0303u\u0272 \u0242u\u0303wu\u0303garag\ntu\u0303gi\u0330u\u0303 + \u0272li \u0272\u0242k\u2019idk = k\u2019uk\u2019tikiu\u0303 \u0272i\u0330u\u0303\n\u0272li wu\u0303u\u0272 \u0272li * \u0272i\u0330u\u0303 = \u0272i\u0330u\u0303 wu\u0303u\u0272 \u0272i\u0330u\u0303\n\u0242u\u0303wu\u0303garag + tu\u0303jiu\u0303 = \u0242u\u0303wu\u0303si * \u0272i\u0330u\u0303\nk\u2019uk\u2019tikiu\u0303 \u0283\u2019i\u0272rak * \u0283\u2019i\u0272rak = \u0272li wu\u0303u\u0272 k\u2019uk\u2019tikiu\u0303 \u0272li \u0272\u0242k\u2019idk \u0272li\nk\u2019uk\u2019tikiu\u0303 tu\u0303jiu\u0303 + tu\u0303jiu\u0303 = \u0272i\u0330u\u0303 * k\u2019uk\u2019tikiu\u0303\ntu\u0303jiu\u0303 + \u0283\u2019i\u0272rak = \u0272li \u0272\u0242k\u2019idk\n\u0272li + \u0272i\u0330u\u0303 = \u0283\u2019i\u0272rak\n\nAnd finally an equality in both languages:\nNorthern Language X:\t\t Central Language X:\n\u0242u\u0283\u2019u\u0303i\u0330ru\u0303g * ti\u0283\u2019i \u0242u\u0272ru\u0303i\u0330g \u0272i\u0330su\u0303 \t=\t \u0283\u2019i\u0272raak wu\u0303u\u0272 k\u2019uk\u2019tikiu\u0303,",
    "questions": "[{\"question_n\": \"Q9.1\", \"prompt\": \"Write out the following numbers in Northern Language X\", \"subprompts\": [{\"questionpart_n\": \"a.\", \"question\": \"2\", \"answer\": \"\u0272i\u0330su\u0303\", \"matches_human_scoring\": false, \"fuzzy_matching\": false, \"manual_edit\": false}, {\"questionpart_n\": \"b.\", \"question\": \"31\", \"answer\": \"ti\u0283\u2019\u0272i\u0330k \u0242u\u0272ru\u0303i\u0330g \u0242u\u0283\u2019u\u0303i\u0330ru\u0303g\", \"matches_human_scoring\": false, \"fuzzy_matching\": false, \"manual_edit\": false}]}, {\"question_n\": \"Q9.2\", \"prompt\": \"Write out the following numbers in Central Language X\", \"subprompts\": [{\"questionpart_n\": \"a.\", \"question\": \"9\", \"answer\": \"\u0272li \u0272\u0242k\u2019idk \u0272li\", \"matches_human_scoring\": false, \"fuzzy_matching\": false, \"manual_edit\": false}, {\"questionpart_n\": \"b.\", \"question\": \"56\", \"answer\": \"\u0272i\u0330u\u0303 wu\u0303u\u0272 k\u2019uk\u2019tikiu\u0303 \u0242u\u0303wu\u0303si\", \"matches_human_scoring\": false, \"fuzzy_matching\": false, \"manual_edit\": false}, {\"questionpart_n\": \"c.\", \"question\": \"60\", \"answer\": \"\u0283\u2019i\u0272rak wu\u0303u\u0272\", \"matches_human_scoring\": false, \"fuzzy_matching\": false, \"manual_edit\": false}]}]",
    "obfuscated": "True",
    "obf_num": "12",
    "mapping": {
        "\u0272": "g",
        "\u0283\u2019": "h",
        "k\u2019": "j",
        "\u0242": "k",
        "d": "l",
        "g": "n",
        "h": "r",
        "j": "s",
        "k": "t",
        "l": "w",
        "n": "\u0272",
        "r": "\u0283\u2019",
        "s": "k\u2019",
        "t": "\u0242",
        "w": "d",
        "a": "i",
        "e": "u",
        "i": "u\u0303",
        "u": "i\u0330",
        "u\u0303": "a",
        "i\u0330": "e"
    }
}