{
    "json_invalid": false,
    "preamble": "Problem 9. Central Language X sums \n Northern and Central Language X are distinct but related languages.  ",
    "context": "In the following examples, you may like to know the following pronunciation facts.\n\u0272 - palatal nasal, like ni in onion.\n\u0283\u2019- postalveolar fricative, like sh in shell, but ejective (\u2018spat out\u2019)\nk\u2019 \u2013 velar stop like k in kiss, but ejective.\n\u1e2d - ee sound as in fee, but with \u2018creaky\u2019 voice.\n\u0242 - glottal stop, like the t in London butter (often written bu\u2019er).\n\u0169 \u2013 oo sound as in zoo, but nasalised like on in French bonjour. \n\nFirst, here are some numbers in Northern Language X:\n\n9 = lisi wurju\u0303i\u0330\u0283\u2019 tirwu\n13 = lisi wurju\u0303i\u0330\u0283\u2019 hu\u0303wk\u2019ie\n17 = liri\u0330ku wurju\u0303i\u0330\u0283\u2019 tirwu\n20 = liri\u0330ku wurju\u0303i\u0330\u0283\u2019 hu\u0303su\u0303i\u0330e\n26 = lisri\u0330d wurju\u0303i\u0330\u0283\u2019 ri\u0330ku\u0303\n30 = lisri\u0330d wurju\u0303i\u0330\u0283\u2019 wu\u0303su\u0303i\n35 = hu\u0303su\u0303i\u0330e wurju\u0303i\u0330\u0283\u2019 sri\u0330d\n\nAnd now some arithmetic equalities in Central Language X (where * means \u2018multiplied by\u2019):\n\nrgi rwti\u0272d + tutlidiu\u0303 rgi rwti\u0272d rgi = rgi nu\u0303ur wu\u0303nu\u0303\u0283\u2019aja\u0283\u2019\nlu\u0303\u0283\u2019i\u0330u\u0303 + rgi rwti\u0272d = tutlidiu\u0303 ri\u0330u\u0303\nrgi nu\u0303ur rgi * ri\u0330u\u0303 = ri\u0330u\u0303 nu\u0303ur ri\u0330u\u0303\nwu\u0303nu\u0303\u0283\u2019aja\u0283\u2019 + lu\u0303\u0242iu\u0303 = wu\u0303nu\u0303ki * ri\u0330u\u0303\ntutlidiu\u0303 sirjad * sirjad = rgi nu\u0303ur tutlidiu\u0303 rgi rwti\u0272d rgi\ntutlidiu\u0303 lu\u0303\u0242iu\u0303 + lu\u0303\u0242iu\u0303 = ri\u0330u\u0303 * tutlidiu\u0303\nlu\u0303\u0242iu\u0303 + sirjad = rgi rwti\u0272d\nrgi + ri\u0330u\u0303 = sirjad\n\nAnd finally an equality in both languages:\nNorthern Language X:\t\t Central Language X:\nwusu\u0303i\u0330ju\u0303\u0283\u2019 * lisi wurju\u0303i\u0330\u0283\u2019 ri\u0330ku\u0303 \t=\t sirjaad nu\u0303ur tutlidiu\u0303,",
    "questions": "[{\"question_n\": \"Q9.1\", \"prompt\": \"Write out the following numbers in Northern Language X\", \"subprompts\": [{\"questionpart_n\": \"a.\", \"question\": \"2\", \"answer\": \"ri\u0330ku\u0303\", \"matches_human_scoring\": false, \"fuzzy_matching\": false, \"manual_edit\": false}, {\"questionpart_n\": \"b.\", \"question\": \"31\", \"answer\": \"lisri\u0330d wurju\u0303i\u0330\u0283\u2019 wusu\u0303i\u0330ju\u0303\u0283\u2019\", \"matches_human_scoring\": false, \"fuzzy_matching\": false, \"manual_edit\": false}]}, {\"question_n\": \"Q9.2\", \"prompt\": \"Write out the following numbers in Central Language X\", \"subprompts\": [{\"questionpart_n\": \"a.\", \"question\": \"9\", \"answer\": \"rgi rwti\u0272d rgi\", \"matches_human_scoring\": false, \"fuzzy_matching\": false, \"manual_edit\": false}, {\"questionpart_n\": \"b.\", \"question\": \"56\", \"answer\": \"ri\u0330u\u0303 nu\u0303ur tutlidiu\u0303 wu\u0303nu\u0303ki\", \"matches_human_scoring\": false, \"fuzzy_matching\": false, \"manual_edit\": false}, {\"questionpart_n\": \"c.\", \"question\": \"60\", \"answer\": \"sirjad nu\u0303ur\", \"matches_human_scoring\": false, \"fuzzy_matching\": false, \"manual_edit\": false}]}]",
    "obfuscated": "True",
    "obf_num": "4",
    "mapping": {
        "\u0272": "\u0283\u2019",
        "\u0283\u2019": "k\u2019",
        "k\u2019": "\u0242",
        "\u0242": "d",
        "d": "g",
        "g": "h",
        "h": "j",
        "j": "k",
        "k": "l",
        "l": "n",
        "n": "r",
        "r": "s",
        "s": "t",
        "t": "w",
        "w": "\u0272",
        "a": "i",
        "e": "u",
        "i": "u\u0303",
        "u": "i\u0330",
        "u\u0303": "a",
        "i\u0330": "e"
    }
}