{
    "json_invalid": false,
    "preamble": "Round 2 Problem 4. It\u2019s true: The truth about Language X\n   \n",
    "context": "Here are some sentences in Language X. Their English translations have been given in a random order, except that English (a) is the translation of Language X sentence (1).\nThe pronunciation values of the non-English symbols and accents are not relevant for solving this problem. English words that are followed by (emph) are emphasised.\n\nLanguage X Sentences:\tEnglish Translations:\n1. Lu\u0302\u0242e nee muxz\u030cu. \ta. The (emph) water is hot.\n2. Maria nu\u030cu\u0302 u\u0301u\u0301 sen\u0303u\u0301xu\u0301.\tb. Pedro is my child.\n3. Muxz\u030cu lu\u0302\u0242e.\tc. Juan is my husband.\n4. Juan nee ku\u030cku.\td. Maria is a woman.\n5. Li\u0301tu\u0302 nee texu\u0302.\te. The water is hot.\n6. N\u0303u\u0301xu\u0301 Maria.\tf. Maria is feminine.\n7. Juan nu\u030cu\u0302 set\u0268\u0268ndu.\tg. The (emph) food is expensive.\n8. Pedro nu\u030cu\u0302 seku\u030ckundu.\th. Juan is small / short.\n\nHere is some further Language X vocabulary:\nlie, true; c\u030cii, dark, night-like; n\u0303u\u030c\u0242u, young; raa, black; nu\u0302xu\u0302, sick, ill; na\u0301z\u030cu\u030c, deep; muxz\u030cu, hot; c\u030cexi, red; n\u0303exkwe, clothes\n",
    "questions": "[{\"question_n\": \"Q 4.1\", \"prompt\": \"Match the remaining Language X sentences 2-8 to their English translations b-h. Write the corresponding letter of the translation that matches the numbered item.\", \"subprompts\": [{\"questionpart_n\": \"2.\", \"question\": \"Maria nu\u030cu\u0302 u\u0301u\u0301 sen\u0303u\u0301xu\u0301.\", \"answer\": \"d\", \"matches_human_scoring\": false, \"fuzzy_matching\": false, \"manual_edit\": false}, {\"questionpart_n\": \"3.\", \"question\": \"Muxz\u030cu lu\u0302\u0242e.\", \"answer\": \"e\", \"matches_human_scoring\": false, \"fuzzy_matching\": false, \"manual_edit\": false}, {\"questionpart_n\": \"4.\", \"question\": \"Juan nee ku\u030cku.\", \"answer\": \"h\", \"matches_human_scoring\": false, \"fuzzy_matching\": false, \"manual_edit\": false}, {\"questionpart_n\": \"5.\", \"question\": \"Li\u0301tu\u0302 nee texu\u0302.\", \"answer\": \"g\", \"matches_human_scoring\": false, \"fuzzy_matching\": false, \"manual_edit\": false}, {\"questionpart_n\": \"6.\", \"question\": \"N\u0303u\u0301xu\u0301 Maria.\", \"answer\": \"f\", \"matches_human_scoring\": false, \"fuzzy_matching\": false, \"manual_edit\": false}, {\"questionpart_n\": \"7.\", \"question\": \"Juan nu\u030cu\u0302 set\u0268\u0268ndu.\", \"answer\": \"c\", \"matches_human_scoring\": false, \"fuzzy_matching\": false, \"manual_edit\": false}, {\"questionpart_n\": \"8\", \"question\": \"Pedro nu\u030cu\u0302 seku\u030ckundu.\", \"answer\": \"b\", \"matches_human_scoring\": false, \"fuzzy_matching\": false, \"manual_edit\": false}]},{\"question_n\": \"Q 4.2\", \"prompt\": \"Translate the following into Language X:\", \"subprompts\": [{\"questionpart_n\": \"a.\", \"question\": \"depth\", \"answer\": \"sena\u0301z\u030cu\u030c\", \"matches_human_scoring\": false, \"fuzzy_matching\": false, \"manual_edit\": false}, {\"questionpart_n\": \"b.\", \"question\": \"heat\", \"answer\": \"semuxz\u030cu\", \"matches_human_scoring\": false, \"fuzzy_matching\": false, \"manual_edit\": false}, {\"questionpart_n\": \"c.\", \"question\": \"Maria is ill.\", \"answer\": \"Nu\u0302xu\u0302 Maria.\", \"matches_human_scoring\": false, \"fuzzy_matching\": false, \"manual_edit\": false}, {\"questionpart_n\": \"d.\", \"question\": \"Pedro (emph) is blind.\", \"answer\": \"C\u030cii Pedro.\", \"matches_human_scoring\": false, \"fuzzy_matching\": false, \"manual_edit\": false}, {\"questionpart_n\": \"e.\", \"question\": \"Pedro is a blind person.\", \"answer\": \"Pedro nu\u030cu\u0302 u\u0301u\u0301 sec\u030cii.\", \"matches_human_scoring\": false, \"fuzzy_matching\": false, \"manual_edit\": false}, {\"questionpart_n\": \"f.\", \"question\": \"The clothes are red.\", \"answer\": \"C\u030cexi n\u0303exkwe.\", \"matches_human_scoring\": false, \"fuzzy_matching\": false, \"manual_edit\": false}, {\"questionpart_n\": \"g.\", \"question\": \"My clothes are the black ones.\", \"answer\": \"N\u0303exkwendu nu\u030cu\u0302 seraa.\", \"matches_human_scoring\": false, \"fuzzy_matching\": false, \"manual_edit\": false}, {\"questionpart_n\": \"h.\", \"question\": \"It (emph) is true.\\tNote: the translation contains no word meaning \\u2018it\\u2019.\", \"answer\": \"Nee lie.\", \"matches_human_scoring\": false, \"fuzzy_matching\": false, \"manual_edit\": false}, {\"questionpart_n\": \"i.\", \"question\": \"It is true.\\tNote: the translation contains no word meaning \\u2018it\\u2019.\", \"answer\": \"Lie.\", \"matches_human_scoring\": false, \"fuzzy_matching\": false, \"manual_edit\": false}, {\"questionpart_n\": \"j.\", \"question\": \"It is the truth.\\tNote: the translation contains no word meaning \\u2018it\\u2019.\", \"answer\": \"Nu\u030cu\u0302 selie.\", \"matches_human_scoring\": false, \"fuzzy_matching\": false, \"manual_edit\": false}]}]",
    "obfuscated": "True",
    "obf_num": "27",
    "mapping": {
        "c\u030c": "\u0242",
        "k": "n",
        "kw": "c\u030c",
        "l": "k",
        "m": "kw",
        "nd": "l",
        "n\u0303": "m",
        "r": "nd",
        "s": "n\u0303",
        "t": "r",
        "x": "s",
        "z\u030c": "t",
        "\u0242": "x",
        "n": "z\u030c",
        "a": "e",
        "a\u0301": "i",
        "e": "i\u0301",
        "i": "\u0268",
        "i\u0301": "u",
        "\u0268": "u\u0301",
        "u": "u\u0302",
        "u\u0301": "u\u030c",
        "u\u0302": "a",
        "u\u030c": "a\u0301",
        "maria": "maria",
        "juan": "juan",
        "pedro": "pedro"
    }
}