{
    "json_invalid": false,
    "preamble": "Round 2 Problem 4. It\u2019s true: The truth about Language X\n   \n",
    "context": "Here are some sentences in Language X. Their English translations have been given in a random order, except that English (a) is the translation of Language X sentence (1).\nThe pronunciation values of the non-English symbols and accents are not relevant for solving this problem. English words that are followed by (emph) are emphasised.\n\nLanguage X Sentences:\tEnglish Translations:\n1. Nesu tuu c\u030can\u0303ra. \ta. The (emph) water is hot.\n2. Maria tie a\u0301a\u0301 mukwa\u0301n\u0303a\u0301.\tb. Pedro is my child.\n3. C\u030can\u0303ra nesu.\tc. Juan is my husband.\n4. Juan tuu z\u030ciz\u030ca.\td. Maria is a woman.\n5. Nu\u0302nde tuu ndun\u0303e.\te. The water is hot.\n6. Kwa\u0301n\u0303a\u0301 Maria.\tf. Maria is feminine.\n7. Juan tie mundu\u030cu\u030cka.\tg. The (emph) food is expensive.\n8. Pedro tie muz\u030ciz\u030caka.\th. Juan is small / short.\n\nHere is some further Language X vocabulary:\nnu\u0301u, true; xu\u0301u\u0301, dark, night-like; kwisa, young; li\u0301i\u0301, black; ten\u0303e, sick, ill; t\u0268ri, deep; c\u030can\u0303ra, hot; xun\u0303u\u0301, red; kwun\u0303\u0242u, clothes\n",
    "questions": "[{\"question_n\": \"Q 4.1\", \"prompt\": \"Match the remaining Language X sentences 2-8 to their English translations b-h. Write the corresponding letter of the translation that matches the numbered item.\", \"subprompts\": [{\"questionpart_n\": \"2.\", \"question\": \"Maria tie a\u0301a\u0301 mukwa\u0301n\u0303a\u0301.\", \"answer\": \"d\", \"matches_human_scoring\": false, \"fuzzy_matching\": false, \"manual_edit\": false}, {\"questionpart_n\": \"3.\", \"question\": \"C\u030can\u0303ra nesu.\", \"answer\": \"e\", \"matches_human_scoring\": false, \"fuzzy_matching\": false, \"manual_edit\": false}, {\"questionpart_n\": \"4.\", \"question\": \"Juan tuu z\u030ciz\u030ca.\", \"answer\": \"h\", \"matches_human_scoring\": false, \"fuzzy_matching\": false, \"manual_edit\": false}, {\"questionpart_n\": \"5.\", \"question\": \"Nu\u0302nde tuu ndun\u0303e.\", \"answer\": \"g\", \"matches_human_scoring\": false, \"fuzzy_matching\": false, \"manual_edit\": false}, {\"questionpart_n\": \"6.\", \"question\": \"Kwa\u0301n\u0303a\u0301 Maria.\", \"answer\": \"f\", \"matches_human_scoring\": false, \"fuzzy_matching\": false, \"manual_edit\": false}, {\"questionpart_n\": \"7.\", \"question\": \"Juan tie mundu\u030cu\u030cka.\", \"answer\": \"c\", \"matches_human_scoring\": false, \"fuzzy_matching\": false, \"manual_edit\": false}, {\"questionpart_n\": \"8\", \"question\": \"Pedro tie muz\u030ciz\u030caka.\", \"answer\": \"b\", \"matches_human_scoring\": false, \"fuzzy_matching\": false, \"manual_edit\": false}]},{\"question_n\": \"Q 4.2\", \"prompt\": \"Translate the following into Language X:\", \"subprompts\": [{\"questionpart_n\": \"a.\", \"question\": \"depth\", \"answer\": \"mut\u0268ri\", \"matches_human_scoring\": false, \"fuzzy_matching\": false, \"manual_edit\": false}, {\"questionpart_n\": \"b.\", \"question\": \"heat\", \"answer\": \"muc\u030can\u0303ra\", \"matches_human_scoring\": false, \"fuzzy_matching\": false, \"manual_edit\": false}, {\"questionpart_n\": \"c.\", \"question\": \"Maria is ill.\", \"answer\": \"Ten\u0303e Maria.\", \"matches_human_scoring\": false, \"fuzzy_matching\": false, \"manual_edit\": false}, {\"questionpart_n\": \"d.\", \"question\": \"Pedro (emph) is blind.\", \"answer\": \"Xu\u0301u\u0301 Pedro.\", \"matches_human_scoring\": false, \"fuzzy_matching\": false, \"manual_edit\": false}, {\"questionpart_n\": \"e.\", \"question\": \"Pedro is a blind person.\", \"answer\": \"Pedro tie a\u0301a\u0301 muxu\u0301u\u0301.\", \"matches_human_scoring\": false, \"fuzzy_matching\": false, \"manual_edit\": false}, {\"questionpart_n\": \"f.\", \"question\": \"The clothes are red.\", \"answer\": \"Xun\u0303u\u0301 kwun\u0303\u0242u.\", \"matches_human_scoring\": false, \"fuzzy_matching\": false, \"manual_edit\": false}, {\"questionpart_n\": \"g.\", \"question\": \"My clothes are the black ones.\", \"answer\": \"Kwun\u0303\u0242uka tie muli\u0301i\u0301.\", \"matches_human_scoring\": false, \"fuzzy_matching\": false, \"manual_edit\": false}, {\"questionpart_n\": \"h.\", \"question\": \"It (emph) is true.\\tNote: the translation contains no word meaning \\u2018it\\u2019.\", \"answer\": \"Tuu nu\u0301u.\", \"matches_human_scoring\": false, \"fuzzy_matching\": false, \"manual_edit\": false}, {\"questionpart_n\": \"i.\", \"question\": \"It is true.\\tNote: the translation contains no word meaning \\u2018it\\u2019.\", \"answer\": \"Nu\u0301u.\", \"matches_human_scoring\": false, \"fuzzy_matching\": false, \"manual_edit\": false}, {\"questionpart_n\": \"j.\", \"question\": \"It is the truth.\\tNote: the translation contains no word meaning \\u2018it\\u2019.\", \"answer\": \"Tie munu\u0301u.\", \"matches_human_scoring\": false, \"fuzzy_matching\": false, \"manual_edit\": false}]}]",
    "obfuscated": "True",
    "obf_num": "6",
    "mapping": {
        "c\u030c": "s",
        "k": "t",
        "kw": "x",
        "l": "z\u030c",
        "m": "\u0242",
        "nd": "n",
        "n\u0303": "c\u030c",
        "r": "k",
        "s": "kw",
        "t": "l",
        "x": "m",
        "z\u030c": "nd",
        "\u0242": "n\u0303",
        "n": "r",
        "a": "u",
        "a\u0301": "u\u0301",
        "e": "u\u0302",
        "i": "u\u030c",
        "i\u0301": "a",
        "\u0268": "a\u0301",
        "u": "e",
        "u\u0301": "i",
        "u\u0302": "i\u0301",
        "u\u030c": "\u0268",
        "maria": "maria",
        "juan": "juan",
        "pedro": "pedro"
    }
}