{
    "json_invalid": false,
    "preamble": "Round 2 Problem 4. It\u2019s true: The truth about Language X\n   \n",
    "context": "Here are some sentences in Language X. Their English translations have been given in a random order, except that English (a) is the translation of Language X sentence (1).\nThe pronunciation values of the non-English symbols and accents are not relevant for solving this problem. English words that are followed by (emph) are emphasised.\n\nLanguage X Sentences:\tEnglish Translations:\n1. C\u030cu\u030cti xii ku\u0301rsu\u0301. \ta. The (emph) water is hot.\n2. Maria xau\u030c u\u0302u\u0302 ndilu\u0302ru\u0302.\tb. Pedro is my child.\n3. Ku\u0301rsu\u0301 c\u030cu\u030cti.\tc. Juan is my husband.\n4. Juan xii \u0242a\u0242u\u0301.\td. Maria is a woman.\n5. C\u030c\u0268n\u0303u\u030c xii n\u0303iru\u030c.\te. The water is hot.\n6. Lu\u0302ru\u0302 Maria.\tf. Maria is feminine.\n7. Juan xau\u030c ndin\u0303uukwu\u0301.\tg. The (emph) food is expensive.\n8. Pedro xau\u030c ndi\u0242a\u0242u\u0301kwu\u0301.\th. Juan is small / short.\n\nHere is some further Language X vocabulary:\nc\u030ci\u0301i, true; z\u030ci\u0301i\u0301, dark, night-like; latu\u0301, young; ma\u0301a\u0301, black; xu\u030cru\u030c, sick, ill; xesa, deep; ku\u0301rsu\u0301, hot; z\u030ciri\u0301, red; lirni, clothes\n",
    "questions": "[{\"question_n\": \"Q 4.1\", \"prompt\": \"Match the remaining Language X sentences 2-8 to their English translations b-h. Write the corresponding letter of the translation that matches the numbered item.\", \"subprompts\": [{\"questionpart_n\": \"2.\", \"question\": \"Maria xau\u030c u\u0302u\u0302 ndilu\u0302ru\u0302.\", \"answer\": \"d\", \"matches_human_scoring\": false, \"fuzzy_matching\": false, \"manual_edit\": false}, {\"questionpart_n\": \"3.\", \"question\": \"Ku\u0301rsu\u0301 c\u030cu\u030cti.\", \"answer\": \"e\", \"matches_human_scoring\": false, \"fuzzy_matching\": false, \"manual_edit\": false}, {\"questionpart_n\": \"4.\", \"question\": \"Juan xii \u0242a\u0242u\u0301.\", \"answer\": \"h\", \"matches_human_scoring\": false, \"fuzzy_matching\": false, \"manual_edit\": false}, {\"questionpart_n\": \"5.\", \"question\": \"C\u030c\u0268n\u0303u\u030c xii n\u0303iru\u030c.\", \"answer\": \"g\", \"matches_human_scoring\": false, \"fuzzy_matching\": false, \"manual_edit\": false}, {\"questionpart_n\": \"6.\", \"question\": \"Lu\u0302ru\u0302 Maria.\", \"answer\": \"f\", \"matches_human_scoring\": false, \"fuzzy_matching\": false, \"manual_edit\": false}, {\"questionpart_n\": \"7.\", \"question\": \"Juan xau\u030c ndin\u0303uukwu\u0301.\", \"answer\": \"c\", \"matches_human_scoring\": false, \"fuzzy_matching\": false, \"manual_edit\": false}, {\"questionpart_n\": \"8\", \"question\": \"Pedro xau\u030c ndi\u0242a\u0242u\u0301kwu\u0301.\", \"answer\": \"b\", \"matches_human_scoring\": false, \"fuzzy_matching\": false, \"manual_edit\": false}]},{\"question_n\": \"Q 4.2\", \"prompt\": \"Translate the following into Language X:\", \"subprompts\": [{\"questionpart_n\": \"a.\", \"question\": \"depth\", \"answer\": \"ndixesa\", \"matches_human_scoring\": false, \"fuzzy_matching\": false, \"manual_edit\": false}, {\"questionpart_n\": \"b.\", \"question\": \"heat\", \"answer\": \"ndiku\u0301rsu\u0301\", \"matches_human_scoring\": false, \"fuzzy_matching\": false, \"manual_edit\": false}, {\"questionpart_n\": \"c.\", \"question\": \"Maria is ill.\", \"answer\": \"Xu\u030cru\u030c Maria.\", \"matches_human_scoring\": false, \"fuzzy_matching\": false, \"manual_edit\": false}, {\"questionpart_n\": \"d.\", \"question\": \"Pedro (emph) is blind.\", \"answer\": \"Z\u030ci\u0301i\u0301 Pedro.\", \"matches_human_scoring\": false, \"fuzzy_matching\": false, \"manual_edit\": false}, {\"questionpart_n\": \"e.\", \"question\": \"Pedro is a blind person.\", \"answer\": \"Pedro xau\u030c u\u0302u\u0302 ndiz\u030ci\u0301i\u0301.\", \"matches_human_scoring\": false, \"fuzzy_matching\": false, \"manual_edit\": false}, {\"questionpart_n\": \"f.\", \"question\": \"The clothes are red.\", \"answer\": \"Z\u030ciri\u0301 lirni.\", \"matches_human_scoring\": false, \"fuzzy_matching\": false, \"manual_edit\": false}, {\"questionpart_n\": \"g.\", \"question\": \"My clothes are the black ones.\", \"answer\": \"Lirnikwu\u0301 xau\u030c ndima\u0301a\u0301.\", \"matches_human_scoring\": false, \"fuzzy_matching\": false, \"manual_edit\": false}, {\"questionpart_n\": \"h.\", \"question\": \"It (emph) is true.\\tNote: the translation contains no word meaning \\u2018it\\u2019.\", \"answer\": \"Xii c\u030ci\u0301i.\", \"matches_human_scoring\": false, \"fuzzy_matching\": false, \"manual_edit\": false}, {\"questionpart_n\": \"i.\", \"question\": \"It is true.\\tNote: the translation contains no word meaning \\u2018it\\u2019.\", \"answer\": \"C\u030ci\u0301i.\", \"matches_human_scoring\": false, \"fuzzy_matching\": false, \"manual_edit\": false}, {\"questionpart_n\": \"j.\", \"question\": \"It is the truth.\\tNote: the translation contains no word meaning \\u2018it\\u2019.\", \"answer\": \"Xau\u030c ndic\u030ci\u0301i.\", \"matches_human_scoring\": false, \"fuzzy_matching\": false, \"manual_edit\": false}]}]",
    "obfuscated": "True",
    "obf_num": "10",
    "mapping": {
        "c\u030c": "t",
        "k": "x",
        "kw": "z\u030c",
        "l": "\u0242",
        "m": "n",
        "nd": "c\u030c",
        "n\u0303": "k",
        "r": "kw",
        "s": "l",
        "t": "m",
        "x": "nd",
        "z\u030c": "n\u0303",
        "\u0242": "r",
        "n": "s",
        "a": "i",
        "a\u0301": "i\u0301",
        "e": "\u0268",
        "i": "u",
        "i\u0301": "u\u0301",
        "\u0268": "u\u0302",
        "u": "u\u030c",
        "u\u0301": "a",
        "u\u0302": "a\u0301",
        "u\u030c": "e",
        "maria": "maria",
        "juan": "juan",
        "pedro": "pedro"
    }
}