{
    "json_invalid": false,
    "preamble": "Round 2 Problem 4. It\u2019s true: The truth about Language X\n   \n",
    "context": "Here are some sentences in Language X. Their English translations have been given in a random order, except that English (a) is the translation of Language X sentence (1).\nThe pronunciation values of the non-English symbols and accents are not relevant for solving this problem. English words that are followed by (emph) are emphasised.\n\nLanguage X Sentences:\tEnglish Translations:\n1. Tu\u0301ma\u0301 nda\u0301a\u0301 x\u0268kwl\u0268. \ta. The (emph) water is hot.\n2. Maria ndu\u0302u\u0301 uu c\u030ca\u0301\u0242ukwu.\tb. Pedro is my child.\n3. X\u0268kwl\u0268 tu\u0301ma\u0301.\tc. Juan is my husband.\n4. Juan nda\u0301a\u0301 ru\u0302r\u0268.\td. Maria is a woman.\n5. Tiku\u0301 nda\u0301a\u0301 ka\u0301kwu\u0301.\te. The water is hot.\n6. \u0241ukwu Maria.\tf. Maria is feminine.\n7. Juan ndu\u0302u\u0301 c\u030ca\u0301ki\u0301i\u0301z\u030c\u0268.\tg. The (emph) food is expensive.\n8. Pedro ndu\u0302u\u0301 c\u030ca\u0301ru\u0302r\u0268z\u030c\u0268.\th. Juan is small / short.\n\nHere is some further Language X vocabulary:\ntea\u0301, true; n\u0303ee, dark, night-like; \u0242u\u0302m\u0268, young; nu\u030cu\u030c, black; ndu\u0301kwu\u0301, sick, ill; ndalu\u0302, deep; x\u0268kwl\u0268, hot; n\u0303a\u0301kwe, red; \u0242a\u0301kwsa\u0301, clothes\n",
    "questions": "[{\"question_n\": \"Q 4.1\", \"prompt\": \"Match the remaining Language X sentences 2-8 to their English translations b-h. Write the corresponding letter of the translation that matches the numbered item.\", \"subprompts\": [{\"questionpart_n\": \"2.\", \"question\": \"Maria ndu\u0302u\u0301 uu c\u030ca\u0301\u0242ukwu.\", \"answer\": \"d\", \"matches_human_scoring\": false, \"fuzzy_matching\": false, \"manual_edit\": false}, {\"questionpart_n\": \"3.\", \"question\": \"X\u0268kwl\u0268 tu\u0301ma\u0301.\", \"answer\": \"e\", \"matches_human_scoring\": false, \"fuzzy_matching\": false, \"manual_edit\": false}, {\"questionpart_n\": \"4.\", \"question\": \"Juan nda\u0301a\u0301 ru\u0302r\u0268.\", \"answer\": \"h\", \"matches_human_scoring\": false, \"fuzzy_matching\": false, \"manual_edit\": false}, {\"questionpart_n\": \"5.\", \"question\": \"Tiku\u0301 nda\u0301a\u0301 ka\u0301kwu\u0301.\", \"answer\": \"g\", \"matches_human_scoring\": false, \"fuzzy_matching\": false, \"manual_edit\": false}, {\"questionpart_n\": \"6.\", \"question\": \"\u0241ukwu Maria.\", \"answer\": \"f\", \"matches_human_scoring\": false, \"fuzzy_matching\": false, \"manual_edit\": false}, {\"questionpart_n\": \"7.\", \"question\": \"Juan ndu\u0302u\u0301 c\u030ca\u0301ki\u0301i\u0301z\u030c\u0268.\", \"answer\": \"c\", \"matches_human_scoring\": false, \"fuzzy_matching\": false, \"manual_edit\": false}, {\"questionpart_n\": \"8\", \"question\": \"Pedro ndu\u0302u\u0301 c\u030ca\u0301ru\u0302r\u0268z\u030c\u0268.\", \"answer\": \"b\", \"matches_human_scoring\": false, \"fuzzy_matching\": false, \"manual_edit\": false}]},{\"question_n\": \"Q 4.2\", \"prompt\": \"Translate the following into Language X:\", \"subprompts\": [{\"questionpart_n\": \"a.\", \"question\": \"depth\", \"answer\": \"c\u030ca\u0301ndalu\u0302\", \"matches_human_scoring\": false, \"fuzzy_matching\": false, \"manual_edit\": false}, {\"questionpart_n\": \"b.\", \"question\": \"heat\", \"answer\": \"c\u030ca\u0301x\u0268kwl\u0268\", \"matches_human_scoring\": false, \"fuzzy_matching\": false, \"manual_edit\": false}, {\"questionpart_n\": \"c.\", \"question\": \"Maria is ill.\", \"answer\": \"Ndu\u0301kwu\u0301 Maria.\", \"matches_human_scoring\": false, \"fuzzy_matching\": false, \"manual_edit\": false}, {\"questionpart_n\": \"d.\", \"question\": \"Pedro (emph) is blind.\", \"answer\": \"N\u0303ee Pedro.\", \"matches_human_scoring\": false, \"fuzzy_matching\": false, \"manual_edit\": false}, {\"questionpart_n\": \"e.\", \"question\": \"Pedro is a blind person.\", \"answer\": \"Pedro ndu\u0302u\u0301 uu c\u030ca\u0301n\u0303ee.\", \"matches_human_scoring\": false, \"fuzzy_matching\": false, \"manual_edit\": false}, {\"questionpart_n\": \"f.\", \"question\": \"The clothes are red.\", \"answer\": \"N\u0303a\u0301kwe \u0242a\u0301kwsa\u0301.\", \"matches_human_scoring\": false, \"fuzzy_matching\": false, \"manual_edit\": false}, {\"questionpart_n\": \"g.\", \"question\": \"My clothes are the black ones.\", \"answer\": \"\u0241a\u0301kwsa\u0301z\u030c\u0268 ndu\u0302u\u0301 c\u030ca\u0301nu\u030cu\u030c.\", \"matches_human_scoring\": false, \"fuzzy_matching\": false, \"manual_edit\": false}, {\"questionpart_n\": \"h.\", \"question\": \"It (emph) is true.\\tNote: the translation contains no word meaning \\u2018it\\u2019.\", \"answer\": \"Nda\u0301a\u0301 tea\u0301.\", \"matches_human_scoring\": false, \"fuzzy_matching\": false, \"manual_edit\": false}, {\"questionpart_n\": \"i.\", \"question\": \"It is true.\\tNote: the translation contains no word meaning \\u2018it\\u2019.\", \"answer\": \"Tea\u0301.\", \"matches_human_scoring\": false, \"fuzzy_matching\": false, \"manual_edit\": false}, {\"questionpart_n\": \"j.\", \"question\": \"It is the truth.\\tNote: the translation contains no word meaning \\u2018it\\u2019.\", \"answer\": \"Ndu\u0302u\u0301 c\u030ca\u0301tea\u0301.\", \"matches_human_scoring\": false, \"fuzzy_matching\": false, \"manual_edit\": false}]}]",
    "obfuscated": "True",
    "obf_num": "7",
    "mapping": {
        "c\u030c": "m",
        "k": "nd",
        "kw": "n\u0303",
        "l": "r",
        "m": "s",
        "nd": "t",
        "n\u0303": "x",
        "r": "z\u030c",
        "s": "\u0242",
        "t": "n",
        "x": "c\u030c",
        "z\u030c": "k",
        "\u0242": "kw",
        "n": "l",
        "a": "a\u0301",
        "a\u0301": "e",
        "e": "i",
        "i": "i\u0301",
        "i\u0301": "\u0268",
        "\u0268": "u",
        "u": "u\u0301",
        "u\u0301": "u\u0302",
        "u\u0302": "u\u030c",
        "u\u030c": "a",
        "maria": "maria",
        "juan": "juan",
        "pedro": "pedro"
    }
}