{
    "json_invalid": false,
    "preamble": "Round 2 Problem 4. It\u2019s true: The truth about Language X\n   \n",
    "context": "Here are some sentences in Language X. Their English translations have been given in a random order, except that English (a) is the translation of Language X sentence (1).\nThe pronunciation values of the non-English symbols and accents are not relevant for solving this problem. English words that are followed by (emph) are emphasised.\n\nLanguage X Sentences:\tEnglish Translations:\n1. Ti\u0301mu\u0302 ndu\u0302u\u0302 xekwle. \ta. The (emph) water is hot.\n2. Maria nd\u0268i\u0301 ii c\u030cu\u0302\u0242ikwi.\tb. Pedro is my child.\n3. Xekwle ti\u0301mu\u0302.\tc. Juan is my husband.\n4. Juan ndu\u0302u\u0302 r\u0268re.\td. Maria is a woman.\n5. Taki\u0301 ndu\u0302u\u0302 ku\u0302kwi\u0301.\te. The water is hot.\n6. \u0241ikwi Maria.\tf. Maria is feminine.\n7. Juan nd\u0268i\u0301 c\u030cu\u0302ka\u0301a\u0301z\u030ce.\tg. The (emph) food is expensive.\n8. Pedro nd\u0268i\u0301 c\u030cu\u0302r\u0268rez\u030ce.\th. Juan is small / short.\n\nHere is some further Language X vocabulary:\ntu\u030cu\u0302, true; n\u0303u\u030cu\u030c, dark, night-like; \u0242\u0268me, young; nuu, black; ndi\u0301kwi\u0301, sick, ill; ndu\u0301l\u0268, deep; xekwle, hot; n\u0303u\u0302kwu\u030c, red; \u0242u\u0302kwsu\u0302, clothes\n",
    "questions": "[{\"question_n\": \"Q 4.1\", \"prompt\": \"Match the remaining Language X sentences 2-8 to their English translations b-h. Write the corresponding letter of the translation that matches the numbered item.\", \"subprompts\": [{\"questionpart_n\": \"2.\", \"question\": \"Maria nd\u0268i\u0301 ii c\u030cu\u0302\u0242ikwi.\", \"answer\": \"d\", \"matches_human_scoring\": false, \"fuzzy_matching\": false, \"manual_edit\": false}, {\"questionpart_n\": \"3.\", \"question\": \"Xekwle ti\u0301mu\u0302.\", \"answer\": \"e\", \"matches_human_scoring\": false, \"fuzzy_matching\": false, \"manual_edit\": false}, {\"questionpart_n\": \"4.\", \"question\": \"Juan ndu\u0302u\u0302 r\u0268re.\", \"answer\": \"h\", \"matches_human_scoring\": false, \"fuzzy_matching\": false, \"manual_edit\": false}, {\"questionpart_n\": \"5.\", \"question\": \"Taki\u0301 ndu\u0302u\u0302 ku\u0302kwi\u0301.\", \"answer\": \"g\", \"matches_human_scoring\": false, \"fuzzy_matching\": false, \"manual_edit\": false}, {\"questionpart_n\": \"6.\", \"question\": \"\u0241ikwi Maria.\", \"answer\": \"f\", \"matches_human_scoring\": false, \"fuzzy_matching\": false, \"manual_edit\": false}, {\"questionpart_n\": \"7.\", \"question\": \"Juan nd\u0268i\u0301 c\u030cu\u0302ka\u0301a\u0301z\u030ce.\", \"answer\": \"c\", \"matches_human_scoring\": false, \"fuzzy_matching\": false, \"manual_edit\": false}, {\"questionpart_n\": \"8\", \"question\": \"Pedro nd\u0268i\u0301 c\u030cu\u0302r\u0268rez\u030ce.\", \"answer\": \"b\", \"matches_human_scoring\": false, \"fuzzy_matching\": false, \"manual_edit\": false}]},{\"question_n\": \"Q 4.2\", \"prompt\": \"Translate the following into Language X:\", \"subprompts\": [{\"questionpart_n\": \"a.\", \"question\": \"depth\", \"answer\": \"c\u030cu\u0302ndu\u0301l\u0268\", \"matches_human_scoring\": false, \"fuzzy_matching\": false, \"manual_edit\": false}, {\"questionpart_n\": \"b.\", \"question\": \"heat\", \"answer\": \"c\u030cu\u0302xekwle\", \"matches_human_scoring\": false, \"fuzzy_matching\": false, \"manual_edit\": false}, {\"questionpart_n\": \"c.\", \"question\": \"Maria is ill.\", \"answer\": \"Ndi\u0301kwi\u0301 Maria.\", \"matches_human_scoring\": false, \"fuzzy_matching\": false, \"manual_edit\": false}, {\"questionpart_n\": \"d.\", \"question\": \"Pedro (emph) is blind.\", \"answer\": \"N\u0303u\u030cu\u030c Pedro.\", \"matches_human_scoring\": false, \"fuzzy_matching\": false, \"manual_edit\": false}, {\"questionpart_n\": \"e.\", \"question\": \"Pedro is a blind person.\", \"answer\": \"Pedro nd\u0268i\u0301 ii c\u030cu\u0302n\u0303u\u030cu\u030c.\", \"matches_human_scoring\": false, \"fuzzy_matching\": false, \"manual_edit\": false}, {\"questionpart_n\": \"f.\", \"question\": \"The clothes are red.\", \"answer\": \"N\u0303u\u0302kwu\u030c \u0242u\u0302kwsu\u0302.\", \"matches_human_scoring\": false, \"fuzzy_matching\": false, \"manual_edit\": false}, {\"questionpart_n\": \"g.\", \"question\": \"My clothes are the black ones.\", \"answer\": \"\u0241u\u0302kwsu\u0302z\u030ce nd\u0268i\u0301 c\u030cu\u0302nuu.\", \"matches_human_scoring\": false, \"fuzzy_matching\": false, \"manual_edit\": false}, {\"questionpart_n\": \"h.\", \"question\": \"It (emph) is true.\\tNote: the translation contains no word meaning \\u2018it\\u2019.\", \"answer\": \"Ndu\u0302u\u0302 tu\u030cu\u0302.\", \"matches_human_scoring\": false, \"fuzzy_matching\": false, \"manual_edit\": false}, {\"questionpart_n\": \"i.\", \"question\": \"It is true.\\tNote: the translation contains no word meaning \\u2018it\\u2019.\", \"answer\": \"Tu\u030cu\u0302.\", \"matches_human_scoring\": false, \"fuzzy_matching\": false, \"manual_edit\": false}, {\"questionpart_n\": \"j.\", \"question\": \"It is the truth.\\tNote: the translation contains no word meaning \\u2018it\\u2019.\", \"answer\": \"Nd\u0268i\u0301 c\u030cu\u0302tu\u030cu\u0302.\", \"matches_human_scoring\": false, \"fuzzy_matching\": false, \"manual_edit\": false}]}]",
    "obfuscated": "True",
    "obf_num": "26",
    "mapping": {
        "c\u030c": "m",
        "k": "nd",
        "kw": "n\u0303",
        "l": "r",
        "m": "s",
        "nd": "t",
        "n\u0303": "x",
        "r": "z\u030c",
        "s": "\u0242",
        "t": "n",
        "x": "c\u030c",
        "z\u030c": "k",
        "\u0242": "kw",
        "n": "l",
        "a": "u\u0302",
        "a\u0301": "u\u030c",
        "e": "a",
        "i": "a\u0301",
        "i\u0301": "e",
        "\u0268": "i",
        "u": "i\u0301",
        "u\u0301": "\u0268",
        "u\u0302": "u",
        "u\u030c": "u\u0301",
        "maria": "maria",
        "juan": "juan",
        "pedro": "pedro"
    }
}