{
    "json_invalid": false,
    "preamble": "Round 2 Problem 4. It\u2019s true: The truth about Language X\n   \n",
    "context": "Here are some sentences in Language X. Their English translations have been given in a random order, except that English (a) is the translation of Language X sentence (1).\nThe pronunciation values of the non-English symbols and accents are not relevant for solving this problem. English words that are followed by (emph) are emphasised.\n\nLanguage X Sentences:\tEnglish Translations:\n1. C\u030cu\u0301ta\u0301 xa\u0301a\u0301 k\u0268rs\u0268. \ta. The (emph) water is hot.\n2. Maria xu\u0302u\u0301 uu nda\u0301luru.\tb. Pedro is my child.\n3. K\u0268rs\u0268 c\u030cu\u0301ta\u0301.\tc. Juan is my husband.\n4. Juan xa\u0301a\u0301 \u0242u\u0302\u0242\u0268.\td. Maria is a woman.\n5. C\u030cin\u0303u\u0301 xa\u0301a\u0301 n\u0303a\u0301ru\u0301.\te. The water is hot.\n6. Luru Maria.\tf. Maria is feminine.\n7. Juan xu\u0302u\u0301 nda\u0301n\u0303i\u0301i\u0301kw\u0268.\tg. The (emph) food is expensive.\n8. Pedro xu\u0302u\u0301 nda\u0301\u0242u\u0302\u0242\u0268kw\u0268.\th. Juan is small / short.\n\nHere is some further Language X vocabulary:\nc\u030cea\u0301, true; z\u030cee, dark, night-like; lu\u0302t\u0268, young; mu\u030cu\u030c, black; xu\u0301ru\u0301, sick, ill; xasu\u0302, deep; k\u0268rs\u0268, hot; z\u030ca\u0301re, red; la\u0301rna\u0301, clothes\n",
    "questions": "[{\"question_n\": \"Q 4.1\", \"prompt\": \"Match the remaining Language X sentences 2-8 to their English translations b-h. Write the corresponding letter of the translation that matches the numbered item.\", \"subprompts\": [{\"questionpart_n\": \"2.\", \"question\": \"Maria xu\u0302u\u0301 uu nda\u0301luru.\", \"answer\": \"d\", \"matches_human_scoring\": false, \"fuzzy_matching\": false, \"manual_edit\": false}, {\"questionpart_n\": \"3.\", \"question\": \"K\u0268rs\u0268 c\u030cu\u0301ta\u0301.\", \"answer\": \"e\", \"matches_human_scoring\": false, \"fuzzy_matching\": false, \"manual_edit\": false}, {\"questionpart_n\": \"4.\", \"question\": \"Juan xa\u0301a\u0301 \u0242u\u0302\u0242\u0268.\", \"answer\": \"h\", \"matches_human_scoring\": false, \"fuzzy_matching\": false, \"manual_edit\": false}, {\"questionpart_n\": \"5.\", \"question\": \"C\u030cin\u0303u\u0301 xa\u0301a\u0301 n\u0303a\u0301ru\u0301.\", \"answer\": \"g\", \"matches_human_scoring\": false, \"fuzzy_matching\": false, \"manual_edit\": false}, {\"questionpart_n\": \"6.\", \"question\": \"Luru Maria.\", \"answer\": \"f\", \"matches_human_scoring\": false, \"fuzzy_matching\": false, \"manual_edit\": false}, {\"questionpart_n\": \"7.\", \"question\": \"Juan xu\u0302u\u0301 nda\u0301n\u0303i\u0301i\u0301kw\u0268.\", \"answer\": \"c\", \"matches_human_scoring\": false, \"fuzzy_matching\": false, \"manual_edit\": false}, {\"questionpart_n\": \"8\", \"question\": \"Pedro xu\u0302u\u0301 nda\u0301\u0242u\u0302\u0242\u0268kw\u0268.\", \"answer\": \"b\", \"matches_human_scoring\": false, \"fuzzy_matching\": false, \"manual_edit\": false}]},{\"question_n\": \"Q 4.2\", \"prompt\": \"Translate the following into Language X:\", \"subprompts\": [{\"questionpart_n\": \"a.\", \"question\": \"depth\", \"answer\": \"nda\u0301xasu\u0302\", \"matches_human_scoring\": false, \"fuzzy_matching\": false, \"manual_edit\": false}, {\"questionpart_n\": \"b.\", \"question\": \"heat\", \"answer\": \"nda\u0301k\u0268rs\u0268\", \"matches_human_scoring\": false, \"fuzzy_matching\": false, \"manual_edit\": false}, {\"questionpart_n\": \"c.\", \"question\": \"Maria is ill.\", \"answer\": \"Xu\u0301ru\u0301 Maria.\", \"matches_human_scoring\": false, \"fuzzy_matching\": false, \"manual_edit\": false}, {\"questionpart_n\": \"d.\", \"question\": \"Pedro (emph) is blind.\", \"answer\": \"Z\u030cee Pedro.\", \"matches_human_scoring\": false, \"fuzzy_matching\": false, \"manual_edit\": false}, {\"questionpart_n\": \"e.\", \"question\": \"Pedro is a blind person.\", \"answer\": \"Pedro xu\u0302u\u0301 uu nda\u0301z\u030cee.\", \"matches_human_scoring\": false, \"fuzzy_matching\": false, \"manual_edit\": false}, {\"questionpart_n\": \"f.\", \"question\": \"The clothes are red.\", \"answer\": \"Z\u030ca\u0301re la\u0301rna\u0301.\", \"matches_human_scoring\": false, \"fuzzy_matching\": false, \"manual_edit\": false}, {\"questionpart_n\": \"g.\", \"question\": \"My clothes are the black ones.\", \"answer\": \"La\u0301rna\u0301kw\u0268 xu\u0302u\u0301 nda\u0301mu\u030cu\u030c.\", \"matches_human_scoring\": false, \"fuzzy_matching\": false, \"manual_edit\": false}, {\"questionpart_n\": \"h.\", \"question\": \"It (emph) is true.\\tNote: the translation contains no word meaning \\u2018it\\u2019.\", \"answer\": \"Xa\u0301a\u0301 c\u030cea\u0301.\", \"matches_human_scoring\": false, \"fuzzy_matching\": false, \"manual_edit\": false}, {\"questionpart_n\": \"i.\", \"question\": \"It is true.\\tNote: the translation contains no word meaning \\u2018it\\u2019.\", \"answer\": \"C\u030cea\u0301.\", \"matches_human_scoring\": false, \"fuzzy_matching\": false, \"manual_edit\": false}, {\"questionpart_n\": \"j.\", \"question\": \"It is the truth.\\tNote: the translation contains no word meaning \\u2018it\\u2019.\", \"answer\": \"Xu\u0302u\u0301 nda\u0301c\u030cea\u0301.\", \"matches_human_scoring\": false, \"fuzzy_matching\": false, \"manual_edit\": false}]}]",
    "obfuscated": "True",
    "obf_num": "30",
    "mapping": {
        "c\u030c": "t",
        "k": "x",
        "kw": "z\u030c",
        "l": "\u0242",
        "m": "n",
        "nd": "c\u030c",
        "n\u0303": "k",
        "r": "kw",
        "s": "l",
        "t": "m",
        "x": "nd",
        "z\u030c": "n\u0303",
        "\u0242": "r",
        "n": "s",
        "a": "a\u0301",
        "a\u0301": "e",
        "e": "i",
        "i": "i\u0301",
        "i\u0301": "\u0268",
        "\u0268": "u",
        "u": "u\u0301",
        "u\u0301": "u\u0302",
        "u\u0302": "u\u030c",
        "u\u030c": "a",
        "maria": "maria",
        "juan": "juan",
        "pedro": "pedro"
    }
}