{
    "json_invalid": false,
    "preamble": "Round 2 Problem 5 Language X\n& ",
    "context": "Here are some Language X sentences with their English translations. A pipante is a small wooden boat rowed with shovels and a guapote is a type of edible freshwater fish, sometimes called a wolf cichlid.\n\n1.\thamur dik piutdiy pih pidyibpir.\tI do not make a pipante next to you.\n2.\tpir sihungik anidih winki hibngu pir duhuy pih.\tMy master eats clams above me.\n3.\thawidtku winki dahab winki pipidngibhu nguyurki pikukidih yiikuy pih.\tThe owls do not make clouds in front of their farm.\n4.\tpirki suhuyki pih nguyur liniku sihiibdik.\tYou do not hear his raft under us.\n5.\tdik kamdipani ngiukuha dik didiy pih waungu.\tYour company shakes the moon above you.\n6.\tpir hamurhu piutkuy pih ngihamabku winki bukkuki hamityipir.\tI open the scorpions\u2019 book next to my pipante.\n7.\tdik nginidiwub pir pinhusil yinngibhu nguyur sikungik winki piutkuyki pih.\tYour son does not see my pencil next to his masters.\n8.\tdahabku winki nguyur bakuliu winki pih sihihiingu liniku hukuy.\tThe clouds hear her spiders under the raft.\n9.\tdik badina winki hubiamu hihibngu pir sirhuy pih.\tYour dogs eat coriander behind me.\n10.\tdik dadininit pir piuthuy pih hibyibdik.\tYou do not eat your guapote next to me.\n11.\tngib baliu winki yi\u0302kuyki pih sihiidik.\tYou hear water in front of spiders.\n12.\tpidih pih pir yuyurthu ngihubi yinngu.\tMy grandmother sees a banana at a farm.",
    "questions": "[{\"question_n\": \"Q 5.1\", \"prompt\": \"Translate these sentences into English:\", \"subprompts\": [{\"questionpart_n\": \"13.\", \"question\": \"ngiuha sihiipir dik sidiy pih.\", \"answer\": \"I hear a moon below you.\", \"matches_human_scoring\": false, \"fuzzy_matching\": false, \"manual_edit\": false}, {\"questionpart_n\": \"14.\", \"question\": \"anidihku dik hawidtdi piutkuy pih wauyidik.\", \"answer\": \"You shake the clam next to your owl.\", \"matches_human_scoring\": false, \"fuzzy_matching\": false, \"manual_edit\": false}, {\"questionpart_n\": \"15.\", \"question\": \"dik ngihudibi yinibpirki pir nginihuwub winki yiikuyki pih.\", \"answer\": \"We do not see your banana in front of my sons.\", \"matches_human_scoring\": false, \"fuzzy_matching\": false, \"manual_edit\": false}]}, {\"question_n\": \"Q 5.2\", \"prompt\": \"Translate these sentences into Language X:\", \"subprompts\": [{\"questionpart_n\": \"16.\", \"question\": \"Our masters do not open the clouds in front of us.\", \"answer\": \"pirki sihukingik winki dahabku winki hamimitngibhu pirki yiihuyki pih.\", \"matches_human_scoring\": false, \"fuzzy_matching\": false, \"manual_edit\": false}, {\"questionpart_n\": \"17.\", \"question\": \"You make the dog\\u2019s raft next to the water.\", \"answer\": \"ngibku piutkuy pih bakuna liniku pidyidik.\", \"matches_human_scoring\": false, \"fuzzy_matching\": false, \"manual_edit\": false}, {\"questionpart_n\": \"18.\", \"question\": \"I shake pencils above your (pl) grandmother.\", \"answer\": \"pinsil winki wauyipir dikki yuyurtdiki dukuy pih.\", \"matches_human_scoring\": false, \"fuzzy_matching\": false, \"manual_edit\": false}]}]",
    "obfuscated": "True",
    "obf_num": "19",
    "mapping": {
        "m": "d",
        "n": "k",
        "ng": "r",
        "p": "l",
        "b": "w",
        "t": "y",
        "d": "s",
        "k": "h",
        "r": "m",
        "l": "n",
        "w": "ng",
        "y": "p",
        "s": "b",
        "h": "t",
        "a": "i",
        "u": "a",
        "i": "u",
        "buk": "buk",
        "pin": "pin",
        "sil": "sil",
        "kam": "kam",
        "pani": "pani",
        "\u0302": "\u0302"
    }
}