{
    "json_invalid": false,
    "preamble": "Round 2 Problem 5 Language X\n& ",
    "context": "Here are some Language X sentences with their English translations. A pipante is a small wooden boat rowed with shovels and a guapote is a type of edible freshwater fish, sometimes called a wolf cichlid.\n\n1.\tsihak tud nguabtuw ngus ngutwupnguk.\tI do not make a pipante next to you.\n2.\tnguk yusanud imutus lumdu supna nguk tasaw ngus.\tMy master eats clams above me.\n3.\tsilutbda lumdu tisip lumdu ngungutnupsa nawakdu ngudadutus wuudaw ngus.\tThe owls do not make clouds in front of their farm.\n4.\tngukdu yasawdu ngus nawak rumuda yusuuptud.\tYou do not hear his raft under us.\n5.\ttud kamtupani nuadasi tud tutuw ngus liana.\tYour company shakes the moon above you.\n6.\tnguk sihaksa nguabdaw ngus nusihipda lumdu bukdadu sihubwunguk.\tI open the scorpions\u2019 book next to my pipante.\n7.\ttud numutulap nguk pinsasil wumnupsa nawak yudanud lumdu nguabdawdu ngus.\tYour son does not see my pencil next to his masters.\n8.\ttisipda lumdu nawak pidarua lumdu ngus yususuuna rumuda sadaw.\tThe clouds hear her spiders under the raft.\n9.\ttud pitumi lumdu sapuiha susupna nguk yuksaw ngus.\tYour dogs eat coriander behind me.\n10.\ttud titumumub nguk nguabsaw ngus supwuptud.\tYou do not eat your guapote next to me.\n11.\tnup pirua lumdu wu\u0302dawdu ngus yusuutud.\tYou hear water in front of spiders.\n12.\tngutus ngus nguk wawakbsa nusapu wumna.\tMy grandmother sees a banana at a farm.",
    "questions": "[{\"question_n\": \"Q 5.1\", \"prompt\": \"Translate these sentences into English:\", \"subprompts\": [{\"questionpart_n\": \"13.\", \"question\": \"nuasi yusuunguk tud yutuw ngus.\", \"answer\": \"I hear a moon below you.\", \"matches_human_scoring\": false, \"fuzzy_matching\": false, \"manual_edit\": false}, {\"questionpart_n\": \"14.\", \"question\": \"imutusda tud silutbtu nguabdaw ngus liawutud.\", \"answer\": \"You shake the clam next to your owl.\", \"matches_human_scoring\": false, \"fuzzy_matching\": false, \"manual_edit\": false}, {\"questionpart_n\": \"15.\", \"question\": \"tud nusatupu wumupngukdu nguk numusalap lumdu wuudawdu ngus.\", \"answer\": \"We do not see your banana in front of my sons.\", \"matches_human_scoring\": false, \"fuzzy_matching\": false, \"manual_edit\": false}]}, {\"question_n\": \"Q 5.2\", \"prompt\": \"Translate these sentences into Language X:\", \"subprompts\": [{\"questionpart_n\": \"16.\", \"question\": \"Our masters do not open the clouds in front of us.\", \"answer\": \"ngukdu yusadunud lumdu tisipda lumdu sihuhubnupsa ngukdu wuusawdu ngus.\", \"matches_human_scoring\": false, \"fuzzy_matching\": false, \"manual_edit\": false}, {\"questionpart_n\": \"17.\", \"question\": \"You make the dog\\u2019s raft next to the water.\", \"answer\": \"nupda nguabdaw ngus pidami rumuda ngutwutud.\", \"matches_human_scoring\": false, \"fuzzy_matching\": false, \"manual_edit\": false}, {\"questionpart_n\": \"18.\", \"question\": \"I shake pencils above your (pl) grandmother.\", \"answer\": \"pinsil lumdu liawunguk tuddu wawakbtudu tadaw ngus.\", \"matches_human_scoring\": false, \"fuzzy_matching\": false, \"manual_edit\": false}]}]",
    "obfuscated": "True",
    "obf_num": "14",
    "mapping": {
        "m": "t",
        "n": "d",
        "ng": "k",
        "p": "r",
        "b": "l",
        "t": "w",
        "d": "y",
        "k": "s",
        "r": "h",
        "l": "m",
        "w": "n",
        "y": "ng",
        "s": "p",
        "h": "b",
        "a": "u",
        "u": "i",
        "i": "a",
        "buk": "buk",
        "pin": "pin",
        "sil": "sil",
        "kam": "kam",
        "pani": "pani",
        "\u0302": "\u0302"
    }
}