{
    "json_invalid": false,
    "preamble": "Round 2 Problem 5 Language X\n& ",
    "context": "Here are some Language X sentences with their English translations. A pipante is a small wooden boat rowed with shovels and a guapote is a type of edible freshwater fish, sometimes called a wolf cichlid.\n\n1.\tningaw rul tuakruh tun turhudtuw.\tI do not make a pipante next to you.\n2.\ttuw munabul ipurun suplu nudba tuw ranah tun.\tMy master eats clams above me.\n3.\tnisurkla suplu rinid suplu tuturbudna bahawlu tulalurun huulah tun.\tThe owls do not make clouds in front of their farm.\n4.\ttuwlu manahlu tun bahaw yupula munuudrul.\tYou do not hear his raft under us.\n5.\trul kamrupani bualani rul ruruh tun siaba.\tYour company shakes the moon above you.\n6.\ttuw ningawna tuaklah tun buningidla suplu buklalu ningukhutuw.\tI open the scorpions\u2019 book next to my pipante.\n7.\trul bupurusad tuw pinnasil hupbudna bahaw mulabul suplu tuaklahlu tun.\tYour son does not see my pencil next to his masters.\n8.\trinidla suplu bahaw dilayua suplu tun mununuuba yupula nalah.\tThe clouds hear her spiders under the raft.\n9.\trul dirupi suplu naduinga nunudba tuw muwnah tun.\tYour dogs eat coriander behind me.\n10.\trul rirupupuk tuw tuaknah tun nudhudrul.\tYou do not eat your guapote next to me.\n11.\tbud diyua suplu hu\u0302lahlu tun munuurul.\tYou hear water in front of spiders.\n12.\tturun tun tuw hahawkna bunadu hupba.\tMy grandmother sees a banana at a farm.",
    "questions": "[{\"question_n\": \"Q 5.1\", \"prompt\": \"Translate these sentences into English:\", \"subprompts\": [{\"questionpart_n\": \"13.\", \"question\": \"buani munuutuw rul muruh tun.\", \"answer\": \"I hear a moon below you.\", \"matches_human_scoring\": false, \"fuzzy_matching\": false, \"manual_edit\": false}, {\"questionpart_n\": \"14.\", \"question\": \"ipurunla rul nisurkru tuaklah tun siahurul.\", \"answer\": \"You shake the clam next to your owl.\", \"matches_human_scoring\": false, \"fuzzy_matching\": false, \"manual_edit\": false}, {\"questionpart_n\": \"15.\", \"question\": \"rul bunarudu hupudtuwlu tuw bupunasad suplu huulahlu tun.\", \"answer\": \"We do not see your banana in front of my sons.\", \"matches_human_scoring\": false, \"fuzzy_matching\": false, \"manual_edit\": false}]}, {\"question_n\": \"Q 5.2\", \"prompt\": \"Translate these sentences into Language X:\", \"subprompts\": [{\"questionpart_n\": \"16.\", \"question\": \"Our masters do not open the clouds in front of us.\", \"answer\": \"tuwlu munalubul suplu rinidla suplu ningungukbudna tuwlu huunahlu tun.\", \"matches_human_scoring\": false, \"fuzzy_matching\": false, \"manual_edit\": false}, {\"questionpart_n\": \"17.\", \"question\": \"You make the dog\\u2019s raft next to the water.\", \"answer\": \"budla tuaklah tun dilapi yupula turhurul.\", \"matches_human_scoring\": false, \"fuzzy_matching\": false, \"manual_edit\": false}, {\"questionpart_n\": \"18.\", \"question\": \"I shake pencils above your (pl) grandmother.\", \"answer\": \"pinsil suplu siahutuw rullu hahawkrulu ralah tun.\", \"matches_human_scoring\": false, \"fuzzy_matching\": false, \"manual_edit\": false}]}]",
    "obfuscated": "True",
    "obf_num": "2",
    "mapping": {
        "m": "r",
        "n": "l",
        "ng": "w",
        "p": "y",
        "b": "s",
        "t": "h",
        "d": "m",
        "k": "n",
        "r": "ng",
        "l": "p",
        "w": "b",
        "y": "t",
        "s": "d",
        "h": "k",
        "a": "u",
        "u": "i",
        "i": "a",
        "buk": "buk",
        "pin": "pin",
        "sil": "sil",
        "kam": "kam",
        "pani": "pani",
        "\u0302": "\u0302"
    }
}