{
    "json_invalid": false,
    "preamble": "Round 2 Problem 5 Language X\n& ",
    "context": "Here are some Language X sentences with their English translations. A pipante is a small wooden boat rowed with shovels and a guapote is a type of edible freshwater fish, sometimes called a wolf cichlid.\n\n1.\tngipay luw duarlum dung dulmukduy.\tI do not make a pipante next to you.\n2.\tduy nungatuw ibulung hubwu ngukta duy langam dung.\tMy master eats clams above me.\n3.\tngihulrwa hubwu lingik hubwu dudultuknga tamaywu duwawulung muuwam dung.\tThe owls do not make clouds in front of their farm.\n4.\tduywu nangamwu dung tamay subuwa nunguukluw.\tYou do not hear his raft under us.\n5.\tluw kamlupani tuawangi luw lulum dung hiata.\tYour company shakes the moon above you.\n6.\tduy ngipaynga duarwam dung tungipikwa hubwu bukwawu ngipurmuduy.\tI open the scorpions\u2019 book next to my pipante.\n7.\tluw tubuluhak duy pinngasil mubtuknga tamay nuwatuw hubwu duarwamwu dung.\tYour son does not see my pencil next to his masters.\n8.\tlingikwa hubwu tamay kiwasua hubwu dung nungunguuta subuwa ngawam.\tThe clouds hear her spiders under the raft.\n9.\tluw kilubi hubwu ngakuipa ngungukta duy nuyngam dung.\tYour dogs eat coriander behind me.\n10.\tluw lilububur duy duarngam dung ngukmukluw.\tYou do not eat your guapote next to me.\n11.\ttuk kisua hubwu mu\u0302wamwu dung nunguuluw.\tYou hear water in front of spiders.\n12.\tdulung dung duy mamayrnga tungaku mubta.\tMy grandmother sees a banana at a farm.",
    "questions": "[{\"question_n\": \"Q 5.1\", \"prompt\": \"Translate these sentences into English:\", \"subprompts\": [{\"questionpart_n\": \"13.\", \"question\": \"tuangi nunguuduy luw nulum dung.\", \"answer\": \"I hear a moon below you.\", \"matches_human_scoring\": false, \"fuzzy_matching\": false, \"manual_edit\": false}, {\"questionpart_n\": \"14.\", \"question\": \"ibulungwa luw ngihulrlu duarwam dung hiamuluw.\", \"answer\": \"You shake the clam next to your owl.\", \"matches_human_scoring\": false, \"fuzzy_matching\": false, \"manual_edit\": false}, {\"questionpart_n\": \"15.\", \"question\": \"luw tungaluku mubukduywu duy tubungahak hubwu muuwamwu dung.\", \"answer\": \"We do not see your banana in front of my sons.\", \"matches_human_scoring\": false, \"fuzzy_matching\": false, \"manual_edit\": false}]}, {\"question_n\": \"Q 5.2\", \"prompt\": \"Translate these sentences into Language X:\", \"subprompts\": [{\"questionpart_n\": \"16.\", \"question\": \"Our masters do not open the clouds in front of us.\", \"answer\": \"duywu nungawutuw hubwu lingikwa hubwu ngipupurtuknga duywu muungamwu dung.\", \"matches_human_scoring\": false, \"fuzzy_matching\": false, \"manual_edit\": false}, {\"questionpart_n\": \"17.\", \"question\": \"You make the dog\\u2019s raft next to the water.\", \"answer\": \"tukwa duarwam dung kiwabi subuwa dulmuluw.\", \"matches_human_scoring\": false, \"fuzzy_matching\": false, \"manual_edit\": false}, {\"questionpart_n\": \"18.\", \"question\": \"I shake pencils above your (pl) grandmother.\", \"answer\": \"pinsil hubwu hiamuduy luwwu mamayrluwu lawam dung.\", \"matches_human_scoring\": false, \"fuzzy_matching\": false, \"manual_edit\": false}]}]",
    "obfuscated": "True",
    "obf_num": "23",
    "mapping": {
        "m": "l",
        "n": "w",
        "ng": "y",
        "p": "s",
        "b": "h",
        "t": "m",
        "d": "n",
        "k": "ng",
        "r": "p",
        "l": "b",
        "w": "t",
        "y": "d",
        "s": "k",
        "h": "r",
        "a": "u",
        "u": "i",
        "i": "a",
        "buk": "buk",
        "pin": "pin",
        "sil": "sil",
        "kam": "kam",
        "pani": "pani",
        "\u0302": "\u0302"
    }
}