{
    "json_invalid": false,
    "preamble": "Round 2 Problem 5 Language X\n& ",
    "context": "Here are some Language X sentences with their English translations. A pipante is a small wooden boat rowed with shovels and a guapote is a type of edible freshwater fish, sometimes called a wolf cichlid.\n\n1.\twayut pib miungpir miw miprinmit.\tI do not make a pipante next to you.\n2.\tmit liwuhib asipiw kisbi winhu mit puwur miw.\tMy master eats clams above me.\n3.\twakipngbu kisbi pawan kisbi mimiphinwu hurutbi mibubipiw riibur miw.\tThe owls do not make clouds in front of their farm.\n4.\tmitbi luwurbi miw hurut disibu liwiinpib.\tYou do not hear his raft under us.\n5.\tpib kampipani hiubuwa pib pipir miw kauhu.\tYour company shakes the moon above you.\n6.\tmit wayutwu miungbur miw hiwayanbu kisbi bukbubi wayingrimit.\tI open the scorpions\u2019 book next to my pipante.\n7.\tpib hisipikun mit pinwusil rishinwu hurut libuhib kisbi miungburbi miw.\tYour son does not see my pencil next to his masters.\n8.\tpawanbu kisbi hurut nabudiu kisbi miw liwiwiihu disibu wubur.\tThe clouds hear her spiders under the raft.\n9.\tpib napisa kisbi wuniayu wiwinhu mit litwur miw.\tYour dogs eat coriander behind me.\n10.\tpib papisising mit miungwur miw winrinpib.\tYou do not eat your guapote next to me.\n11.\thin nadiu kisbi ri\u0302burbi miw liwiipib.\tYou hear water in front of spiders.\n12.\tmipiw miw mit rurutngwu hiwuni rishu.\tMy grandmother sees a banana at a farm.",
    "questions": "[{\"question_n\": \"Q 5.1\", \"prompt\": \"Translate these sentences into English:\", \"subprompts\": [{\"questionpart_n\": \"13.\", \"question\": \"hiuwa liwiimit pib lipir miw.\", \"answer\": \"I hear a moon below you.\", \"matches_human_scoring\": false, \"fuzzy_matching\": false, \"manual_edit\": false}, {\"questionpart_n\": \"14.\", \"question\": \"asipiwbu pib wakipngpi miungbur miw kauripib.\", \"answer\": \"You shake the clam next to your owl.\", \"matches_human_scoring\": false, \"fuzzy_matching\": false, \"manual_edit\": false}, {\"questionpart_n\": \"15.\", \"question\": \"pib hiwupini risinmitbi mit hisiwukun kisbi riiburbi miw.\", \"answer\": \"We do not see your banana in front of my sons.\", \"matches_human_scoring\": false, \"fuzzy_matching\": false, \"manual_edit\": false}]}, {\"question_n\": \"Q 5.2\", \"prompt\": \"Translate these sentences into Language X:\", \"subprompts\": [{\"questionpart_n\": \"16.\", \"question\": \"Our masters do not open the clouds in front of us.\", \"answer\": \"mitbi liwubihib kisbi pawanbu kisbi wayiyinghinwu mitbi riiwurbi miw.\", \"matches_human_scoring\": false, \"fuzzy_matching\": false, \"manual_edit\": false}, {\"questionpart_n\": \"17.\", \"question\": \"You make the dog\\u2019s raft next to the water.\", \"answer\": \"hinbu miungbur miw nabusa disibu mipripib.\", \"matches_human_scoring\": false, \"fuzzy_matching\": false, \"manual_edit\": false}, {\"questionpart_n\": \"18.\", \"question\": \"I shake pencils above your (pl) grandmother.\", \"answer\": \"pinsil kisbi kaurimit pibbi rurutngpibi pubur miw.\", \"matches_human_scoring\": false, \"fuzzy_matching\": false, \"manual_edit\": false}]}]",
    "obfuscated": "True",
    "obf_num": "3",
    "mapping": {
        "m": "p",
        "n": "b",
        "ng": "t",
        "p": "d",
        "b": "k",
        "t": "r",
        "d": "l",
        "k": "w",
        "r": "y",
        "l": "s",
        "w": "h",
        "y": "m",
        "s": "n",
        "h": "ng",
        "a": "i",
        "u": "a",
        "i": "u",
        "buk": "buk",
        "pin": "pin",
        "sil": "sil",
        "kam": "kam",
        "pani": "pani",
        "\u0302": "\u0302"
    }
}