{
    "json_invalid": false,
    "preamble": "Round 2 Problem 5 Language X\n& ",
    "context": "Here are some Language X sentences with their English translations. A pipante is a small wooden boat rowed with shovels and a guapote is a type of edible freshwater fish, sometimes called a wolf cichlid.\n\n1.\tmanul kir biudkis bim biksitbil.\tI do not make a pipante next to you.\n2.\tbil himupir angikim yingri mitpu bil kumus bim.\tMy master eats clams above me.\n3.\tmayikdru yingri kamat yingri bibikpitmu pusulri birurikim siirus bim.\tThe owls do not make clouds in front of their farm.\n4.\tbilri humusri bim pusul wingiru himiitkir.\tYou do not hear his raft under us.\n5.\tkir kamkipani piuruma kir kikis bim yaupu.\tYour company shakes the moon above you.\n6.\tbil manulmu biudrus bim pimanatru yingri bukruri manidsibil.\tI open the scorpions\u2019 book next to my pipante.\n7.\tkir pingikiyut bil pinmusil singpitmu pusul hirupir yingri biudrusri bim.\tYour son does not see my pencil next to his masters.\n8.\tkamatru yingri pusul taruwiu yingri bim himimiipu wingiru murus.\tThe clouds hear her spiders under the raft.\n9.\tkir takinga yingri mutianu mimitpu bil hilmus bim.\tYour dogs eat coriander behind me.\n10.\tkir kakingingid bil biudmus bim mitsitkir.\tYou do not eat your guapote next to me.\n11.\tpit tawiu yingri si\u0302rusri bim himiikir.\tYou hear water in front of spiders.\n12.\tbikim bim bil susuldmu pimuti singpu.\tMy grandmother sees a banana at a farm.",
    "questions": "[{\"question_n\": \"Q 5.1\", \"prompt\": \"Translate these sentences into English:\", \"subprompts\": [{\"questionpart_n\": \"13.\", \"question\": \"piuma himiibil kir hikis bim.\", \"answer\": \"I hear a moon below you.\", \"matches_human_scoring\": false, \"fuzzy_matching\": false, \"manual_edit\": false}, {\"questionpart_n\": \"14.\", \"question\": \"angikimru kir mayikdki biudrus bim yausikir.\", \"answer\": \"You shake the clam next to your owl.\", \"matches_human_scoring\": false, \"fuzzy_matching\": false, \"manual_edit\": false}, {\"questionpart_n\": \"15.\", \"question\": \"kir pimukiti singitbilri bil pingimuyut yingri siirusri bim.\", \"answer\": \"We do not see your banana in front of my sons.\", \"matches_human_scoring\": false, \"fuzzy_matching\": false, \"manual_edit\": false}]}, {\"question_n\": \"Q 5.2\", \"prompt\": \"Translate these sentences into Language X:\", \"subprompts\": [{\"questionpart_n\": \"16.\", \"question\": \"Our masters do not open the clouds in front of us.\", \"answer\": \"bilri himuripir yingri kamatru yingri maninidpitmu bilri siimusri bim.\", \"matches_human_scoring\": false, \"fuzzy_matching\": false, \"manual_edit\": false}, {\"questionpart_n\": \"17.\", \"question\": \"You make the dog\\u2019s raft next to the water.\", \"answer\": \"pitru biudrus bim tarunga wingiru biksikir.\", \"matches_human_scoring\": false, \"fuzzy_matching\": false, \"manual_edit\": false}, {\"questionpart_n\": \"18.\", \"question\": \"I shake pencils above your (pl) grandmother.\", \"answer\": \"pinsil yingri yausibil kirri susuldkiri kurus bim.\", \"matches_human_scoring\": false, \"fuzzy_matching\": false, \"manual_edit\": false}]}]",
    "obfuscated": "True",
    "obf_num": "15",
    "mapping": {
        "m": "k",
        "n": "r",
        "ng": "l",
        "p": "w",
        "b": "y",
        "t": "s",
        "d": "h",
        "k": "m",
        "r": "n",
        "l": "ng",
        "w": "p",
        "y": "b",
        "s": "t",
        "h": "d",
        "a": "i",
        "u": "a",
        "i": "u",
        "buk": "buk",
        "pin": "pin",
        "sil": "sil",
        "kam": "kam",
        "pani": "pani",
        "\u0302": "\u0302"
    }
}