{
    "json_invalid": false,
    "preamble": "Round 2 Problem 5 Language X\n& ",
    "context": "Here are some Language X sentences with their English translations. A pipante is a small wooden boat rowed with shovels and a guapote is a type of edible freshwater fish, sometimes called a wolf cichlid.\n\n1.\trilap nung suamnud sur sunduhsup.\tI do not make a pipante next to you.\n2.\tsup kurayung iwunur tuwngu ruhya sup narad sur.\tMy master eats clams above me.\n3.\tritunmnga tuwngu nirih tuwngu susunyuhra yadapngu sungangunur duungad sur.\tThe owls do not make clouds in front of their farm.\n4.\tsupngu karadngu sur yadap buwunga kuruuhnung.\tYou do not hear his raft under us.\n5.\tnung kamnupani yuangari nung nunud sur tiaya.\tYour company shakes the moon above you.\n6.\tsup rilapra suamngad sur yurilihnga tuwngu bukngangu rilumdusup.\tI open the scorpions\u2019 book next to my pipante.\n7.\tnung yuwunutah sup pinrasil duwyuhra yadap kungayung tuwngu suamngadngu sur.\tYour son does not see my pencil next to his masters.\n8.\tnirihnga tuwngu yadap hingabua tuwngu sur kururuuya buwunga rangad.\tThe clouds hear her spiders under the raft.\n9.\tnung hinuwi tuwngu rahuila ruruhya sup kuprad sur.\tYour dogs eat coriander behind me.\n10.\tnung ninuwuwum sup suamrad sur ruhduhnung.\tYou do not eat your guapote next to me.\n11.\tyuh hibua tuwngu du\u0302ngadngu sur kuruunung.\tYou hear water in front of spiders.\n12.\tsunur sur sup dadapmra yurahu duwya.\tMy grandmother sees a banana at a farm.",
    "questions": "[{\"question_n\": \"Q 5.1\", \"prompt\": \"Translate these sentences into English:\", \"subprompts\": [{\"questionpart_n\": \"13.\", \"question\": \"yuari kuruusup nung kunud sur.\", \"answer\": \"I hear a moon below you.\", \"matches_human_scoring\": false, \"fuzzy_matching\": false, \"manual_edit\": false}, {\"questionpart_n\": \"14.\", \"question\": \"iwunurnga nung ritunmnu suamngad sur tiadunung.\", \"answer\": \"You shake the clam next to your owl.\", \"matches_human_scoring\": false, \"fuzzy_matching\": false, \"manual_edit\": false}, {\"questionpart_n\": \"15.\", \"question\": \"nung yuranuhu duwuhsupngu sup yuwuratah tuwngu duungadngu sur.\", \"answer\": \"We do not see your banana in front of my sons.\", \"matches_human_scoring\": false, \"fuzzy_matching\": false, \"manual_edit\": false}]}, {\"question_n\": \"Q 5.2\", \"prompt\": \"Translate these sentences into Language X:\", \"subprompts\": [{\"questionpart_n\": \"16.\", \"question\": \"Our masters do not open the clouds in front of us.\", \"answer\": \"supngu kuranguyung tuwngu nirihnga tuwngu rilulumyuhra supngu duuradngu sur.\", \"matches_human_scoring\": false, \"fuzzy_matching\": false, \"manual_edit\": false}, {\"questionpart_n\": \"17.\", \"question\": \"You make the dog\\u2019s raft next to the water.\", \"answer\": \"yuhnga suamngad sur hingawi buwunga sundunung.\", \"matches_human_scoring\": false, \"fuzzy_matching\": false, \"manual_edit\": false}, {\"questionpart_n\": \"18.\", \"question\": \"I shake pencils above your (pl) grandmother.\", \"answer\": \"pinsil tuwngu tiadusup nungngu dadapmnungu nangad sur.\", \"matches_human_scoring\": false, \"fuzzy_matching\": false, \"manual_edit\": false}]}]",
    "obfuscated": "True",
    "obf_num": "22",
    "mapping": {
        "m": "n",
        "n": "ng",
        "ng": "p",
        "p": "b",
        "b": "t",
        "t": "d",
        "d": "k",
        "k": "r",
        "r": "l",
        "l": "w",
        "w": "y",
        "y": "s",
        "s": "h",
        "h": "m",
        "a": "u",
        "u": "i",
        "i": "a",
        "buk": "buk",
        "pin": "pin",
        "sil": "sil",
        "kam": "kam",
        "pani": "pani",
        "\u0302": "\u0302"
    }
}