{
    "json_invalid": false,
    "preamble": "Problem 1. Language X \u2013 not Language Y (5 marks)\n  ",
    "context": "Often the differences between languages are quite regular, as they are in the examples in the following list of Language Z words with their translations into English and (in some cases) into Language X. See if you can spot the regularities that allow you to fill in the gaps 1-10.\n\nLanguage X\tLanguage Z\tEnglish\niel\tgellu\tcat\npuc\u0301ie\tpucce\tmouth\nbotr\tbutru\toven\nc\u0301ienm\tcenmu\tfield\nperch\tpercu\tbench\nmer\tmera\tbread\n__1__\tgevvu\tcockerel\n__2__\tutlu\tvegetable garden\n__3__\tegravvu\tlamb\n__4__\tcera\tdog\n__5__\tcesevvu\thorse\n__6__\tpufcu\twood\n__7__\tsecce\tcow\n__8__\tleffu\tbadger\n__9__\tbutce\tpitchfork\n__10__\tpitte\tbeer",
    "questions": "[{\"question_n\": \"Q 1.1\", \"prompt\": \"Fill in the gaps 1-10.\", \"subprompts\": [{\"questionpart_n\": \"1.\", \"question\": \"__1__\", \"answer\": \"iev\", \"matches_human_scoring\": false, \"fuzzy_matching\": false, \"manual_edit\": false}, {\"questionpart_n\": \"2.\", \"question\": \"__2__\", \"answer\": \"otl\", \"matches_human_scoring\": false, \"fuzzy_matching\": false, \"manual_edit\": false}, {\"questionpart_n\": \"3.\", \"question\": \"__3__\", \"answer\": \"egrav\", \"matches_human_scoring\": false, \"fuzzy_matching\": false, \"manual_edit\": false}, {\"questionpart_n\": \"4.\", \"question\": \"__4__\", \"answer\": \"c\u0301ier\", \"matches_human_scoring\": false, \"fuzzy_matching\": false, \"manual_edit\": false}, {\"questionpart_n\": \"5.\", \"question\": \"__5__\", \"answer\": \"c\u0301iesev\", \"matches_human_scoring\": false, \"fuzzy_matching\": false, \"manual_edit\": false}, {\"questionpart_n\": \"6.\", \"question\": \"__6__\", \"answer\": \"pufch\", \"matches_human_scoring\": false, \"fuzzy_matching\": false, \"manual_edit\": false}, {\"questionpart_n\": \"7.\", \"question\": \"__7__\", \"answer\": \"sec\u0301ie\", \"matches_human_scoring\": false, \"fuzzy_matching\": false, \"manual_edit\": false}, {\"questionpart_n\": \"8.\", \"question\": \"__8__\", \"answer\": \"lef\", \"matches_human_scoring\": false, \"fuzzy_matching\": false, \"manual_edit\": false}, {\"questionpart_n\": \"9.\", \"question\": \"__9__\", \"answer\": \"botc\u0301ie\", \"matches_human_scoring\": false, \"fuzzy_matching\": false, \"manual_edit\": false}, {\"questionpart_n\": \"10.\", \"question\": \"__10__\", \"answer\": \"pite\", \"matches_human_scoring\": false, \"fuzzy_matching\": false, \"manual_edit\": false}]}]",
    "obfuscated": "True",
    "obf_num": "8",
    "mapping": {
        "f": "b",
        "b": "p",
        "p": "m",
        "m": "n",
        "n": "r",
        "r": "t",
        "t": "l",
        "l": "v",
        "v": "s",
        "s": "f",
        "a": "e",
        "e": "a",
        "o": "u",
        "u": "o",
        "g": "g",
        "h": "h",
        "c": "c",
        "c\u0301": "c\u0301",
        "i": "i"
    }
}