{
    "json_invalid": false,
    "preamble": "Problem 1. Language X \u2013 not Language Y (5 marks)\n  ",
    "context": "Often the differences between languages are quite regular, as they are in the examples in the following list of Language Z words with their translations into English and (in some cases) into Language X. See if you can spot the regularities that allow you to fill in the gaps 1-10.\n\nLanguage X\tLanguage Z\tEnglish\nien\tgennu\tcat\nsuc\u0301ie\tsucce\tmouth\nvomp\tvumpu\toven\nc\u0301iebf\tcebfu\tfield\nsepch\tsepcu\tbench\nfep\tfepa\tbread\n__1__\tgerru\tcockerel\n__2__\tumnu\tvegetable garden\n__3__\tegparru\tlamb\n__4__\tcepa\tdog\n__5__\tceterru\thorse\n__6__\tsulcu\twood\n__7__\ttecce\tcow\n__8__\tnellu\tbadger\n__9__\tvumce\tpitchfork\n__10__\tsimme\tbeer",
    "questions": "[{\"question_n\": \"Q 1.1\", \"prompt\": \"Fill in the gaps 1-10.\", \"subprompts\": [{\"questionpart_n\": \"1.\", \"question\": \"__1__\", \"answer\": \"ier\", \"matches_human_scoring\": false, \"fuzzy_matching\": false, \"manual_edit\": false}, {\"questionpart_n\": \"2.\", \"question\": \"__2__\", \"answer\": \"omn\", \"matches_human_scoring\": false, \"fuzzy_matching\": false, \"manual_edit\": false}, {\"questionpart_n\": \"3.\", \"question\": \"__3__\", \"answer\": \"egpar\", \"matches_human_scoring\": false, \"fuzzy_matching\": false, \"manual_edit\": false}, {\"questionpart_n\": \"4.\", \"question\": \"__4__\", \"answer\": \"c\u0301iep\", \"matches_human_scoring\": false, \"fuzzy_matching\": false, \"manual_edit\": false}, {\"questionpart_n\": \"5.\", \"question\": \"__5__\", \"answer\": \"c\u0301ieter\", \"matches_human_scoring\": false, \"fuzzy_matching\": false, \"manual_edit\": false}, {\"questionpart_n\": \"6.\", \"question\": \"__6__\", \"answer\": \"sulch\", \"matches_human_scoring\": false, \"fuzzy_matching\": false, \"manual_edit\": false}, {\"questionpart_n\": \"7.\", \"question\": \"__7__\", \"answer\": \"tec\u0301ie\", \"matches_human_scoring\": false, \"fuzzy_matching\": false, \"manual_edit\": false}, {\"questionpart_n\": \"8.\", \"question\": \"__8__\", \"answer\": \"nel\", \"matches_human_scoring\": false, \"fuzzy_matching\": false, \"manual_edit\": false}, {\"questionpart_n\": \"9.\", \"question\": \"__9__\", \"answer\": \"vomc\u0301ie\", \"matches_human_scoring\": false, \"fuzzy_matching\": false, \"manual_edit\": false}, {\"questionpart_n\": \"10.\", \"question\": \"__10__\", \"answer\": \"sime\", \"matches_human_scoring\": false, \"fuzzy_matching\": false, \"manual_edit\": false}]}]",
    "obfuscated": "True",
    "obf_num": "4",
    "mapping": {
        "f": "v",
        "b": "s",
        "p": "f",
        "m": "b",
        "n": "p",
        "r": "m",
        "t": "n",
        "l": "r",
        "v": "t",
        "s": "l",
        "a": "e",
        "e": "a",
        "o": "u",
        "u": "o",
        "g": "g",
        "h": "h",
        "c": "c",
        "c\u0301": "c\u0301",
        "i": "i"
    }
}