{
    "json_invalid": false,
    "preamble": "Problem 1. Language X \u2013 not Language Y (5 marks)\n  ",
    "context": "Often the differences between languages are quite regular, as they are in the examples in the following list of Language Z words with their translations into English and (in some cases) into Language X. See if you can spot the regularities that allow you to fill in the gaps 1-10.\n\nLanguage X\tLanguage Z\tEnglish\nies\tgessu\tcat\nnuc\u0301ie\tnucce\tmouth\nmovl\tmuvlu\toven\nc\u0301ietr\tcetru\tfield\nnelch\tnelcu\tbench\nrel\trela\tbread\n__1__\tgeffu\tcockerel\n__2__\tuvsu\tvegetable garden\n__3__\teglaffu\tlamb\n__4__\tcela\tdog\n__5__\tcebeffu\thorse\n__6__\tnupcu\twood\n__7__\tbecce\tcow\n__8__\tseppu\tbadger\n__9__\tmuvce\tpitchfork\n__10__\tnivve\tbeer",
    "questions": "[{\"question_n\": \"Q 1.1\", \"prompt\": \"Fill in the gaps 1-10.\", \"subprompts\": [{\"questionpart_n\": \"1.\", \"question\": \"__1__\", \"answer\": \"ief\", \"matches_human_scoring\": false, \"fuzzy_matching\": false, \"manual_edit\": false}, {\"questionpart_n\": \"2.\", \"question\": \"__2__\", \"answer\": \"ovs\", \"matches_human_scoring\": false, \"fuzzy_matching\": false, \"manual_edit\": false}, {\"questionpart_n\": \"3.\", \"question\": \"__3__\", \"answer\": \"eglaf\", \"matches_human_scoring\": false, \"fuzzy_matching\": false, \"manual_edit\": false}, {\"questionpart_n\": \"4.\", \"question\": \"__4__\", \"answer\": \"c\u0301iel\", \"matches_human_scoring\": false, \"fuzzy_matching\": false, \"manual_edit\": false}, {\"questionpart_n\": \"5.\", \"question\": \"__5__\", \"answer\": \"c\u0301iebef\", \"matches_human_scoring\": false, \"fuzzy_matching\": false, \"manual_edit\": false}, {\"questionpart_n\": \"6.\", \"question\": \"__6__\", \"answer\": \"nupch\", \"matches_human_scoring\": false, \"fuzzy_matching\": false, \"manual_edit\": false}, {\"questionpart_n\": \"7.\", \"question\": \"__7__\", \"answer\": \"bec\u0301ie\", \"matches_human_scoring\": false, \"fuzzy_matching\": false, \"manual_edit\": false}, {\"questionpart_n\": \"8.\", \"question\": \"__8__\", \"answer\": \"sep\", \"matches_human_scoring\": false, \"fuzzy_matching\": false, \"manual_edit\": false}, {\"questionpart_n\": \"9.\", \"question\": \"__9__\", \"answer\": \"movc\u0301ie\", \"matches_human_scoring\": false, \"fuzzy_matching\": false, \"manual_edit\": false}, {\"questionpart_n\": \"10.\", \"question\": \"__10__\", \"answer\": \"nive\", \"matches_human_scoring\": false, \"fuzzy_matching\": false, \"manual_edit\": false}]}]",
    "obfuscated": "True",
    "obf_num": "9",
    "mapping": {
        "f": "m",
        "b": "n",
        "p": "r",
        "m": "t",
        "n": "l",
        "r": "v",
        "t": "s",
        "l": "f",
        "v": "b",
        "s": "p",
        "a": "e",
        "e": "a",
        "o": "u",
        "u": "o",
        "g": "g",
        "h": "h",
        "c": "c",
        "c\u0301": "c\u0301",
        "i": "i"
    }
}