{
    "json_invalid": false,
    "preamble": "Problem 4. Language X mutants (10 marks)\n  ",
    "context": "Language X has \u201cmutations\u201d. These are changes to the initial letter of a word depending on how the word is used in a sentence. For example, the city \u2018Demgul\u2019 is Demgul in Language X. But in Eisun o Ddemgul \u2018We went to Demgul\u2019, it appears as Ddemgul. This is because d mutates to dd after the word o \u2018to\u2019. Language X mutations can be challenging for a learner. However, there is a logic to them, as you\u2019ll (hopefully) see. Here are some Language X nouns in their unmutated forms with their English translations:\ncichaff\t\u2018horse\u2019\npeb\t\u2018father\u2019\nnifag\t\u2018doctor\u2019\ndethgim\t\u2018boy\u2019\nces\t\u2018cat\u2019\nco\t\u2018dog\u2019\nbeddeb\t\u2018sheep'\nbelffym\t\u2018picture\u2019\ndioc\t\u2018bicycle\u2019\nbam\t\u2018man\u2019\nCanly\t\u2018Wales\u2019\nbleog\t\u2018dragon\u2019\nsiepl\t\u2018theatre\u2019\nDemgul\t\u2018Demgul\u2019\n\nHere are some Language X sentences with their English translations (Edilarpwas is a city, and Buffgiffffey is a town in Country X). Pay attention to the order of words in both Language X and English!\n\nEis Megan o Ddemgul\tMegan went to Demgul\nEis Emrys o Edilarpwas\tEmrys went to Edilarpwas\nNei beddeb ane\tA sheep is here\nNei ane feddeb\tHere is a sheep\nNei am Edilarpwas beb\tIn Edilarpwas is father\nNei am Buffgiffffey Fegan\tIn Buffgiffffey is Megan\nNei Megan am Buffgiffffey\tMegan is in Buffgiffffey\nGwiffuf Megan felffym\tMegan saw a picture\nGwiffuf felffym\tShe saw a picture\nGwiffuf a bam ges\tThe man saw a cat",
    "questions": "[{\"question_n\": \"Q 1.\", \"prompt\": \"Which is the correct Language X translation of each of the following English sentences? Give only the letter of the correct sentence.\", \"subprompts\": [{\"questionpart_n\": \"1.\", \"question\": \"He saw a bicycle in the street: a. Gwiffuf dioc am a rplab, b. Gwiffuf ddioc am a rplab, c. Gwiffuf am a rplab dioc, d. Gwiffuf am a rplab ddioc\", \"answer\": \"b.\", \"matches_human_scoring\": false, \"fuzzy_matching\": false, \"manual_edit\": false}, {\"questionpart_n\": \"2.\", \"question\": \"In the street, he saw a bicycle: a. Gwiffuf am a rplab ddioc, b. Gwiffuf am a rplab dioc, c. Gwiffuf dioc am a rplab, d. Gwiffuf ddioc am a rplab\", \"answer\": \"a.\", \"matches_human_scoring\": false, \"fuzzy_matching\": false, \"manual_edit\": false}, {\"questionpart_n\": \"3.\", \"question\": \"In the theatre, she saw a horse: a. Gwiffuf am a siepl gichaff, b. Gwiffuf cichaff am a siepl, c. Gwiffuf am a siepl cichaff, d. Gwiffuf gichaff am a siepl  \", \"answer\": \"a.\", \"matches_human_scoring\": false, \"fuzzy_matching\": false, \"manual_edit\": false}, {\"questionpart_n\": \"4.\", \"question\": \"The boy\\u2019s father saw a dog: a. Gwiffuf beb a dethgim go, b. Gwiffuf peb a dethgim go, c. Gwiffuf peb a dethgim co, d. Gwiffuf beb a dethgim co \", \"answer\": \"b.\", \"matches_human_scoring\": false, \"fuzzy_matching\": false, \"manual_edit\": false}]}, {\"question_n\": \"Q 2. \", \"prompt\": \"Translate the following sentences into Language X. (Note: there is no Language X word for \\u2018a\\u2019.)\", \"subprompts\": [{\"questionpart_n\": \"5.\", \"question\": \"Here is [a] dragon\", \"answer\": \"Nei ane fleog\", \"matches_human_scoring\": false, \"fuzzy_matching\": false, \"manual_edit\": false}, {\"questionpart_n\": \"6.\", \"question\": \"The boy saw [a] cat\", \"answer\": \"Gwiffuf a dethgim ges\", \"matches_human_scoring\": false, \"fuzzy_matching\": false, \"manual_edit\": false}, {\"questionpart_n\": \"7.\", \"question\": \"The man saw [a] doctor\", \"answer\": \"Gwiffuf a bam ddifag\", \"matches_human_scoring\": false, \"fuzzy_matching\": false, \"manual_edit\": false}, {\"questionpart_n\": \"8.\", \"question\": \"[A] doctor went to Wales\", \"answer\": \"Eis nifag o Ganly\", \"matches_human_scoring\": false, \"fuzzy_matching\": false, \"manual_edit\": false}, {\"questionpart_n\": \"9.\", \"question\": \"[A] dragon saw [a] doctor\", \"answer\": \"Gwiffuf bleog ddifag\", \"matches_human_scoring\": false, \"fuzzy_matching\": false, \"manual_edit\": false}, {\"questionpart_n\": \"10.\", \"question\": \"[A] doctor saw [a] dragon\", \"answer\": \"Gwiffuf nifag fleog\", \"matches_human_scoring\": false, \"fuzzy_matching\": false, \"manual_edit\": false}]}]",
    "obfuscated": "True",
    "obf_num": "17",
    "mapping": {
        "p": "t",
        "t": "p",
        "b": "d",
        "d": "b",
        "f": "dd",
        "dd": "f",
        "m": "n",
        "n": "m",
        "ch": "th",
        "ff": "ch",
        "l": "ff",
        "r": "l",
        "s": "r",
        "th": "s",
        "a": "e",
        "e": "i",
        "i": "o",
        "o": "u",
        "u": "y",
        "y": "a",
        "c": "c",
        "g": "g",
        "megan": "megan",
        "fegan": "fegan",
        "emrys": "emrys"
    }
}