{
    "json_invalid": false,
    "preamble": "Problem 4. Language X mutants (10 marks)\n  ",
    "context": "Language X has \u201cmutations\u201d. These are changes to the initial letter of a word depending on how the word is used in a sentence. For example, the city \u2018Dimgyth\u2019 is Dimgyth in Language X. But in Ioffyn u Ddimgyth \u2018We went to Dimgyth\u2019, it appears as Ddimgyth. This is because d mutates to dd after the word u \u2018to\u2019. Language X mutations can be challenging for a learner. However, there is a logic to them, as you\u2019ll (hopefully) see. Here are some Language X nouns in their unmutated forms with their English translations:\ncores\t\u2018horse\u2019\npib\t\u2018father\u2019\nnofeg\t\u2018doctor\u2019\ndilgom\t\u2018boy\u2019\nciff\t\u2018cat\u2019\ncu\t\u2018dog\u2019\nbiddib\t\u2018sheep'\nbithsam\t\u2018picture\u2019\ndouc\t\u2018bicycle\u2019\nbem\t\u2018man\u2019\nCentha\t\u2018Wales\u2019\nbthiug\t\u2018dragon\u2019\nffoipth\t\u2018theatre\u2019\nDimgyth\t\u2018Dimgyth\u2019\n\nHere are some Language X sentences with their English translations (Idothechpweff is a city, and Bysgossia is a town in Country X). Pay attention to the order of words in both Language X and English!\n\nIoff Megan u Ddimgyth\tMegan went to Dimgyth\nIoff Emrys u Idothechpweff\tEmrys went to Idothechpweff\nNio biddib eni\tA sheep is here\nNio eni fiddib\tHere is a sheep\nNio em Idothechpweff bib\tIn Idothechpweff is father\nNio em Bysgossia Fegan\tIn Bysgossia is Megan\nNio Megan em Bysgossia\tMegan is in Bysgossia\nGwosyf Megan fithsam\tMegan saw a picture\nGwosyf fithsam\tShe saw a picture\nGwosyf e bem giff\tThe man saw a cat",
    "questions": "[{\"question_n\": \"Q 1.\", \"prompt\": \"Which is the correct Language X translation of each of the following English sentences? Give only the letter of the correct sentence.\", \"subprompts\": [{\"questionpart_n\": \"1.\", \"question\": \"He saw a bicycle in the street: a. Gwosyf douc em e chptheb, b. Gwosyf ddouc em e chptheb, c. Gwosyf em e chptheb douc, d. Gwosyf em e chptheb ddouc\", \"answer\": \"b.\", \"matches_human_scoring\": false, \"fuzzy_matching\": false, \"manual_edit\": false}, {\"questionpart_n\": \"2.\", \"question\": \"In the street, he saw a bicycle: a. Gwosyf em e chptheb ddouc, b. Gwosyf em e chptheb douc, c. Gwosyf douc em e chptheb, d. Gwosyf ddouc em e chptheb\", \"answer\": \"a.\", \"matches_human_scoring\": false, \"fuzzy_matching\": false, \"manual_edit\": false}, {\"questionpart_n\": \"3.\", \"question\": \"In the theatre, she saw a horse: a. Gwosyf em e ffoipth gores, b. Gwosyf cores em e ffoipth, c. Gwosyf em e ffoipth cores, d. Gwosyf gores em e ffoipth  \", \"answer\": \"a.\", \"matches_human_scoring\": false, \"fuzzy_matching\": false, \"manual_edit\": false}, {\"questionpart_n\": \"4.\", \"question\": \"The boy\\u2019s father saw a dog: a. Gwosyf bib e dilgom gu, b. Gwosyf pib e dilgom gu, c. Gwosyf pib e dilgom cu, d. Gwosyf bib e dilgom cu \", \"answer\": \"b.\", \"matches_human_scoring\": false, \"fuzzy_matching\": false, \"manual_edit\": false}]}, {\"question_n\": \"Q 2. \", \"prompt\": \"Translate the following sentences into Language X. (Note: there is no Language X word for \\u2018a\\u2019.)\", \"subprompts\": [{\"questionpart_n\": \"5.\", \"question\": \"Here is [a] dragon\", \"answer\": \"Nio eni fthiug\", \"matches_human_scoring\": false, \"fuzzy_matching\": false, \"manual_edit\": false}, {\"questionpart_n\": \"6.\", \"question\": \"The boy saw [a] cat\", \"answer\": \"Gwosyf e dilgom giff\", \"matches_human_scoring\": false, \"fuzzy_matching\": false, \"manual_edit\": false}, {\"questionpart_n\": \"7.\", \"question\": \"The man saw [a] doctor\", \"answer\": \"Gwosyf e bem ddofeg\", \"matches_human_scoring\": false, \"fuzzy_matching\": false, \"manual_edit\": false}, {\"questionpart_n\": \"8.\", \"question\": \"[A] doctor went to Wales\", \"answer\": \"Ioff nofeg u Gentha\", \"matches_human_scoring\": false, \"fuzzy_matching\": false, \"manual_edit\": false}, {\"questionpart_n\": \"9.\", \"question\": \"[A] dragon saw [a] doctor\", \"answer\": \"Gwosyf bthiug ddofeg\", \"matches_human_scoring\": false, \"fuzzy_matching\": false, \"manual_edit\": false}, {\"questionpart_n\": \"10.\", \"question\": \"[A] doctor saw [a] dragon\", \"answer\": \"Gwosyf nofeg fthiug\", \"matches_human_scoring\": false, \"fuzzy_matching\": false, \"manual_edit\": false}]}]",
    "obfuscated": "True",
    "obf_num": "16",
    "mapping": {
        "p": "t",
        "t": "p",
        "b": "d",
        "d": "b",
        "f": "dd",
        "dd": "f",
        "m": "n",
        "n": "m",
        "ch": "l",
        "ff": "r",
        "l": "s",
        "r": "th",
        "s": "ch",
        "th": "ff",
        "a": "i",
        "e": "o",
        "i": "u",
        "o": "y",
        "u": "a",
        "y": "e",
        "c": "c",
        "g": "g",
        "megan": "megan",
        "fegan": "fegan",
        "emrys": "emrys"
    }
}