{
    "json_invalid": false,
    "preamble": "Problem 4. Language X mutants (10 marks)\n  ",
    "context": "Language X has \u201cmutations\u201d. These are changes to the initial letter of a word depending on how the word is used in a sentence. For example, the city \u2018Dymgiff\u2019 is Dymgiff in Language X. But in Yarin e Ddymgiff \u2018We went to Dymgiff\u2019, it appears as Ddymgiff. This is because d mutates to dd after the word e \u2018to\u2019. Language X mutations can be challenging for a learner. However, there is a logic to them, as you\u2019ll (hopefully) see. Here are some Language X nouns in their unmutated forms with their English translations:\ncathuch\t\u2018horse\u2019\npyb\t\u2018father\u2019\nnafug\t\u2018doctor\u2019\ndysgam\t\u2018boy\u2019\ncyr\t\u2018cat\u2019\nce\t\u2018dog\u2019\nbyddyb\t\u2018sheep'\nbyffchom\t\u2018picture\u2019\ndaec\t\u2018bicycle\u2019\nbum\t\u2018man\u2019\nCunffo\t\u2018Wales\u2019\nbffyeg\t\u2018dragon\u2019\nraypff\t\u2018theatre\u2019\nDymgiff\t\u2018Dymgiff\u2019\n\nHere are some Language X sentences with their English translations (Ydaffulpwur is a city, and Bichgachchyo is a town in Country X). Pay attention to the order of words in both Language X and English!\n\nYar Megan e Ddymgiff\tMegan went to Dymgiff\nYar Emrys e Ydaffulpwur\tEmrys went to Ydaffulpwur\nNya byddyb uny\tA sheep is here\nNya uny fyddyb\tHere is a sheep\nNya um Ydaffulpwur byb\tIn Ydaffulpwur is father\nNya um Bichgachchyo Fegan\tIn Bichgachchyo is Megan\nNya Megan um Bichgachchyo\tMegan is in Bichgachchyo\nGwachif Megan fyffchom\tMegan saw a picture\nGwachif fyffchom\tShe saw a picture\nGwachif u bum gyr\tThe man saw a cat",
    "questions": "[{\"question_n\": \"Q 1.\", \"prompt\": \"Which is the correct Language X translation of each of the following English sentences? Give only the letter of the correct sentence.\", \"subprompts\": [{\"questionpart_n\": \"1.\", \"question\": \"He saw a bicycle in the street: a. Gwachif daec um u lpffub, b. Gwachif ddaec um u lpffub, c. Gwachif um u lpffub daec, d. Gwachif um u lpffub ddaec\", \"answer\": \"b.\", \"matches_human_scoring\": false, \"fuzzy_matching\": false, \"manual_edit\": false}, {\"questionpart_n\": \"2.\", \"question\": \"In the street, he saw a bicycle: a. Gwachif um u lpffub ddaec, b. Gwachif um u lpffub daec, c. Gwachif daec um u lpffub, d. Gwachif ddaec um u lpffub\", \"answer\": \"a.\", \"matches_human_scoring\": false, \"fuzzy_matching\": false, \"manual_edit\": false}, {\"questionpart_n\": \"3.\", \"question\": \"In the theatre, she saw a horse: a. Gwachif um u raypff gathuch, b. Gwachif cathuch um u raypff, c. Gwachif um u raypff cathuch, d. Gwachif gathuch um u raypff  \", \"answer\": \"a.\", \"matches_human_scoring\": false, \"fuzzy_matching\": false, \"manual_edit\": false}, {\"questionpart_n\": \"4.\", \"question\": \"The boy\\u2019s father saw a dog: a. Gwachif byb u dysgam ge, b. Gwachif pyb u dysgam ge, c. Gwachif pyb u dysgam ce, d. Gwachif byb u dysgam ce \", \"answer\": \"b.\", \"matches_human_scoring\": false, \"fuzzy_matching\": false, \"manual_edit\": false}]}, {\"question_n\": \"Q 2. \", \"prompt\": \"Translate the following sentences into Language X. (Note: there is no Language X word for \\u2018a\\u2019.)\", \"subprompts\": [{\"questionpart_n\": \"5.\", \"question\": \"Here is [a] dragon\", \"answer\": \"Nya uny fffyeg\", \"matches_human_scoring\": false, \"fuzzy_matching\": false, \"manual_edit\": false}, {\"questionpart_n\": \"6.\", \"question\": \"The boy saw [a] cat\", \"answer\": \"Gwachif u dysgam gyr\", \"matches_human_scoring\": false, \"fuzzy_matching\": false, \"manual_edit\": false}, {\"questionpart_n\": \"7.\", \"question\": \"The man saw [a] doctor\", \"answer\": \"Gwachif u bum ddafug\", \"matches_human_scoring\": false, \"fuzzy_matching\": false, \"manual_edit\": false}, {\"questionpart_n\": \"8.\", \"question\": \"[A] doctor went to Wales\", \"answer\": \"Yar nafug e Gunffo\", \"matches_human_scoring\": false, \"fuzzy_matching\": false, \"manual_edit\": false}, {\"questionpart_n\": \"9.\", \"question\": \"[A] dragon saw [a] doctor\", \"answer\": \"Gwachif bffyeg ddafug\", \"matches_human_scoring\": false, \"fuzzy_matching\": false, \"manual_edit\": false}, {\"questionpart_n\": \"10.\", \"question\": \"[A] doctor saw [a] dragon\", \"answer\": \"Gwachif nafug fffyeg\", \"matches_human_scoring\": false, \"fuzzy_matching\": false, \"manual_edit\": false}]}]",
    "obfuscated": "True",
    "obf_num": "1",
    "mapping": {
        "p": "t",
        "t": "p",
        "b": "d",
        "d": "b",
        "f": "dd",
        "dd": "f",
        "m": "n",
        "n": "m",
        "ch": "s",
        "ff": "th",
        "l": "ch",
        "r": "ff",
        "s": "l",
        "th": "r",
        "a": "y",
        "e": "a",
        "i": "e",
        "o": "i",
        "u": "o",
        "y": "u",
        "c": "c",
        "g": "g",
        "megan": "megan",
        "fegan": "fegan",
        "emrys": "emrys"
    }
}