{
    "json_invalid": false,
    "preamble": "Problem 4. Language X mutants (10 marks)\n  ",
    "context": "Language X has \u201cmutations\u201d. These are changes to the initial letter of a word depending on how the word is used in a sentence. For example, the city \u2018Dymgis\u2019 is Dymgis in Language X. But in Yachin e Ddymgis \u2018We went to Dymgis\u2019, it appears as Ddymgis. This is because d mutates to dd after the word e \u2018to\u2019. Language X mutations can be challenging for a learner. However, there is a logic to them, as you\u2019ll (hopefully) see. Here are some Language X nouns in their unmutated forms with their English translations:\ncalur\t\u2018horse\u2019\npyb\t\u2018father\u2019\nnafug\t\u2018doctor\u2019\ndyffgam\t\u2018boy\u2019\ncych\t\u2018cat\u2019\nce\t\u2018dog\u2019\nbyddyb\t\u2018sheep'\nbysrom\t\u2018picture\u2019\ndaec\t\u2018bicycle\u2019\nbum\t\u2018man\u2019\nCunso\t\u2018Wales\u2019\nbsyeg\t\u2018dragon\u2019\nchayps\t\u2018theatre\u2019\nDymgis\t\u2018Dymgis\u2019\n\nHere are some Language X sentences with their English translations (Ydasuthpwuch is a city, and Birgarryo is a town in Country X). Pay attention to the order of words in both Language X and English!\n\nYach Megan e Ddymgis\tMegan went to Dymgis\nYach Emrys e Ydasuthpwuch\tEmrys went to Ydasuthpwuch\nNya byddyb uny\tA sheep is here\nNya uny fyddyb\tHere is a sheep\nNya um Ydasuthpwuch byb\tIn Ydasuthpwuch is father\nNya um Birgarryo Fegan\tIn Birgarryo is Megan\nNya Megan um Birgarryo\tMegan is in Birgarryo\nGwarif Megan fysrom\tMegan saw a picture\nGwarif fysrom\tShe saw a picture\nGwarif u bum gych\tThe man saw a cat",
    "questions": "[{\"question_n\": \"Q 1.\", \"prompt\": \"Which is the correct Language X translation of each of the following English sentences? Give only the letter of the correct sentence.\", \"subprompts\": [{\"questionpart_n\": \"1.\", \"question\": \"He saw a bicycle in the street: a. Gwarif daec um u thpsub, b. Gwarif ddaec um u thpsub, c. Gwarif um u thpsub daec, d. Gwarif um u thpsub ddaec\", \"answer\": \"b.\", \"matches_human_scoring\": false, \"fuzzy_matching\": false, \"manual_edit\": false}, {\"questionpart_n\": \"2.\", \"question\": \"In the street, he saw a bicycle: a. Gwarif um u thpsub ddaec, b. Gwarif um u thpsub daec, c. Gwarif daec um u thpsub, d. Gwarif ddaec um u thpsub\", \"answer\": \"a.\", \"matches_human_scoring\": false, \"fuzzy_matching\": false, \"manual_edit\": false}, {\"questionpart_n\": \"3.\", \"question\": \"In the theatre, she saw a horse: a. Gwarif um u chayps galur, b. Gwarif calur um u chayps, c. Gwarif um u chayps calur, d. Gwarif galur um u chayps  \", \"answer\": \"a.\", \"matches_human_scoring\": false, \"fuzzy_matching\": false, \"manual_edit\": false}, {\"questionpart_n\": \"4.\", \"question\": \"The boy\\u2019s father saw a dog: a. Gwarif byb u dyffgam ge, b. Gwarif pyb u dyffgam ge, c. Gwarif pyb u dyffgam ce, d. Gwarif byb u dyffgam ce \", \"answer\": \"b.\", \"matches_human_scoring\": false, \"fuzzy_matching\": false, \"manual_edit\": false}]}, {\"question_n\": \"Q 2. \", \"prompt\": \"Translate the following sentences into Language X. (Note: there is no Language X word for \\u2018a\\u2019.)\", \"subprompts\": [{\"questionpart_n\": \"5.\", \"question\": \"Here is [a] dragon\", \"answer\": \"Nya uny fsyeg\", \"matches_human_scoring\": false, \"fuzzy_matching\": false, \"manual_edit\": false}, {\"questionpart_n\": \"6.\", \"question\": \"The boy saw [a] cat\", \"answer\": \"Gwarif u dyffgam gych\", \"matches_human_scoring\": false, \"fuzzy_matching\": false, \"manual_edit\": false}, {\"questionpart_n\": \"7.\", \"question\": \"The man saw [a] doctor\", \"answer\": \"Gwarif u bum ddafug\", \"matches_human_scoring\": false, \"fuzzy_matching\": false, \"manual_edit\": false}, {\"questionpart_n\": \"8.\", \"question\": \"[A] doctor went to Wales\", \"answer\": \"Yach nafug e Gunso\", \"matches_human_scoring\": false, \"fuzzy_matching\": false, \"manual_edit\": false}, {\"questionpart_n\": \"9.\", \"question\": \"[A] dragon saw [a] doctor\", \"answer\": \"Gwarif bsyeg ddafug\", \"matches_human_scoring\": false, \"fuzzy_matching\": false, \"manual_edit\": false}, {\"questionpart_n\": \"10.\", \"question\": \"[A] doctor saw [a] dragon\", \"answer\": \"Gwarif nafug fsyeg\", \"matches_human_scoring\": false, \"fuzzy_matching\": false, \"manual_edit\": false}]}]",
    "obfuscated": "True",
    "obf_num": "20",
    "mapping": {
        "p": "t",
        "t": "p",
        "b": "d",
        "d": "b",
        "f": "dd",
        "dd": "f",
        "m": "n",
        "n": "m",
        "ch": "ff",
        "ff": "l",
        "l": "r",
        "r": "s",
        "s": "th",
        "th": "ch",
        "a": "y",
        "e": "a",
        "i": "e",
        "o": "i",
        "u": "o",
        "y": "u",
        "c": "c",
        "g": "g",
        "megan": "megan",
        "fegan": "fegan",
        "emrys": "emrys"
    }
}