{
    "json_invalid": false,
    "preamble": "Problem 7. Language X (20 marks)",
    "context": "Here are some words in Language X. Normally, Language X is written in   a different script, but for ease of reading, these words have been transcribed into Latin script. For each word, the singular, plural, and \u2018directive\u2019 (meaning \u2018to\u2019 or \u2018towards\u2019) forms are given, as well as the pronunciation of the singular form. Some forms have been replaced by numbers (1) to (10). \n\nNote: in the Pronunciation column, a colon (:) after a vowel marks vowel length; \u0301  over a vowel marks stress; [\u0262] denotes a consonant like [g], but pronounced further back in the mouth.\n\nSingular\tPlural\tDirective\tPronunciation (sing.)\tTranslation\nxotz\u030cool\txotz\u030cooluuc\u030c\txotz\u030coolruu\t[hotz\u030co\u0301:l]\t\u2018dog\u2019\no\u0308lx\to\u0308lxu\u0308u\u0308c\u030c\to\u0308lxlu\u0308u\u0308\t[\u0275\u0301lh]\t\u2018household\u2019\nkongol\tkongol nol\tkongolruu\t[ko\u0301n\u0262ol]\t\u2018fool\u2019\nxun\txun nol\txunluu\t[h\u028a\u0301\u014b]\t\u2018man\u2019\no\u0308tm\to\u0308tmu\u0308u\u0308c\u030c\to\u0308tmlu\u0308u\u0308\t[\u0275\u0301tm]\t\u2018grass\u2019\nxeel\txeelu\u0308u\u0308c\u030c\txeelru\u0308u\u0308\t[he\u0301:l]\t\u2018field\u2019\nneg\tnegu\u0308u\u0308c\u030c\t__(1)__\t[ne\u0301\u0261]\t\u2018ace (playing cards)\u2019\nc\u030cenru\u0308u\u0308\tc\u030cenru\u0308u\u0308z\u030cu\u0308u\u0308c\u030c\tc\u030cenru\u0308u\u0308lu\u0308u\u0308\t[c\u030cenru\u0301:]\t\u2018lamp\u2019\nvus\u030con\tvus\u030conuuc\u030c\tvus\u030conluu\t[v\u028a\u0301s\u030co\u014b]\t\u2018cream soup\u2019\nmugol\tmugoluuc\u030c\tmugolruu\t[m\u028a\u0301\u0262ol]\t\u2018Venus (planet)\u2019\nsu\u0308reg\t__(2)__\t__(3)__\t[su\u0301re\u0261]\t\u2018poem\u2019\ngor\tgoruuc\u030c\tgorluu\t[\u0262o\u0301r]\t\u2018fire\u2019\nnuguu\tnuguuz\u030cuuc\u030c\tnuguuluu\t[n\u028a\u0262\u028a\u0301:]\t\u2018back (body part)\u2019\nno\u0308do\u0308l\t__(4)__\t__(5)__\t[n\u0275\u0301d\u0275l]\t\u2018husband\u2019\nc\u030colgo\t__(6)__\t__(7)__\t__(8)__\t\u2018mouth\u2019\ngo\u0308ro\u0308g\tgo\u0308ro\u0308gu\u0308u\u0308c\u030c\tgo\u0308ro\u0308glu\u0308u\u0308\t[\u0261\u0275\u0301r\u0275\u0261]\t\u2018puppy\u2019\noot\toot nol\tootluu\t[o\u0301:t]\t\u2018father\u2019\nxu\u0308u\u0308xen\txu\u0308u\u0308xen nol\txu\u0308u\u0308xenlu\u0308u\u0308\t[hu\u0301:he\u014b]\t\u2018woman\u2019\natag\t__(9)__\t__(10)__\t[ata\u0301\u0262]\t\u2018surname\u2019\nxoonz\u030crox\t__(11)__\t__(12)__\t__(13)__\t\u2018king\u2019\ngu\u0308lter\t__(14)__\t__(15)__\t__(16)__\t\u2018lizard\u2019\nc\u030cergu\u0308u\u0308l\t__(17)__\t__(18)__\t__(19)__\t\u2018store\u2019\nvuun\t__(20)__\t__(21)__\t__(22)__\t\u2018century\u2019\nz\u030conol\t__(23)__\t__(24)__\t__(25)__\t\u2018quality\u2019",
    "questions": "[{\"question_n\": \"Q 9.1\", \"prompt\": \"Fill in the gaps 1-25.\", \"subprompts\": [{\"questionpart_n\": \"(1)\", \"question\": \"__(1)__\", \"answer\": \"neglu\u0308u\u0308\", \"matches_human_scoring\": false, \"fuzzy_matching\": false, \"manual_edit\": false}, {\"questionpart_n\": \"(2)\", \"question\": \"__(2)__\", \"answer\": \"su\u0308regu\u0308u\u0308c\u030c\", \"matches_human_scoring\": false, \"fuzzy_matching\": false, \"manual_edit\": false}, {\"questionpart_n\": \"(3)\", \"question\": \"__(3)__\", \"answer\": \"su\u0308reglu\u0308u\u0308\", \"matches_human_scoring\": false, \"fuzzy_matching\": false, \"manual_edit\": false}, {\"questionpart_n\": \"(4)\", \"question\": \"__(4)__\", \"answer\": \"no\u0308do\u0308l nol\", \"matches_human_scoring\": false, \"fuzzy_matching\": false, \"manual_edit\": false}, {\"questionpart_n\": \"(5)\", \"question\": \"__(5)__\", \"answer\": \"no\u0308do\u0308lru\u0308u\u0308\", \"matches_human_scoring\": false, \"fuzzy_matching\": false, \"manual_edit\": false}, {\"questionpart_n\": \"(6)\", \"question\": \"__(6)__\", \"answer\": \"c\u030colgoz\u030cuuc\u030c\", \"matches_human_scoring\": false, \"fuzzy_matching\": false, \"manual_edit\": false}, {\"questionpart_n\": \"(7)\", \"question\": \"__(7)__\", \"answer\": \"c\u030colgoluu\", \"matches_human_scoring\": false, \"fuzzy_matching\": false, \"manual_edit\": false}, {\"questionpart_n\": \"(8)\", \"question\": \"__(8)__\", \"answer\": \"[c\u030co\u0301l\u0262o]\", \"matches_human_scoring\": false, \"fuzzy_matching\": false, \"manual_edit\": false}, {\"questionpart_n\": \"(9)\", \"question\": \"__(9)__\", \"answer\": \"ataguuc\u030c\", \"matches_human_scoring\": false, \"fuzzy_matching\": false, \"manual_edit\": false}, {\"questionpart_n\": \"(10)\", \"question\": \"__(10)__\", \"answer\": \"atagluu\", \"matches_human_scoring\": false, \"fuzzy_matching\": false, \"manual_edit\": false}, {\"questionpart_n\": \"(11)\", \"question\": \"__(11)__\", \"answer\": \"xoonz\u030crox nol\", \"matches_human_scoring\": false, \"fuzzy_matching\": false, \"manual_edit\": false}, {\"questionpart_n\": \"(12)\", \"question\": \"__(12)__\", \"answer\": \"xoonz\u030croxluu\", \"matches_human_scoring\": false, \"fuzzy_matching\": false, \"manual_edit\": false}, {\"questionpart_n\": \"(13)\", \"question\": \"__(13)__\", \"answer\": \"[ho\u0301:nz\u030croh]\", \"matches_human_scoring\": false, \"fuzzy_matching\": false, \"manual_edit\": false}, {\"questionpart_n\": \"(14)\", \"question\": \"__(14)__\", \"answer\": \"gu\u0308lteru\u0308u\u0308c\u030c\", \"matches_human_scoring\": false, \"fuzzy_matching\": false, \"manual_edit\": false}, {\"questionpart_n\": \"(15)\", \"question\": \"__(15)__\", \"answer\": \"gu\u0308lterlu\u0308u\u0308\", \"matches_human_scoring\": false, \"fuzzy_matching\": false, \"manual_edit\": false}, {\"questionpart_n\": \"(16)\", \"question\": \"__(16)__\", \"answer\": \"[\u0261u\u0301lter]\", \"matches_human_scoring\": false, \"fuzzy_matching\": false, \"manual_edit\": false}, {\"questionpart_n\": \"(17)\", \"question\": \"__(17)__\", \"answer\": \"c\u030cergu\u0308u\u0308lu\u0308u\u0308c\u030c\", \"matches_human_scoring\": false, \"fuzzy_matching\": false, \"manual_edit\": false}, {\"questionpart_n\": \"(18)\", \"question\": \"__(18)__\", \"answer\": \"c\u030cergu\u0308u\u0308lru\u0308u\u0308\", \"matches_human_scoring\": false, \"fuzzy_matching\": false, \"manual_edit\": false}, {\"questionpart_n\": \"(19)\", \"question\": \"__(19)__\", \"answer\": \"[c\u030cergu\u0301:l]\", \"matches_human_scoring\": false, \"fuzzy_matching\": false, \"manual_edit\": false}, {\"questionpart_n\": \"(20)\", \"question\": \"__(20)__\", \"answer\": \"vuunuuc\u030c\", \"matches_human_scoring\": false, \"fuzzy_matching\": false, \"manual_edit\": false}, {\"questionpart_n\": \"(21)\", \"question\": \"__(21)__\", \"answer\": \"vuunluu\", \"matches_human_scoring\": false, \"fuzzy_matching\": false, \"manual_edit\": false}, {\"questionpart_n\": \"(22)\", \"question\": \"__(22)__\", \"answer\": \"[v\u028a\u0301:\u014b]\", \"matches_human_scoring\": false, \"fuzzy_matching\": false, \"manual_edit\": false}, {\"questionpart_n\": \"(23)\", \"question\": \"__(23)__\", \"answer\": \"z\u030conoluuc\u030c\", \"matches_human_scoring\": false, \"fuzzy_matching\": false, \"manual_edit\": false}, {\"questionpart_n\": \"(24)\", \"question\": \"__(24)__\", \"answer\": \"z\u030conolruu\", \"matches_human_scoring\": false, \"fuzzy_matching\": false, \"manual_edit\": false}, {\"questionpart_n\": \"(25)\", \"question\": \"__(25)__\", \"answer\": \"[z\u030co\u0301nol]\", \"matches_human_scoring\": false, \"fuzzy_matching\": false, \"manual_edit\": false}]}, {\"question_n\": \"Q 2.2\", \"prompt\": \"One of the following Language X words was originally a loanword from another language: nus\u030cog, du\u0308nc\u030co, salan, guc\u030cokz, exnel. Which one is it? Give the full Mongolian word.\", \"subprompts\": [{\"questionpart_n\": \"(26)\", \"question\": \"\", \"answer\": \"du\u0308nc\u030co\", \"matches_human_scoring\": false, \"fuzzy_matching\": false, \"manual_edit\": false}]}]",
    "obfuscated": "True",
    "obf_num": "6",
    "mapping": {
        "r": "l",
        "l": "r",
        "a": "o",
        "o": "a",
        "c\u030c": "z\u030c",
        "d": "c\u030c",
        "k": "d",
        "m": "k",
        "s": "m",
        "s\u030c": "s",
        "t": "s\u030c",
        "v": "t",
        "z": "v",
        "z\u030c": "z",
        "h": "x",
        "x": "h",
        ":": ":",
        "\u0301": "\u0301",
        "u": "u",
        "u\u0308": "u\u0308",
        "\u028a": "\u028a",
        "e": "e",
        "o\u0308": "o\u0308",
        "\u0275": "\u0275",
        "g": "g",
        "\u0261": "\u0261",
        "\u0262": "\u0262",
        "n": "n",
        "\u014b": "\u014b"
    }
}