{
    "json_invalid": false,
    "preamble": "Problem 8. Language X sums (20 marks)",
    "context": "Although many   languages do not have words to express large numbers, Language X has a rich vocabulary for them. Below are some numerical equalities in the Language X. (All numbers are positive integers.)\n\nngaknarr ganga mbi lidiw + lidiw ganga mbi lidiw = miranggugul ganga mbi nggiknggi\nngaknarr + ngaknarr ganga mbi ngaknarr = miranggugul ganga mbi lidiw\nlidiw ganga mbi nggiknggi + lidiw = lidiw ganga mbi ngaknarr\nngaknarr \u00d7 miranggugul = nggiknggi ganga mbi nggiknggi\nlidiw ganga mbi ngaknarr + nggiknggi ganga mbi ngaknarr = miranggugul ganga mbi lidiw\n",
    "questions": "[{\"question_n\": \"Q 1.\", \"prompt\": \"Write the above equations in Arabic numerals.\", \"subprompts\": [{\"questionpart_n\": \"1)\", \"question\": \"ngaknarr ganga mbi lidiw + lidiw ganga mbi lidiw = miranggugul ganga mbi nggiknggi\", \"answer\": \"16 + 6 = 22\", \"matches_human_scoring\": false, \"fuzzy_matching\": false, \"manual_edit\": false}, {\"questionpart_n\": \"2) \", \"question\": \"ngaknarr + ngaknarr ganga mbi ngaknarr = miranggugul ganga mbi lidiw\", \"answer\": \"3 + 18 = 21\", \"matches_human_scoring\": false, \"fuzzy_matching\": false, \"manual_edit\": false}, {\"questionpart_n\": \"3) \", \"question\": \"lidiw ganga mbi nggiknggi + lidiw = lidiw ganga mbi ngaknarr\", \"answer\": \" 7 + 1 = 8\", \"matches_human_scoring\": false, \"fuzzy_matching\": false, \"manual_edit\": false}, {\"questionpart_n\": \"4)\", \"question\": \"ngaknarr \\u00d7 miranggugul = nggiknggi ganga mbi nggiknggi\", \"answer\": \"3 \\u00d7 4 = 12\", \"matches_human_scoring\": false, \"fuzzy_matching\": false, \"manual_edit\": false}, {\"questionpart_n\": \"5) \", \"question\": \"lidiw ganga mbi ngaknarr + nggiknggi ganga mbi ngaknarr = miranggugul ganga mbi lidiw\", \"answer\": \"8 + 13 = 21\", \"matches_human_scoring\": false, \"fuzzy_matching\": false, \"manual_edit\": false}]}, {\"question_n\": \"Q 2.\", \"prompt\": \"Write the following Language X numbers in Arabic numerals.\", \"subprompts\": [{\"questionpart_n\": \"6)\", \"question\": \"lidiw\", \"answer\": \"1\", \"matches_human_scoring\": false, \"fuzzy_matching\": false, \"manual_edit\": false}, {\"questionpart_n\": \"7) \", \"question\": \"miranggugul ganga mbi ngaknarr\", \"answer\": \"23\", \"matches_human_scoring\": false, \"fuzzy_matching\": false, \"manual_edit\": false}, {\"questionpart_n\": \"8)\", \"question\": \"nggiknggi ganga mbi lidiw\", \"answer\": \"11\", \"matches_human_scoring\": false, \"fuzzy_matching\": false, \"manual_edit\": false}]}, {\"question_n\": \"Q 3.\", \"prompt\": \"Write the following Language X equalities in Arabic numerals.\", \"subprompts\": [{\"questionpart_n\": \"9)\", \"question\": \"ngaknarr ganga mbi miranggugul + miranggugul ganga mbi lidiw = mirangguku mbi ngaknarr ganga\", \"answer\": \"19 + 21 = 40\", \"matches_human_scoring\": false, \"fuzzy_matching\": false, \"manual_edit\": false}, {\"questionpart_n\": \"10)\", \"question\": \"ngaknarr ganga mbi lidiw \\u00d7 nggiknggi = mirangguku mbi lidiw ganga mbi nggiknggi\", \"answer\": \"16 \\u00d7 2 = 32\", \"matches_human_scoring\": false, \"fuzzy_matching\": false, \"manual_edit\": false}, {\"questionpart_n\": \"11)\", \"question\": \"lidiw ganga mbi ngaknarr \\u00d7 lidiw ganga mbi ngaknarr = nggiknggi mirangguku mbi nggiknggi ganga mbi miranggugul\", \"answer\": \"8 \\u00d7 8 = 64\", \"matches_human_scoring\": false, \"fuzzy_matching\": false, \"manual_edit\": false}, {\"questionpart_n\": \"12)\", \"question\": \"nggiknggi ganga mbi nggiknggi \\u00d7 nggiknggi ganga = miranggugul mirangguku mbi miranggugul ganga\", \"answer\": \"12 \\u00d7 10 = 120\", \"matches_human_scoring\": false, \"fuzzy_matching\": false, \"manual_edit\": false}, {\"questionpart_n\": \"13)\", \"question\": \"mirangguku ganga \\u00d7 nggiknggi = nggiknggi mirangguku ganga\", \"answer\": \"125 \\u00d7 2 = 250\", \"matches_human_scoring\": false, \"fuzzy_matching\": false, \"manual_edit\": false}]}, {\"question_n\": \"Q 4.\", \"prompt\": \"Write the following Arabic numerals in Language X.\", \"subprompts\": [{\"questionpart_n\": \"14)\", \"question\": \"38\", \"answer\": \"mirangguku mbi nggiknggi ganga mbi ngaknarr\", \"matches_human_scoring\": false, \"fuzzy_matching\": false, \"manual_edit\": false}, {\"questionpart_n\": \"15)\", \"question\": \"85\", \"answer\": \"ngaknarr mirangguku mbi nggiknggi ganga\", \"matches_human_scoring\": false, \"fuzzy_matching\": false, \"manual_edit\": false}, {\"questionpart_n\": \"16)\", \"question\": \"106\", \"answer\": \"miranggugul mirangguku mbi lidiw ganga mbi lidiw\", \"matches_human_scoring\": false, \"fuzzy_matching\": false, \"manual_edit\": false}]}]",
    "obfuscated": "True",
    "obf_num": "9",
    "mapping": {
        "d": "m",
        "g": "mb",
        "k": "n",
        "l": "ng",
        "m": "ngg",
        "mb": "r",
        "n": "rr",
        "ng": "w",
        "ngg": "d",
        "r": "g",
        "rr": "k",
        "w": "l",
        "a": "i",
        "i": "u",
        "u": "a"
    }
}