{
    "json_invalid": false,
    "preamble": "Problem 8. Language X sums (20 marks)",
    "context": "Although many   languages do not have words to express large numbers, Language X has a rich vocabulary for them. Below are some numerical equalities in the Language X. (All numbers are positive integers.)\n\nkirgimb nggiki du rrungun + rrungun nggiki du rrungun = wumilanggarr nggiki du lurlu\nkirgimb + kirgimb nggiki du kirgimb = wumilanggarr nggiki du rrungun\nrrungun nggiki du lurlu + rrungun = rrungun nggiki du kirgimb\nkirgimb \u00d7 wumilanggarr = lurlu nggiki du lurlu\nrrungun nggiki du kirgimb + lurlu nggiki du kirgimb = wumilanggarr nggiki du rrungun\n",
    "questions": "[{\"question_n\": \"Q 1.\", \"prompt\": \"Write the above equations in Arabic numerals.\", \"subprompts\": [{\"questionpart_n\": \"1)\", \"question\": \"kirgimb nggiki du rrungun + rrungun nggiki du rrungun = wumilanggarr nggiki du lurlu\", \"answer\": \"16 + 6 = 22\", \"matches_human_scoring\": false, \"fuzzy_matching\": false, \"manual_edit\": false}, {\"questionpart_n\": \"2) \", \"question\": \"kirgimb + kirgimb nggiki du kirgimb = wumilanggarr nggiki du rrungun\", \"answer\": \"3 + 18 = 21\", \"matches_human_scoring\": false, \"fuzzy_matching\": false, \"manual_edit\": false}, {\"questionpart_n\": \"3) \", \"question\": \"rrungun nggiki du lurlu + rrungun = rrungun nggiki du kirgimb\", \"answer\": \" 7 + 1 = 8\", \"matches_human_scoring\": false, \"fuzzy_matching\": false, \"manual_edit\": false}, {\"questionpart_n\": \"4)\", \"question\": \"kirgimb \\u00d7 wumilanggarr = lurlu nggiki du lurlu\", \"answer\": \"3 \\u00d7 4 = 12\", \"matches_human_scoring\": false, \"fuzzy_matching\": false, \"manual_edit\": false}, {\"questionpart_n\": \"5) \", \"question\": \"rrungun nggiki du kirgimb + lurlu nggiki du kirgimb = wumilanggarr nggiki du rrungun\", \"answer\": \"8 + 13 = 21\", \"matches_human_scoring\": false, \"fuzzy_matching\": false, \"manual_edit\": false}]}, {\"question_n\": \"Q 2.\", \"prompt\": \"Write the following Language X numbers in Arabic numerals.\", \"subprompts\": [{\"questionpart_n\": \"6)\", \"question\": \"rrungun\", \"answer\": \"1\", \"matches_human_scoring\": false, \"fuzzy_matching\": false, \"manual_edit\": false}, {\"questionpart_n\": \"7) \", \"question\": \"wumilanggarr nggiki du kirgimb\", \"answer\": \"23\", \"matches_human_scoring\": false, \"fuzzy_matching\": false, \"manual_edit\": false}, {\"questionpart_n\": \"8)\", \"question\": \"lurlu nggiki du rrungun\", \"answer\": \"11\", \"matches_human_scoring\": false, \"fuzzy_matching\": false, \"manual_edit\": false}]}, {\"question_n\": \"Q 3.\", \"prompt\": \"Write the following Language X equalities in Arabic numerals.\", \"subprompts\": [{\"questionpart_n\": \"9)\", \"question\": \"kirgimb nggiki du wumilanggarr + wumilanggarr nggiki du rrungun = wumilara du kirgimb nggiki\", \"answer\": \"19 + 21 = 40\", \"matches_human_scoring\": false, \"fuzzy_matching\": false, \"manual_edit\": false}, {\"questionpart_n\": \"10)\", \"question\": \"kirgimb nggiki du rrungun \\u00d7 lurlu = wumilara du rrungun nggiki du lurlu\", \"answer\": \"16 \\u00d7 2 = 32\", \"matches_human_scoring\": false, \"fuzzy_matching\": false, \"manual_edit\": false}, {\"questionpart_n\": \"11)\", \"question\": \"rrungun nggiki du kirgimb \\u00d7 rrungun nggiki du kirgimb = lurlu wumilara du lurlu nggiki du wumilanggarr\", \"answer\": \"8 \\u00d7 8 = 64\", \"matches_human_scoring\": false, \"fuzzy_matching\": false, \"manual_edit\": false}, {\"questionpart_n\": \"12)\", \"question\": \"lurlu nggiki du lurlu \\u00d7 lurlu nggiki = wumilanggarr wumilara du wumilanggarr nggiki\", \"answer\": \"12 \\u00d7 10 = 120\", \"matches_human_scoring\": false, \"fuzzy_matching\": false, \"manual_edit\": false}, {\"questionpart_n\": \"13)\", \"question\": \"wumilara nggiki \\u00d7 lurlu = lurlu wumilara nggiki\", \"answer\": \"125 \\u00d7 2 = 250\", \"matches_human_scoring\": false, \"fuzzy_matching\": false, \"manual_edit\": false}]}, {\"question_n\": \"Q 4.\", \"prompt\": \"Write the following Arabic numerals in Language X.\", \"subprompts\": [{\"questionpart_n\": \"14)\", \"question\": \"38\", \"answer\": \"wumilara du lurlu nggiki du kirgimb\", \"matches_human_scoring\": false, \"fuzzy_matching\": false, \"manual_edit\": false}, {\"questionpart_n\": \"15)\", \"question\": \"85\", \"answer\": \"kirgimb wumilara du lurlu nggiki\", \"matches_human_scoring\": false, \"fuzzy_matching\": false, \"manual_edit\": false}, {\"questionpart_n\": \"16)\", \"question\": \"106\", \"answer\": \"wumilanggarr wumilara du rrungun nggiki du rrungun\", \"matches_human_scoring\": false, \"fuzzy_matching\": false, \"manual_edit\": false}]}]",
    "obfuscated": "True",
    "obf_num": "8",
    "mapping": {
        "d": "w",
        "g": "d",
        "k": "g",
        "l": "k",
        "m": "l",
        "mb": "m",
        "n": "mb",
        "ng": "n",
        "ngg": "ng",
        "r": "ngg",
        "rr": "r",
        "w": "rr",
        "a": "u",
        "i": "a",
        "u": "i"
    }
}