{
    "json_invalid": false,
    "preamble": "Problem 8. Language X sums (20 marks)",
    "context": "Although many   languages do not have words to express large numbers, Language X has a rich vocabulary for them. Below are some numerical equalities in the Language X. (All numbers are positive integers.)\n\nwinrrik mbiwi ru ngumul + ngumul mbiwi ru ngumul = nggugidambang mbiwi ru dundu\nwinrrik + winrrik mbiwi ru winrrik = nggugidambang mbiwi ru ngumul\nngumul mbiwi ru dundu + ngumul = ngumul mbiwi ru winrrik\nwinrrik \u00d7 nggugidambang = dundu mbiwi ru dundu\nngumul mbiwi ru winrrik + dundu mbiwi ru winrrik = nggugidambang mbiwi ru ngumul\n",
    "questions": "[{\"question_n\": \"Q 1.\", \"prompt\": \"Write the above equations in Arabic numerals.\", \"subprompts\": [{\"questionpart_n\": \"1)\", \"question\": \"winrrik mbiwi ru ngumul + ngumul mbiwi ru ngumul = nggugidambang mbiwi ru dundu\", \"answer\": \"16 + 6 = 22\", \"matches_human_scoring\": false, \"fuzzy_matching\": false, \"manual_edit\": false}, {\"questionpart_n\": \"2) \", \"question\": \"winrrik + winrrik mbiwi ru winrrik = nggugidambang mbiwi ru ngumul\", \"answer\": \"3 + 18 = 21\", \"matches_human_scoring\": false, \"fuzzy_matching\": false, \"manual_edit\": false}, {\"questionpart_n\": \"3) \", \"question\": \"ngumul mbiwi ru dundu + ngumul = ngumul mbiwi ru winrrik\", \"answer\": \" 7 + 1 = 8\", \"matches_human_scoring\": false, \"fuzzy_matching\": false, \"manual_edit\": false}, {\"questionpart_n\": \"4)\", \"question\": \"winrrik \\u00d7 nggugidambang = dundu mbiwi ru dundu\", \"answer\": \"3 \\u00d7 4 = 12\", \"matches_human_scoring\": false, \"fuzzy_matching\": false, \"manual_edit\": false}, {\"questionpart_n\": \"5) \", \"question\": \"ngumul mbiwi ru winrrik + dundu mbiwi ru winrrik = nggugidambang mbiwi ru ngumul\", \"answer\": \"8 + 13 = 21\", \"matches_human_scoring\": false, \"fuzzy_matching\": false, \"manual_edit\": false}]}, {\"question_n\": \"Q 2.\", \"prompt\": \"Write the following Language X numbers in Arabic numerals.\", \"subprompts\": [{\"questionpart_n\": \"6)\", \"question\": \"ngumul\", \"answer\": \"1\", \"matches_human_scoring\": false, \"fuzzy_matching\": false, \"manual_edit\": false}, {\"questionpart_n\": \"7) \", \"question\": \"nggugidambang mbiwi ru winrrik\", \"answer\": \"23\", \"matches_human_scoring\": false, \"fuzzy_matching\": false, \"manual_edit\": false}, {\"questionpart_n\": \"8)\", \"question\": \"dundu mbiwi ru ngumul\", \"answer\": \"11\", \"matches_human_scoring\": false, \"fuzzy_matching\": false, \"manual_edit\": false}]}, {\"question_n\": \"Q 3.\", \"prompt\": \"Write the following Language X equalities in Arabic numerals.\", \"subprompts\": [{\"questionpart_n\": \"9)\", \"question\": \"winrrik mbiwi ru nggugidambang + nggugidambang mbiwi ru ngumul = nggugidana ru winrrik mbiwi\", \"answer\": \"19 + 21 = 40\", \"matches_human_scoring\": false, \"fuzzy_matching\": false, \"manual_edit\": false}, {\"questionpart_n\": \"10)\", \"question\": \"winrrik mbiwi ru ngumul \\u00d7 dundu = nggugidana ru ngumul mbiwi ru dundu\", \"answer\": \"16 \\u00d7 2 = 32\", \"matches_human_scoring\": false, \"fuzzy_matching\": false, \"manual_edit\": false}, {\"questionpart_n\": \"11)\", \"question\": \"ngumul mbiwi ru winrrik \\u00d7 ngumul mbiwi ru winrrik = dundu nggugidana ru dundu mbiwi ru nggugidambang\", \"answer\": \"8 \\u00d7 8 = 64\", \"matches_human_scoring\": false, \"fuzzy_matching\": false, \"manual_edit\": false}, {\"questionpart_n\": \"12)\", \"question\": \"dundu mbiwi ru dundu \\u00d7 dundu mbiwi = nggugidambang nggugidana ru nggugidambang mbiwi\", \"answer\": \"12 \\u00d7 10 = 120\", \"matches_human_scoring\": false, \"fuzzy_matching\": false, \"manual_edit\": false}, {\"questionpart_n\": \"13)\", \"question\": \"nggugidana mbiwi \\u00d7 dundu = dundu nggugidana mbiwi\", \"answer\": \"125 \\u00d7 2 = 250\", \"matches_human_scoring\": false, \"fuzzy_matching\": false, \"manual_edit\": false}]}, {\"question_n\": \"Q 4.\", \"prompt\": \"Write the following Arabic numerals in Language X.\", \"subprompts\": [{\"questionpart_n\": \"14)\", \"question\": \"38\", \"answer\": \"nggugidana ru dundu mbiwi ru winrrik\", \"matches_human_scoring\": false, \"fuzzy_matching\": false, \"manual_edit\": false}, {\"questionpart_n\": \"15)\", \"question\": \"85\", \"answer\": \"winrrik nggugidana ru dundu mbiwi\", \"matches_human_scoring\": false, \"fuzzy_matching\": false, \"manual_edit\": false}, {\"questionpart_n\": \"16)\", \"question\": \"106\", \"answer\": \"nggugidambang nggugidana ru ngumul mbiwi ru ngumul\", \"matches_human_scoring\": false, \"fuzzy_matching\": false, \"manual_edit\": false}]}]",
    "obfuscated": "True",
    "obf_num": "5",
    "mapping": {
        "d": "ngg",
        "g": "r",
        "k": "rr",
        "l": "w",
        "m": "d",
        "mb": "g",
        "n": "k",
        "ng": "l",
        "ngg": "m",
        "r": "mb",
        "rr": "n",
        "w": "ng",
        "a": "u",
        "i": "a",
        "u": "i"
    }
}