{
    "json_invalid": false,
    "preamble": "Problem 8. Language X sums (20 marks)",
    "context": "Although many   languages do not have words to express large numbers, Language X has a rich vocabulary for them. Below are some numerical equalities in the Language X. (All numbers are positive integers.)\n\nrimnggid liri ngu mbukug + mbukug liri ngu mbukug = nuwirralamb liri ngu rrumrru\nrimnggid + rimnggid liri ngu rimnggid = nuwirralamb liri ngu mbukug\nmbukug liri ngu rrumrru + mbukug = mbukug liri ngu rimnggid\nrimnggid \u00d7 nuwirralamb = rrumrru liri ngu rrumrru\nmbukug liri ngu rimnggid + rrumrru liri ngu rimnggid = nuwirralamb liri ngu mbukug\n",
    "questions": "[{\"question_n\": \"Q 1.\", \"prompt\": \"Write the above equations in Arabic numerals.\", \"subprompts\": [{\"questionpart_n\": \"1)\", \"question\": \"rimnggid liri ngu mbukug + mbukug liri ngu mbukug = nuwirralamb liri ngu rrumrru\", \"answer\": \"16 + 6 = 22\", \"matches_human_scoring\": false, \"fuzzy_matching\": false, \"manual_edit\": false}, {\"questionpart_n\": \"2) \", \"question\": \"rimnggid + rimnggid liri ngu rimnggid = nuwirralamb liri ngu mbukug\", \"answer\": \"3 + 18 = 21\", \"matches_human_scoring\": false, \"fuzzy_matching\": false, \"manual_edit\": false}, {\"questionpart_n\": \"3) \", \"question\": \"mbukug liri ngu rrumrru + mbukug = mbukug liri ngu rimnggid\", \"answer\": \" 7 + 1 = 8\", \"matches_human_scoring\": false, \"fuzzy_matching\": false, \"manual_edit\": false}, {\"questionpart_n\": \"4)\", \"question\": \"rimnggid \\u00d7 nuwirralamb = rrumrru liri ngu rrumrru\", \"answer\": \"3 \\u00d7 4 = 12\", \"matches_human_scoring\": false, \"fuzzy_matching\": false, \"manual_edit\": false}, {\"questionpart_n\": \"5) \", \"question\": \"mbukug liri ngu rimnggid + rrumrru liri ngu rimnggid = nuwirralamb liri ngu mbukug\", \"answer\": \"8 + 13 = 21\", \"matches_human_scoring\": false, \"fuzzy_matching\": false, \"manual_edit\": false}]}, {\"question_n\": \"Q 2.\", \"prompt\": \"Write the following Language X numbers in Arabic numerals.\", \"subprompts\": [{\"questionpart_n\": \"6)\", \"question\": \"mbukug\", \"answer\": \"1\", \"matches_human_scoring\": false, \"fuzzy_matching\": false, \"manual_edit\": false}, {\"questionpart_n\": \"7) \", \"question\": \"nuwirralamb liri ngu rimnggid\", \"answer\": \"23\", \"matches_human_scoring\": false, \"fuzzy_matching\": false, \"manual_edit\": false}, {\"questionpart_n\": \"8)\", \"question\": \"rrumrru liri ngu mbukug\", \"answer\": \"11\", \"matches_human_scoring\": false, \"fuzzy_matching\": false, \"manual_edit\": false}]}, {\"question_n\": \"Q 3.\", \"prompt\": \"Write the following Language X equalities in Arabic numerals.\", \"subprompts\": [{\"questionpart_n\": \"9)\", \"question\": \"rimnggid liri ngu nuwirralamb + nuwirralamb liri ngu mbukug = nuwirrama ngu rimnggid liri\", \"answer\": \"19 + 21 = 40\", \"matches_human_scoring\": false, \"fuzzy_matching\": false, \"manual_edit\": false}, {\"questionpart_n\": \"10)\", \"question\": \"rimnggid liri ngu mbukug \\u00d7 rrumrru = nuwirrama ngu mbukug liri ngu rrumrru\", \"answer\": \"16 \\u00d7 2 = 32\", \"matches_human_scoring\": false, \"fuzzy_matching\": false, \"manual_edit\": false}, {\"questionpart_n\": \"11)\", \"question\": \"mbukug liri ngu rimnggid \\u00d7 mbukug liri ngu rimnggid = rrumrru nuwirrama ngu rrumrru liri ngu nuwirralamb\", \"answer\": \"8 \\u00d7 8 = 64\", \"matches_human_scoring\": false, \"fuzzy_matching\": false, \"manual_edit\": false}, {\"questionpart_n\": \"12)\", \"question\": \"rrumrru liri ngu rrumrru \\u00d7 rrumrru liri = nuwirralamb nuwirrama ngu nuwirralamb liri\", \"answer\": \"12 \\u00d7 10 = 120\", \"matches_human_scoring\": false, \"fuzzy_matching\": false, \"manual_edit\": false}, {\"questionpart_n\": \"13)\", \"question\": \"nuwirrama liri \\u00d7 rrumrru = rrumrru nuwirrama liri\", \"answer\": \"125 \\u00d7 2 = 250\", \"matches_human_scoring\": false, \"fuzzy_matching\": false, \"manual_edit\": false}]}, {\"question_n\": \"Q 4.\", \"prompt\": \"Write the following Arabic numerals in Language X.\", \"subprompts\": [{\"questionpart_n\": \"14)\", \"question\": \"38\", \"answer\": \"nuwirrama ngu rrumrru liri ngu rimnggid\", \"matches_human_scoring\": false, \"fuzzy_matching\": false, \"manual_edit\": false}, {\"questionpart_n\": \"15)\", \"question\": \"85\", \"answer\": \"rimnggid nuwirrama ngu rrumrru liri\", \"matches_human_scoring\": false, \"fuzzy_matching\": false, \"manual_edit\": false}, {\"questionpart_n\": \"16)\", \"question\": \"106\", \"answer\": \"nuwirralamb nuwirrama ngu mbukug liri ngu mbukug\", \"matches_human_scoring\": false, \"fuzzy_matching\": false, \"manual_edit\": false}]}]",
    "obfuscated": "True",
    "obf_num": "13",
    "mapping": {
        "d": "n",
        "g": "ng",
        "k": "ngg",
        "l": "r",
        "m": "rr",
        "mb": "w",
        "n": "d",
        "ng": "g",
        "ngg": "k",
        "r": "l",
        "rr": "m",
        "w": "mb",
        "a": "u",
        "i": "a",
        "u": "i"
    }
}