{
    "json_invalid": false,
    "preamble": "Problem 9. You speak Language X, don\u2019t you? (25 marks)",
    "context": "Below are some phrases from Language X along with their English translations.\n\nAkase amasebe itiye se?\tDo you want to drink tea?\nFihu, thofekase.\tYes, I do (want to).\nYokase amakhephe.\tWe want to go.\nAngkese afentwime.\tThe boy is cooking.\nThokanje amantwime.\tI am learning to cook.\nEhekese hefekhephe.\tThe boys are going.\nEhethesi hefekhephe se?\tAre the friends going?\nAngthesi afekhephe ethobo?\tThe friend is going, isn\u2019t he?\nEhekese hesebe itiye se?\tAre the boys drinking tea?\nAngthesi afesebe.\tThe friend is drinking.\nHeleso ehendese?\tHow are the children?\nAbathe leso?\tHow do you sew?\nAkase amakanje ethobo?\tHe wants to learn, doesn't he?\nFihu, afekase.\tYes, he does (want to).\nHethentwo ehekese?\tWhere are the boys?\nAhehe ahuse angkese.\tFather sees the boy.\nThokanje amambanange ondebele thentwo?\tWhere do I learn to speak Ndebele?",
    "questions": "[{\"question_n\": \"Q 1\", \"prompt\": \"Translate the following sentences into English:\", \"subprompts\": [{\"questionpart_n\": \"(a)\", \"question\": \"Fihu, hekase amahuse.\", \"answer\": \"Yes, they want to see.\", \"matches_human_scoring\": false, \"fuzzy_matching\": false, \"manual_edit\": false}, {\"questionpart_n\": \"(b)\", \"question\": \"Angkese akanje amabathe leso?\", \"answer\": \"[\\\"How does the boy learn to sew?\\\", \\\"How is the boy learning to sew?\\\"]\", \"matches_human_scoring\": false, \"fuzzy_matching\": false, \"manual_edit\": false}, {\"questionpart_n\": \"(c)\", \"question\": \"Yothentwo?\", \"answer\": \"Where are we?\", \"matches_human_scoring\": false, \"fuzzy_matching\": false, \"manual_edit\": false}, {\"questionpart_n\": \"(d)\", \"question\": \"Thontwime itiye.\", \"answer\": \"[\\\"I am cooking tea.\\\", \\\"I am cooking the tea.\\\", \\\"I cook tea.\\\", \\\"I cook the tea.\\\"]\", \"matches_human_scoring\": false, \"fuzzy_matching\": false, \"manual_edit\": false}]}, {\"question_n\": \"Q 2\", \"prompt\": \"Translate the following sentences into Language X:\", \"subprompts\": [{\"questionpart_n\": \"(a)\", \"question\": \"How is the child?\", \"answer\": \"Aleso angndese?\", \"matches_human_scoring\": false, \"fuzzy_matching\": false, \"manual_edit\": false}, {\"questionpart_n\": \"(b)\", \"question\": \"We are learning to cook, aren\\u2019t we?\", \"answer\": \"Yokanje amantwime ethobo?\", \"matches_human_scoring\": false, \"fuzzy_matching\": false, \"manual_edit\": false}, {\"questionpart_n\": \"(c)\", \"question\": \"Yes, they are speaking.\", \"answer\": \"Fihu, hefembanange.\", \"matches_human_scoring\": false, \"fuzzy_matching\": false, \"manual_edit\": false}, {\"questionpart_n\": \"(d)\", \"question\": \"Do they want to see the father?\", \"answer\": \"Hekase amahuse ahehe se?\", \"matches_human_scoring\": false, \"fuzzy_matching\": false, \"manual_edit\": false}]}]",
    "obfuscated": "True",
    "obf_num": "19",
    "mapping": {
        "b": "h",
        "nd": "nj",
        "f": "k",
        "h": "kh",
        "nj": "l",
        "k": "m",
        "kh": "mb",
        "l": "n",
        "m": "ng",
        "mb": "ph",
        "n": "s",
        "ng": "th",
        "ph": "ntw",
        "s": "y",
        "th": "b",
        "ntw": "nd",
        "y": "f",
        "a": "e",
        "e": "i",
        "i": "o",
        "o": "u",
        "u": "a",
        "ndebele": "ndebele",
        "itiye": "itiye"
    }
}