{
    "json_invalid": false,
    "preamble": "Problem 9. You speak Language X, don\u2019t you? (25 marks)",
    "context": "Below are some phrases from Language X along with their English translations.\n\nOhongu okhonguntwu itiye ngu?\tDo you want to drink tea?\nBandi, phebuhongu.\tYes, I do (want to).\nThehongu okhonjunu.\tWe want to go.\nOmbhungu obusakhu.\tThe boy is cooking.\nPhehofu okhosakhu.\tI am learning to cook.\nUnduhungu ndubunjunu.\tThe boys are going.\nUnduphunga ndubunjunu ngu?\tAre the friends going?\nOmbphunga obunjunu uphentwe?\tThe friend is going, isn\u2019t he?\nUnduhungu ndunguntwu itiye ngu?\tAre the boys drinking tea?\nOmbphunga obunguntwu.\tThe friend is drinking.\nNdukunge unduyungu?\tHow are the children?\nOntwophu kunge?\tHow do you sew?\nOhongu okhohofu uphentwe?\tHe wants to learn, doesn't he?\nBandi, obuhongu.\tYes, he does (want to).\nNduphuse unduhungu?\tWhere are the boys?\nOndundu ondingu ombhungu.\tFather sees the boy.\nPhehofu okholomombu endebele phuse?\tWhere do I learn to speak Ndebele?",
    "questions": "[{\"question_n\": \"Q 1\", \"prompt\": \"Translate the following sentences into English:\", \"subprompts\": [{\"questionpart_n\": \"(a)\", \"question\": \"Bandi, nduhongu okhondingu.\", \"answer\": \"Yes, they want to see.\", \"matches_human_scoring\": false, \"fuzzy_matching\": false, \"manual_edit\": false}, {\"questionpart_n\": \"(b)\", \"question\": \"Ombhungu ohofu okhontwophu kunge?\", \"answer\": \"[\\\"How does the boy learn to sew?\\\", \\\"How is the boy learning to sew?\\\"]\", \"matches_human_scoring\": false, \"fuzzy_matching\": false, \"manual_edit\": false}, {\"questionpart_n\": \"(c)\", \"question\": \"Thephuse?\", \"answer\": \"Where are we?\", \"matches_human_scoring\": false, \"fuzzy_matching\": false, \"manual_edit\": false}, {\"questionpart_n\": \"(d)\", \"question\": \"Phesakhu itiye.\", \"answer\": \"[\\\"I am cooking tea.\\\", \\\"I am cooking the tea.\\\", \\\"I cook tea.\\\", \\\"I cook the tea.\\\"]\", \"matches_human_scoring\": false, \"fuzzy_matching\": false, \"manual_edit\": false}]}, {\"question_n\": \"Q 2\", \"prompt\": \"Translate the following sentences into Language X:\", \"subprompts\": [{\"questionpart_n\": \"(a)\", \"question\": \"How is the child?\", \"answer\": \"Okunge ombyungu?\", \"matches_human_scoring\": false, \"fuzzy_matching\": false, \"manual_edit\": false}, {\"questionpart_n\": \"(b)\", \"question\": \"We are learning to cook, aren\\u2019t we?\", \"answer\": \"Thehofu okhosakhu uphentwe?\", \"matches_human_scoring\": false, \"fuzzy_matching\": false, \"manual_edit\": false}, {\"questionpart_n\": \"(c)\", \"question\": \"Yes, they are speaking.\", \"answer\": \"Bandi, ndubulomombu.\", \"matches_human_scoring\": false, \"fuzzy_matching\": false, \"manual_edit\": false}, {\"questionpart_n\": \"(d)\", \"question\": \"Do they want to see the father?\", \"answer\": \"Nduhongu okhondingu ondundu ngu?\", \"matches_human_scoring\": false, \"fuzzy_matching\": false, \"manual_edit\": false}]}]",
    "obfuscated": "True",
    "obf_num": "14",
    "mapping": {
        "b": "nd",
        "nd": "f",
        "f": "h",
        "h": "nj",
        "nj": "k",
        "k": "kh",
        "kh": "l",
        "l": "m",
        "m": "mb",
        "mb": "n",
        "n": "ng",
        "ng": "ph",
        "ph": "s",
        "s": "th",
        "th": "ntw",
        "ntw": "y",
        "y": "b",
        "a": "u",
        "e": "a",
        "i": "e",
        "o": "i",
        "u": "o",
        "ndebele": "ndebele",
        "itiye": "itiye"
    }
}