{
    "json_invalid": false,
    "preamble": "Problem 9. You speak Language X, don\u2019t you? (25 marks)",
    "context": "Below are some phrases from Language X along with their English translations.\n\nEmbebi ephebinji itiye bi?\tDo you want to drink tea?\nKhola, ndukhimbebi.\tYes, I do (want to).\nHumbebi epheniyi.\tWe want to go.\nEntwmbibi ekhifophi.\tThe boy is cooking.\nNdumbemi ephefophi.\tI am learning to cook.\nIlimbibi likhiniyi.\tThe boys are going.\nIlindibo likhiniyi bi?\tAre the friends going?\nEntwndibo ekhiniyi indunju?\tThe friend is going, isn\u2019t he?\nIlimbibi libinji itiye bi?\tAre the boys drinking tea?\nEntwndibo ekhibinji.\tThe friend is drinking.\nLingibu ilikibi?\tHow are the children?\nEnjendi ngibu?\tHow do you sew?\nEmbebi ephembemi indunju?\tHe wants to learn, doesn't he?\nKhola, ekhimbebi.\tYes, he does (want to).\nLindifu ilimbibi?\tWhere are the boys?\nElili elabi entwmbibi.\tFather sees the boy.\nNdumbemi ephesethentwi undebele ndifu?\tWhere do I learn to speak Ndebele?",
    "questions": "[{\"question_n\": \"Q 1\", \"prompt\": \"Translate the following sentences into English:\", \"subprompts\": [{\"questionpart_n\": \"(a)\", \"question\": \"Khola, limbebi ephelabi.\", \"answer\": \"Yes, they want to see.\", \"matches_human_scoring\": false, \"fuzzy_matching\": false, \"manual_edit\": false}, {\"questionpart_n\": \"(b)\", \"question\": \"Entwmbibi embemi ephenjendi ngibu?\", \"answer\": \"[\\\"How does the boy learn to sew?\\\", \\\"How is the boy learning to sew?\\\"]\", \"matches_human_scoring\": false, \"fuzzy_matching\": false, \"manual_edit\": false}, {\"questionpart_n\": \"(c)\", \"question\": \"Hundifu?\", \"answer\": \"Where are we?\", \"matches_human_scoring\": false, \"fuzzy_matching\": false, \"manual_edit\": false}, {\"questionpart_n\": \"(d)\", \"question\": \"Ndufophi itiye.\", \"answer\": \"[\\\"I am cooking tea.\\\", \\\"I am cooking the tea.\\\", \\\"I cook tea.\\\", \\\"I cook the tea.\\\"]\", \"matches_human_scoring\": false, \"fuzzy_matching\": false, \"manual_edit\": false}]}, {\"question_n\": \"Q 2\", \"prompt\": \"Translate the following sentences into Language X:\", \"subprompts\": [{\"questionpart_n\": \"(a)\", \"question\": \"How is the child?\", \"answer\": \"Engibu entwkibi?\", \"matches_human_scoring\": false, \"fuzzy_matching\": false, \"manual_edit\": false}, {\"questionpart_n\": \"(b)\", \"question\": \"We are learning to cook, aren\\u2019t we?\", \"answer\": \"Humbemi ephefophi indunju?\", \"matches_human_scoring\": false, \"fuzzy_matching\": false, \"manual_edit\": false}, {\"questionpart_n\": \"(c)\", \"question\": \"Yes, they are speaking.\", \"answer\": \"Khola, likhisethentwi.\", \"matches_human_scoring\": false, \"fuzzy_matching\": false, \"manual_edit\": false}, {\"questionpart_n\": \"(d)\", \"question\": \"Do they want to see the father?\", \"answer\": \"Limbebi ephelabi elili bi?\", \"matches_human_scoring\": false, \"fuzzy_matching\": false, \"manual_edit\": false}]}]",
    "obfuscated": "True",
    "obf_num": "2",
    "mapping": {
        "b": "l",
        "nd": "m",
        "f": "mb",
        "h": "n",
        "nj": "ng",
        "k": "ph",
        "kh": "s",
        "l": "th",
        "m": "ntw",
        "mb": "y",
        "n": "b",
        "ng": "nd",
        "ph": "f",
        "s": "h",
        "th": "nj",
        "ntw": "k",
        "y": "kh",
        "a": "i",
        "e": "o",
        "i": "u",
        "o": "a",
        "u": "e",
        "ndebele": "ndebele",
        "itiye": "itiye"
    }
}