{
    "json_invalid": false,
    "preamble": "Problem 9. You speak Language X, don\u2019t you? (25 marks)",
    "context": "Below are some phrases from Language X along with their English translations.\n\nOntwokhu ondokhunu itiye khu?\tDo you want to drink tea?\nPhasi, lephuntwokhu.\tYes, I do (want to).\nMbentwokhu ondoyuku.\tWe want to go.\nOnjntwukhu ophumandu.\tThe boy is cooking.\nLentwothu ondomandu.\tI am learning to cook.\nUsuntwukhu suphuyuku.\tThe boys are going.\nUsulukha suphuyuku khu?\tAre the friends going?\nOnjlukha ophuyuku ulene?\tThe friend is going, isn\u2019t he?\nUsuntwukhu sukhunu itiye khu?\tAre the boys drinking tea?\nOnjlukha ophukhunu.\tThe friend is drinking.\nSubukhe usungukhu?\tHow are the children?\nOnolu bukhe?\tHow do you sew?\nOntwokhu ondontwothu ulene?\tHe wants to learn, doesn't he?\nPhasi, ophuntwokhu.\tYes, he does (want to).\nSulume usuntwukhu?\tWhere are the boys?\nOsusu osikhu onjntwukhu.\tFather sees the boy.\nLentwothu ondofohonju endebele lume?\tWhere do I learn to speak Ndebele?",
    "questions": "[{\"question_n\": \"Q 1\", \"prompt\": \"Translate the following sentences into English:\", \"subprompts\": [{\"questionpart_n\": \"(a)\", \"question\": \"Phasi, suntwokhu ondosikhu.\", \"answer\": \"Yes, they want to see.\", \"matches_human_scoring\": false, \"fuzzy_matching\": false, \"manual_edit\": false}, {\"questionpart_n\": \"(b)\", \"question\": \"Onjntwukhu ontwothu ondonolu bukhe?\", \"answer\": \"[\\\"How does the boy learn to sew?\\\", \\\"How is the boy learning to sew?\\\"]\", \"matches_human_scoring\": false, \"fuzzy_matching\": false, \"manual_edit\": false}, {\"questionpart_n\": \"(c)\", \"question\": \"Mbelume?\", \"answer\": \"Where are we?\", \"matches_human_scoring\": false, \"fuzzy_matching\": false, \"manual_edit\": false}, {\"questionpart_n\": \"(d)\", \"question\": \"Lemandu itiye.\", \"answer\": \"[\\\"I am cooking tea.\\\", \\\"I am cooking the tea.\\\", \\\"I cook tea.\\\", \\\"I cook the tea.\\\"]\", \"matches_human_scoring\": false, \"fuzzy_matching\": false, \"manual_edit\": false}]}, {\"question_n\": \"Q 2\", \"prompt\": \"Translate the following sentences into Language X:\", \"subprompts\": [{\"questionpart_n\": \"(a)\", \"question\": \"How is the child?\", \"answer\": \"Obukhe onjngukhu?\", \"matches_human_scoring\": false, \"fuzzy_matching\": false, \"manual_edit\": false}, {\"questionpart_n\": \"(b)\", \"question\": \"We are learning to cook, aren\\u2019t we?\", \"answer\": \"Mbentwothu ondomandu ulene?\", \"matches_human_scoring\": false, \"fuzzy_matching\": false, \"manual_edit\": false}, {\"questionpart_n\": \"(c)\", \"question\": \"Yes, they are speaking.\", \"answer\": \"Phasi, suphufohonju.\", \"matches_human_scoring\": false, \"fuzzy_matching\": false, \"manual_edit\": false}, {\"questionpart_n\": \"(d)\", \"question\": \"Do they want to see the father?\", \"answer\": \"Suntwokhu ondosikhu osusu khu?\", \"matches_human_scoring\": false, \"fuzzy_matching\": false, \"manual_edit\": false}]}]",
    "obfuscated": "True",
    "obf_num": "3",
    "mapping": {
        "b": "s",
        "nd": "th",
        "f": "ntw",
        "h": "y",
        "nj": "b",
        "k": "nd",
        "kh": "f",
        "l": "h",
        "m": "nj",
        "mb": "k",
        "n": "kh",
        "ng": "l",
        "ph": "m",
        "s": "mb",
        "th": "n",
        "ntw": "ng",
        "y": "ph",
        "a": "u",
        "e": "a",
        "i": "e",
        "o": "i",
        "u": "o",
        "ndebele": "ndebele",
        "itiye": "itiye"
    }
}