{
    "json_invalid": false,
    "preamble": "Problem 9. You speak Language X, don\u2019t you? (25 marks)",
    "context": "Below are some phrases from Language X along with their English translations.\n\nOphohu ontwohulu itiye hu?\tDo you want to drink tea?\nMbani, njembuphohu.\tYes, I do (want to).\nKhephohu ontwosufu.\tWe want to go.\nOndphuhu ombukantwu.\tThe boy is cooking.\nNjephongu ontwokantwu.\tI am learning to cook.\nUnuphuhu numbusufu.\tThe boys are going.\nUnunjuha numbusufu hu?\tAre the friends going?\nOndnjuha ombusufu unjele?\tThe friend is going, isn\u2019t he?\nUnuphuhu nuhulu itiye hu?\tAre the boys drinking tea?\nOndnjuha ombuhulu.\tThe friend is drinking.\nNuthuhe unumuhu?\tHow are the children?\nOlonju thuhe?\tHow do you sew?\nOphohu ontwophongu unjele?\tHe wants to learn, doesn't he?\nMbani, ombuphohu.\tYes, he does (want to).\nNunjuke unuphuhu?\tWhere are the boys?\nOnunu onihu ondphuhu.\tFather sees the boy.\nNjephongu ontwoyobondu endebele njuke?\tWhere do I learn to speak Ndebele?",
    "questions": "[{\"question_n\": \"Q 1\", \"prompt\": \"Translate the following sentences into English:\", \"subprompts\": [{\"questionpart_n\": \"(a)\", \"question\": \"Mbani, nuphohu ontwonihu.\", \"answer\": \"Yes, they want to see.\", \"matches_human_scoring\": false, \"fuzzy_matching\": false, \"manual_edit\": false}, {\"questionpart_n\": \"(b)\", \"question\": \"Ondphuhu ophongu ontwolonju thuhe?\", \"answer\": \"[\\\"How does the boy learn to sew?\\\", \\\"How is the boy learning to sew?\\\"]\", \"matches_human_scoring\": false, \"fuzzy_matching\": false, \"manual_edit\": false}, {\"questionpart_n\": \"(c)\", \"question\": \"Khenjuke?\", \"answer\": \"Where are we?\", \"matches_human_scoring\": false, \"fuzzy_matching\": false, \"manual_edit\": false}, {\"questionpart_n\": \"(d)\", \"question\": \"Njekantwu itiye.\", \"answer\": \"[\\\"I am cooking tea.\\\", \\\"I am cooking the tea.\\\", \\\"I cook tea.\\\", \\\"I cook the tea.\\\"]\", \"matches_human_scoring\": false, \"fuzzy_matching\": false, \"manual_edit\": false}]}, {\"question_n\": \"Q 2\", \"prompt\": \"Translate the following sentences into Language X:\", \"subprompts\": [{\"questionpart_n\": \"(a)\", \"question\": \"How is the child?\", \"answer\": \"Othuhe ondmuhu?\", \"matches_human_scoring\": false, \"fuzzy_matching\": false, \"manual_edit\": false}, {\"questionpart_n\": \"(b)\", \"question\": \"We are learning to cook, aren\\u2019t we?\", \"answer\": \"Khephongu ontwokantwu unjele?\", \"matches_human_scoring\": false, \"fuzzy_matching\": false, \"manual_edit\": false}, {\"questionpart_n\": \"(c)\", \"question\": \"Yes, they are speaking.\", \"answer\": \"Mbani, numbuyobondu.\", \"matches_human_scoring\": false, \"fuzzy_matching\": false, \"manual_edit\": false}, {\"questionpart_n\": \"(d)\", \"question\": \"Do they want to see the father?\", \"answer\": \"Nuphohu ontwonihu onunu hu?\", \"matches_human_scoring\": false, \"fuzzy_matching\": false, \"manual_edit\": false}]}]",
    "obfuscated": "True",
    "obf_num": "18",
    "mapping": {
        "b": "n",
        "nd": "ng",
        "f": "ph",
        "h": "s",
        "nj": "th",
        "k": "ntw",
        "kh": "y",
        "l": "b",
        "m": "nd",
        "mb": "f",
        "n": "h",
        "ng": "nj",
        "ph": "k",
        "s": "kh",
        "th": "l",
        "ntw": "m",
        "y": "mb",
        "a": "u",
        "e": "a",
        "i": "e",
        "o": "i",
        "u": "o",
        "ndebele": "ndebele",
        "itiye": "itiye"
    }
}