{
    "json_invalid": false,
    "preamble": "Problem 9. You speak Language X, don\u2019t you? (25 marks)",
    "context": "Below are some phrases from Language X along with their English translations.\n\nEyeli efelingi itiye li?\tDo you want to drink tea?\nSotha, musiyeli.\tYes, I do (want to).\nNuyeli efebikhi.\tWe want to go.\nEkyili esimbofi.\tThe boy is cooking.\nMuyentwi efembofi.\tI am learning to cook.\nIthiyili thisibikhi.\tThe boys are going.\nIthimilo thisibikhi li?\tAre the friends going?\nEkmilo esibikhi imungu?\tThe friend is going, isn\u2019t he?\nIthiyili thilingi itiye li?\tAre the boys drinking tea?\nEkmilo esilingi.\tThe friend is drinking.\nThindilu ithiphili?\tHow are the children?\nEngemi ndilu?\tHow do you sew?\nEyeli efeyentwi imungu?\tHe wants to learn, doesn't he?\nSotha, esiyeli.\tYes, he does (want to).\nThimimbu ithiyili?\tWhere are the boys?\nEthithi ethali ekyili.\tFather sees the boy.\nMuyentwi efehenjeki undebele mimbu?\tWhere do I learn to speak Ndebele?",
    "questions": "[{\"question_n\": \"Q 1\", \"prompt\": \"Translate the following sentences into English:\", \"subprompts\": [{\"questionpart_n\": \"(a)\", \"question\": \"Sotha, thiyeli efethali.\", \"answer\": \"Yes, they want to see.\", \"matches_human_scoring\": false, \"fuzzy_matching\": false, \"manual_edit\": false}, {\"questionpart_n\": \"(b)\", \"question\": \"Ekyili eyentwi efengemi ndilu?\", \"answer\": \"[\\\"How does the boy learn to sew?\\\", \\\"How is the boy learning to sew?\\\"]\", \"matches_human_scoring\": false, \"fuzzy_matching\": false, \"manual_edit\": false}, {\"questionpart_n\": \"(c)\", \"question\": \"Numimbu?\", \"answer\": \"Where are we?\", \"matches_human_scoring\": false, \"fuzzy_matching\": false, \"manual_edit\": false}, {\"questionpart_n\": \"(d)\", \"question\": \"Mumbofi itiye.\", \"answer\": \"[\\\"I am cooking tea.\\\", \\\"I am cooking the tea.\\\", \\\"I cook tea.\\\", \\\"I cook the tea.\\\"]\", \"matches_human_scoring\": false, \"fuzzy_matching\": false, \"manual_edit\": false}]}, {\"question_n\": \"Q 2\", \"prompt\": \"Translate the following sentences into Language X:\", \"subprompts\": [{\"questionpart_n\": \"(a)\", \"question\": \"How is the child?\", \"answer\": \"Endilu ekphili?\", \"matches_human_scoring\": false, \"fuzzy_matching\": false, \"manual_edit\": false}, {\"questionpart_n\": \"(b)\", \"question\": \"We are learning to cook, aren\\u2019t we?\", \"answer\": \"Nuyentwi efembofi imungu?\", \"matches_human_scoring\": false, \"fuzzy_matching\": false, \"manual_edit\": false}, {\"questionpart_n\": \"(c)\", \"question\": \"Yes, they are speaking.\", \"answer\": \"Sotha, thisihenjeki.\", \"matches_human_scoring\": false, \"fuzzy_matching\": false, \"manual_edit\": false}, {\"questionpart_n\": \"(d)\", \"question\": \"Do they want to see the father?\", \"answer\": \"Thiyeli efethali ethithi li?\", \"matches_human_scoring\": false, \"fuzzy_matching\": false, \"manual_edit\": false}]}]",
    "obfuscated": "True",
    "obf_num": "15",
    "mapping": {
        "b": "th",
        "nd": "ntw",
        "f": "y",
        "h": "b",
        "nj": "nd",
        "k": "f",
        "kh": "h",
        "l": "nj",
        "m": "k",
        "mb": "kh",
        "n": "l",
        "ng": "m",
        "ph": "mb",
        "s": "n",
        "th": "ng",
        "ntw": "ph",
        "y": "s",
        "a": "i",
        "e": "o",
        "i": "u",
        "o": "a",
        "u": "e",
        "ndebele": "ndebele",
        "itiye": "itiye"
    }
}