{
    "json_invalid": false,
    "preamble": "Problem 9. You speak Language X, don\u2019t you? (25 marks)",
    "context": "Below are some phrases from Language X along with their English translations.\n\nEnjephi elephiyi itiye phi?\tDo you want to drink tea?\nNdofa, sundinjephi.\tYes, I do (want to).\nNtwunjephi elekingi.\tWe want to go.\nEnnjiphi enditholi.\tThe boy is cooking.\nSunjehi eletholi.\tI am learning to cook.\nIfinjiphi findikingi.\tThe boys are going.\nIfisipho findikingi phi?\tAre the friends going?\nEnsipho endikingi isuyu?\tThe friend is going, isn\u2019t he?\nIfinjiphi fiphiyi itiye phi?\tAre the boys drinking tea?\nEnsipho endiphiyi.\tThe friend is drinking.\nFikhiphu ifibiphi?\tHow are the children?\nEyesi khiphu?\tHow do you sew?\nEnjephi elenjehi isuyu?\tHe wants to learn, doesn't he?\nNdofa, endinjephi.\tYes, he does (want to).\nFisithu ifinjiphi?\tWhere are the boys?\nEfifi efaphi ennjiphi.\tFather sees the boy.\nSunjehi elemembeni undebele sithu?\tWhere do I learn to speak Ndebele?",
    "questions": "[{\"question_n\": \"Q 1\", \"prompt\": \"Translate the following sentences into English:\", \"subprompts\": [{\"questionpart_n\": \"(a)\", \"question\": \"Ndofa, finjephi elefaphi.\", \"answer\": \"Yes, they want to see.\", \"matches_human_scoring\": false, \"fuzzy_matching\": false, \"manual_edit\": false}, {\"questionpart_n\": \"(b)\", \"question\": \"Ennjiphi enjehi eleyesi khiphu?\", \"answer\": \"[\\\"How does the boy learn to sew?\\\", \\\"How is the boy learning to sew?\\\"]\", \"matches_human_scoring\": false, \"fuzzy_matching\": false, \"manual_edit\": false}, {\"questionpart_n\": \"(c)\", \"question\": \"Ntwusithu?\", \"answer\": \"Where are we?\", \"matches_human_scoring\": false, \"fuzzy_matching\": false, \"manual_edit\": false}, {\"questionpart_n\": \"(d)\", \"question\": \"Sutholi itiye.\", \"answer\": \"[\\\"I am cooking tea.\\\", \\\"I am cooking the tea.\\\", \\\"I cook tea.\\\", \\\"I cook the tea.\\\"]\", \"matches_human_scoring\": false, \"fuzzy_matching\": false, \"manual_edit\": false}]}, {\"question_n\": \"Q 2\", \"prompt\": \"Translate the following sentences into Language X:\", \"subprompts\": [{\"questionpart_n\": \"(a)\", \"question\": \"How is the child?\", \"answer\": \"Ekhiphu enbiphi?\", \"matches_human_scoring\": false, \"fuzzy_matching\": false, \"manual_edit\": false}, {\"questionpart_n\": \"(b)\", \"question\": \"We are learning to cook, aren\\u2019t we?\", \"answer\": \"Ntwunjehi eletholi isuyu?\", \"matches_human_scoring\": false, \"fuzzy_matching\": false, \"manual_edit\": false}, {\"questionpart_n\": \"(c)\", \"question\": \"Yes, they are speaking.\", \"answer\": \"Ndofa, findimembeni.\", \"matches_human_scoring\": false, \"fuzzy_matching\": false, \"manual_edit\": false}, {\"questionpart_n\": \"(d)\", \"question\": \"Do they want to see the father?\", \"answer\": \"Finjephi elefaphi efifi phi?\", \"matches_human_scoring\": false, \"fuzzy_matching\": false, \"manual_edit\": false}]}]",
    "obfuscated": "True",
    "obf_num": "22",
    "mapping": {
        "b": "f",
        "nd": "h",
        "f": "nj",
        "h": "k",
        "nj": "kh",
        "k": "l",
        "kh": "m",
        "l": "mb",
        "m": "n",
        "mb": "ng",
        "n": "ph",
        "ng": "s",
        "ph": "th",
        "s": "ntw",
        "th": "y",
        "ntw": "b",
        "y": "nd",
        "a": "i",
        "e": "o",
        "i": "u",
        "o": "a",
        "u": "e",
        "ndebele": "ndebele",
        "itiye": "itiye"
    }
}