{
    "json_invalid": false,
    "preamble": "Problem 1. The Language X word machine (10 marks)\n ",
    "context": "Below are some words in Language X with their English translations:\n\nobituwangu\tbouquet\nondnobu\tbread\nendento\tchild\nondento\tchildren\nawogondobi\tcobbler/shoemaker\nupa\tdate tree\nondoji\tdentist\nentiloro\tdialect\nendipiri\tdwarf\nunduntawanga\tfleet\nubitu\tflowers\nendinofa\tgirl\nandinofa\tgirls\nentusa\thorse\nantusa\thorses\nondinonde\tkingdom\nokaja\tmachine\nendipi\tman\nonontanga\tpen\nanontanga\tpens\namondito\tpresident\nuzinta\thead teacher\nomondita\trepublic\nitifa\triver\nazintu\tschool\nundunta\tship\nitifara\tstream\noji\ttooth\n\n__(a)__\tmachinist\nomondito\t__(b)__\n__(c)__\tships\n__(d)__\tflower\nondnondobu\t__(e)__\n__(f)__\tgroup of girls\n__(g)__\tpony\nentilo\t__(h)__\n__(i)__\tshoe\n__(j)__\tking",
    "questions": "[{\"question_n\": \"Q 1.1\", \"prompt\": \"Supply the missing items (__(a)__ to __(j)__) below.\", \"subprompts\": [{\"questionpart_n\": \"(a)\", \"question\": \"__(a)__\", \"answer\": \"okandoja\", \"matches_human_scoring\": false, \"fuzzy_matching\": false, \"manual_edit\": false}, {\"questionpart_n\": \"(b)\", \"question\": \"__(b)__\", \"answer\": \"presidents\", \"matches_human_scoring\": false, \"fuzzy_matching\": false, \"manual_edit\": false}, {\"questionpart_n\": \"(c)\", \"question\": \"__(c)__\", \"answer\": \"andunta\", \"matches_human_scoring\": false, \"fuzzy_matching\": false, \"manual_edit\": false}, {\"questionpart_n\": \"(d)\", \"question\": \"__(d)__\", \"answer\": \"obitu\", \"matches_human_scoring\": false, \"fuzzy_matching\": false, \"manual_edit\": false}, {\"questionpart_n\": \"(e)\", \"question\": \"__(e)__\", \"answer\": \"baker\", \"matches_human_scoring\": false, \"fuzzy_matching\": false, \"manual_edit\": false}, {\"questionpart_n\": \"(f)\", \"question\": \"__(f)__\", \"answer\": \"endinofawanga\", \"matches_human_scoring\": false, \"fuzzy_matching\": false, \"manual_edit\": false}, {\"questionpart_n\": \"(g)\", \"question\": \"__(g)__\", \"answer\": \"entusara\", \"matches_human_scoring\": false, \"fuzzy_matching\": false, \"manual_edit\": false}, {\"questionpart_n\": \"(h)\", \"question\": \"__(h)__\", \"answer\": \"language\", \"matches_human_scoring\": false, \"fuzzy_matching\": false, \"manual_edit\": false}, {\"questionpart_n\": \"(i)\", \"question\": \"__(i)__\", \"answer\": \"awogobi\", \"matches_human_scoring\": false, \"fuzzy_matching\": false, \"manual_edit\": false}, {\"questionpart_n\": \"(j)\", \"question\": \"__(j)__\", \"answer\": \"endinondo\", \"matches_human_scoring\": false, \"fuzzy_matching\": false, \"manual_edit\": false}]}, {\"question_n\": \"Q 1.2\", \"prompt\": \"Below are three more Language X words and three possible translations for each. Pick the one you believe to be correct. Write only the letter of the correct answer.\", \"subprompts\": [{\"questionpart_n\": \"1. \", \"question\": \"Language X word: andintungfa. A: fruit, B: boys, C: bridge\", \"answer\": \"B\", \"matches_human_scoring\": false, \"fuzzy_matching\": false, \"manual_edit\": false}, {\"questionpart_n\": \"2. \", \"question\": \"Language X word: oshewange. A: baggage, B: classroom, C: parent\", \"answer\": \"A\", \"matches_human_scoring\": false, \"fuzzy_matching\": false, \"manual_edit\": false}, {\"questionpart_n\": \"3. \", \"question\": \"Language X word: aduntundowu. A: book, B: library, C: librarian\", \"answer\": \"C\", \"matches_human_scoring\": false, \"fuzzy_matching\": false, \"manual_edit\": false}]}]",
    "obfuscated": "True",
    "obf_num": "16",
    "mapping": {
        "b": "g",
        "d": "j",
        "f": "k",
        "g": "l",
        "j": "m",
        "k": "n",
        "l": "nt",
        "m": "nd",
        "n": "ng",
        "nt": "p",
        "nd": "r",
        "ng": "s",
        "p": "sh",
        "r": "t",
        "s": "w",
        "sh": "z",
        "t": "b",
        "w": "d",
        "z": "f",
        "a": "o",
        "e": "u",
        "i": "a",
        "o": "e",
        "u": "i"
    }
}