{
    "json_invalid": false,
    "preamble": "Problem 1. The Language X word machine (10 marks)\n ",
    "context": "Below are some words in Language X with their English translations:\n\nizeshotundo\tbouquet\nintmizo\tbread\nantani\tchild\nintani\tchildren\nutifintize\tcobbler/shoemaker\nongu\tdate tree\nintige\tdentist\nanekipi\tdialect\nantengepe\tdwarf\nontonutundu\tfleet\nozesho\tflowers\nantemidu\tgirl\nuntemidu\tgirls\nanoru\thorse\nunoru\thorses\ninteminta\tkingdom\nijugu\tmachine\nantenge\tman\niminundu\tpen\numinundu\tpens\nulinteshi\tpresident\nowenu\thead teacher\nilinteshu\trepublic\neshedu\triver\nuweno\tschool\nontonu\tship\neshedupu\tstream\nige\ttooth\n\n__(a)__\tmachinist\nilinteshi\t__(b)__\n__(c)__\tships\n__(d)__\tflower\nintmintizo\t__(e)__\n__(f)__\tgroup of girls\n__(g)__\tpony\naneki\t__(h)__\n__(i)__\tshoe\n__(j)__\tking",
    "questions": "[{\"question_n\": \"Q 1.1\", \"prompt\": \"Supply the missing items (__(a)__ to __(j)__) below.\", \"subprompts\": [{\"questionpart_n\": \"(a)\", \"question\": \"__(a)__\", \"answer\": \"ijuntigu\", \"matches_human_scoring\": false, \"fuzzy_matching\": false, \"manual_edit\": false}, {\"questionpart_n\": \"(b)\", \"question\": \"__(b)__\", \"answer\": \"presidents\", \"matches_human_scoring\": false, \"fuzzy_matching\": false, \"manual_edit\": false}, {\"questionpart_n\": \"(c)\", \"question\": \"__(c)__\", \"answer\": \"untonu\", \"matches_human_scoring\": false, \"fuzzy_matching\": false, \"manual_edit\": false}, {\"questionpart_n\": \"(d)\", \"question\": \"__(d)__\", \"answer\": \"izesho\", \"matches_human_scoring\": false, \"fuzzy_matching\": false, \"manual_edit\": false}, {\"questionpart_n\": \"(e)\", \"question\": \"__(e)__\", \"answer\": \"baker\", \"matches_human_scoring\": false, \"fuzzy_matching\": false, \"manual_edit\": false}, {\"questionpart_n\": \"(f)\", \"question\": \"__(f)__\", \"answer\": \"antemidutundu\", \"matches_human_scoring\": false, \"fuzzy_matching\": false, \"manual_edit\": false}, {\"questionpart_n\": \"(g)\", \"question\": \"__(g)__\", \"answer\": \"anorupu\", \"matches_human_scoring\": false, \"fuzzy_matching\": false, \"manual_edit\": false}, {\"questionpart_n\": \"(h)\", \"question\": \"__(h)__\", \"answer\": \"language\", \"matches_human_scoring\": false, \"fuzzy_matching\": false, \"manual_edit\": false}, {\"questionpart_n\": \"(i)\", \"question\": \"__(i)__\", \"answer\": \"utifize\", \"matches_human_scoring\": false, \"fuzzy_matching\": false, \"manual_edit\": false}, {\"questionpart_n\": \"(j)\", \"question\": \"__(j)__\", \"answer\": \"anteminti\", \"matches_human_scoring\": false, \"fuzzy_matching\": false, \"manual_edit\": false}]}, {\"question_n\": \"Q 1.2\", \"prompt\": \"Below are three more Language X words and three possible translations for each. Pick the one you believe to be correct. Write only the letter of the correct answer.\", \"subprompts\": [{\"questionpart_n\": \"1. \", \"question\": \"Language X word: untenonddu. A: fruit, B: boys, C: bridge\", \"answer\": \"B\", \"matches_human_scoring\": false, \"fuzzy_matching\": false, \"manual_edit\": false}, {\"questionpart_n\": \"2. \", \"question\": \"Language X word: isatunda. A: baggage, B: classroom, C: parent\", \"answer\": \"A\", \"matches_human_scoring\": false, \"fuzzy_matching\": false, \"manual_edit\": false}, {\"questionpart_n\": \"3. \", \"question\": \"Language X word: ubonontito. A: book, B: library, C: librarian\", \"answer\": \"C\", \"matches_human_scoring\": false, \"fuzzy_matching\": false, \"manual_edit\": false}]}]",
    "obfuscated": "True",
    "obf_num": "17",
    "mapping": {
        "b": "f",
        "d": "g",
        "f": "j",
        "g": "k",
        "j": "l",
        "k": "m",
        "l": "n",
        "m": "nt",
        "n": "nd",
        "nt": "ng",
        "nd": "p",
        "ng": "r",
        "p": "s",
        "r": "sh",
        "s": "t",
        "sh": "w",
        "t": "z",
        "w": "b",
        "z": "d",
        "a": "i",
        "e": "o",
        "i": "u",
        "o": "a",
        "u": "e"
    }
}