{
    "json_invalid": false,
    "preamble": "Problem 1. The Language X word machine (10 marks)\n ",
    "context": "Below are some words in Language X with their English translations:\n\nupontandeja\tbouquet\nugdupa\tbread\nigifu\tchild\nugifu\tchildren\nendushugupo\tcobbler/shoemaker\nake\tdate tree\nuguto\tdentist\nifozulu\tdialect\nigokolo\tdwarf\nagafendeje\tfleet\naponta\tflowers\nigoduse\tgirl\negoduse\tgirls\nifame\thorse\nefame\thorses\nugodugi\tkingdom\nuwete\tmachine\nigoko\tman\nudufeje\tpen\nedufeje\tpens\nebugontu\tpresident\nangofe\thead teacher\nubugonte\trepublic\nontose\triver\nengofa\tschool\nagafe\tship\nontosele\tstream\nuto\ttooth\n\n__(a)__\tmachinist\nubugontu\t__(b)__\n__(c)__\tships\n__(d)__\tflower\nugdugupa\t__(e)__\n__(f)__\tgroup of girls\n__(g)__\tpony\nifozu\t__(h)__\n__(i)__\tshoe\n__(j)__\tking",
    "questions": "[{\"question_n\": \"Q 1.1\", \"prompt\": \"Supply the missing items (__(a)__ to __(j)__) below.\", \"subprompts\": [{\"questionpart_n\": \"(a)\", \"question\": \"__(a)__\", \"answer\": \"uwegute\", \"matches_human_scoring\": false, \"fuzzy_matching\": false, \"manual_edit\": false}, {\"questionpart_n\": \"(b)\", \"question\": \"__(b)__\", \"answer\": \"presidents\", \"matches_human_scoring\": false, \"fuzzy_matching\": false, \"manual_edit\": false}, {\"questionpart_n\": \"(c)\", \"question\": \"__(c)__\", \"answer\": \"egafe\", \"matches_human_scoring\": false, \"fuzzy_matching\": false, \"manual_edit\": false}, {\"questionpart_n\": \"(d)\", \"question\": \"__(d)__\", \"answer\": \"uponta\", \"matches_human_scoring\": false, \"fuzzy_matching\": false, \"manual_edit\": false}, {\"questionpart_n\": \"(e)\", \"question\": \"__(e)__\", \"answer\": \"baker\", \"matches_human_scoring\": false, \"fuzzy_matching\": false, \"manual_edit\": false}, {\"questionpart_n\": \"(f)\", \"question\": \"__(f)__\", \"answer\": \"igodusendeje\", \"matches_human_scoring\": false, \"fuzzy_matching\": false, \"manual_edit\": false}, {\"questionpart_n\": \"(g)\", \"question\": \"__(g)__\", \"answer\": \"ifamele\", \"matches_human_scoring\": false, \"fuzzy_matching\": false, \"manual_edit\": false}, {\"questionpart_n\": \"(h)\", \"question\": \"__(h)__\", \"answer\": \"language\", \"matches_human_scoring\": false, \"fuzzy_matching\": false, \"manual_edit\": false}, {\"questionpart_n\": \"(i)\", \"question\": \"__(i)__\", \"answer\": \"endushupo\", \"matches_human_scoring\": false, \"fuzzy_matching\": false, \"manual_edit\": false}, {\"questionpart_n\": \"(j)\", \"question\": \"__(j)__\", \"answer\": \"igodugu\", \"matches_human_scoring\": false, \"fuzzy_matching\": false, \"manual_edit\": false}]}, {\"question_n\": \"Q 1.2\", \"prompt\": \"Below are three more Language X words and three possible translations for each. Pick the one you believe to be correct. Write only the letter of the correct answer.\", \"subprompts\": [{\"questionpart_n\": \"1. \", \"question\": \"Language X word: egofajse. A: fruit, B: boys, C: bridge\", \"answer\": \"B\", \"matches_human_scoring\": false, \"fuzzy_matching\": false, \"manual_edit\": false}, {\"questionpart_n\": \"2. \", \"question\": \"Language X word: unindeji. A: baggage, B: classroom, C: parent\", \"answer\": \"A\", \"matches_human_scoring\": false, \"fuzzy_matching\": false, \"manual_edit\": false}, {\"questionpart_n\": \"3. \", \"question\": \"Language X word: erafagunda. A: book, B: library, C: librarian\", \"answer\": \"C\", \"matches_human_scoring\": false, \"fuzzy_matching\": false, \"manual_edit\": false}]}]",
    "obfuscated": "True",
    "obf_num": "21",
    "mapping": {
        "b": "sh",
        "d": "t",
        "f": "w",
        "g": "z",
        "j": "b",
        "k": "d",
        "l": "f",
        "m": "g",
        "n": "j",
        "nt": "k",
        "nd": "l",
        "ng": "m",
        "p": "n",
        "r": "nt",
        "s": "nd",
        "sh": "ng",
        "t": "p",
        "w": "r",
        "z": "s",
        "a": "u",
        "e": "a",
        "i": "e",
        "o": "i",
        "u": "o"
    }
}