{
    "json_invalid": false,
    "preamble": "Problem 1. The Language X word machine (10 marks)\n ",
    "context": "Below are some words in Language X with their English translations:\n\nidewozupo\tbouquet\ningntido\tbread\nangandi\tchild\ningandi\tchildren\nuzijingide\tcobbler/shoemaker\noru\tdate tree\ningike\tdentist\nandemisi\tdialect\nangerese\tdwarf\nongonduzupu\tfleet\nodewo\tflowers\nangentigu\tgirl\nungentigu\tgirls\nandoshu\thorse\nundoshu\thorses\ningentinga\tkingdom\niluku\tmachine\nangere\tman\nintindupu\tpen\nuntindupu\tpens\nuningewi\tpresident\nobendu\thead teacher\niningewu\trepublic\newegu\triver\nubendo\tschool\nongondu\tship\newegusu\tstream\nike\ttooth\n\n__(a)__\tmachinist\niningewi\t__(b)__\n__(c)__\tships\n__(d)__\tflower\ningntingido\t__(e)__\n__(f)__\tgroup of girls\n__(g)__\tpony\nandemi\t__(h)__\n__(i)__\tshoe\n__(j)__\tking",
    "questions": "[{\"question_n\": \"Q 1.1\", \"prompt\": \"Supply the missing items (__(a)__ to __(j)__) below.\", \"subprompts\": [{\"questionpart_n\": \"(a)\", \"question\": \"__(a)__\", \"answer\": \"ilungiku\", \"matches_human_scoring\": false, \"fuzzy_matching\": false, \"manual_edit\": false}, {\"questionpart_n\": \"(b)\", \"question\": \"__(b)__\", \"answer\": \"presidents\", \"matches_human_scoring\": false, \"fuzzy_matching\": false, \"manual_edit\": false}, {\"questionpart_n\": \"(c)\", \"question\": \"__(c)__\", \"answer\": \"ungondu\", \"matches_human_scoring\": false, \"fuzzy_matching\": false, \"manual_edit\": false}, {\"questionpart_n\": \"(d)\", \"question\": \"__(d)__\", \"answer\": \"idewo\", \"matches_human_scoring\": false, \"fuzzy_matching\": false, \"manual_edit\": false}, {\"questionpart_n\": \"(e)\", \"question\": \"__(e)__\", \"answer\": \"baker\", \"matches_human_scoring\": false, \"fuzzy_matching\": false, \"manual_edit\": false}, {\"questionpart_n\": \"(f)\", \"question\": \"__(f)__\", \"answer\": \"angentiguzupu\", \"matches_human_scoring\": false, \"fuzzy_matching\": false, \"manual_edit\": false}, {\"questionpart_n\": \"(g)\", \"question\": \"__(g)__\", \"answer\": \"andoshusu\", \"matches_human_scoring\": false, \"fuzzy_matching\": false, \"manual_edit\": false}, {\"questionpart_n\": \"(h)\", \"question\": \"__(h)__\", \"answer\": \"language\", \"matches_human_scoring\": false, \"fuzzy_matching\": false, \"manual_edit\": false}, {\"questionpart_n\": \"(i)\", \"question\": \"__(i)__\", \"answer\": \"uzijide\", \"matches_human_scoring\": false, \"fuzzy_matching\": false, \"manual_edit\": false}, {\"questionpart_n\": \"(j)\", \"question\": \"__(j)__\", \"answer\": \"angentingi\", \"matches_human_scoring\": false, \"fuzzy_matching\": false, \"manual_edit\": false}]}, {\"question_n\": \"Q 1.2\", \"prompt\": \"Below are three more Language X words and three possible translations for each. Pick the one you believe to be correct. Write only the letter of the correct answer.\", \"subprompts\": [{\"questionpart_n\": \"1. \", \"question\": \"Language X word: ungendopgu. A: fruit, B: boys, C: bridge\", \"answer\": \"B\", \"matches_human_scoring\": false, \"fuzzy_matching\": false, \"manual_edit\": false}, {\"questionpart_n\": \"2. \", \"question\": \"Language X word: itazupa. A: baggage, B: classroom, C: parent\", \"answer\": \"A\", \"matches_human_scoring\": false, \"fuzzy_matching\": false, \"manual_edit\": false}, {\"questionpart_n\": \"3. \", \"question\": \"Language X word: ufondongizo. A: book, B: library, C: librarian\", \"answer\": \"C\", \"matches_human_scoring\": false, \"fuzzy_matching\": false, \"manual_edit\": false}]}]",
    "obfuscated": "True",
    "obf_num": "1",
    "mapping": {
        "b": "j",
        "d": "k",
        "f": "l",
        "g": "m",
        "j": "n",
        "k": "nt",
        "l": "nd",
        "m": "ng",
        "n": "p",
        "nt": "r",
        "nd": "s",
        "ng": "sh",
        "p": "t",
        "r": "w",
        "s": "z",
        "sh": "b",
        "t": "d",
        "w": "f",
        "z": "g",
        "a": "i",
        "e": "o",
        "i": "u",
        "o": "a",
        "u": "e"
    }
}