{
    "json_invalid": false,
    "preamble": "Problem 1. Double Language X (5 marks)\n",
    "context": " Language X   is spoken in Country X and in part of Country Y.  Here are some Language X words and phrases in different grammatical forms, with their English translations.\n\nun koos\tI am called\tkosol\tto be called\nun keed\tI rent\tkedol\tto rent\nool lon\ta neck\tlonnol\tnecks\nool kood\ta man\tkodol\tmen\nun wan\tI bet\twannol\tto bet\nun hoof\tI live\thovol\tto live\nool hum\ta lip\thummol\tlips\nun riin\tI make\trinol\tto make\nun woof\tI give\twovol\tto give\nun taal\tI live\t(1)\tto live\nool kiid\ta hair\t(2)\thairs\n(3)\tan ear\tadol\tears\nool eed\tan hour\t(4)\thours\n(5)\tan address\tipdoggol\taddresses\n(6)\tI erase\twarrol\tto erase\n(7)\ta raven\tdivol\travens\nun gsim\tI step\t(8)\tto step\n\n\u201cDaap\u201d means \u201cred\u201d and \u201cvos\u201d means \u201cfat\u201d; and here are some more Language X phrases:\n\npo tujl ug peed\tthe wine is expensive\tpo pedo tujl\tthe expensive wine\npo rasad ug gsuh\tthe motor is quiet\tpo gsuhho rasad\tthe quiet motor\n\n",
    "questions": "[{\"question_n\": \"Q 1.1\", \"prompt\": \"Fill in the missing words numbered (1) to (8) in the table.\", \"subprompts\": [{\"questionpart_n\": \"1\", \"question\": \"(1)\", \"answer\": \"talol\", \"matches_human_scoring\": false, \"fuzzy_matching\": false, \"manual_edit\": false}, {\"questionpart_n\": \"2\", \"question\": \"(2)\", \"answer\": \"kidol\", \"matches_human_scoring\": false, \"fuzzy_matching\": false, \"manual_edit\": false}, {\"questionpart_n\": \"3\", \"question\": \"(3)\", \"answer\": \"ool aad\", \"matches_human_scoring\": false, \"fuzzy_matching\": false, \"manual_edit\": false}, {\"questionpart_n\": \"4\", \"question\": \"(4)\", \"answer\": \"edol\", \"matches_human_scoring\": false, \"fuzzy_matching\": false, \"manual_edit\": false}, {\"questionpart_n\": \"5\", \"question\": \"(5)\", \"answer\": \"ool ipdog\", \"matches_human_scoring\": false, \"fuzzy_matching\": false, \"manual_edit\": false}, {\"questionpart_n\": \"6\", \"question\": \"(6)\", \"answer\": \"un war\", \"matches_human_scoring\": false, \"fuzzy_matching\": false, \"manual_edit\": false}, {\"questionpart_n\": \"7\", \"question\": \"(7)\", \"answer\": \"ool diif\", \"matches_human_scoring\": false, \"fuzzy_matching\": false, \"manual_edit\": false}, {\"questionpart_n\": \"8\", \"question\": \"(8)\", \"answer\": \"gsimmol\", \"matches_human_scoring\": false, \"fuzzy_matching\": false, \"manual_edit\": false}]}, {\"question_n\": \"Q 1.2\", \"prompt\": \"How would you say the following in Language X?\", \"subprompts\": [{\"questionpart_n\": \"9\", \"question\": \"the red hair\", \"answer\": \"po dapo kiid\", \"matches_human_scoring\": false, \"fuzzy_matching\": false, \"manual_edit\": false}, {\"questionpart_n\": \"10\", \"question\": \"the fat man\", \"answer\": \"po vosso kood\", \"matches_human_scoring\": false, \"fuzzy_matching\": false, \"manual_edit\": false}]}]",
    "obfuscated": "True",
    "obf_num": "11",
    "mapping": {
        "a": "i",
        "e": "o",
        "i": "u",
        "o": "a",
        "u": "e",
        "t": "s",
        "k": "n",
        "p": "m",
        "s": "g",
        "n": "l",
        "m": "r",
        "g": "w",
        "l": "h",
        "r": "d",
        "w": "t",
        "h": "k",
        "d": "p",
        "f": "f",
        "v": "v",
        "j": "j"
    }
}