{
    "json_invalid": false,
    "preamble": "Problem 1. Double Language X (5 marks)\n",
    "context": " Language X   is spoken in Country X and in part of Country Y.  Here are some Language X words and phrases in different grammatical forms, with their English translations.\n\neg saam\tI am called\tsamaw\tto be called\neg sook\tI rent\tsokaw\tto rent\naaw wag\ta neck\twaggaw\tnecks\naaw saak\ta man\tsakaw\tmen\neg dig\tI bet\tdiggaw\tto bet\neg taaf\tI live\ttavaw\tto live\naaw tel\ta lip\ttellaw\tlips\neg huug\tI make\thugaw\tto make\neg daaf\tI give\tdavaw\tto give\neg piiw\tI live\t(1)\tto live\naaw suuk\ta hair\t(2)\thairs\n(3)\tan ear\tikaw\tears\naaw ook\tan hour\t(4)\thours\n(5)\tan address\tunkarraw\taddresses\n(6)\tI erase\tdihhaw\tto erase\n(7)\ta raven\tkuvaw\travens\neg rmul\tI step\t(8)\tto step\n\n\u201cKiin\u201d means \u201cred\u201d and \u201cvam\u201d means \u201cfat\u201d; and here are some more Language X phrases:\n\nna pejw er nook\tthe wine is expensive\tna noka pejw\tthe expensive wine\nna himik er rmet\tthe motor is quiet\tna rmetta himik\tthe quiet motor\n\n",
    "questions": "[{\"question_n\": \"Q 1.1\", \"prompt\": \"Fill in the missing words numbered (1) to (8) in the table.\", \"subprompts\": [{\"questionpart_n\": \"1\", \"question\": \"(1)\", \"answer\": \"piwaw\", \"matches_human_scoring\": false, \"fuzzy_matching\": false, \"manual_edit\": false}, {\"questionpart_n\": \"2\", \"question\": \"(2)\", \"answer\": \"sukaw\", \"matches_human_scoring\": false, \"fuzzy_matching\": false, \"manual_edit\": false}, {\"questionpart_n\": \"3\", \"question\": \"(3)\", \"answer\": \"aaw iik\", \"matches_human_scoring\": false, \"fuzzy_matching\": false, \"manual_edit\": false}, {\"questionpart_n\": \"4\", \"question\": \"(4)\", \"answer\": \"okaw\", \"matches_human_scoring\": false, \"fuzzy_matching\": false, \"manual_edit\": false}, {\"questionpart_n\": \"5\", \"question\": \"(5)\", \"answer\": \"aaw unkar\", \"matches_human_scoring\": false, \"fuzzy_matching\": false, \"manual_edit\": false}, {\"questionpart_n\": \"6\", \"question\": \"(6)\", \"answer\": \"eg dih\", \"matches_human_scoring\": false, \"fuzzy_matching\": false, \"manual_edit\": false}, {\"questionpart_n\": \"7\", \"question\": \"(7)\", \"answer\": \"aaw kuuf\", \"matches_human_scoring\": false, \"fuzzy_matching\": false, \"manual_edit\": false}, {\"questionpart_n\": \"8\", \"question\": \"(8)\", \"answer\": \"rmullaw\", \"matches_human_scoring\": false, \"fuzzy_matching\": false, \"manual_edit\": false}]}, {\"question_n\": \"Q 1.2\", \"prompt\": \"How would you say the following in Language X?\", \"subprompts\": [{\"questionpart_n\": \"9\", \"question\": \"the red hair\", \"answer\": \"na kina suuk\", \"matches_human_scoring\": false, \"fuzzy_matching\": false, \"manual_edit\": false}, {\"questionpart_n\": \"10\", \"question\": \"the fat man\", \"answer\": \"na vamma saak\", \"matches_human_scoring\": false, \"fuzzy_matching\": false, \"manual_edit\": false}]}]",
    "obfuscated": "True",
    "obf_num": "7",
    "mapping": {
        "a": "u",
        "e": "a",
        "i": "e",
        "o": "i",
        "u": "o",
        "t": "m",
        "k": "g",
        "p": "l",
        "s": "r",
        "n": "w",
        "m": "h",
        "g": "d",
        "l": "t",
        "r": "k",
        "w": "p",
        "h": "s",
        "d": "n",
        "f": "f",
        "v": "v",
        "j": "j"
    }
}