{
    "json_invalid": false,
    "preamble": "Problem 1. Double Language X (5 marks)\n",
    "context": " Language X   is spoken in Country X and in part of Country Y.  Here are some Language X words and phrases in different grammatical forms, with their English translations.\n\nog siim\tI am called\tsimiw\tto be called\nog saak\tI rent\tsakiw\tto rent\niiw wig\ta neck\twiggiw\tnecks\niiw siik\ta man\tsikiw\tmen\nog dug\tI bet\tduggiw\tto bet\nog tiif\tI live\ttiviw\tto live\niiw tol\ta lip\ttolliw\tlips\nog heeg\tI make\thegiw\tto make\nog diif\tI give\tdiviw\tto give\nog puuw\tI live\t(1)\tto live\niiw seek\ta hair\t(2)\thairs\n(3)\tan ear\tukiw\tears\niiw aak\tan hour\t(4)\thours\n(5)\tan address\tenkirriw\taddresses\n(6)\tI erase\tduhhiw\tto erase\n(7)\ta raven\tkeviw\travens\nog rmel\tI step\t(8)\tto step\n\n\u201cKuun\u201d means \u201cred\u201d and \u201cvim\u201d means \u201cfat\u201d; and here are some more Language X phrases:\n\nni pojw or naak\tthe wine is expensive\tni naki pojw\tthe expensive wine\nni humuk or rmot\tthe motor is quiet\tni rmotti humuk\tthe quiet motor\n\n",
    "questions": "[{\"question_n\": \"Q 1.1\", \"prompt\": \"Fill in the missing words numbered (1) to (8) in the table.\", \"subprompts\": [{\"questionpart_n\": \"1\", \"question\": \"(1)\", \"answer\": \"puwiw\", \"matches_human_scoring\": false, \"fuzzy_matching\": false, \"manual_edit\": false}, {\"questionpart_n\": \"2\", \"question\": \"(2)\", \"answer\": \"sekiw\", \"matches_human_scoring\": false, \"fuzzy_matching\": false, \"manual_edit\": false}, {\"questionpart_n\": \"3\", \"question\": \"(3)\", \"answer\": \"iiw uuk\", \"matches_human_scoring\": false, \"fuzzy_matching\": false, \"manual_edit\": false}, {\"questionpart_n\": \"4\", \"question\": \"(4)\", \"answer\": \"akiw\", \"matches_human_scoring\": false, \"fuzzy_matching\": false, \"manual_edit\": false}, {\"questionpart_n\": \"5\", \"question\": \"(5)\", \"answer\": \"iiw enkir\", \"matches_human_scoring\": false, \"fuzzy_matching\": false, \"manual_edit\": false}, {\"questionpart_n\": \"6\", \"question\": \"(6)\", \"answer\": \"og duh\", \"matches_human_scoring\": false, \"fuzzy_matching\": false, \"manual_edit\": false}, {\"questionpart_n\": \"7\", \"question\": \"(7)\", \"answer\": \"iiw keef\", \"matches_human_scoring\": false, \"fuzzy_matching\": false, \"manual_edit\": false}, {\"questionpart_n\": \"8\", \"question\": \"(8)\", \"answer\": \"rmelliw\", \"matches_human_scoring\": false, \"fuzzy_matching\": false, \"manual_edit\": false}]}, {\"question_n\": \"Q 1.2\", \"prompt\": \"How would you say the following in Language X?\", \"subprompts\": [{\"questionpart_n\": \"9\", \"question\": \"the red hair\", \"answer\": \"ni kuni seek\", \"matches_human_scoring\": false, \"fuzzy_matching\": false, \"manual_edit\": false}, {\"questionpart_n\": \"10\", \"question\": \"the fat man\", \"answer\": \"ni vimmi siik\", \"matches_human_scoring\": false, \"fuzzy_matching\": false, \"manual_edit\": false}]}]",
    "obfuscated": "True",
    "obf_num": "6",
    "mapping": {
        "a": "e",
        "e": "i",
        "i": "o",
        "o": "u",
        "u": "a",
        "t": "m",
        "k": "g",
        "p": "l",
        "s": "r",
        "n": "w",
        "m": "h",
        "g": "d",
        "l": "t",
        "r": "k",
        "w": "p",
        "h": "s",
        "d": "n",
        "f": "f",
        "v": "v",
        "j": "j"
    }
}