{
    "json_invalid": false,
    "preamble": "Problem 1. Double Language X (5 marks)\n",
    "context": " Language X   is spoken in Country X and in part of Country Y.  Here are some Language X words and phrases in different grammatical forms, with their English translations.\n\nen kaas\tI am called\tkasal\tto be called\nen kood\tI rent\tkodal\tto rent\naal lan\ta neck\tlannal\tnecks\naal kaad\ta man\tkadal\tmen\nen win\tI bet\twinnal\tto bet\nen haaf\tI live\thaval\tto live\naal hem\ta lip\themmal\tlips\nen ruun\tI make\trunal\tto make\nen waaf\tI give\twaval\tto give\nen tiil\tI live\t(1)\tto live\naal kuud\ta hair\t(2)\thairs\n(3)\tan ear\tidal\tears\naal ood\tan hour\t(4)\thours\n(5)\tan address\tupdaggal\taddresses\n(6)\tI erase\twirral\tto erase\n(7)\ta raven\tduval\travens\nen gsum\tI step\t(8)\tto step\n\n\u201cDiip\u201d means \u201cred\u201d and \u201cvas\u201d means \u201cfat\u201d; and here are some more Language X phrases:\n\npa tejl eg pood\tthe wine is expensive\tpa poda tejl\tthe expensive wine\npa risid eg gseh\tthe motor is quiet\tpa gsehha risid\tthe quiet motor\n\n",
    "questions": "[{\"question_n\": \"Q 1.1\", \"prompt\": \"Fill in the missing words numbered (1) to (8) in the table.\", \"subprompts\": [{\"questionpart_n\": \"1\", \"question\": \"(1)\", \"answer\": \"tilal\", \"matches_human_scoring\": false, \"fuzzy_matching\": false, \"manual_edit\": false}, {\"questionpart_n\": \"2\", \"question\": \"(2)\", \"answer\": \"kudal\", \"matches_human_scoring\": false, \"fuzzy_matching\": false, \"manual_edit\": false}, {\"questionpart_n\": \"3\", \"question\": \"(3)\", \"answer\": \"aal iid\", \"matches_human_scoring\": false, \"fuzzy_matching\": false, \"manual_edit\": false}, {\"questionpart_n\": \"4\", \"question\": \"(4)\", \"answer\": \"odal\", \"matches_human_scoring\": false, \"fuzzy_matching\": false, \"manual_edit\": false}, {\"questionpart_n\": \"5\", \"question\": \"(5)\", \"answer\": \"aal updag\", \"matches_human_scoring\": false, \"fuzzy_matching\": false, \"manual_edit\": false}, {\"questionpart_n\": \"6\", \"question\": \"(6)\", \"answer\": \"en wir\", \"matches_human_scoring\": false, \"fuzzy_matching\": false, \"manual_edit\": false}, {\"questionpart_n\": \"7\", \"question\": \"(7)\", \"answer\": \"aal duuf\", \"matches_human_scoring\": false, \"fuzzy_matching\": false, \"manual_edit\": false}, {\"questionpart_n\": \"8\", \"question\": \"(8)\", \"answer\": \"gsummal\", \"matches_human_scoring\": false, \"fuzzy_matching\": false, \"manual_edit\": false}]}, {\"question_n\": \"Q 1.2\", \"prompt\": \"How would you say the following in Language X?\", \"subprompts\": [{\"questionpart_n\": \"9\", \"question\": \"the red hair\", \"answer\": \"pa dipa kuud\", \"matches_human_scoring\": false, \"fuzzy_matching\": false, \"manual_edit\": false}, {\"questionpart_n\": \"10\", \"question\": \"the fat man\", \"answer\": \"pa vassa kaad\", \"matches_human_scoring\": false, \"fuzzy_matching\": false, \"manual_edit\": false}]}]",
    "obfuscated": "True",
    "obf_num": "30",
    "mapping": {
        "a": "u",
        "e": "a",
        "i": "e",
        "o": "i",
        "u": "o",
        "t": "s",
        "k": "n",
        "p": "m",
        "s": "g",
        "n": "l",
        "m": "r",
        "g": "w",
        "l": "h",
        "r": "d",
        "w": "t",
        "h": "k",
        "d": "p",
        "f": "f",
        "v": "v",
        "j": "j"
    }
}