{
    "json_invalid": false,
    "preamble": "Problem 1. Double Language X (5 marks)\n",
    "context": " Language X   is spoken in Country X and in part of Country Y.  Here are some Language X words and phrases in different grammatical forms, with their English translations.\n\nam puun\tI am called\tpunur\tto be called\nam piit\tI rent\tpitur\tto rent\nuur rum\ta neck\trummur\tnecks\nuur puut\ta man\tputur\tmen\nam hem\tI bet\themmur\tto bet\nam duuf\tI live\tduvur\tto live\nuur dag\ta lip\tdaggur\tlips\nam woom\tI make\twomur\tto make\nam huuf\tI give\thuvur\tto give\nam keer\tI live\t(1)\tto live\nuur poot\ta hair\t(2)\thairs\n(3)\tan ear\tetur\tears\nuur iit\tan hour\t(4)\thours\n(5)\tan address\tostullur\taddresses\n(6)\tI erase\thewwur\tto erase\n(7)\ta raven\ttovur\travens\nam lnog\tI step\t(8)\tto step\n\n\u201cTees\u201d means \u201cred\u201d and \u201cvun\u201d means \u201cfat\u201d; and here are some more Language X phrases:\n\nsu kajr al siit\tthe wine is expensive\tsu situ kajr\tthe expensive wine\nsu wenet al lnad\tthe motor is quiet\tsu lnaddu wenet\tthe quiet motor\n\n",
    "questions": "[{\"question_n\": \"Q 1.1\", \"prompt\": \"Fill in the missing words numbered (1) to (8) in the table.\", \"subprompts\": [{\"questionpart_n\": \"1\", \"question\": \"(1)\", \"answer\": \"kerur\", \"matches_human_scoring\": false, \"fuzzy_matching\": false, \"manual_edit\": false}, {\"questionpart_n\": \"2\", \"question\": \"(2)\", \"answer\": \"potur\", \"matches_human_scoring\": false, \"fuzzy_matching\": false, \"manual_edit\": false}, {\"questionpart_n\": \"3\", \"question\": \"(3)\", \"answer\": \"uur eet\", \"matches_human_scoring\": false, \"fuzzy_matching\": false, \"manual_edit\": false}, {\"questionpart_n\": \"4\", \"question\": \"(4)\", \"answer\": \"itur\", \"matches_human_scoring\": false, \"fuzzy_matching\": false, \"manual_edit\": false}, {\"questionpart_n\": \"5\", \"question\": \"(5)\", \"answer\": \"uur ostul\", \"matches_human_scoring\": false, \"fuzzy_matching\": false, \"manual_edit\": false}, {\"questionpart_n\": \"6\", \"question\": \"(6)\", \"answer\": \"am hew\", \"matches_human_scoring\": false, \"fuzzy_matching\": false, \"manual_edit\": false}, {\"questionpart_n\": \"7\", \"question\": \"(7)\", \"answer\": \"uur toof\", \"matches_human_scoring\": false, \"fuzzy_matching\": false, \"manual_edit\": false}, {\"questionpart_n\": \"8\", \"question\": \"(8)\", \"answer\": \"lnoggur\", \"matches_human_scoring\": false, \"fuzzy_matching\": false, \"manual_edit\": false}]}, {\"question_n\": \"Q 1.2\", \"prompt\": \"How would you say the following in Language X?\", \"subprompts\": [{\"questionpart_n\": \"9\", \"question\": \"the red hair\", \"answer\": \"su tesu poot\", \"matches_human_scoring\": false, \"fuzzy_matching\": false, \"manual_edit\": false}, {\"questionpart_n\": \"10\", \"question\": \"the fat man\", \"answer\": \"su vunnu puut\", \"matches_human_scoring\": false, \"fuzzy_matching\": false, \"manual_edit\": false}]}]",
    "obfuscated": "True",
    "obf_num": "26",
    "mapping": {
        "a": "o",
        "e": "u",
        "i": "a",
        "o": "e",
        "u": "i",
        "t": "n",
        "k": "m",
        "p": "g",
        "s": "l",
        "n": "r",
        "m": "w",
        "g": "h",
        "l": "d",
        "r": "t",
        "w": "k",
        "h": "p",
        "d": "s",
        "f": "f",
        "v": "v",
        "j": "j"
    }
}