{
    "json_invalid": false,
    "preamble": "Problem 4. The long and the short of Language X (10 marks)\n  ",
    "context": "Explanation of symbols:\n[:] This shows that the immediately preceding vowel or consonant is long, so i:ta\u0301f:i starts with a long vowel and includes a double l. A long consonant sounds like two, as with the two t\u2019s in hat-trick (but not in Patrick).\n[\u00b4] Stressed (i.e. louder) syllables are marked with an acute accent [\u00b4] written over the vowel.\n[\u00e7] is pronounced like the letter s in the English word soft.\n[x] is a single consonant sound pronounced like the letter s in the English word vision.\n[\u00e6] is a vowel pronounced like the letter e in the English word bet.\n\nBelow are some words written in Language X along with their English translations. Unfortunately, two of the words have their stress on the wrong syllable \u2026\n\ni:ta\u0301f:i\t\u2018bird\u2019\nberu\u0301:\t\u2018city\u2019\nm\u00e6\u0301qr\u00e6\t\u2018pasta\u2019\nqno\u00e6\u0301c:p\u00e6\t\u2018team\u2019\nsei\u0301:sar:\u00e6\t\u2018violet\u2019\nmi\u0301lra\t\u2018bridge\u2019\nli\u0301qrpi\t\u2018our\u2019\nsale\u0301l\t\u2018poison\u2019\nci:baga\u0301lra\t\u2018sweetly\u2019\nxira\u0301f:i\t\u2018knife\u2019\nxi\u0301g:a\t\u2018how\u2019\nga:te\u0301l:\u00e6\t\u2018medicine\u2019\nc\u00e6\u0301r:io\t\u2018date\u2019 (fruit)\nqxi:te\u0301:\t\u2018to insult\u2019\nv\u00e6:ti\u0301\t\u2018kiss\u2019\nmie\u0301:\u00e6\t\u2018fear\u2019\nmo\u0301:\u00e6\t\u2018dust\u2019\np\u00e6\u0301g:i\t\u2018copper\u2019\nrap\u00e6gi\u0301r:i\t\u2018earthquake\u2019\n\u00e6do\u0301q:i\t\u2018sharp\u2019\n\u00e6doq\u00e6\u0301:\t\u2018to sharpen\u2019\nva\u0301qre\u00e6\t\u2018beast\u2019",
    "questions": "[{\"question_n\": \"Q 4.1\", \"prompt\": \"Identify the two words from the list above which have their stress on the wrong syllable and write them below with their stress on the correct syllable.\", \"subprompts\": [{\"questionpart_n\": \"g.\", \"question\": \"\", \"answer\": \"[\\\"sei:sa\u0301r:\u00e6, v\u00e6\u0301:ti\\\", \\\"v\u00e6\u0301:ti, sei:sa\u0301r:\u00e6\\\"]\", \"matches_human_scoring\": false, \"fuzzy_matching\": false, \"manual_edit\": false}]}, {\"question_n\": \"Q 4.2\", \"prompt\": \"Add accents to the following Language X words to show which syllable should be stressed. Rewrite the Language X word with the correct accent.\", \"subprompts\": [{\"questionpart_n\": \"a.\", \"question\": \"vif\u00e6x:i\\t\\u2018bucket\\u2019\", \"answer\": \"vif\u00e6\u0301x:i\", \"matches_human_scoring\": false, \"fuzzy_matching\": false, \"manual_edit\": false}, {\"questionpart_n\": \"b.\", \"question\": \"qa:e\\t\\u2018six\\u2019\", \"answer\": \"qa\u0301:e\", \"matches_human_scoring\": false, \"fuzzy_matching\": false, \"manual_edit\": false}, {\"questionpart_n\": \"c.\", \"question\": \"c\u0327opgela\\t\\u2018lightning\\u2019\", \"answer\": \"c\u0327o\u0301pgela\", \"matches_human_scoring\": false, \"fuzzy_matching\": false, \"manual_edit\": false}, {\"questionpart_n\": \"d.\", \"question\": \"\u00e6veroc:ela\\t\\u2018habit\\u2019\", \"answer\": \"\u00e6vero\u0301c:ela\", \"matches_human_scoring\": false, \"fuzzy_matching\": false, \"manual_edit\": false}, {\"questionpart_n\": \"e.\", \"question\": \"\u00e6xipcei\\t\\u2018agreement\\u2019\", \"answer\": \"\u00e6xi\u0301pcei\", \"matches_human_scoring\": false, \"fuzzy_matching\": false, \"manual_edit\": false}, {\"questionpart_n\": \"f.\", \"question\": \"u:di\u00e6\\t\\u2018water\\u2019\", \"answer\": \"u\u0301:di\u00e6\", \"matches_human_scoring\": false, \"fuzzy_matching\": false, \"manual_edit\": false}]}]",
    "obfuscated": "True",
    "obf_num": "5",
    "mapping": {
        "b": "v",
        "c": "x",
        "c\u0327": "b",
        "d": "c",
        "f": "c\u0327",
        "g": "d",
        "l": "f",
        "m": "g",
        "n": "l",
        "p": "m",
        "q": "n",
        "r": "p",
        "s": "q",
        "t": "r",
        "v": "s",
        "x": "t",
        "\u00e6": "u",
        "a": "\u00e6",
        "e": "a",
        "i": "e",
        "o": "i",
        "u": "o",
        ":": ":",
        "\u0301": "\u0301"
    }
}