{
    "json_invalid": false,
    "preamble": "Problem 4. The long and the short of Language X (10 marks)\n  ",
    "context": "Explanation of symbols:\n[:] This shows that the immediately preceding vowel or consonant is long, so i:na\u0301x:i starts with a long vowel and includes a double l. A long consonant sounds like two, as with the two t\u2019s in hat-trick (but not in Patrick).\n[\u00b4] Stressed (i.e. louder) syllables are marked with an acute accent [\u00b4] written over the vowel.\n[\u00e7] is pronounced like the letter s in the English word soft.\n[x] is a single consonant sound pronounced like the letter s in the English word vision.\n[\u00e6] is a vowel pronounced like the letter e in the English word bet.\n\nBelow are some words written in Language X along with their English translations. Unfortunately, two of the words have their stress on the wrong syllable \u2026\n\ni:na\u0301x:i\t\u2018bird\u2019\nrelu\u0301:\t\u2018city\u2019\nc\u0327\u00e6\u0301gl\u00e6\t\u2018pasta\u2019\ngdo\u00e6\u0301s:f\u00e6\t\u2018team\u2019\nmei\u0301:mal:\u00e6\t\u2018violet\u2019\nc\u0327i\u0301cla\t\u2018bridge\u2019\nci\u0301glfi\t\u2018our\u2019\nmace\u0301c\t\u2018poison\u2019\nsi:raba\u0301cla\t\u2018sweetly\u2019\nqila\u0301x:i\t\u2018knife\u2019\nqi\u0301b:a\t\u2018how\u2019\nba:ne\u0301c:\u00e6\t\u2018medicine\u2019\ns\u00e6\u0301l:io\t\u2018date\u2019 (fruit)\ngqi:ne\u0301:\t\u2018to insult\u2019\np\u00e6:ni\u0301\t\u2018kiss\u2019\nc\u0327ie\u0301:\u00e6\t\u2018fear\u2019\nc\u0327o\u0301:\u00e6\t\u2018dust\u2019\nf\u00e6\u0301b:i\t\u2018copper\u2019\nlaf\u00e6bi\u0301l:i\t\u2018earthquake\u2019\n\u00e6vo\u0301g:i\t\u2018sharp\u2019\n\u00e6vog\u00e6\u0301:\t\u2018to sharpen\u2019\npa\u0301gle\u00e6\t\u2018beast\u2019",
    "questions": "[{\"question_n\": \"Q 4.1\", \"prompt\": \"Identify the two words from the list above which have their stress on the wrong syllable and write them below with their stress on the correct syllable.\", \"subprompts\": [{\"questionpart_n\": \"g.\", \"question\": \"\", \"answer\": \"[\\\"mei:ma\u0301l:\u00e6, p\u00e6\u0301:ni\\\", \\\"p\u00e6\u0301:ni, mei:ma\u0301l:\u00e6\\\"]\", \"matches_human_scoring\": false, \"fuzzy_matching\": false, \"manual_edit\": false}]}, {\"question_n\": \"Q 4.2\", \"prompt\": \"Add accents to the following Language X words to show which syllable should be stressed. Rewrite the Language X word with the correct accent.\", \"subprompts\": [{\"questionpart_n\": \"a.\", \"question\": \"pix\u00e6q:i\\t\\u2018bucket\\u2019\", \"answer\": \"pix\u00e6\u0301q:i\", \"matches_human_scoring\": false, \"fuzzy_matching\": false, \"manual_edit\": false}, {\"questionpart_n\": \"b.\", \"question\": \"ga:e\\t\\u2018six\\u2019\", \"answer\": \"ga\u0301:e\", \"matches_human_scoring\": false, \"fuzzy_matching\": false, \"manual_edit\": false}, {\"questionpart_n\": \"c.\", \"question\": \"tofbeca\\t\\u2018lightning\\u2019\", \"answer\": \"to\u0301fbeca\", \"matches_human_scoring\": false, \"fuzzy_matching\": false, \"manual_edit\": false}, {\"questionpart_n\": \"d.\", \"question\": \"\u00e6pelos:eca\\t\\u2018habit\\u2019\", \"answer\": \"\u00e6pelo\u0301s:eca\", \"matches_human_scoring\": false, \"fuzzy_matching\": false, \"manual_edit\": false}, {\"questionpart_n\": \"e.\", \"question\": \"\u00e6qifsei\\t\\u2018agreement\\u2019\", \"answer\": \"\u00e6qi\u0301fsei\", \"matches_human_scoring\": false, \"fuzzy_matching\": false, \"manual_edit\": false}, {\"questionpart_n\": \"f.\", \"question\": \"u:vi\u00e6\\t\\u2018water\\u2019\", \"answer\": \"u\u0301:vi\u00e6\", \"matches_human_scoring\": false, \"fuzzy_matching\": false, \"manual_edit\": false}]}]",
    "obfuscated": "True",
    "obf_num": "9",
    "mapping": {
        "b": "p",
        "c": "q",
        "c\u0327": "r",
        "d": "s",
        "f": "t",
        "g": "v",
        "l": "x",
        "m": "b",
        "n": "c",
        "p": "c\u0327",
        "q": "d",
        "r": "f",
        "s": "g",
        "t": "l",
        "v": "m",
        "x": "n",
        "\u00e6": "u",
        "a": "\u00e6",
        "e": "a",
        "i": "e",
        "o": "i",
        "u": "o",
        ":": ":",
        "\u0301": "\u0301"
    }
}