{
    "json_invalid": false,
    "preamble": "Problem 4. The long and the short of Language X (10 marks)\n  ",
    "context": "Explanation of symbols:\n[:] This shows that the immediately preceding vowel or consonant is long, so e:s\u00e6\u0301d:e starts with a long vowel and includes a double l. A long consonant sounds like two, as with the two t\u2019s in hat-trick (but not in Patrick).\n[\u00b4] Stressed (i.e. louder) syllables are marked with an acute accent [\u00b4] written over the vowel.\n[\u00e7] is pronounced like the letter s in the English word soft.\n[x] is a single consonant sound pronounced like the letter s in the English word vision.\n[\u00e6] is a vowel pronounced like the letter e in the English word bet.\n\nBelow are some words written in Language X along with their English translations. Unfortunately, two of the words have their stress on the wrong syllable \u2026\n\ne:s\u00e6\u0301d:e\t\u2018bird\u2019\nxaqo\u0301:\t\u2018city\u2019\nlu\u0301pqu\t\u2018pasta\u2019\npmiu\u0301b:nu\t\u2018team\u2019\nrae\u0301:r\u00e6q:u\t\u2018violet\u2019\nle\u0301gq\u00e6\t\u2018bridge\u2019\nge\u0301pqne\t\u2018our\u2019\nr\u00e6ga\u0301g\t\u2018poison\u2019\nbe:x\u00e6f\u00e6\u0301gq\u00e6\t\u2018sweetly\u2019\nveq\u00e6\u0301d:e\t\u2018knife\u2019\nve\u0301f:\u00e6\t\u2018how\u2019\nf\u00e6:sa\u0301g:u\t\u2018medicine\u2019\nbu\u0301q:ei\t\u2018date\u2019 (fruit)\npve:sa\u0301:\t\u2018to insult\u2019\ntu:se\u0301\t\u2018kiss\u2019\nlea\u0301:u\t\u2018fear\u2019\nli\u0301:u\t\u2018dust\u2019\nnu\u0301f:e\t\u2018copper\u2019\nq\u00e6nufe\u0301q:e\t\u2018earthquake\u2019\nuc\u0327i\u0301p:e\t\u2018sharp\u2019\nuc\u0327ipu\u0301:\t\u2018to sharpen\u2019\nt\u00e6\u0301pqau\t\u2018beast\u2019",
    "questions": "[{\"question_n\": \"Q 4.1\", \"prompt\": \"Identify the two words from the list above which have their stress on the wrong syllable and write them below with their stress on the correct syllable.\", \"subprompts\": [{\"questionpart_n\": \"g.\", \"question\": \"\", \"answer\": \"[\\\"rae:r\u00e6\u0301q:u, tu\u0301:se\\\", \\\"tu\u0301:se, rae:r\u00e6\u0301q:u\\\"]\", \"matches_human_scoring\": false, \"fuzzy_matching\": false, \"manual_edit\": false}]}, {\"question_n\": \"Q 4.2\", \"prompt\": \"Add accents to the following Language X words to show which syllable should be stressed. Rewrite the Language X word with the correct accent.\", \"subprompts\": [{\"questionpart_n\": \"a.\", \"question\": \"teduv:e\\t\\u2018bucket\\u2019\", \"answer\": \"tedu\u0301v:e\", \"matches_human_scoring\": false, \"fuzzy_matching\": false, \"manual_edit\": false}, {\"questionpart_n\": \"b.\", \"question\": \"p\u00e6:a\\t\\u2018six\\u2019\", \"answer\": \"p\u00e6\u0301:a\", \"matches_human_scoring\": false, \"fuzzy_matching\": false, \"manual_edit\": false}, {\"questionpart_n\": \"c.\", \"question\": \"cinfag\u00e6\\t\\u2018lightning\\u2019\", \"answer\": \"ci\u0301nfag\u00e6\", \"matches_human_scoring\": false, \"fuzzy_matching\": false, \"manual_edit\": false}, {\"questionpart_n\": \"d.\", \"question\": \"utaqib:ag\u00e6\\t\\u2018habit\\u2019\", \"answer\": \"utaqi\u0301b:ag\u00e6\", \"matches_human_scoring\": false, \"fuzzy_matching\": false, \"manual_edit\": false}, {\"questionpart_n\": \"e.\", \"question\": \"uvenbae\\t\\u2018agreement\\u2019\", \"answer\": \"uve\u0301nbae\", \"matches_human_scoring\": false, \"fuzzy_matching\": false, \"manual_edit\": false}, {\"questionpart_n\": \"f.\", \"question\": \"o:c\u0327eu\\t\\u2018water\\u2019\", \"answer\": \"o\u0301:c\u0327eu\", \"matches_human_scoring\": false, \"fuzzy_matching\": false, \"manual_edit\": false}]}]",
    "obfuscated": "True",
    "obf_num": "29",
    "mapping": {
        "b": "t",
        "c": "v",
        "c\u0327": "x",
        "d": "b",
        "f": "c",
        "g": "c\u0327",
        "l": "d",
        "m": "f",
        "n": "g",
        "p": "l",
        "q": "m",
        "r": "n",
        "s": "p",
        "t": "q",
        "v": "r",
        "x": "s",
        "\u00e6": "o",
        "a": "u",
        "e": "\u00e6",
        "i": "a",
        "o": "e",
        "u": "i",
        ":": ":",
        "\u0301": "\u0301"
    }
}