{
    "json_invalid": false,
    "preamble": "Problem 4. The long and the short of Language X (10 marks)\n  ",
    "context": "Explanation of symbols:\n[:] This shows that the immediately preceding vowel or consonant is long, so \u00e6:do\u0301q:\u00e6 starts with a long vowel and includes a double l. A long consonant sounds like two, as with the two t\u2019s in hat-trick (but not in Patrick).\n[\u00b4] Stressed (i.e. louder) syllables are marked with an acute accent [\u00b4] written over the vowel.\n[\u00e7] is pronounced like the letter s in the English word soft.\n[x] is a single consonant sound pronounced like the letter s in the English word vision.\n[\u00e6] is a vowel pronounced like the letter e in the English word bet.\n\nBelow are some words written in Language X along with their English translations. Unfortunately, two of the words have their stress on the wrong syllable \u2026\n\n\u00e6:do\u0301q:\u00e6\t\u2018bird\u2019\nluce\u0301:\t\u2018city\u2019\nti\u0301bci\t\u2018pasta\u2019\nbvai\u0301m:xi\t\u2018team\u2019\nc\u0327u\u00e6\u0301:c\u0327oc:i\t\u2018violet\u2019\nt\u00e6\u0301sco\t\u2018bridge\u2019\ns\u00e6\u0301bcx\u00e6\t\u2018our\u2019\nc\u0327osu\u0301s\t\u2018poison\u2019\nm\u00e6:loro\u0301sco\t\u2018sweetly\u2019\ng\u00e6co\u0301q:\u00e6\t\u2018knife\u2019\ng\u00e6\u0301r:o\t\u2018how\u2019\nro:du\u0301s:i\t\u2018medicine\u2019\nmi\u0301c:\u00e6a\t\u2018date\u2019 (fruit)\nbg\u00e6:du\u0301:\t\u2018to insult\u2019\nfi:d\u00e6\u0301\t\u2018kiss\u2019\nt\u00e6u\u0301:i\t\u2018fear\u2019\nta\u0301:i\t\u2018dust\u2019\nxi\u0301r:\u00e6\t\u2018copper\u2019\ncoxir\u00e6\u0301c:\u00e6\t\u2018earthquake\u2019\nipa\u0301b:\u00e6\t\u2018sharp\u2019\nipabi\u0301:\t\u2018to sharpen\u2019\nfo\u0301bcui\t\u2018beast\u2019",
    "questions": "[{\"question_n\": \"Q 4.1\", \"prompt\": \"Identify the two words from the list above which have their stress on the wrong syllable and write them below with their stress on the correct syllable.\", \"subprompts\": [{\"questionpart_n\": \"g.\", \"question\": \"\", \"answer\": \"[\\\"c\u0327u\u00e6:c\u0327o\u0301c:i, fi\u0301:d\u00e6\\\", \\\"fi\u0301:d\u00e6, c\u0327u\u00e6:c\u0327o\u0301c:i\\\"]\", \"matches_human_scoring\": false, \"fuzzy_matching\": false, \"manual_edit\": false}]}, {\"question_n\": \"Q 4.2\", \"prompt\": \"Add accents to the following Language X words to show which syllable should be stressed. Rewrite the Language X word with the correct accent.\", \"subprompts\": [{\"questionpart_n\": \"a.\", \"question\": \"f\u00e6qig:\u00e6\\t\\u2018bucket\\u2019\", \"answer\": \"f\u00e6qi\u0301g:\u00e6\", \"matches_human_scoring\": false, \"fuzzy_matching\": false, \"manual_edit\": false}, {\"questionpart_n\": \"b.\", \"question\": \"bo:u\\t\\u2018six\\u2019\", \"answer\": \"bo\u0301:u\", \"matches_human_scoring\": false, \"fuzzy_matching\": false, \"manual_edit\": false}, {\"questionpart_n\": \"c.\", \"question\": \"naxruso\\t\\u2018lightning\\u2019\", \"answer\": \"na\u0301xruso\", \"matches_human_scoring\": false, \"fuzzy_matching\": false, \"manual_edit\": false}, {\"questionpart_n\": \"d.\", \"question\": \"ifucam:uso\\t\\u2018habit\\u2019\", \"answer\": \"ifuca\u0301m:uso\", \"matches_human_scoring\": false, \"fuzzy_matching\": false, \"manual_edit\": false}, {\"questionpart_n\": \"e.\", \"question\": \"ig\u00e6xmu\u00e6\\t\\u2018agreement\\u2019\", \"answer\": \"ig\u00e6\u0301xmu\u00e6\", \"matches_human_scoring\": false, \"fuzzy_matching\": false, \"manual_edit\": false}, {\"questionpart_n\": \"f.\", \"question\": \"e:p\u00e6i\\t\\u2018water\\u2019\", \"answer\": \"e\u0301:p\u00e6i\", \"matches_human_scoring\": false, \"fuzzy_matching\": false, \"manual_edit\": false}]}]",
    "obfuscated": "True",
    "obf_num": "13",
    "mapping": {
        "b": "f",
        "c": "g",
        "c\u0327": "l",
        "d": "m",
        "f": "n",
        "g": "p",
        "l": "q",
        "m": "r",
        "n": "s",
        "p": "t",
        "q": "v",
        "r": "x",
        "s": "b",
        "t": "c",
        "v": "c\u0327",
        "x": "d",
        "\u00e6": "e",
        "a": "i",
        "e": "o",
        "i": "u",
        "o": "\u00e6",
        "u": "a",
        ":": ":",
        "\u0301": "\u0301"
    }
}