{
    "json_invalid": false,
    "preamble": "Problem 4. The long and the short of Language X (10 marks)\n  ",
    "context": "Explanation of symbols:\n[:] This shows that the immediately preceding vowel or consonant is long, so a:bu\u0301m:a starts with a long vowel and includes a double l. A long consonant sounds like two, as with the two t\u2019s in hat-trick (but not in Patrick).\n[\u00b4] Stressed (i.e. louder) syllables are marked with an acute accent [\u00b4] written over the vowel.\n[\u00e7] is pronounced like the letter s in the English word soft.\n[x] is a single consonant sound pronounced like the letter s in the English word vision.\n[\u00e6] is a vowel pronounced like the letter e in the English word bet.\n\nBelow are some words written in Language X along with their English translations. Unfortunately, two of the words have their stress on the wrong syllable \u2026\n\na:bu\u0301m:a\t\u2018bird\u2019\nd\u00e6vi\u0301:\t\u2018city\u2019\nqo\u0301tvo\t\u2018pasta\u2019\ntreo\u0301f:so\t\u2018team\u2019\nx\u00e6a\u0301:xuv:o\t\u2018violet\u2019\nqa\u0301pvu\t\u2018bridge\u2019\npa\u0301tvsa\t\u2018our\u2019\nxup\u00e6\u0301p\t\u2018poison\u2019\nfa:dunu\u0301pvu\t\u2018sweetly\u2019\nc\u0327avu\u0301m:a\t\u2018knife\u2019\nc\u0327a\u0301n:u\t\u2018how\u2019\nnu:b\u00e6\u0301p:o\t\u2018medicine\u2019\nfo\u0301v:ae\t\u2018date\u2019 (fruit)\ntc\u0327a:b\u00e6\u0301:\t\u2018to insult\u2019\nco:ba\u0301\t\u2018kiss\u2019\nqa\u00e6\u0301:o\t\u2018fear\u2019\nqe\u0301:o\t\u2018dust\u2019\nso\u0301n:a\t\u2018copper\u2019\nvusona\u0301v:a\t\u2018earthquake\u2019\nole\u0301t:a\t\u2018sharp\u2019\noleto\u0301:\t\u2018to sharpen\u2019\ncu\u0301tv\u00e6o\t\u2018beast\u2019",
    "questions": "[{\"question_n\": \"Q 4.1\", \"prompt\": \"Identify the two words from the list above which have their stress on the wrong syllable and write them below with their stress on the correct syllable.\", \"subprompts\": [{\"questionpart_n\": \"g.\", \"question\": \"\", \"answer\": \"[\\\"x\u00e6a:xu\u0301v:o, co\u0301:ba\\\", \\\"co\u0301:ba, x\u00e6a:xu\u0301v:o\\\"]\", \"matches_human_scoring\": false, \"fuzzy_matching\": false, \"manual_edit\": false}]}, {\"question_n\": \"Q 4.2\", \"prompt\": \"Add accents to the following Language X words to show which syllable should be stressed. Rewrite the Language X word with the correct accent.\", \"subprompts\": [{\"questionpart_n\": \"a.\", \"question\": \"camoc\u0327:a\\t\\u2018bucket\\u2019\", \"answer\": \"camo\u0301c\u0327:a\", \"matches_human_scoring\": false, \"fuzzy_matching\": false, \"manual_edit\": false}, {\"questionpart_n\": \"b.\", \"question\": \"tu:\u00e6\\t\\u2018six\\u2019\", \"answer\": \"tu\u0301:\u00e6\", \"matches_human_scoring\": false, \"fuzzy_matching\": false, \"manual_edit\": false}, {\"questionpart_n\": \"c.\", \"question\": \"gesn\u00e6pu\\t\\u2018lightning\\u2019\", \"answer\": \"ge\u0301sn\u00e6pu\", \"matches_human_scoring\": false, \"fuzzy_matching\": false, \"manual_edit\": false}, {\"questionpart_n\": \"d.\", \"question\": \"oc\u00e6vef:\u00e6pu\\t\\u2018habit\\u2019\", \"answer\": \"oc\u00e6ve\u0301f:\u00e6pu\", \"matches_human_scoring\": false, \"fuzzy_matching\": false, \"manual_edit\": false}, {\"questionpart_n\": \"e.\", \"question\": \"oc\u0327asf\u00e6a\\t\\u2018agreement\\u2019\", \"answer\": \"oc\u0327a\u0301sf\u00e6a\", \"matches_human_scoring\": false, \"fuzzy_matching\": false, \"manual_edit\": false}, {\"questionpart_n\": \"f.\", \"question\": \"i:lao\\t\\u2018water\\u2019\", \"answer\": \"i\u0301:lao\", \"matches_human_scoring\": false, \"fuzzy_matching\": false, \"manual_edit\": false}]}]",
    "obfuscated": "True",
    "obf_num": "12",
    "mapping": {
        "b": "c",
        "c": "c\u0327",
        "c\u0327": "d",
        "d": "f",
        "f": "g",
        "g": "l",
        "l": "m",
        "m": "n",
        "n": "p",
        "p": "q",
        "q": "r",
        "r": "s",
        "s": "t",
        "t": "v",
        "v": "x",
        "x": "b",
        "\u00e6": "i",
        "a": "o",
        "e": "u",
        "i": "\u00e6",
        "o": "a",
        "u": "e",
        ":": ":",
        "\u0301": "\u0301"
    }
}