{
    "json_invalid": false,
    "preamble": "Problem 4. The long and the short of Language X (10 marks)\n  ",
    "context": "Explanation of symbols:\n[:] This shows that the immediately preceding vowel or consonant is long, so e:l\u00e6\u0301t:e starts with a long vowel and includes a double l. A long consonant sounds like two, as with the two t\u2019s in hat-trick (but not in Patrick).\n[\u00b4] Stressed (i.e. louder) syllables are marked with an acute accent [\u00b4] written over the vowel.\n[\u00e7] is pronounced like the letter s in the English word soft.\n[x] is a single consonant sound pronounced like the letter s in the English word vision.\n[\u00e6] is a vowel pronounced like the letter e in the English word bet.\n\nBelow are some words written in Language X along with their English translations. Unfortunately, two of the words have their stress on the wrong syllable \u2026\n\ne:l\u00e6\u0301t:e\t\u2018bird\u2019\npafo\u0301:\t\u2018city\u2019\nbu\u0301dfu\t\u2018pasta\u2019\ndciu\u0301q:c\u0327u\t\u2018team\u2019\ngae\u0301:g\u00e6f:u\t\u2018violet\u2019\nbe\u0301xf\u00e6\t\u2018bridge\u2019\nxe\u0301dfc\u0327e\t\u2018our\u2019\ng\u00e6xa\u0301x\t\u2018poison\u2019\nqe:p\u00e6v\u00e6\u0301xf\u00e6\t\u2018sweetly\u2019\nnef\u00e6\u0301t:e\t\u2018knife\u2019\nne\u0301v:\u00e6\t\u2018how\u2019\nv\u00e6:la\u0301x:u\t\u2018medicine\u2019\nqu\u0301f:ei\t\u2018date\u2019 (fruit)\ndne:la\u0301:\t\u2018to insult\u2019\nmu:le\u0301\t\u2018kiss\u2019\nbea\u0301:u\t\u2018fear\u2019\nbi\u0301:u\t\u2018dust\u2019\nc\u0327u\u0301v:e\t\u2018copper\u2019\nf\u00e6c\u0327uve\u0301f:e\t\u2018earthquake\u2019\nusi\u0301d:e\t\u2018sharp\u2019\nusidu\u0301:\t\u2018to sharpen\u2019\nm\u00e6\u0301dfau\t\u2018beast\u2019",
    "questions": "[{\"question_n\": \"Q 4.1\", \"prompt\": \"Identify the two words from the list above which have their stress on the wrong syllable and write them below with their stress on the correct syllable.\", \"subprompts\": [{\"questionpart_n\": \"g.\", \"question\": \"\", \"answer\": \"[\\\"gae:g\u00e6\u0301f:u, mu\u0301:le\\\", \\\"mu\u0301:le, gae:g\u00e6\u0301f:u\\\"]\", \"matches_human_scoring\": false, \"fuzzy_matching\": false, \"manual_edit\": false}]}, {\"question_n\": \"Q 4.2\", \"prompt\": \"Add accents to the following Language X words to show which syllable should be stressed. Rewrite the Language X word with the correct accent.\", \"subprompts\": [{\"questionpart_n\": \"a.\", \"question\": \"metun:e\\t\\u2018bucket\\u2019\", \"answer\": \"metu\u0301n:e\", \"matches_human_scoring\": false, \"fuzzy_matching\": false, \"manual_edit\": false}, {\"questionpart_n\": \"b.\", \"question\": \"d\u00e6:a\\t\\u2018six\\u2019\", \"answer\": \"d\u00e6\u0301:a\", \"matches_human_scoring\": false, \"fuzzy_matching\": false, \"manual_edit\": false}, {\"questionpart_n\": \"c.\", \"question\": \"ric\u0327vax\u00e6\\t\\u2018lightning\\u2019\", \"answer\": \"ri\u0301c\u0327vax\u00e6\", \"matches_human_scoring\": false, \"fuzzy_matching\": false, \"manual_edit\": false}, {\"questionpart_n\": \"d.\", \"question\": \"umafiq:ax\u00e6\\t\\u2018habit\\u2019\", \"answer\": \"umafi\u0301q:ax\u00e6\", \"matches_human_scoring\": false, \"fuzzy_matching\": false, \"manual_edit\": false}, {\"questionpart_n\": \"e.\", \"question\": \"unec\u0327qae\\t\\u2018agreement\\u2019\", \"answer\": \"une\u0301c\u0327qae\", \"matches_human_scoring\": false, \"fuzzy_matching\": false, \"manual_edit\": false}, {\"questionpart_n\": \"f.\", \"question\": \"o:seu\\t\\u2018water\\u2019\", \"answer\": \"o\u0301:seu\", \"matches_human_scoring\": false, \"fuzzy_matching\": false, \"manual_edit\": false}]}]",
    "obfuscated": "True",
    "obf_num": "28",
    "mapping": {
        "b": "m",
        "c": "n",
        "c\u0327": "p",
        "d": "q",
        "f": "r",
        "g": "s",
        "l": "t",
        "m": "v",
        "n": "x",
        "p": "b",
        "q": "c",
        "r": "c\u0327",
        "s": "d",
        "t": "f",
        "v": "g",
        "x": "l",
        "\u00e6": "o",
        "a": "u",
        "e": "\u00e6",
        "i": "a",
        "o": "e",
        "u": "i",
        ":": ":",
        "\u0301": "\u0301"
    }
}