{
    "json_invalid": false,
    "preamble": "Problem 4. The long and the short of Language X (10 marks)\n  ",
    "context": "Explanation of symbols:\n[:] This shows that the immediately preceding vowel or consonant is long, so \u00e6:to\u0301f:\u00e6 starts with a long vowel and includes a double l. A long consonant sounds like two, as with the two t\u2019s in hat-trick (but not in Patrick).\n[\u00b4] Stressed (i.e. louder) syllables are marked with an acute accent [\u00b4] written over the vowel.\n[\u00e7] is pronounced like the letter s in the English word soft.\n[x] is a single consonant sound pronounced like the letter s in the English word vision.\n[\u00e6] is a vowel pronounced like the letter e in the English word bet.\n\nBelow are some words written in Language X along with their English translations. Unfortunately, two of the words have their stress on the wrong syllable \u2026\n\n\u00e6:to\u0301f:\u00e6\t\u2018bird\u2019\nbure\u0301:\t\u2018city\u2019\nmi\u0301qri\t\u2018pasta\u2019\nqnai\u0301c:pi\t\u2018team\u2019\nsu\u00e6\u0301:sor:i\t\u2018violet\u2019\nm\u00e6\u0301lro\t\u2018bridge\u2019\nl\u00e6\u0301qrp\u00e6\t\u2018our\u2019\nsolu\u0301l\t\u2018poison\u2019\nc\u00e6:bogo\u0301lro\t\u2018sweetly\u2019\nx\u00e6ro\u0301f:\u00e6\t\u2018knife\u2019\nx\u00e6\u0301g:o\t\u2018how\u2019\ngo:tu\u0301l:i\t\u2018medicine\u2019\nci\u0301r:\u00e6a\t\u2018date\u2019 (fruit)\nqx\u00e6:tu\u0301:\t\u2018to insult\u2019\nvi:t\u00e6\u0301\t\u2018kiss\u2019\nm\u00e6u\u0301:i\t\u2018fear\u2019\nma\u0301:i\t\u2018dust\u2019\npi\u0301g:\u00e6\t\u2018copper\u2019\nropig\u00e6\u0301r:\u00e6\t\u2018earthquake\u2019\nida\u0301q:\u00e6\t\u2018sharp\u2019\nidaqi\u0301:\t\u2018to sharpen\u2019\nvo\u0301qrui\t\u2018beast\u2019",
    "questions": "[{\"question_n\": \"Q 4.1\", \"prompt\": \"Identify the two words from the list above which have their stress on the wrong syllable and write them below with their stress on the correct syllable.\", \"subprompts\": [{\"questionpart_n\": \"g.\", \"question\": \"\", \"answer\": \"[\\\"su\u00e6:so\u0301r:i, vi\u0301:t\u00e6\\\", \\\"vi\u0301:t\u00e6, su\u00e6:so\u0301r:i\\\"]\", \"matches_human_scoring\": false, \"fuzzy_matching\": false, \"manual_edit\": false}]}, {\"question_n\": \"Q 4.2\", \"prompt\": \"Add accents to the following Language X words to show which syllable should be stressed. Rewrite the Language X word with the correct accent.\", \"subprompts\": [{\"questionpart_n\": \"a.\", \"question\": \"v\u00e6fix:\u00e6\\t\\u2018bucket\\u2019\", \"answer\": \"v\u00e6fi\u0301x:\u00e6\", \"matches_human_scoring\": false, \"fuzzy_matching\": false, \"manual_edit\": false}, {\"questionpart_n\": \"b.\", \"question\": \"qo:u\\t\\u2018six\\u2019\", \"answer\": \"qo\u0301:u\", \"matches_human_scoring\": false, \"fuzzy_matching\": false, \"manual_edit\": false}, {\"questionpart_n\": \"c.\", \"question\": \"c\u0327apgulo\\t\\u2018lightning\\u2019\", \"answer\": \"c\u0327a\u0301pgulo\", \"matches_human_scoring\": false, \"fuzzy_matching\": false, \"manual_edit\": false}, {\"questionpart_n\": \"d.\", \"question\": \"ivurac:ulo\\t\\u2018habit\\u2019\", \"answer\": \"ivura\u0301c:ulo\", \"matches_human_scoring\": false, \"fuzzy_matching\": false, \"manual_edit\": false}, {\"questionpart_n\": \"e.\", \"question\": \"ix\u00e6pcu\u00e6\\t\\u2018agreement\\u2019\", \"answer\": \"ix\u00e6\u0301pcu\u00e6\", \"matches_human_scoring\": false, \"fuzzy_matching\": false, \"manual_edit\": false}, {\"questionpart_n\": \"f.\", \"question\": \"e:d\u00e6i\\t\\u2018water\\u2019\", \"answer\": \"e\u0301:d\u00e6i\", \"matches_human_scoring\": false, \"fuzzy_matching\": false, \"manual_edit\": false}]}]",
    "obfuscated": "True",
    "obf_num": "8",
    "mapping": {
        "b": "v",
        "c": "x",
        "c\u0327": "b",
        "d": "c",
        "f": "c\u0327",
        "g": "d",
        "l": "f",
        "m": "g",
        "n": "l",
        "p": "m",
        "q": "n",
        "r": "p",
        "s": "q",
        "t": "r",
        "v": "s",
        "x": "t",
        "\u00e6": "e",
        "a": "i",
        "e": "o",
        "i": "u",
        "o": "\u00e6",
        "u": "a",
        ":": ":",
        "\u0301": "\u0301"
    }
}