{
    "json_invalid": false,
    "preamble": "Problem 5. Hello Language X! (15 marks)\n ",
    "context": "Below is a table showing for a few Language X verbs the different inflections (forms) they take to show grammatical differences. The contrasts are similar to those in our verb to be: imperative (Be good!); with \"you\" (\"You are good\"); with \"he/she\" (\"She is good\"); with \"they\" (\"They are good\").\n\nNote that <d\u0361\u0292> is a consonant pronounced like the <dge> in the English word edge; <\u014b> is a consonant pronounced like the <ng> at the end of the English word sing; <e> and <\u025b> are different; <o> and <\u0251> are different.\n\nimperative\twith you\twith he/she\twith they\tEnglish\n\u014b\u0261od\u0361\u0292i\tood\u0361\u0292i\tiod\u0361\u0292i\t\u014b\u0261iod\u0361\u0292i\t\u2018beget\u2019\nmisi\tomisi\timisi\t\u014b\u0261imisi\t\u2018work\u2019\n\u025blundi\tw\u025blundi\t\u025blundi\t\u014b\u0261\u025blundi\t\u2018consent\u2019\n\u0251ni\tw\u0251ni\t\u0251ni\t\u014b\u0261\u0251ni\t\u2018throw\u2019\n\u014b\u0261id\u0361\u0292i\toid\u0361\u0292i\tiid\u0361\u0292i\t\u014b\u0261iid\u0361\u0292i\t\u2018get\u2019\nepi\twepi\tepi\t\u014b\u0261epi\t\u2018see\u2019\n\u025bni\tw\u025bni\t\u025bni\t\u014b\u0261\u025bni\t\u2018hide\u2019\nnd\u025bti\tond\u025bti\tind\u025bti\t\u014b\u0261ind\u025bti\t\u2018wait\u2019\n\u025bpi\tw\u025bpi\t\u025bpi\t\u014b\u0261\u025bpi\t\u2018hate\u2019\n\u014b\u0261\u025bpi\to\u025bpi\ti\u025bpi\t\u014b\u0261i\u025bpi\t\u2018dance\u2019\nini\twini\tini\t\u014b\u0261ini\t\u2018search\u2019\n\u014b\u0261im\u025bni\t__(a)__\t__(b)__\t__(c)__\t\u2018add\u2019\n__(d)__\twibi\t__(e)__\t__(f)__\t\u2018begin\u2019\nnototi\t__(g)__\t__(h)__\t\u014b\u0261inototi\t\u2018chat\u2019\nkopili\t__(i)__\tikopili\t__(j)__\t\u2018elect\u2019\n__(k)__\toowi\t__(l)__\t__(m)__\t\u2018cure\u2019\n__(n)__\t__(o)__\tiit\u0251ni\t__(p)__\t\u2018turn\u2019\ntombi\t__(q)__\t__(r)__\t__(s)__\t\u2018win\u2019\nnimbi\tonimbi\tinimbi\t\u014b\u0261inimbi\t\u2018say\u2019",
    "questions": "[{\"question_n\": \"Q 5.1\", \"prompt\": \"Fill in the blanks in the table above.\", \"subprompts\": [{\"questionpart_n\": \"(a)\", \"question\": \"__(a)__\", \"answer\": \"oim\u025bni\", \"matches_human_scoring\": false, \"fuzzy_matching\": false, \"manual_edit\": false}, {\"questionpart_n\": \"(b)\", \"question\": \"__(b)__\", \"answer\": \"iim\u025bni\", \"matches_human_scoring\": false, \"fuzzy_matching\": false, \"manual_edit\": false}, {\"questionpart_n\": \"(c)\", \"question\": \"__(c)__\", \"answer\": \"\u014b\u0261iim\u025bni\", \"matches_human_scoring\": false, \"fuzzy_matching\": false, \"manual_edit\": false}, {\"questionpart_n\": \"(d)\", \"question\": \"__(d)__\", \"answer\": \"ibi\", \"matches_human_scoring\": false, \"fuzzy_matching\": false, \"manual_edit\": false}, {\"questionpart_n\": \"(e)\", \"question\": \"__(e)__\", \"answer\": \"ibi\", \"matches_human_scoring\": false, \"fuzzy_matching\": false, \"manual_edit\": false}, {\"questionpart_n\": \"(f)\", \"question\": \"__(f)__\", \"answer\": \"\u014b\u0261ibi\", \"matches_human_scoring\": false, \"fuzzy_matching\": false, \"manual_edit\": false}, {\"questionpart_n\": \"(g)\", \"question\": \"__(g)__\", \"answer\": \"onototi\", \"matches_human_scoring\": false, \"fuzzy_matching\": false, \"manual_edit\": false}, {\"questionpart_n\": \"(h)\", \"question\": \"__(h)__\", \"answer\": \"inototi\", \"matches_human_scoring\": false, \"fuzzy_matching\": false, \"manual_edit\": false}, {\"questionpart_n\": \"(i)\", \"question\": \"__(i)__\", \"answer\": \"okopili\", \"matches_human_scoring\": false, \"fuzzy_matching\": false, \"manual_edit\": false}, {\"questionpart_n\": \"(j)\", \"question\": \"__(j)__\", \"answer\": \"\u014b\u0261ikopili\", \"matches_human_scoring\": false, \"fuzzy_matching\": false, \"manual_edit\": false}, {\"questionpart_n\": \"(k)\", \"question\": \"__(k)__\", \"answer\": \"\u014b\u0261owi\", \"matches_human_scoring\": false, \"fuzzy_matching\": false, \"manual_edit\": false}, {\"questionpart_n\": \"(l)\", \"question\": \"__(l)__\", \"answer\": \"iowi\", \"matches_human_scoring\": false, \"fuzzy_matching\": false, \"manual_edit\": false}, {\"questionpart_n\": \"(m)\", \"question\": \"__(m)__\", \"answer\": \"\u014b\u0261iowi\", \"matches_human_scoring\": false, \"fuzzy_matching\": false, \"manual_edit\": false}, {\"questionpart_n\": \"(n)\", \"question\": \"__(n)__\", \"answer\": \"\u014b\u0261it\u0251ni\", \"matches_human_scoring\": false, \"fuzzy_matching\": false, \"manual_edit\": false}, {\"questionpart_n\": \"(o)\", \"question\": \"__(o)__\", \"answer\": \"oit\u0251ni\", \"matches_human_scoring\": false, \"fuzzy_matching\": false, \"manual_edit\": false}, {\"questionpart_n\": \"(p)\", \"question\": \"__(p)__\", \"answer\": \"\u014b\u0261iit\u0251ni\", \"matches_human_scoring\": false, \"fuzzy_matching\": false, \"manual_edit\": false}, {\"questionpart_n\": \"(q)\", \"question\": \"__(q)__\", \"answer\": \"otombi\", \"matches_human_scoring\": false, \"fuzzy_matching\": false, \"manual_edit\": false}, {\"questionpart_n\": \"(r)\", \"question\": \"__(r)__\", \"answer\": \"itombi\", \"matches_human_scoring\": false, \"fuzzy_matching\": false, \"manual_edit\": false}, {\"questionpart_n\": \"(s)\", \"question\": \"__(s)__\", \"answer\": \"\u014b\u0261itombi\", \"matches_human_scoring\": false, \"fuzzy_matching\": false, \"manual_edit\": false}]}]",
    "obfuscated": "True",
    "obf_num": "17",
    "mapping": {
        "p": "k",
        "b": "\u014b\u0261",
        "m": "l",
        "mb": "s",
        "t": "d\u0361\u0292",
        "n": "p",
        "nd": "b",
        "k": "m",
        "\u014b\u0261": "mb",
        "l": "t",
        "s": "n",
        "d\u0361\u0292": "nd",
        "\u0251": "i",
        "e": "u",
        "i": "\u025b",
        "u": "\u0251",
        "\u025b": "e",
        "w": "w",
        "o": "o"
    }
}