{
    "json_invalid": false,
    "preamble": "Problem 5. Hello Language X! (15 marks)\n ",
    "context": "Below is a table showing for a few Language X verbs the different inflections (forms) they take to show grammatical differences. The contrasts are similar to those in our verb to be: imperative (Be good!); with \"you\" (\"You are good\"); with \"he/she\" (\"She is good\"); with \"they\" (\"They are good\").\n\nNote that <d\u0361\u0292> is a consonant pronounced like the <dge> in the English word edge; <\u014b> is a consonant pronounced like the <ng> at the end of the English word sing; <e> and <\u025b> are different; <o> and <\u0251> are different.\n\nimperative\twith you\twith he/she\twith they\tEnglish\npomb\u025b\toomb\u025b\t\u025bomb\u025b\tp\u025bomb\u025b\t\u2018beget\u2019\nnd\u025bm\u025b\tond\u025bm\u025b\t\u025bnd\u025bm\u025b\tp\u025bnd\u025bm\u025b\t\u2018work\u2019\neb\u0251s\u025b\tweb\u0251s\u025b\teb\u0251s\u025b\tpeb\u0251s\u025b\t\u2018consent\u2019\nil\u025b\twil\u025b\til\u025b\tpil\u025b\t\u2018throw\u2019\np\u025bmb\u025b\to\u025bmb\u025b\t\u025b\u025bmb\u025b\tp\u025b\u025bmb\u025b\t\u2018get\u2019\nut\u025b\twut\u025b\tut\u025b\tput\u025b\t\u2018see\u2019\nel\u025b\twel\u025b\tel\u025b\tpel\u025b\t\u2018hide\u2019\nse\u014b\u0261\u025b\tose\u014b\u0261\u025b\t\u025bse\u014b\u0261\u025b\tp\u025bse\u014b\u0261\u025b\t\u2018wait\u2019\net\u025b\twet\u025b\tet\u025b\tpet\u025b\t\u2018hate\u2019\npet\u025b\toet\u025b\t\u025bet\u025b\tp\u025bet\u025b\t\u2018dance\u2019\n\u025bl\u025b\tw\u025bl\u025b\t\u025bl\u025b\tp\u025bl\u025b\t\u2018search\u2019\np\u025bndel\u025b\t__(a)__\t__(b)__\t__(c)__\t\u2018add\u2019\n__(d)__\tw\u025bn\u025b\t__(e)__\t__(f)__\t\u2018begin\u2019\nlo\u014b\u0261o\u014b\u0261\u025b\t__(g)__\t__(h)__\tp\u025blo\u014b\u0261o\u014b\u0261\u025b\t\u2018chat\u2019\nd\u0361\u0292ot\u025bb\u025b\t__(i)__\t\u025bd\u0361\u0292ot\u025bb\u025b\t__(j)__\t\u2018elect\u2019\n__(k)__\toow\u025b\t__(l)__\t__(m)__\t\u2018cure\u2019\n__(n)__\t__(o)__\t\u025b\u025b\u014b\u0261il\u025b\t__(p)__\t\u2018turn\u2019\n\u014b\u0261ok\u025b\t__(q)__\t__(r)__\t__(s)__\t\u2018win\u2019\nl\u025bk\u025b\tol\u025bk\u025b\t\u025bl\u025bk\u025b\tp\u025bl\u025bk\u025b\t\u2018say\u2019",
    "questions": "[{\"question_n\": \"Q 5.1\", \"prompt\": \"Fill in the blanks in the table above.\", \"subprompts\": [{\"questionpart_n\": \"(a)\", \"question\": \"__(a)__\", \"answer\": \"o\u025bndel\u025b\", \"matches_human_scoring\": false, \"fuzzy_matching\": false, \"manual_edit\": false}, {\"questionpart_n\": \"(b)\", \"question\": \"__(b)__\", \"answer\": \"\u025b\u025bndel\u025b\", \"matches_human_scoring\": false, \"fuzzy_matching\": false, \"manual_edit\": false}, {\"questionpart_n\": \"(c)\", \"question\": \"__(c)__\", \"answer\": \"p\u025b\u025bndel\u025b\", \"matches_human_scoring\": false, \"fuzzy_matching\": false, \"manual_edit\": false}, {\"questionpart_n\": \"(d)\", \"question\": \"__(d)__\", \"answer\": \"\u025bn\u025b\", \"matches_human_scoring\": false, \"fuzzy_matching\": false, \"manual_edit\": false}, {\"questionpart_n\": \"(e)\", \"question\": \"__(e)__\", \"answer\": \"\u025bn\u025b\", \"matches_human_scoring\": false, \"fuzzy_matching\": false, \"manual_edit\": false}, {\"questionpart_n\": \"(f)\", \"question\": \"__(f)__\", \"answer\": \"p\u025bn\u025b\", \"matches_human_scoring\": false, \"fuzzy_matching\": false, \"manual_edit\": false}, {\"questionpart_n\": \"(g)\", \"question\": \"__(g)__\", \"answer\": \"olo\u014b\u0261o\u014b\u0261\u025b\", \"matches_human_scoring\": false, \"fuzzy_matching\": false, \"manual_edit\": false}, {\"questionpart_n\": \"(h)\", \"question\": \"__(h)__\", \"answer\": \"\u025blo\u014b\u0261o\u014b\u0261\u025b\", \"matches_human_scoring\": false, \"fuzzy_matching\": false, \"manual_edit\": false}, {\"questionpart_n\": \"(i)\", \"question\": \"__(i)__\", \"answer\": \"od\u0361\u0292ot\u025bb\u025b\", \"matches_human_scoring\": false, \"fuzzy_matching\": false, \"manual_edit\": false}, {\"questionpart_n\": \"(j)\", \"question\": \"__(j)__\", \"answer\": \"p\u025bd\u0361\u0292ot\u025bb\u025b\", \"matches_human_scoring\": false, \"fuzzy_matching\": false, \"manual_edit\": false}, {\"questionpart_n\": \"(k)\", \"question\": \"__(k)__\", \"answer\": \"pow\u025b\", \"matches_human_scoring\": false, \"fuzzy_matching\": false, \"manual_edit\": false}, {\"questionpart_n\": \"(l)\", \"question\": \"__(l)__\", \"answer\": \"\u025bow\u025b\", \"matches_human_scoring\": false, \"fuzzy_matching\": false, \"manual_edit\": false}, {\"questionpart_n\": \"(m)\", \"question\": \"__(m)__\", \"answer\": \"p\u025bow\u025b\", \"matches_human_scoring\": false, \"fuzzy_matching\": false, \"manual_edit\": false}, {\"questionpart_n\": \"(n)\", \"question\": \"__(n)__\", \"answer\": \"p\u025b\u014b\u0261il\u025b\", \"matches_human_scoring\": false, \"fuzzy_matching\": false, \"manual_edit\": false}, {\"questionpart_n\": \"(o)\", \"question\": \"__(o)__\", \"answer\": \"o\u025b\u014b\u0261il\u025b\", \"matches_human_scoring\": false, \"fuzzy_matching\": false, \"manual_edit\": false}, {\"questionpart_n\": \"(p)\", \"question\": \"__(p)__\", \"answer\": \"p\u025b\u025b\u014b\u0261il\u025b\", \"matches_human_scoring\": false, \"fuzzy_matching\": false, \"manual_edit\": false}, {\"questionpart_n\": \"(q)\", \"question\": \"__(q)__\", \"answer\": \"o\u014b\u0261ok\u025b\", \"matches_human_scoring\": false, \"fuzzy_matching\": false, \"manual_edit\": false}, {\"questionpart_n\": \"(r)\", \"question\": \"__(r)__\", \"answer\": \"\u025b\u014b\u0261ok\u025b\", \"matches_human_scoring\": false, \"fuzzy_matching\": false, \"manual_edit\": false}, {\"questionpart_n\": \"(s)\", \"question\": \"__(s)__\", \"answer\": \"p\u025b\u014b\u0261ok\u025b\", \"matches_human_scoring\": false, \"fuzzy_matching\": false, \"manual_edit\": false}]}]",
    "obfuscated": "True",
    "obf_num": "1",
    "mapping": {
        "p": "d\u0361\u0292",
        "b": "p",
        "m": "b",
        "mb": "m",
        "t": "mb",
        "n": "t",
        "nd": "n",
        "k": "nd",
        "\u014b\u0261": "k",
        "l": "\u014b\u0261",
        "s": "l",
        "d\u0361\u0292": "s",
        "\u0251": "\u025b",
        "e": "\u0251",
        "i": "e",
        "u": "i",
        "\u025b": "u",
        "w": "w",
        "o": "o"
    }
}