{
    "json_invalid": false,
    "preamble": "Problem 5. Hello Language X! (15 marks)\n ",
    "context": "Below is a table showing for a few Language X verbs the different inflections (forms) they take to show grammatical differences. The contrasts are similar to those in our verb to be: imperative (Be good!); with \"you\" (\"You are good\"); with \"he/she\" (\"She is good\"); with \"they\" (\"They are good\").\n\nNote that <d\u0361\u0292> is a consonant pronounced like the <dge> in the English word edge; <\u014b> is a consonant pronounced like the <ng> at the end of the English word sing; <e> and <\u025b> are different; <o> and <\u0251> are different.\n\nimperative\twith you\twith he/she\twith they\tEnglish\nmon\u025b\toon\u025b\t\u025bon\u025b\tm\u025bon\u025b\t\u2018beget\u2019\n\u014b\u0261\u025bt\u025b\to\u014b\u0261\u025bt\u025b\t\u025b\u014b\u0261\u025bt\u025b\tm\u025b\u014b\u0261\u025bt\u025b\t\u2018work\u2019\nemb\u0251p\u025b\twemb\u0251p\u025b\temb\u0251p\u025b\tmemb\u0251p\u025b\t\u2018consent\u2019\nid\u0361\u0292\u025b\twid\u0361\u0292\u025b\tid\u0361\u0292\u025b\tmid\u0361\u0292\u025b\t\u2018throw\u2019\nm\u025bn\u025b\to\u025bn\u025b\t\u025b\u025bn\u025b\tm\u025b\u025bn\u025b\t\u2018get\u2019\nund\u025b\twund\u025b\tund\u025b\tmund\u025b\t\u2018see\u2019\ned\u0361\u0292\u025b\twed\u0361\u0292\u025b\ted\u0361\u0292\u025b\tmed\u0361\u0292\u025b\t\u2018hide\u2019\npes\u025b\topes\u025b\t\u025bpes\u025b\tm\u025bpes\u025b\t\u2018wait\u2019\nend\u025b\twend\u025b\tend\u025b\tmend\u025b\t\u2018hate\u2019\nmend\u025b\toend\u025b\t\u025bend\u025b\tm\u025bend\u025b\t\u2018dance\u2019\n\u025bd\u0361\u0292\u025b\tw\u025bd\u0361\u0292\u025b\t\u025bd\u0361\u0292\u025b\tm\u025bd\u0361\u0292\u025b\t\u2018search\u2019\nm\u025b\u014b\u0261ed\u0361\u0292\u025b\t__(a)__\t__(b)__\t__(c)__\t\u2018add\u2019\n__(d)__\tw\u025bk\u025b\t__(e)__\t__(f)__\t\u2018begin\u2019\nd\u0361\u0292osos\u025b\t__(g)__\t__(h)__\tm\u025bd\u0361\u0292osos\u025b\t\u2018chat\u2019\nbond\u025bmb\u025b\t__(i)__\t\u025bbond\u025bmb\u025b\t__(j)__\t\u2018elect\u2019\n__(k)__\toow\u025b\t__(l)__\t__(m)__\t\u2018cure\u2019\n__(n)__\t__(o)__\t\u025b\u025bsid\u0361\u0292\u025b\t__(p)__\t\u2018turn\u2019\nsol\u025b\t__(q)__\t__(r)__\t__(s)__\t\u2018win\u2019\nd\u0361\u0292\u025bl\u025b\tod\u0361\u0292\u025bl\u025b\t\u025bd\u0361\u0292\u025bl\u025b\tm\u025bd\u0361\u0292\u025bl\u025b\t\u2018say\u2019",
    "questions": "[{\"question_n\": \"Q 5.1\", \"prompt\": \"Fill in the blanks in the table above.\", \"subprompts\": [{\"questionpart_n\": \"(a)\", \"question\": \"__(a)__\", \"answer\": \"o\u025b\u014b\u0261ed\u0361\u0292\u025b\", \"matches_human_scoring\": false, \"fuzzy_matching\": false, \"manual_edit\": false}, {\"questionpart_n\": \"(b)\", \"question\": \"__(b)__\", \"answer\": \"\u025b\u025b\u014b\u0261ed\u0361\u0292\u025b\", \"matches_human_scoring\": false, \"fuzzy_matching\": false, \"manual_edit\": false}, {\"questionpart_n\": \"(c)\", \"question\": \"__(c)__\", \"answer\": \"m\u025b\u025b\u014b\u0261ed\u0361\u0292\u025b\", \"matches_human_scoring\": false, \"fuzzy_matching\": false, \"manual_edit\": false}, {\"questionpart_n\": \"(d)\", \"question\": \"__(d)__\", \"answer\": \"\u025bk\u025b\", \"matches_human_scoring\": false, \"fuzzy_matching\": false, \"manual_edit\": false}, {\"questionpart_n\": \"(e)\", \"question\": \"__(e)__\", \"answer\": \"\u025bk\u025b\", \"matches_human_scoring\": false, \"fuzzy_matching\": false, \"manual_edit\": false}, {\"questionpart_n\": \"(f)\", \"question\": \"__(f)__\", \"answer\": \"m\u025bk\u025b\", \"matches_human_scoring\": false, \"fuzzy_matching\": false, \"manual_edit\": false}, {\"questionpart_n\": \"(g)\", \"question\": \"__(g)__\", \"answer\": \"od\u0361\u0292osos\u025b\", \"matches_human_scoring\": false, \"fuzzy_matching\": false, \"manual_edit\": false}, {\"questionpart_n\": \"(h)\", \"question\": \"__(h)__\", \"answer\": \"\u025bd\u0361\u0292osos\u025b\", \"matches_human_scoring\": false, \"fuzzy_matching\": false, \"manual_edit\": false}, {\"questionpart_n\": \"(i)\", \"question\": \"__(i)__\", \"answer\": \"obond\u025bmb\u025b\", \"matches_human_scoring\": false, \"fuzzy_matching\": false, \"manual_edit\": false}, {\"questionpart_n\": \"(j)\", \"question\": \"__(j)__\", \"answer\": \"m\u025bbond\u025bmb\u025b\", \"matches_human_scoring\": false, \"fuzzy_matching\": false, \"manual_edit\": false}, {\"questionpart_n\": \"(k)\", \"question\": \"__(k)__\", \"answer\": \"mow\u025b\", \"matches_human_scoring\": false, \"fuzzy_matching\": false, \"manual_edit\": false}, {\"questionpart_n\": \"(l)\", \"question\": \"__(l)__\", \"answer\": \"\u025bow\u025b\", \"matches_human_scoring\": false, \"fuzzy_matching\": false, \"manual_edit\": false}, {\"questionpart_n\": \"(m)\", \"question\": \"__(m)__\", \"answer\": \"m\u025bow\u025b\", \"matches_human_scoring\": false, \"fuzzy_matching\": false, \"manual_edit\": false}, {\"questionpart_n\": \"(n)\", \"question\": \"__(n)__\", \"answer\": \"m\u025bsid\u0361\u0292\u025b\", \"matches_human_scoring\": false, \"fuzzy_matching\": false, \"manual_edit\": false}, {\"questionpart_n\": \"(o)\", \"question\": \"__(o)__\", \"answer\": \"o\u025bsid\u0361\u0292\u025b\", \"matches_human_scoring\": false, \"fuzzy_matching\": false, \"manual_edit\": false}, {\"questionpart_n\": \"(p)\", \"question\": \"__(p)__\", \"answer\": \"m\u025b\u025bsid\u0361\u0292\u025b\", \"matches_human_scoring\": false, \"fuzzy_matching\": false, \"manual_edit\": false}, {\"questionpart_n\": \"(q)\", \"question\": \"__(q)__\", \"answer\": \"osol\u025b\", \"matches_human_scoring\": false, \"fuzzy_matching\": false, \"manual_edit\": false}, {\"questionpart_n\": \"(r)\", \"question\": \"__(r)__\", \"answer\": \"\u025bsol\u025b\", \"matches_human_scoring\": false, \"fuzzy_matching\": false, \"manual_edit\": false}, {\"questionpart_n\": \"(s)\", \"question\": \"__(s)__\", \"answer\": \"m\u025bsol\u025b\", \"matches_human_scoring\": false, \"fuzzy_matching\": false, \"manual_edit\": false}]}]",
    "obfuscated": "True",
    "obf_num": "20",
    "mapping": {
        "p": "b",
        "b": "m",
        "m": "mb",
        "mb": "t",
        "t": "n",
        "n": "nd",
        "nd": "k",
        "k": "\u014b\u0261",
        "\u014b\u0261": "l",
        "l": "s",
        "s": "d\u0361\u0292",
        "d\u0361\u0292": "p",
        "\u0251": "\u025b",
        "e": "\u0251",
        "i": "e",
        "u": "i",
        "\u025b": "u",
        "w": "w",
        "o": "o"
    }
}