{
    "json_invalid": false,
    "preamble": "Problem 5. Hello Language X! (15 marks)\n ",
    "context": "Below is a table showing for a few Language X verbs the different inflections (forms) they take to show grammatical differences. The contrasts are similar to those in our verb to be: imperative (Be good!); with \"you\" (\"You are good\"); with \"he/she\" (\"She is good\"); with \"they\" (\"They are good\").\n\nNote that <d\u0361\u0292> is a consonant pronounced like the <dge> in the English word edge; <\u014b> is a consonant pronounced like the <ng> at the end of the English word sing; <e> and <\u025b> are different; <o> and <\u0251> are different.\n\nimperative\twith you\twith he/she\twith they\tEnglish\nlop\u025b\toop\u025b\t\u025bop\u025b\tl\u025bop\u025b\t\u2018beget\u2019\nmb\u025bd\u0361\u0292\u025b\tomb\u025bd\u0361\u0292\u025b\t\u025bmb\u025bd\u0361\u0292\u025b\tl\u025bmb\u025bd\u0361\u0292\u025b\t\u2018work\u2019\nes\u0251k\u025b\twes\u0251k\u025b\tes\u0251k\u025b\tles\u0251k\u025b\t\u2018consent\u2019\nind\u025b\twind\u025b\tind\u025b\tlind\u025b\t\u2018throw\u2019\nl\u025bp\u025b\to\u025bp\u025b\t\u025b\u025bp\u025b\tl\u025b\u025bp\u025b\t\u2018get\u2019\nub\u025b\twub\u025b\tub\u025b\tlub\u025b\t\u2018see\u2019\nend\u025b\twend\u025b\tend\u025b\tlend\u025b\t\u2018hide\u2019\nken\u025b\token\u025b\t\u025bken\u025b\tl\u025bken\u025b\t\u2018wait\u2019\neb\u025b\tweb\u025b\teb\u025b\tleb\u025b\t\u2018hate\u2019\nleb\u025b\toeb\u025b\t\u025beb\u025b\tl\u025beb\u025b\t\u2018dance\u2019\n\u025bnd\u025b\tw\u025bnd\u025b\t\u025bnd\u025b\tl\u025bnd\u025b\t\u2018search\u2019\nl\u025bmbend\u025b\t__(a)__\t__(b)__\t__(c)__\t\u2018add\u2019\n__(d)__\tw\u025bm\u025b\t__(e)__\t__(f)__\t\u2018begin\u2019\nndonon\u025b\t__(g)__\t__(h)__\tl\u025bndonon\u025b\t\u2018chat\u2019\n\u014b\u0261ob\u025bs\u025b\t__(i)__\t\u025b\u014b\u0261ob\u025bs\u025b\t__(j)__\t\u2018elect\u2019\n__(k)__\toow\u025b\t__(l)__\t__(m)__\t\u2018cure\u2019\n__(n)__\t__(o)__\t\u025b\u025bnind\u025b\t__(p)__\t\u2018turn\u2019\nnot\u025b\t__(q)__\t__(r)__\t__(s)__\t\u2018win\u2019\nnd\u025bt\u025b\tond\u025bt\u025b\t\u025bnd\u025bt\u025b\tl\u025bnd\u025bt\u025b\t\u2018say\u2019",
    "questions": "[{\"question_n\": \"Q 5.1\", \"prompt\": \"Fill in the blanks in the table above.\", \"subprompts\": [{\"questionpart_n\": \"(a)\", \"question\": \"__(a)__\", \"answer\": \"o\u025bmbend\u025b\", \"matches_human_scoring\": false, \"fuzzy_matching\": false, \"manual_edit\": false}, {\"questionpart_n\": \"(b)\", \"question\": \"__(b)__\", \"answer\": \"\u025b\u025bmbend\u025b\", \"matches_human_scoring\": false, \"fuzzy_matching\": false, \"manual_edit\": false}, {\"questionpart_n\": \"(c)\", \"question\": \"__(c)__\", \"answer\": \"l\u025b\u025bmbend\u025b\", \"matches_human_scoring\": false, \"fuzzy_matching\": false, \"manual_edit\": false}, {\"questionpart_n\": \"(d)\", \"question\": \"__(d)__\", \"answer\": \"\u025bm\u025b\", \"matches_human_scoring\": false, \"fuzzy_matching\": false, \"manual_edit\": false}, {\"questionpart_n\": \"(e)\", \"question\": \"__(e)__\", \"answer\": \"\u025bm\u025b\", \"matches_human_scoring\": false, \"fuzzy_matching\": false, \"manual_edit\": false}, {\"questionpart_n\": \"(f)\", \"question\": \"__(f)__\", \"answer\": \"l\u025bm\u025b\", \"matches_human_scoring\": false, \"fuzzy_matching\": false, \"manual_edit\": false}, {\"questionpart_n\": \"(g)\", \"question\": \"__(g)__\", \"answer\": \"ondonon\u025b\", \"matches_human_scoring\": false, \"fuzzy_matching\": false, \"manual_edit\": false}, {\"questionpart_n\": \"(h)\", \"question\": \"__(h)__\", \"answer\": \"\u025bndonon\u025b\", \"matches_human_scoring\": false, \"fuzzy_matching\": false, \"manual_edit\": false}, {\"questionpart_n\": \"(i)\", \"question\": \"__(i)__\", \"answer\": \"o\u014b\u0261ob\u025bs\u025b\", \"matches_human_scoring\": false, \"fuzzy_matching\": false, \"manual_edit\": false}, {\"questionpart_n\": \"(j)\", \"question\": \"__(j)__\", \"answer\": \"l\u025b\u014b\u0261ob\u025bs\u025b\", \"matches_human_scoring\": false, \"fuzzy_matching\": false, \"manual_edit\": false}, {\"questionpart_n\": \"(k)\", \"question\": \"__(k)__\", \"answer\": \"low\u025b\", \"matches_human_scoring\": false, \"fuzzy_matching\": false, \"manual_edit\": false}, {\"questionpart_n\": \"(l)\", \"question\": \"__(l)__\", \"answer\": \"\u025bow\u025b\", \"matches_human_scoring\": false, \"fuzzy_matching\": false, \"manual_edit\": false}, {\"questionpart_n\": \"(m)\", \"question\": \"__(m)__\", \"answer\": \"l\u025bow\u025b\", \"matches_human_scoring\": false, \"fuzzy_matching\": false, \"manual_edit\": false}, {\"questionpart_n\": \"(n)\", \"question\": \"__(n)__\", \"answer\": \"l\u025bnind\u025b\", \"matches_human_scoring\": false, \"fuzzy_matching\": false, \"manual_edit\": false}, {\"questionpart_n\": \"(o)\", \"question\": \"__(o)__\", \"answer\": \"o\u025bnind\u025b\", \"matches_human_scoring\": false, \"fuzzy_matching\": false, \"manual_edit\": false}, {\"questionpart_n\": \"(p)\", \"question\": \"__(p)__\", \"answer\": \"l\u025b\u025bnind\u025b\", \"matches_human_scoring\": false, \"fuzzy_matching\": false, \"manual_edit\": false}, {\"questionpart_n\": \"(q)\", \"question\": \"__(q)__\", \"answer\": \"onot\u025b\", \"matches_human_scoring\": false, \"fuzzy_matching\": false, \"manual_edit\": false}, {\"questionpart_n\": \"(r)\", \"question\": \"__(r)__\", \"answer\": \"\u025bnot\u025b\", \"matches_human_scoring\": false, \"fuzzy_matching\": false, \"manual_edit\": false}, {\"questionpart_n\": \"(s)\", \"question\": \"__(s)__\", \"answer\": \"l\u025bnot\u025b\", \"matches_human_scoring\": false, \"fuzzy_matching\": false, \"manual_edit\": false}]}]",
    "obfuscated": "True",
    "obf_num": "16",
    "mapping": {
        "p": "\u014b\u0261",
        "b": "l",
        "m": "s",
        "mb": "d\u0361\u0292",
        "t": "p",
        "n": "b",
        "nd": "m",
        "k": "mb",
        "\u014b\u0261": "t",
        "l": "n",
        "s": "nd",
        "d\u0361\u0292": "k",
        "\u0251": "\u025b",
        "e": "\u0251",
        "i": "e",
        "u": "i",
        "\u025b": "u",
        "w": "w",
        "o": "o"
    }
}