{
    "preamble": "Problem 5. Hello Language X! (15 marks)\n ",
    "context": "Below is a table showing for a few Language X verbs the different inflections (forms) they take to show grammatical differences. The contrasts are similar to those in our verb to be: imperative (Be good!); with \"you\" (\"You are good\"); with \"he/she\" (\"She is good\"); with \"they\" (\"They are good\").\n\nNote that <d\u0361\u0292> is a consonant pronounced like the <dge> in the English word edge; <\u014b> is a consonant pronounced like the <ng> at the end of the English word sing; <e> and <\u025b> are different; <o> and <\u0251> are different.\n\nimperative\twith you\twith he/she\twith they\tEnglish\nbot\u0251\toot\u0251\t\u0251ot\u0251\tb\u0251ot\u0251\t\u2018beget\u2019\nk\u0251mb\u0251\tok\u0251mb\u0251\t\u0251k\u0251mb\u0251\tb\u0251k\u0251mb\u0251\t\u2018work\u2019\nimed\u0361\u0292\u0251\twimed\u0361\u0292\u0251\timed\u0361\u0292\u0251\tbimed\u0361\u0292\u0251\t\u2018consent\u2019\nus\u0251\twus\u0251\tus\u0251\tbus\u0251\t\u2018throw\u2019\nb\u0251t\u0251\to\u0251t\u0251\t\u0251\u0251t\u0251\tb\u0251\u0251t\u0251\t\u2018get\u2019\n\u025bn\u0251\tw\u025bn\u0251\t\u025bn\u0251\tb\u025bn\u0251\t\u2018see\u2019\nis\u0251\twis\u0251\tis\u0251\tbis\u0251\t\u2018hide\u2019\nd\u0361\u0292il\u0251\tod\u0361\u0292il\u0251\t\u0251d\u0361\u0292il\u0251\tb\u0251d\u0361\u0292il\u0251\t\u2018wait\u2019\nin\u0251\twin\u0251\tin\u0251\tbin\u0251\t\u2018hate\u2019\nbin\u0251\toin\u0251\t\u0251in\u0251\tb\u0251in\u0251\t\u2018dance\u2019\n\u0251s\u0251\tw\u0251s\u0251\t\u0251s\u0251\tb\u0251s\u0251\t\u2018search\u2019\nb\u0251kis\u0251\t__(a)__\t__(b)__\t__(c)__\t\u2018add\u2019\n__(d)__\tw\u0251nd\u0251\t__(e)__\t__(f)__\t\u2018begin\u2019\nsolol\u0251\t__(g)__\t__(h)__\tb\u0251solol\u0251\t\u2018chat\u2019\npon\u0251m\u0251\t__(i)__\t\u0251pon\u0251m\u0251\t__(j)__\t\u2018elect\u2019\n__(k)__\toow\u0251\t__(l)__\t__(m)__\t\u2018cure\u2019\n__(n)__\t__(o)__\t\u0251\u0251lus\u0251\t__(p)__\t\u2018turn\u2019\nlo\u014b\u0261\u0251\t__(q)__\t__(r)__\t__(s)__\t\u2018win\u2019\ns\u0251\u014b\u0261\u0251\tos\u0251\u014b\u0261\u0251\t\u0251s\u0251\u014b\u0261\u0251\tb\u0251s\u0251\u014b\u0261\u0251\t\u2018say\u2019",
    "questions": "[{\"question_n\": \"Q 5.1\", \"prompt\": \"Fill in the blanks in the table above.\", \"subprompts\": [{\"questionpart_n\": \"(a)\", \"question\": \"__(a)__\", \"answer\": \"o\\u0251kis\\u0251\", \"matches_human_scoring\": false, \"fuzzy_matching\": false, \"manual_edit\": false}, {\"questionpart_n\": \"(b)\", \"question\": \"__(b)__\", \"answer\": \"\\u0251\\u0251kis\\u0251\", \"matches_human_scoring\": false, \"fuzzy_matching\": false, \"manual_edit\": false}, {\"questionpart_n\": \"(c)\", \"question\": \"__(c)__\", \"answer\": \"b\\u0251\\u0251kis\\u0251\", \"matches_human_scoring\": false, \"fuzzy_matching\": false, \"manual_edit\": false}, {\"questionpart_n\": \"(d)\", \"question\": \"__(d)__\", \"answer\": \"\\u0251nd\\u0251\", \"matches_human_scoring\": false, \"fuzzy_matching\": false, \"manual_edit\": false}, {\"questionpart_n\": \"(e)\", \"question\": \"__(e)__\", \"answer\": \"\\u0251nd\\u0251\", \"matches_human_scoring\": false, \"fuzzy_matching\": false, \"manual_edit\": false}, {\"questionpart_n\": \"(f)\", \"question\": \"__(f)__\", \"answer\": \"b\\u0251nd\\u0251\", \"matches_human_scoring\": false, \"fuzzy_matching\": false, \"manual_edit\": false}, {\"questionpart_n\": \"(g)\", \"question\": \"__(g)__\", \"answer\": \"osolol\\u0251\", \"matches_human_scoring\": false, \"fuzzy_matching\": false, \"manual_edit\": false}, {\"questionpart_n\": \"(h)\", \"question\": \"__(h)__\", \"answer\": \"\\u0251solol\\u0251\", \"matches_human_scoring\": false, \"fuzzy_matching\": false, \"manual_edit\": false}, {\"questionpart_n\": \"(i)\", \"question\": \"__(i)__\", \"answer\": \"opon\\u0251m\\u0251\", \"matches_human_scoring\": false, \"fuzzy_matching\": false, \"manual_edit\": false}, {\"questionpart_n\": \"(j)\", \"question\": \"__(j)__\", \"answer\": \"b\\u0251pon\\u0251m\\u0251\", \"matches_human_scoring\": false, \"fuzzy_matching\": false, \"manual_edit\": false}, {\"questionpart_n\": \"(k)\", \"question\": \"__(k)__\", \"answer\": \"bow\\u0251\", \"matches_human_scoring\": false, \"fuzzy_matching\": false, \"manual_edit\": false}, {\"questionpart_n\": \"(l)\", \"question\": \"__(l)__\", \"answer\": \"\\u0251ow\\u0251\", \"matches_human_scoring\": false, \"fuzzy_matching\": false, \"manual_edit\": false}, {\"questionpart_n\": \"(m)\", \"question\": \"__(m)__\", \"answer\": \"b\\u0251ow\\u0251\", \"matches_human_scoring\": false, \"fuzzy_matching\": false, \"manual_edit\": false}, {\"questionpart_n\": \"(n)\", \"question\": \"__(n)__\", \"answer\": \"b\\u0251lus\\u0251\", \"matches_human_scoring\": false, \"fuzzy_matching\": false, \"manual_edit\": false}, {\"questionpart_n\": \"(o)\", \"question\": \"__(o)__\", \"answer\": \"o\\u0251lus\\u0251\", \"matches_human_scoring\": false, \"fuzzy_matching\": false, \"manual_edit\": false}, {\"questionpart_n\": \"(p)\", \"question\": \"__(p)__\", \"answer\": \"b\\u0251\\u0251lus\\u0251\", \"matches_human_scoring\": false, \"fuzzy_matching\": false, \"manual_edit\": false}, {\"questionpart_n\": \"(q)\", \"question\": \"__(q)__\", \"answer\": \"olo\\u014b\\u0261\\u0251\", \"matches_human_scoring\": false, \"fuzzy_matching\": false, \"manual_edit\": false}, {\"questionpart_n\": \"(r)\", \"question\": \"__(r)__\", \"answer\": \"\\u0251lo\\u014b\\u0261\\u0251\", \"matches_human_scoring\": false, \"fuzzy_matching\": false, \"manual_edit\": false}, {\"questionpart_n\": \"(s)\", \"question\": \"__(s)__\", \"answer\": \"b\\u0251lo\\u014b\\u0261\\u0251\", \"matches_human_scoring\": false, \"fuzzy_matching\": false, \"manual_edit\": false}]}]",
    "notes": "Replace bold/italics with quotation marks in examples; replaced bullet points with semi-colons.",
    "answers_page": 3,
    "team_review": false,
    "obfuscated": "False",
    "obf_num": "0",
    "mapping": null,
    "json_invalid": false
}