{
    "json_invalid": false,
    "preamble": "Problem 8. Stressed out in the Language X (20 marks)\n  ",
    "context": "In the list of words below, the number shows which syllable in each Language X word carries the stress; for example, \u20181\u2019 means that the first syllable is stressed. \u20180\u2019 means the stress is even. Note that the accent written above some vowels (e.g. \u00e8) has nothing to do with stress.\nLanguage XtStressed syllabletEnglish\nebe\u0301vt2tapple\nege\u0301co\u0301t3tto see\nkicnit1tgreen\nkude\u0301ct2tbottle\nka\u0301cota\u0301t2tdonkey\npevdet0tto lack\nso\u0301chbodevt3thospital\ntemat1tdog\nteccho\u0301yt2ttrousers\nto\u0301we\u0301t0tto eat\nwetewket2twhite man\nce\u0301de\u0301yi\u0301t3tto hold back\nchoydet0tto sit\ncho\u0301wkci\u0301t1that\nho\u0301yro\u0301de\u0300t3tto kneel",
    "questions": "[{\"question_n\": \"Q 8\", \"prompt\": \"For each of the words a-z, for the Language X-English pair of words, write a number showing which syllable in the Language X word carries the stress; for example, \\u20181\\u2019 means that the first syllable is stressed. If the stress is even, write \\u20180\\u2019.\", \"subprompts\": [{\"questionpart_n\": \"a.\", \"question\": \"kecka\u0301vid\\\\tbutterfly\", \"answer\": \"3\", \"matches_human_scoring\": false, \"fuzzy_matching\": false, \"manual_edit\": false}, {\"questionpart_n\": \"b.\", \"question\": \"kecka\u0301vidi\\\\tbutterfly\", \"answer\": \"3\", \"matches_human_scoring\": false, \"fuzzy_matching\": false, \"manual_edit\": false}, {\"questionpart_n\": \"c.\", \"question\": \"ka\u0301to\\\\tbook\", \"answer\": \"1\", \"matches_human_scoring\": false, \"fuzzy_matching\": false, \"manual_edit\": false}, {\"questionpart_n\": \"d.\", \"question\": \"mururu\\\\tflamingo\", \"answer\": \"2\", \"matches_human_scoring\": false, \"fuzzy_matching\": false, \"manual_edit\": false}, {\"questionpart_n\": \"e.\", \"question\": \"luce\u0300\\\\tred\", \"answer\": \"1\", \"matches_human_scoring\": false, \"fuzzy_matching\": false, \"manual_edit\": false}, {\"questionpart_n\": \"f.\", \"question\": \"ne\u0301chleyche\u0300\\\\tto rest\", \"answer\": \"3\", \"matches_human_scoring\": false, \"fuzzy_matching\": false, \"manual_edit\": false}, {\"questionpart_n\": \"g.\", \"question\": \"e\u0301ylecre\u0300\\\\tto blame\", \"answer\": \"3\", \"matches_human_scoring\": false, \"fuzzy_matching\": false, \"manual_edit\": false}, {\"questionpart_n\": \"h.\", \"question\": \"suwke\u0301c\\\\tman\", \"answer\": \"2\", \"matches_human_scoring\": false, \"fuzzy_matching\": false, \"manual_edit\": false}, {\"questionpart_n\": \"i.\", \"question\": \"oyfe\u0301chdore\u0300\\\\tto investigate\", \"answer\": \"4\", \"matches_human_scoring\": false, \"fuzzy_matching\": false, \"manual_edit\": false}, {\"questionpart_n\": \"j.\", \"question\": \"tewye\\\\tto walk\", \"answer\": \"0\", \"matches_human_scoring\": false, \"fuzzy_matching\": false, \"manual_edit\": false}, {\"questionpart_n\": \"k.\", \"question\": \"te\u0301chso\\\\tcheese\", \"answer\": \"1\", \"matches_human_scoring\": false, \"fuzzy_matching\": false, \"manual_edit\": false}, {\"questionpart_n\": \"l.\", \"question\": \"to\u0301yde\u0301chde\u0300\\\\tto answer\", \"answer\": \"3\", \"matches_human_scoring\": false, \"fuzzy_matching\": false, \"manual_edit\": false}, {\"questionpart_n\": \"m.\", \"question\": \"tucne\\\\tto remember\", \"answer\": \"0\", \"matches_human_scoring\": false, \"fuzzy_matching\": false, \"manual_edit\": false}, {\"questionpart_n\": \"n.\", \"question\": \"ta\u0301ya\u0301ta\u0301\\\\tfarm\", \"answer\": \"2\", \"matches_human_scoring\": false, \"fuzzy_matching\": false, \"manual_edit\": false}, {\"questionpart_n\": \"o.\", \"question\": \"weyde\u0301le\\\\tbutter\", \"answer\": \"2\", \"matches_human_scoring\": false, \"fuzzy_matching\": false, \"manual_edit\": false}, {\"questionpart_n\": \"p.\", \"question\": \"wecoko\u0301wke\\\\twasp\", \"answer\": \"3\", \"matches_human_scoring\": false, \"fuzzy_matching\": false, \"manual_edit\": false}, {\"questionpart_n\": \"q.\", \"question\": \"o\u0301ctey\\\\thurricane\", \"answer\": \"2.\", \"matches_human_scoring\": false, \"fuzzy_matching\": false, \"manual_edit\": false}, {\"questionpart_n\": \"r.\", \"question\": \"o\u0301he\u0301fec\\\\tstork\", \"answer\": \"3\", \"matches_human_scoring\": false, \"fuzzy_matching\": false, \"manual_edit\": false}, {\"questionpart_n\": \"s.\", \"question\": \"be\u0301voley\\\\tpelican\", \"answer\": \"3\", \"matches_human_scoring\": false, \"fuzzy_matching\": false, \"manual_edit\": false}, {\"questionpart_n\": \"t.\", \"question\": \"bce\u0301da\u0301\\\\tblack\", \"answer\": \"1\", \"matches_human_scoring\": false, \"fuzzy_matching\": false, \"manual_edit\": false}, {\"questionpart_n\": \"u.\", \"question\": \"bcowoydo\u0300\\\\to promise\", \"answer\": \"3\", \"matches_human_scoring\": false, \"fuzzy_matching\": false, \"manual_edit\": false}, {\"questionpart_n\": \"v.\", \"question\": \"ce\u0301pce\u0301chlo\u0301\\\\tsoda\", \"answer\": \"2\", \"matches_human_scoring\": false, \"fuzzy_matching\": false, \"manual_edit\": false}, {\"questionpart_n\": \"w.\", \"question\": \"choa\u0301ned (3 syllables)\\\\tcity\", \"answer\": \"3\", \"matches_human_scoring\": false, \"fuzzy_matching\": false, \"manual_edit\": false}, {\"questionpart_n\": \"x.\", \"question\": \"chtocko\\\\tto write\", \"answer\": \"0\", \"matches_human_scoring\": false, \"fuzzy_matching\": false, \"manual_edit\": false}, {\"questionpart_n\": \"y.\", \"question\": \"chuca\u0301\\\\tto care\", \"answer\": \"0\", \"matches_human_scoring\": false, \"fuzzy_matching\": false, \"manual_edit\": false}, {\"questionpart_n\": \"z.\", \"question\": \"dcoko\u0301y\\\\tshark\", \"answer\": \"2\", \"matches_human_scoring\": false, \"fuzzy_matching\": false, \"manual_edit\": false}]}]",
    "obfuscated": "True",
    "obf_num": "20",
    "mapping": {
        "b": "k",
        "c": "l",
        "ch": "m",
        "d": "n",
        "f": "p",
        "g": "r",
        "h": "s",
        "k": "t",
        "l": "v",
        "m": "w",
        "n": "y",
        "p": "b",
        "r": "c",
        "s": "ch",
        "t": "d",
        "v": "f",
        "w": "g",
        "y": "h",
        "a": "e",
        "a\u0301": "e\u0300",
        "e": "e\u0301",
        "e\u0300": "i",
        "e\u0301": "i\u0301",
        "i": "o",
        "i\u0301": "o\u0300",
        "o": "o\u0301",
        "o\u0300": "u",
        "o\u0301": "a",
        "u": "a\u0301"
    }
}