{
    "json_invalid": false,
    "preamble": "Problem 8. Stressed out in the Language X (20 marks)\n  ",
    "context": "In the list of words below, the number shows which syllable in each Language X word carries the stress; for example, \u20181\u2019 means that the first syllable is stressed. \u20180\u2019 means the stress is even. Note that the accent written above some vowels (e.g. \u00e8) has nothing to do with stress.\nLanguage XtStressed syllabletEnglish\no\u0300wust2tapple\no\u0300duye\u0301t3tto see\ngaylat1tgreen\ngicuyt2tbottle\ngoyerot2tdonkey\nmo\u0300sco\u0300t0tto lack\npe\u0301bweco\u0300st3thospital\nro\u0300ki\u0301t1tdog\nro\u0300ybe\u0301vt2ttrousers\nre\u0301tut0tto eat\nto\u0300ro\u0300tgo\u0300t2twhite man\nyucuva\u0301t3tto hold back\nbevco\u0300t0tto sit\nbe\u0301tgya\u0301t1that\nfe\u0301vne\u0301co\u0301t3tto kneel",
    "questions": "[{\"question_n\": \"Q 8\", \"prompt\": \"For each of the words a-z, for the Language X-English pair of words, write a number showing which syllable in the Language X word carries the stress; for example, \\u20181\\u2019 means that the first syllable is stressed. If the stress is even, write \\u20180\\u2019.\", \"subprompts\": [{\"questionpart_n\": \"a.\", \"question\": \"go\u0300ygosac\\\\tbutterfly\", \"answer\": \"3\", \"matches_human_scoring\": false, \"fuzzy_matching\": false, \"manual_edit\": false}, {\"questionpart_n\": \"b.\", \"question\": \"go\u0300ygosaca\\\\tbutterfly\", \"answer\": \"3\", \"matches_human_scoring\": false, \"fuzzy_matching\": false, \"manual_edit\": false}, {\"questionpart_n\": \"c.\", \"question\": \"gore\\\\tbook\", \"answer\": \"1\", \"matches_human_scoring\": false, \"fuzzy_matching\": false, \"manual_edit\": false}, {\"questionpart_n\": \"d.\", \"question\": \"kinini\\\\tflamingo\", \"answer\": \"2\", \"matches_human_scoring\": false, \"fuzzy_matching\": false, \"manual_edit\": false}, {\"questionpart_n\": \"e.\", \"question\": \"hiyo\u0301\\\\tred\", \"answer\": \"1\", \"matches_human_scoring\": false, \"fuzzy_matching\": false, \"manual_edit\": false}, {\"questionpart_n\": \"f.\", \"question\": \"lubho\u0300vbo\u0301\\\\tto rest\", \"answer\": \"3\", \"matches_human_scoring\": false, \"fuzzy_matching\": false, \"manual_edit\": false}, {\"questionpart_n\": \"g.\", \"question\": \"uvho\u0300yno\u0301\\\\tto blame\", \"answer\": \"3\", \"matches_human_scoring\": false, \"fuzzy_matching\": false, \"manual_edit\": false}, {\"questionpart_n\": \"h.\", \"question\": \"pitguy\\\\tman\", \"answer\": \"2\", \"matches_human_scoring\": false, \"fuzzy_matching\": false, \"manual_edit\": false}, {\"questionpart_n\": \"i.\", \"question\": \"evchubceno\u0301\\\\tto investigate\", \"answer\": \"4\", \"matches_human_scoring\": false, \"fuzzy_matching\": false, \"manual_edit\": false}, {\"questionpart_n\": \"j.\", \"question\": \"ro\u0300tvo\u0300\\\\tto walk\", \"answer\": \"0\", \"matches_human_scoring\": false, \"fuzzy_matching\": false, \"manual_edit\": false}, {\"questionpart_n\": \"k.\", \"question\": \"rubpe\\\\tcheese\", \"answer\": \"1\", \"matches_human_scoring\": false, \"fuzzy_matching\": false, \"manual_edit\": false}, {\"questionpart_n\": \"l.\", \"question\": \"re\u0301vcubco\u0301\\\\tto answer\", \"answer\": \"3\", \"matches_human_scoring\": false, \"fuzzy_matching\": false, \"manual_edit\": false}, {\"questionpart_n\": \"m.\", \"question\": \"riylo\u0300\\\\tto remember\", \"answer\": \"0\", \"matches_human_scoring\": false, \"fuzzy_matching\": false, \"manual_edit\": false}, {\"questionpart_n\": \"n.\", \"question\": \"rovoro\\\\tfarm\", \"answer\": \"2\", \"matches_human_scoring\": false, \"fuzzy_matching\": false, \"manual_edit\": false}, {\"questionpart_n\": \"o.\", \"question\": \"to\u0300vcuho\u0300\\\\tbutter\", \"answer\": \"2\", \"matches_human_scoring\": false, \"fuzzy_matching\": false, \"manual_edit\": false}, {\"questionpart_n\": \"p.\", \"question\": \"to\u0300yege\u0301tgo\u0300\\\\twasp\", \"answer\": \"3\", \"matches_human_scoring\": false, \"fuzzy_matching\": false, \"manual_edit\": false}, {\"questionpart_n\": \"q.\", \"question\": \"e\u0301yro\u0300v\\\\thurricane\", \"answer\": \"2.\", \"matches_human_scoring\": false, \"fuzzy_matching\": false, \"manual_edit\": false}, {\"questionpart_n\": \"r.\", \"question\": \"e\u0301fucho\u0300y\\\\tstork\", \"answer\": \"3\", \"matches_human_scoring\": false, \"fuzzy_matching\": false, \"manual_edit\": false}, {\"questionpart_n\": \"s.\", \"question\": \"wuseho\u0300v\\\\tpelican\", \"answer\": \"3\", \"matches_human_scoring\": false, \"fuzzy_matching\": false, \"manual_edit\": false}, {\"questionpart_n\": \"t.\", \"question\": \"wyuco\\\\tblack\", \"answer\": \"1\", \"matches_human_scoring\": false, \"fuzzy_matching\": false, \"manual_edit\": false}, {\"questionpart_n\": \"u.\", \"question\": \"wyetevce\u0300\\\\to promise\", \"answer\": \"3\", \"matches_human_scoring\": false, \"fuzzy_matching\": false, \"manual_edit\": false}, {\"questionpart_n\": \"v.\", \"question\": \"yumyubhe\u0301\\\\tsoda\", \"answer\": \"2\", \"matches_human_scoring\": false, \"fuzzy_matching\": false, \"manual_edit\": false}, {\"questionpart_n\": \"w.\", \"question\": \"beolo\u0300c (3 syllables)\\\\tcity\", \"answer\": \"3\", \"matches_human_scoring\": false, \"fuzzy_matching\": false, \"manual_edit\": false}, {\"questionpart_n\": \"x.\", \"question\": \"breyge\\\\tto write\", \"answer\": \"0\", \"matches_human_scoring\": false, \"fuzzy_matching\": false, \"manual_edit\": false}, {\"questionpart_n\": \"y.\", \"question\": \"biyo\\\\tto care\", \"answer\": \"0\", \"matches_human_scoring\": false, \"fuzzy_matching\": false, \"manual_edit\": false}, {\"questionpart_n\": \"z.\", \"question\": \"cyege\u0301v\\\\tshark\", \"answer\": \"2\", \"matches_human_scoring\": false, \"fuzzy_matching\": false, \"manual_edit\": false}]}]",
    "obfuscated": "True",
    "obf_num": "21",
    "mapping": {
        "b": "g",
        "c": "h",
        "ch": "k",
        "d": "l",
        "f": "m",
        "g": "n",
        "h": "p",
        "k": "r",
        "l": "s",
        "m": "t",
        "n": "v",
        "p": "w",
        "r": "y",
        "s": "b",
        "t": "c",
        "v": "ch",
        "w": "d",
        "y": "f",
        "a": "o\u0300",
        "a\u0301": "o\u0301",
        "e": "u",
        "e\u0300": "a",
        "e\u0301": "a\u0301",
        "i": "e",
        "i\u0301": "e\u0300",
        "o": "e\u0301",
        "o\u0300": "i",
        "o\u0301": "i\u0301",
        "u": "o"
    }
}