{
    "preamble": "Problem 8. Stressed out in the Language X (20 marks)\n  ",
    "context": "In the list of words below, the number shows which syllable in each Language X word carries the stress; for example, \u20181\u2019 means that the first syllable is stressed. \u20180\u2019 means the stress is even. Note that the accent written above some vowels (e.g. \u00e8) has nothing to do with stress.\nLanguage XtStressed syllabletEnglish\napelt2tapple\nawerot3tto see\nb\u00e8rd\u00e8t1tgreen\nb\u00f2tert2tbottle\nburikut2tdonkey\nfaltat0tto lack\nhospitalt3thospital\nkach\u00f3t1tdog\nkarsont2ttrousers\nkomet0tto eat\nmakambat2twhite man\nreten\u00e9t3tto hold back\nsintat0tto sit\nsombr\u00e9t1that\nyongot\u00e1t3tto kneel",
    "questions": "[{\"question_n\": \"Q 8\", \"prompt\": \"For each of the words a-z, for the Language X-English pair of words, write a number showing which syllable in the Language X word carries the stress; for example, \\u20181\\u2019 means that the first syllable is stressed. If the stress is even, write \\u20180\\u2019.\", \"subprompts\": [{\"questionpart_n\": \"a.\", \"question\": \"barbul\\u00e8t\\\\tbutterfly\", \"answer\": \"3\", \"matches_human_scoring\": false, \"fuzzy_matching\": false, \"manual_edit\": false}, {\"questionpart_n\": \"b.\", \"question\": \"barbul\\u00e8t\\u00e8\\\\tbutterfly\", \"answer\": \"3\", \"matches_human_scoring\": false, \"fuzzy_matching\": false, \"manual_edit\": false}, {\"questionpart_n\": \"c.\", \"question\": \"buki\\\\tbook\", \"answer\": \"1\", \"matches_human_scoring\": false, \"fuzzy_matching\": false, \"manual_edit\": false}, {\"questionpart_n\": \"d.\", \"question\": \"ch\\u00f2g\\u00f2g\\u00f2\\\\tflamingo\", \"answer\": \"2\", \"matches_human_scoring\": false, \"fuzzy_matching\": false, \"manual_edit\": false}, {\"questionpart_n\": \"e.\", \"question\": \"c\\u00f2r\\u00e1\\\\tred\", \"answer\": \"1\", \"matches_human_scoring\": false, \"fuzzy_matching\": false, \"manual_edit\": false}, {\"questionpart_n\": \"f.\", \"question\": \"descans\\u00e1\\\\tto rest\", \"answer\": \"3\", \"matches_human_scoring\": false, \"fuzzy_matching\": false, \"manual_edit\": false}, {\"questionpart_n\": \"g.\", \"question\": \"encarg\\u00e1\\\\tto blame\", \"answer\": \"3\", \"matches_human_scoring\": false, \"fuzzy_matching\": false, \"manual_edit\": false}, {\"questionpart_n\": \"h.\", \"question\": \"h\\u00f2mber\\\\tman\", \"answer\": \"2\", \"matches_human_scoring\": false, \"fuzzy_matching\": false, \"manual_edit\": false}, {\"questionpart_n\": \"i.\", \"question\": \"investig\\u00e1\\\\tto investigate\", \"answer\": \"4\", \"matches_human_scoring\": false, \"fuzzy_matching\": false, \"manual_edit\": false}, {\"questionpart_n\": \"j.\", \"question\": \"kamna\\\\tto walk\", \"answer\": \"0\", \"matches_human_scoring\": false, \"fuzzy_matching\": false, \"manual_edit\": false}, {\"questionpart_n\": \"k.\", \"question\": \"keshi\\\\tcheese\", \"answer\": \"1\", \"matches_human_scoring\": false, \"fuzzy_matching\": false, \"manual_edit\": false}, {\"questionpart_n\": \"l.\", \"question\": \"kontest\\u00e1\\\\tto answer\", \"answer\": \"3\", \"matches_human_scoring\": false, \"fuzzy_matching\": false, \"manual_edit\": false}, {\"questionpart_n\": \"m.\", \"question\": \"k\\u00f2rda\\\\tto remember\", \"answer\": \"0\", \"matches_human_scoring\": false, \"fuzzy_matching\": false, \"manual_edit\": false}, {\"questionpart_n\": \"n.\", \"question\": \"kunuku\\\\tfarm\", \"answer\": \"2\", \"matches_human_scoring\": false, \"fuzzy_matching\": false, \"manual_edit\": false}, {\"questionpart_n\": \"o.\", \"question\": \"manteca\\\\tbutter\", \"answer\": \"2\", \"matches_human_scoring\": false, \"fuzzy_matching\": false, \"manual_edit\": false}, {\"questionpart_n\": \"p.\", \"question\": \"maribomba\\\\twasp\", \"answer\": \"3\", \"matches_human_scoring\": false, \"fuzzy_matching\": false, \"manual_edit\": false}, {\"questionpart_n\": \"q.\", \"question\": \"orkan\\\\thurricane\", \"answer\": \"2.\", \"matches_human_scoring\": false, \"fuzzy_matching\": false, \"manual_edit\": false}, {\"questionpart_n\": \"r.\", \"question\": \"oyevar\\\\tstork\", \"answer\": \"3\", \"matches_human_scoring\": false, \"fuzzy_matching\": false, \"manual_edit\": false}, {\"questionpart_n\": \"s.\", \"question\": \"pelican\\\\tpelican\", \"answer\": \"3\", \"matches_human_scoring\": false, \"fuzzy_matching\": false, \"manual_edit\": false}, {\"questionpart_n\": \"t.\", \"question\": \"pretu\\\\tblack\", \"answer\": \"1\", \"matches_human_scoring\": false, \"fuzzy_matching\": false, \"manual_edit\": false}, {\"questionpart_n\": \"u.\", \"question\": \"primint\\u00ed\\\\to promise\", \"answer\": \"3\", \"matches_human_scoring\": false, \"fuzzy_matching\": false, \"manual_edit\": false}, {\"questionpart_n\": \"v.\", \"question\": \"refresco\\\\tsoda\", \"answer\": \"2\", \"matches_human_scoring\": false, \"fuzzy_matching\": false, \"manual_edit\": false}, {\"questionpart_n\": \"w.\", \"question\": \"siudat (3 syllables)\\\\tcity\", \"answer\": \"3\", \"matches_human_scoring\": false, \"fuzzy_matching\": false, \"manual_edit\": false}, {\"questionpart_n\": \"x.\", \"question\": \"skirbi\\\\tto write\", \"answer\": \"0\", \"matches_human_scoring\": false, \"fuzzy_matching\": false, \"manual_edit\": false}, {\"questionpart_n\": \"y.\", \"question\": \"s\\u00f2ru\\\\tto care\", \"answer\": \"0\", \"matches_human_scoring\": false, \"fuzzy_matching\": false, \"manual_edit\": false}, {\"questionpart_n\": \"z.\", \"question\": \"tribon\\\\tshark\", \"answer\": \"2\", \"matches_human_scoring\": false, \"fuzzy_matching\": false, \"manual_edit\": false}]}]",
    "notes": "Added some extra instruction because in the original exam paper context, the stressed syllable was underlined (doesn't copy). So rewrote as a table with the numeric format to stress the syllable which was already how it was done in the question text.",
    "answers_page": 2,
    "team_review": false,
    "obfuscated": "False",
    "obf_num": "0",
    "mapping": null,
    "json_invalid": false
}