{
    "json_invalid": false,
    "preamble": "Problem 2. Language X (20 marks)\n  ",
    "context": "Language X is written with Roman script, with some additions. The accents on the vowels represent tones. e and \u1eb9 represent different vowel sounds. These distinctions are important in Language X pronunciation. \n\nHere are some numbers in Language X:\n\ni\u0301ru\t2\no\u0301jug\t4\ne\u0323\u0301jeg\t5\no\u0301jugde\u0323\u0300\t14\nii\u0300ru\u0301ludaneg\t18\noo\u0300ju\u0301gludana\u0300ru\t36\no\u0301ju\u0301glana\u0300ru\t44\ne\u0323\u0301e\u0323\u0300lajug\t70\noo\u0300ke\u0323\u0301ludana\u0300jug\t77\no\u0301ke\u0323\u0301lana\u0300jug\t83",
    "questions": "[{\"question_n\": \"Q 2.1\", \"prompt\": \"Write the following Language X numbers in figures\", \"subprompts\": [{\"questionpart_n\": \"a.\", \"question\": \"e\u0323\u0301e\u0323\u0300lake\u0323\", \"answer\": \"50\", \"matches_human_scoring\": false, \"fuzzy_matching\": false, \"manual_edit\": false}, {\"questionpart_n\": \"b.\", \"question\": \"e\u0323\u0301je\u0301glana\u0300jug\", \"answer\": \"85\", \"matches_human_scoring\": false, \"fuzzy_matching\": false, \"manual_edit\": false}, {\"questionpart_n\": \"c.\", \"question\": \"e\u0323e\u0323\u0300je\u0301gludana\u0300jug\", \"answer\": \"75\", \"matches_human_scoring\": false, \"fuzzy_matching\": false, \"manual_edit\": false}, {\"questionpart_n\": \"d.\", \"question\": \"o\u0301ke\u0323\u0301lana\u0300jeg\", \"answer\": \"103\", \"matches_human_scoring\": false, \"fuzzy_matching\": false, \"manual_edit\": false}, {\"questionpart_n\": \"e.\", \"question\": \"a\u0301te\u0323\u0300gludana\u0300ru\", \"answer\": \"39\", \"matches_human_scoring\": false, \"fuzzy_matching\": false, \"manual_edit\": false}]}, {\"question_n\": \"Q 2.2\", \"prompt\": \"Write out the following in Language X.\", \"subprompts\": [{\"questionpart_n\": \"f.\", \"question\": \"12\", \"answer\": \"i\u0301rude\u0323\u0300\", \"matches_human_scoring\": false, \"fuzzy_matching\": false, \"manual_edit\": false}, {\"questionpart_n\": \"g.\", \"question\": \"90\", \"answer\": \"e\u0323\u0301e\u0323\u0300lajeg\", \"matches_human_scoring\": false, \"fuzzy_matching\": false, \"manual_edit\": false}, {\"questionpart_n\": \"h.\", \"question\": \"57\", \"answer\": \"oo\u0300ke\u0323\u0301ludana\u0300ke\u0323\", \"matches_human_scoring\": false, \"fuzzy_matching\": false, \"manual_edit\": false}, {\"questionpart_n\": \"i.\", \"question\": \"45\", \"answer\": \"e\u0323\u0301je\u0301glana\u0300ru\", \"matches_human_scoring\": false, \"fuzzy_matching\": false, \"manual_edit\": false}, {\"questionpart_n\": \"j.\", \"question\": \"99\", \"answer\": \"a\u0301te\u0323\u0300gludana\u0300jeg\", \"matches_human_scoring\": false, \"fuzzy_matching\": false, \"manual_edit\": false}]}]",
    "obfuscated": "True",
    "obf_num": "29",
    "mapping": {
        "a": "e\u0323",
        "e": "i",
        "e\u0323": "o",
        "i": "u",
        "o": "a",
        "u": "e",
        "\u0301": "\u0300",
        "\u0300": "\u0301",
        "d": "l",
        "g": "n",
        "j": "r",
        "k": "t",
        "l": "d",
        "n": "g",
        "r": "j",
        "t": "k"
    }
}