{
    "json_invalid": false,
    "preamble": "Problem 2. Language X (20 marks)\n  ",
    "context": "Language X is written with Roman script, with some additions. The accents on the vowels represent tones. e and \u1eb9 represent different vowel sounds. These distinctions are important in Language X pronunciation. \n\nHere are some numbers in Language X:\n\nu\u0301te\t2\na\u0301kej\t4\no\u0301kij\t5\na\u0301kejgo\u0300\t14\nuu\u0300te\u0301nege\u0323rij\t18\naa\u0300ke\u0301jnege\u0323re\u0323\u0300te\t36\na\u0301ke\u0301jne\u0323re\u0323\u0300te\t44\no\u0301o\u0300ne\u0323kej\t70\naa\u0300lo\u0301nege\u0323re\u0323\u0300kej\t77\na\u0301lo\u0301ne\u0323re\u0323\u0300kej\t83",
    "questions": "[{\"question_n\": \"Q 2.1\", \"prompt\": \"Write the following Language X numbers in figures\", \"subprompts\": [{\"questionpart_n\": \"a.\", \"question\": \"o\u0301o\u0300ne\u0323lo\", \"answer\": \"50\", \"matches_human_scoring\": false, \"fuzzy_matching\": false, \"manual_edit\": false}, {\"questionpart_n\": \"b.\", \"question\": \"o\u0301ki\u0301jne\u0323re\u0323\u0300kej\", \"answer\": \"85\", \"matches_human_scoring\": false, \"fuzzy_matching\": false, \"manual_edit\": false}, {\"questionpart_n\": \"c.\", \"question\": \"oo\u0300ki\u0301jnege\u0323re\u0323\u0300kej\", \"answer\": \"75\", \"matches_human_scoring\": false, \"fuzzy_matching\": false, \"manual_edit\": false}, {\"questionpart_n\": \"d.\", \"question\": \"a\u0301lo\u0301ne\u0323re\u0323\u0300kij\", \"answer\": \"103\", \"matches_human_scoring\": false, \"fuzzy_matching\": false, \"manual_edit\": false}, {\"questionpart_n\": \"e.\", \"question\": \"e\u0323\u0301do\u0300jnege\u0323re\u0323\u0300te\", \"answer\": \"39\", \"matches_human_scoring\": false, \"fuzzy_matching\": false, \"manual_edit\": false}]}, {\"question_n\": \"Q 2.2\", \"prompt\": \"Write out the following in Language X.\", \"subprompts\": [{\"questionpart_n\": \"f.\", \"question\": \"12\", \"answer\": \"u\u0301tego\u0300\", \"matches_human_scoring\": false, \"fuzzy_matching\": false, \"manual_edit\": false}, {\"questionpart_n\": \"g.\", \"question\": \"90\", \"answer\": \"o\u0301o\u0300ne\u0323kij\", \"matches_human_scoring\": false, \"fuzzy_matching\": false, \"manual_edit\": false}, {\"questionpart_n\": \"h.\", \"question\": \"57\", \"answer\": \"aa\u0300lo\u0301nege\u0323re\u0323\u0300lo\", \"matches_human_scoring\": false, \"fuzzy_matching\": false, \"manual_edit\": false}, {\"questionpart_n\": \"i.\", \"question\": \"45\", \"answer\": \"o\u0301ki\u0301jne\u0323re\u0323\u0300te\", \"matches_human_scoring\": false, \"fuzzy_matching\": false, \"manual_edit\": false}, {\"questionpart_n\": \"j.\", \"question\": \"99\", \"answer\": \"e\u0323\u0301do\u0300jnege\u0323re\u0323\u0300kij\", \"matches_human_scoring\": false, \"fuzzy_matching\": false, \"manual_edit\": false}]}]",
    "obfuscated": "True",
    "obf_num": "24",
    "mapping": {
        "a": "o",
        "e": "u",
        "e\u0323": "a",
        "i": "e",
        "o": "e\u0323",
        "u": "i",
        "\u0301": "\u0300",
        "\u0300": "\u0301",
        "d": "n",
        "g": "r",
        "j": "t",
        "k": "d",
        "l": "g",
        "n": "j",
        "r": "k",
        "t": "l"
    }
}