{
    "json_invalid": false,
    "preamble": "Problem 2. Language X (20 marks)\n  ",
    "context": "Language X is written with Roman script, with some additions. The accents on the vowels represent tones. e and \u1eb9 represent different vowel sounds. These distinctions are important in Language X pronunciation. \n\nHere are some numbers in Language X:\n\na\u0301ke\u0323\t2\ne\u0301te\u0323r\t4\nu\u0301tor\t5\ne\u0301te\u0323rnu\u0300\t14\naa\u0300ke\u0323\u0301ge\u0323nijor\t18\nee\u0300te\u0323\u0301rge\u0323niji\u0300ke\u0323\t36\ne\u0301te\u0323\u0301rgiji\u0300ke\u0323\t44\nu\u0301u\u0300gite\u0323r\t70\nee\u0300du\u0301ge\u0323niji\u0300te\u0323r\t77\ne\u0301du\u0301giji\u0300te\u0323r\t83",
    "questions": "[{\"question_n\": \"Q 2.1\", \"prompt\": \"Write the following Language X numbers in figures\", \"subprompts\": [{\"questionpart_n\": \"a.\", \"question\": \"u\u0301u\u0300gidu\", \"answer\": \"50\", \"matches_human_scoring\": false, \"fuzzy_matching\": false, \"manual_edit\": false}, {\"questionpart_n\": \"b.\", \"question\": \"u\u0301to\u0301rgiji\u0300te\u0323r\", \"answer\": \"85\", \"matches_human_scoring\": false, \"fuzzy_matching\": false, \"manual_edit\": false}, {\"questionpart_n\": \"c.\", \"question\": \"uu\u0300to\u0301rge\u0323niji\u0300te\u0323r\", \"answer\": \"75\", \"matches_human_scoring\": false, \"fuzzy_matching\": false, \"manual_edit\": false}, {\"questionpart_n\": \"d.\", \"question\": \"e\u0301du\u0301giji\u0300tor\", \"answer\": \"103\", \"matches_human_scoring\": false, \"fuzzy_matching\": false, \"manual_edit\": false}, {\"questionpart_n\": \"e.\", \"question\": \"i\u0301lu\u0300rge\u0323niji\u0300ke\u0323\", \"answer\": \"39\", \"matches_human_scoring\": false, \"fuzzy_matching\": false, \"manual_edit\": false}]}, {\"question_n\": \"Q 2.2\", \"prompt\": \"Write out the following in Language X.\", \"subprompts\": [{\"questionpart_n\": \"f.\", \"question\": \"12\", \"answer\": \"a\u0301ke\u0323nu\u0300\", \"matches_human_scoring\": false, \"fuzzy_matching\": false, \"manual_edit\": false}, {\"questionpart_n\": \"g.\", \"question\": \"90\", \"answer\": \"u\u0301u\u0300gitor\", \"matches_human_scoring\": false, \"fuzzy_matching\": false, \"manual_edit\": false}, {\"questionpart_n\": \"h.\", \"question\": \"57\", \"answer\": \"ee\u0300du\u0301ge\u0323niji\u0300du\", \"matches_human_scoring\": false, \"fuzzy_matching\": false, \"manual_edit\": false}, {\"questionpart_n\": \"i.\", \"question\": \"45\", \"answer\": \"u\u0301to\u0301rgiji\u0300ke\u0323\", \"matches_human_scoring\": false, \"fuzzy_matching\": false, \"manual_edit\": false}, {\"questionpart_n\": \"j.\", \"question\": \"99\", \"answer\": \"i\u0301lu\u0300rge\u0323niji\u0300tor\", \"matches_human_scoring\": false, \"fuzzy_matching\": false, \"manual_edit\": false}]}]",
    "obfuscated": "True",
    "obf_num": "12",
    "mapping": {
        "a": "u",
        "e": "a",
        "e\u0323": "e",
        "i": "e\u0323",
        "o": "i",
        "u": "o",
        "\u0301": "\u0300",
        "\u0300": "\u0301",
        "d": "g",
        "g": "j",
        "j": "k",
        "k": "l",
        "l": "n",
        "n": "r",
        "r": "t",
        "t": "d"
    }
}