{
    "json_invalid": false,
    "preamble": "Problem 2. Language X (20 marks)\n  ",
    "context": "Language X is written with Roman script, with some additions. The accents on the vowels represent tones. e and \u1eb9 represent different vowel sounds. These distinctions are important in Language X pronunciation. \n\nHere are some numbers in Language X:\n\nu\u0301ke\t2\na\u0301ter\t4\no\u0301tir\t5\na\u0301terno\u0300\t14\nuu\u0300ke\u0301gene\u0323jir\t18\naa\u0300te\u0301rgene\u0323je\u0323\u0300ke\t36\na\u0301te\u0301rge\u0323je\u0323\u0300ke\t44\no\u0301o\u0300ge\u0323ter\t70\naa\u0300do\u0301gene\u0323je\u0323\u0300ter\t77\na\u0301do\u0301ge\u0323je\u0323\u0300ter\t83",
    "questions": "[{\"question_n\": \"Q 2.1\", \"prompt\": \"Write the following Language X numbers in figures\", \"subprompts\": [{\"questionpart_n\": \"a.\", \"question\": \"o\u0301o\u0300ge\u0323do\", \"answer\": \"50\", \"matches_human_scoring\": false, \"fuzzy_matching\": false, \"manual_edit\": false}, {\"questionpart_n\": \"b.\", \"question\": \"o\u0301ti\u0301rge\u0323je\u0323\u0300ter\", \"answer\": \"85\", \"matches_human_scoring\": false, \"fuzzy_matching\": false, \"manual_edit\": false}, {\"questionpart_n\": \"c.\", \"question\": \"oo\u0300ti\u0301rgene\u0323je\u0323\u0300ter\", \"answer\": \"75\", \"matches_human_scoring\": false, \"fuzzy_matching\": false, \"manual_edit\": false}, {\"questionpart_n\": \"d.\", \"question\": \"a\u0301do\u0301ge\u0323je\u0323\u0300tir\", \"answer\": \"103\", \"matches_human_scoring\": false, \"fuzzy_matching\": false, \"manual_edit\": false}, {\"questionpart_n\": \"e.\", \"question\": \"e\u0323\u0301lo\u0300rgene\u0323je\u0323\u0300ke\", \"answer\": \"39\", \"matches_human_scoring\": false, \"fuzzy_matching\": false, \"manual_edit\": false}]}, {\"question_n\": \"Q 2.2\", \"prompt\": \"Write out the following in Language X.\", \"subprompts\": [{\"questionpart_n\": \"f.\", \"question\": \"12\", \"answer\": \"u\u0301keno\u0300\", \"matches_human_scoring\": false, \"fuzzy_matching\": false, \"manual_edit\": false}, {\"questionpart_n\": \"g.\", \"question\": \"90\", \"answer\": \"o\u0301o\u0300ge\u0323tir\", \"matches_human_scoring\": false, \"fuzzy_matching\": false, \"manual_edit\": false}, {\"questionpart_n\": \"h.\", \"question\": \"57\", \"answer\": \"aa\u0300do\u0301gene\u0323je\u0323\u0300do\", \"matches_human_scoring\": false, \"fuzzy_matching\": false, \"manual_edit\": false}, {\"questionpart_n\": \"i.\", \"question\": \"45\", \"answer\": \"o\u0301ti\u0301rge\u0323je\u0323\u0300ke\", \"matches_human_scoring\": false, \"fuzzy_matching\": false, \"manual_edit\": false}, {\"questionpart_n\": \"j.\", \"question\": \"99\", \"answer\": \"e\u0323\u0301lo\u0300rgene\u0323je\u0323\u0300tir\", \"matches_human_scoring\": false, \"fuzzy_matching\": false, \"manual_edit\": false}]}]",
    "obfuscated": "True",
    "obf_num": "25",
    "mapping": {
        "a": "o",
        "e": "u",
        "e\u0323": "a",
        "i": "e",
        "o": "e\u0323",
        "u": "i",
        "\u0301": "\u0300",
        "\u0300": "\u0301",
        "d": "g",
        "g": "j",
        "j": "k",
        "k": "l",
        "l": "n",
        "n": "r",
        "r": "t",
        "t": "d"
    }
}