{
    "json_invalid": false,
    "preamble": "Problem 2. Language X (20 marks)\n  ",
    "context": "Language X is written with Roman script, with some additions. The accents on the vowels represent tones. e and \u1eb9 represent different vowel sounds. These distinctions are important in Language X pronunciation. \n\nHere are some numbers in Language X:\n\na\u0301re\u0323\t2\ne\u0301je\u0323g\t4\nu\u0301jog\t5\ne\u0301je\u0323gdu\u0300\t14\naa\u0300re\u0323\u0301le\u0323dinog\t18\nee\u0300je\u0323\u0301gle\u0323dini\u0300re\u0323\t36\ne\u0301je\u0323\u0301glini\u0300re\u0323\t44\nu\u0301u\u0300lije\u0323g\t70\nee\u0300ku\u0301le\u0323dini\u0300je\u0323g\t77\ne\u0301ku\u0301lini\u0300je\u0323g\t83",
    "questions": "[{\"question_n\": \"Q 2.1\", \"prompt\": \"Write the following Language X numbers in figures\", \"subprompts\": [{\"questionpart_n\": \"a.\", \"question\": \"u\u0301u\u0300liku\", \"answer\": \"50\", \"matches_human_scoring\": false, \"fuzzy_matching\": false, \"manual_edit\": false}, {\"questionpart_n\": \"b.\", \"question\": \"u\u0301jo\u0301glini\u0300je\u0323g\", \"answer\": \"85\", \"matches_human_scoring\": false, \"fuzzy_matching\": false, \"manual_edit\": false}, {\"questionpart_n\": \"c.\", \"question\": \"uu\u0300jo\u0301gle\u0323dini\u0300je\u0323g\", \"answer\": \"75\", \"matches_human_scoring\": false, \"fuzzy_matching\": false, \"manual_edit\": false}, {\"questionpart_n\": \"d.\", \"question\": \"e\u0301ku\u0301lini\u0300jog\", \"answer\": \"103\", \"matches_human_scoring\": false, \"fuzzy_matching\": false, \"manual_edit\": false}, {\"questionpart_n\": \"e.\", \"question\": \"i\u0301tu\u0300gle\u0323dini\u0300re\u0323\", \"answer\": \"39\", \"matches_human_scoring\": false, \"fuzzy_matching\": false, \"manual_edit\": false}]}, {\"question_n\": \"Q 2.2\", \"prompt\": \"Write out the following in Language X.\", \"subprompts\": [{\"questionpart_n\": \"f.\", \"question\": \"12\", \"answer\": \"a\u0301re\u0323du\u0300\", \"matches_human_scoring\": false, \"fuzzy_matching\": false, \"manual_edit\": false}, {\"questionpart_n\": \"g.\", \"question\": \"90\", \"answer\": \"u\u0301u\u0300lijog\", \"matches_human_scoring\": false, \"fuzzy_matching\": false, \"manual_edit\": false}, {\"questionpart_n\": \"h.\", \"question\": \"57\", \"answer\": \"ee\u0300ku\u0301le\u0323dini\u0300ku\", \"matches_human_scoring\": false, \"fuzzy_matching\": false, \"manual_edit\": false}, {\"questionpart_n\": \"i.\", \"question\": \"45\", \"answer\": \"u\u0301jo\u0301glini\u0300re\u0323\", \"matches_human_scoring\": false, \"fuzzy_matching\": false, \"manual_edit\": false}, {\"questionpart_n\": \"j.\", \"question\": \"99\", \"answer\": \"i\u0301tu\u0300gle\u0323dini\u0300jog\", \"matches_human_scoring\": false, \"fuzzy_matching\": false, \"manual_edit\": false}]}]",
    "obfuscated": "True",
    "obf_num": "4",
    "mapping": {
        "a": "u",
        "e": "a",
        "e\u0323": "e",
        "i": "e\u0323",
        "o": "i",
        "u": "o",
        "\u0301": "\u0300",
        "\u0300": "\u0301",
        "d": "l",
        "g": "n",
        "j": "r",
        "k": "t",
        "l": "d",
        "n": "g",
        "r": "j",
        "t": "k"
    }
}