{
    "json_invalid": false,
    "preamble": "Problem 2. Language X (20 marks)\n  ",
    "context": "Language X is written with Roman script, with some additions. The accents on the vowels represent tones. e and \u1eb9 represent different vowel sounds. These distinctions are important in Language X pronunciation. \n\nHere are some numbers in Language X:\n\ni\u0301gu\t2\no\u0301nul\t4\ne\u0323\u0301nel\t5\no\u0301nulke\u0323\u0300\t14\nii\u0300gu\u0301tukadel\t18\noo\u0300nu\u0301ltukada\u0300gu\t36\no\u0301nu\u0301ltada\u0300gu\t44\ne\u0323\u0301e\u0323\u0300tanul\t70\noo\u0300re\u0323\u0301tukada\u0300nul\t77\no\u0301re\u0323\u0301tada\u0300nul\t83",
    "questions": "[{\"question_n\": \"Q 2.1\", \"prompt\": \"Write the following Language X numbers in figures\", \"subprompts\": [{\"questionpart_n\": \"a.\", \"question\": \"e\u0323\u0301e\u0323\u0300tare\u0323\", \"answer\": \"50\", \"matches_human_scoring\": false, \"fuzzy_matching\": false, \"manual_edit\": false}, {\"questionpart_n\": \"b.\", \"question\": \"e\u0323\u0301ne\u0301ltada\u0300nul\", \"answer\": \"85\", \"matches_human_scoring\": false, \"fuzzy_matching\": false, \"manual_edit\": false}, {\"questionpart_n\": \"c.\", \"question\": \"e\u0323e\u0323\u0300ne\u0301ltukada\u0300nul\", \"answer\": \"75\", \"matches_human_scoring\": false, \"fuzzy_matching\": false, \"manual_edit\": false}, {\"questionpart_n\": \"d.\", \"question\": \"o\u0301re\u0323\u0301tada\u0300nel\", \"answer\": \"103\", \"matches_human_scoring\": false, \"fuzzy_matching\": false, \"manual_edit\": false}, {\"questionpart_n\": \"e.\", \"question\": \"a\u0301je\u0323\u0300ltukada\u0300gu\", \"answer\": \"39\", \"matches_human_scoring\": false, \"fuzzy_matching\": false, \"manual_edit\": false}]}, {\"question_n\": \"Q 2.2\", \"prompt\": \"Write out the following in Language X.\", \"subprompts\": [{\"questionpart_n\": \"f.\", \"question\": \"12\", \"answer\": \"i\u0301guke\u0323\u0300\", \"matches_human_scoring\": false, \"fuzzy_matching\": false, \"manual_edit\": false}, {\"questionpart_n\": \"g.\", \"question\": \"90\", \"answer\": \"e\u0323\u0301e\u0323\u0300tanel\", \"matches_human_scoring\": false, \"fuzzy_matching\": false, \"manual_edit\": false}, {\"questionpart_n\": \"h.\", \"question\": \"57\", \"answer\": \"oo\u0300re\u0323\u0301tukada\u0300re\u0323\", \"matches_human_scoring\": false, \"fuzzy_matching\": false, \"manual_edit\": false}, {\"questionpart_n\": \"i.\", \"question\": \"45\", \"answer\": \"e\u0323\u0301ne\u0301ltada\u0300gu\", \"matches_human_scoring\": false, \"fuzzy_matching\": false, \"manual_edit\": false}, {\"questionpart_n\": \"j.\", \"question\": \"99\", \"answer\": \"a\u0301je\u0323\u0300ltukada\u0300nel\", \"matches_human_scoring\": false, \"fuzzy_matching\": false, \"manual_edit\": false}]}]",
    "obfuscated": "True",
    "obf_num": "9",
    "mapping": {
        "a": "e\u0323",
        "e": "i",
        "e\u0323": "o",
        "i": "u",
        "o": "a",
        "u": "e",
        "\u0301": "\u0300",
        "\u0300": "\u0301",
        "d": "t",
        "g": "d",
        "j": "g",
        "k": "j",
        "l": "k",
        "n": "l",
        "r": "n",
        "t": "r"
    }
}