{
    "json_invalid": false,
    "preamble": "Problem 2. Language X (20 marks)\n  ",
    "context": "Language X is written with Roman script, with some additions. The accents on the vowels represent tones. e and \u1eb9 represent different vowel sounds. These distinctions are important in Language X pronunciation. \n\nHere are some numbers in Language X:\n\ne\u0323\u0301go\t2\ni\u0301nol\t4\ne\u0301nal\t5\ni\u0301nolke\u0300\t14\ne\u0323e\u0323\u0300go\u0301tokudal\t18\nii\u0300no\u0301ltokudu\u0300go\t36\ni\u0301no\u0301ltudu\u0300go\t44\ne\u0301e\u0300tunol\t70\nii\u0300re\u0301tokudu\u0300nol\t77\ni\u0301re\u0301tudu\u0300nol\t83",
    "questions": "[{\"question_n\": \"Q 2.1\", \"prompt\": \"Write the following Language X numbers in figures\", \"subprompts\": [{\"questionpart_n\": \"a.\", \"question\": \"e\u0301e\u0300ture\", \"answer\": \"50\", \"matches_human_scoring\": false, \"fuzzy_matching\": false, \"manual_edit\": false}, {\"questionpart_n\": \"b.\", \"question\": \"e\u0301na\u0301ltudu\u0300nol\", \"answer\": \"85\", \"matches_human_scoring\": false, \"fuzzy_matching\": false, \"manual_edit\": false}, {\"questionpart_n\": \"c.\", \"question\": \"ee\u0300na\u0301ltokudu\u0300nol\", \"answer\": \"75\", \"matches_human_scoring\": false, \"fuzzy_matching\": false, \"manual_edit\": false}, {\"questionpart_n\": \"d.\", \"question\": \"i\u0301re\u0301tudu\u0300nal\", \"answer\": \"103\", \"matches_human_scoring\": false, \"fuzzy_matching\": false, \"manual_edit\": false}, {\"questionpart_n\": \"e.\", \"question\": \"u\u0301je\u0300ltokudu\u0300go\", \"answer\": \"39\", \"matches_human_scoring\": false, \"fuzzy_matching\": false, \"manual_edit\": false}]}, {\"question_n\": \"Q 2.2\", \"prompt\": \"Write out the following in Language X.\", \"subprompts\": [{\"questionpart_n\": \"f.\", \"question\": \"12\", \"answer\": \"e\u0323\u0301goke\u0300\", \"matches_human_scoring\": false, \"fuzzy_matching\": false, \"manual_edit\": false}, {\"questionpart_n\": \"g.\", \"question\": \"90\", \"answer\": \"e\u0301e\u0300tunal\", \"matches_human_scoring\": false, \"fuzzy_matching\": false, \"manual_edit\": false}, {\"questionpart_n\": \"h.\", \"question\": \"57\", \"answer\": \"ii\u0300re\u0301tokudu\u0300re\", \"matches_human_scoring\": false, \"fuzzy_matching\": false, \"manual_edit\": false}, {\"questionpart_n\": \"i.\", \"question\": \"45\", \"answer\": \"e\u0301na\u0301ltudu\u0300go\", \"matches_human_scoring\": false, \"fuzzy_matching\": false, \"manual_edit\": false}, {\"questionpart_n\": \"j.\", \"question\": \"99\", \"answer\": \"u\u0301je\u0300ltokudu\u0300nal\", \"matches_human_scoring\": false, \"fuzzy_matching\": false, \"manual_edit\": false}]}]",
    "obfuscated": "True",
    "obf_num": "13",
    "mapping": {
        "a": "e",
        "e": "e\u0323",
        "e\u0323": "i",
        "i": "o",
        "o": "u",
        "u": "a",
        "\u0301": "\u0300",
        "\u0300": "\u0301",
        "d": "t",
        "g": "d",
        "j": "g",
        "k": "j",
        "l": "k",
        "n": "l",
        "r": "n",
        "t": "r"
    }
}