{
    "json_invalid": false,
    "preamble": "Problem 2. Language X (20 marks)\n  ",
    "context": "Language X is written with Roman script, with some additions. The accents on the vowels represent tones. e and \u1eb9 represent different vowel sounds. These distinctions are important in Language X pronunciation. \n\nHere are some numbers in Language X:\n\nu\u0301ge\t2\na\u0301nel\t4\no\u0301nil\t5\na\u0301nelko\u0300\t14\nuu\u0300ge\u0301teke\u0323dil\t18\naa\u0300ne\u0301lteke\u0323de\u0323\u0300ge\t36\na\u0301ne\u0301lte\u0323de\u0323\u0300ge\t44\no\u0301o\u0300te\u0323nel\t70\naa\u0300ro\u0301teke\u0323de\u0323\u0300nel\t77\na\u0301ro\u0301te\u0323de\u0323\u0300nel\t83",
    "questions": "[{\"question_n\": \"Q 2.1\", \"prompt\": \"Write the following Language X numbers in figures\", \"subprompts\": [{\"questionpart_n\": \"a.\", \"question\": \"o\u0301o\u0300te\u0323ro\", \"answer\": \"50\", \"matches_human_scoring\": false, \"fuzzy_matching\": false, \"manual_edit\": false}, {\"questionpart_n\": \"b.\", \"question\": \"o\u0301ni\u0301lte\u0323de\u0323\u0300nel\", \"answer\": \"85\", \"matches_human_scoring\": false, \"fuzzy_matching\": false, \"manual_edit\": false}, {\"questionpart_n\": \"c.\", \"question\": \"oo\u0300ni\u0301lteke\u0323de\u0323\u0300nel\", \"answer\": \"75\", \"matches_human_scoring\": false, \"fuzzy_matching\": false, \"manual_edit\": false}, {\"questionpart_n\": \"d.\", \"question\": \"a\u0301ro\u0301te\u0323de\u0323\u0300nil\", \"answer\": \"103\", \"matches_human_scoring\": false, \"fuzzy_matching\": false, \"manual_edit\": false}, {\"questionpart_n\": \"e.\", \"question\": \"e\u0323\u0301jo\u0300lteke\u0323de\u0323\u0300ge\", \"answer\": \"39\", \"matches_human_scoring\": false, \"fuzzy_matching\": false, \"manual_edit\": false}]}, {\"question_n\": \"Q 2.2\", \"prompt\": \"Write out the following in Language X.\", \"subprompts\": [{\"questionpart_n\": \"f.\", \"question\": \"12\", \"answer\": \"u\u0301geko\u0300\", \"matches_human_scoring\": false, \"fuzzy_matching\": false, \"manual_edit\": false}, {\"questionpart_n\": \"g.\", \"question\": \"90\", \"answer\": \"o\u0301o\u0300te\u0323nil\", \"matches_human_scoring\": false, \"fuzzy_matching\": false, \"manual_edit\": false}, {\"questionpart_n\": \"h.\", \"question\": \"57\", \"answer\": \"aa\u0300ro\u0301teke\u0323de\u0323\u0300ro\", \"matches_human_scoring\": false, \"fuzzy_matching\": false, \"manual_edit\": false}, {\"questionpart_n\": \"i.\", \"question\": \"45\", \"answer\": \"o\u0301ni\u0301lte\u0323de\u0323\u0300ge\", \"matches_human_scoring\": false, \"fuzzy_matching\": false, \"manual_edit\": false}, {\"questionpart_n\": \"j.\", \"question\": \"99\", \"answer\": \"e\u0323\u0301jo\u0300lteke\u0323de\u0323\u0300nil\", \"matches_human_scoring\": false, \"fuzzy_matching\": false, \"manual_edit\": false}]}]",
    "obfuscated": "True",
    "obf_num": "8",
    "mapping": {
        "a": "o",
        "e": "u",
        "e\u0323": "a",
        "i": "e",
        "o": "e\u0323",
        "u": "i",
        "\u0301": "\u0300",
        "\u0300": "\u0301",
        "d": "t",
        "g": "d",
        "j": "g",
        "k": "j",
        "l": "k",
        "n": "l",
        "r": "n",
        "t": "r"
    }
}