{
    "json_invalid": false,
    "preamble": "Problem 2. Language X (20 marks)\n  ",
    "context": "Language X is written with Roman script, with some additions. The accents on the vowels represent tones. e and \u1eb9 represent different vowel sounds. These distinctions are important in Language X pronunciation. \n\nHere are some numbers in Language X:\n\ni\u0301tu\t2\no\u0301kuj\t4\ne\u0323\u0301kej\t5\no\u0301kujge\u0323\u0300\t14\nii\u0300tu\u0301nugarej\t18\noo\u0300ku\u0301jnugara\u0300tu\t36\no\u0301ku\u0301jnara\u0300tu\t44\ne\u0323\u0301e\u0323\u0300nakuj\t70\noo\u0300le\u0323\u0301nugara\u0300kuj\t77\no\u0301le\u0323\u0301nara\u0300kuj\t83",
    "questions": "[{\"question_n\": \"Q 2.1\", \"prompt\": \"Write the following Language X numbers in figures\", \"subprompts\": [{\"questionpart_n\": \"a.\", \"question\": \"e\u0323\u0301e\u0323\u0300nale\u0323\", \"answer\": \"50\", \"matches_human_scoring\": false, \"fuzzy_matching\": false, \"manual_edit\": false}, {\"questionpart_n\": \"b.\", \"question\": \"e\u0323\u0301ke\u0301jnara\u0300kuj\", \"answer\": \"85\", \"matches_human_scoring\": false, \"fuzzy_matching\": false, \"manual_edit\": false}, {\"questionpart_n\": \"c.\", \"question\": \"e\u0323e\u0323\u0300ke\u0301jnugara\u0300kuj\", \"answer\": \"75\", \"matches_human_scoring\": false, \"fuzzy_matching\": false, \"manual_edit\": false}, {\"questionpart_n\": \"d.\", \"question\": \"o\u0301le\u0323\u0301nara\u0300kej\", \"answer\": \"103\", \"matches_human_scoring\": false, \"fuzzy_matching\": false, \"manual_edit\": false}, {\"questionpart_n\": \"e.\", \"question\": \"a\u0301de\u0323\u0300jnugara\u0300tu\", \"answer\": \"39\", \"matches_human_scoring\": false, \"fuzzy_matching\": false, \"manual_edit\": false}]}, {\"question_n\": \"Q 2.2\", \"prompt\": \"Write out the following in Language X.\", \"subprompts\": [{\"questionpart_n\": \"f.\", \"question\": \"12\", \"answer\": \"i\u0301tuge\u0323\u0300\", \"matches_human_scoring\": false, \"fuzzy_matching\": false, \"manual_edit\": false}, {\"questionpart_n\": \"g.\", \"question\": \"90\", \"answer\": \"e\u0323\u0301e\u0323\u0300nakej\", \"matches_human_scoring\": false, \"fuzzy_matching\": false, \"manual_edit\": false}, {\"questionpart_n\": \"h.\", \"question\": \"57\", \"answer\": \"oo\u0300le\u0323\u0301nugara\u0300le\u0323\", \"matches_human_scoring\": false, \"fuzzy_matching\": false, \"manual_edit\": false}, {\"questionpart_n\": \"i.\", \"question\": \"45\", \"answer\": \"e\u0323\u0301ke\u0301jnara\u0300tu\", \"matches_human_scoring\": false, \"fuzzy_matching\": false, \"manual_edit\": false}, {\"questionpart_n\": \"j.\", \"question\": \"99\", \"answer\": \"a\u0301de\u0323\u0300jnugara\u0300kej\", \"matches_human_scoring\": false, \"fuzzy_matching\": false, \"manual_edit\": false}]}]",
    "obfuscated": "True",
    "obf_num": "5",
    "mapping": {
        "a": "e\u0323",
        "e": "i",
        "e\u0323": "o",
        "i": "u",
        "o": "a",
        "u": "e",
        "\u0301": "\u0300",
        "\u0300": "\u0301",
        "d": "n",
        "g": "r",
        "j": "t",
        "k": "d",
        "l": "g",
        "n": "j",
        "r": "k",
        "t": "l"
    }
}