{
    "json_invalid": false,
    "preamble": "Problem 2. Language X (5 marks)\n   In the following data, gh replaces the normal Language X spelling, which uses the letter \u0263 for a voiced velar fricative \u2013 the voiced equivalent of the ch in loch and in the German Bach. The letter q represents a stop sound made with the uvula (the little point hanging down at the back of the mouth).\n",
    "context": "Here are some sentences in Language X and their English translations.\n\n1\tAtqiyf.\tThey flew.\n2\tAccmin.\tI ran.\n3\tFatiq.\tShe flew.\n4\tAw atqin uwu.\tI did not fly.\n5\tRaccim ligzez.\tA boy ran.\n6\tAw ratiq uwu.\tHe did not fly.\n7\tAw ghagmiyf uwu.\tThey did not observe.\n8\tFighagim figzezf.\tA girl observed.",
    "questions": "[{\"question_n\": \"Q 2.1\", \"prompt\": \"Translate the following sentences into Language X:\", \"subprompts\": [{\"questionpart_n\": \"9\", \"question\": \"I observed.\", \"answer\": \"Ghagmin.\", \"matches_human_scoring\": false, \"fuzzy_matching\": false, \"manual_edit\": false}, {\"questionpart_n\": \"10\", \"question\": \"They did not run.\", \"answer\": \"Aw accmiyf uwu.\", \"matches_human_scoring\": false, \"fuzzy_matching\": false, \"manual_edit\": false}, {\"questionpart_n\": \"11\", \"question\": \"A girl ran.\", \"answer\": \"Faccim figzezf.\", \"matches_human_scoring\": false, \"fuzzy_matching\": false, \"manual_edit\": false}, {\"questionpart_n\": \"12\", \"question\": \"He did not observe.\", \"answer\": \"Aw righagim uwu.\", \"matches_human_scoring\": false, \"fuzzy_matching\": false, \"manual_edit\": false}]}, {\"question_n\": \"Q 2.2\", \"prompt\": \"Which of the following rules explains why the sentence \\\"Raccim figzezf\\\" is incorrect in Language X? Choose just one by giving the letter of the correct answer.\\nA.\\tThe verb should come last.\\nB.\\tA verb has the prefix f- if its subject is feminine.\\nC.\\tIf two words combine, the first must be shorter than the second.\\nD.\\tRaccim and figzezf are both verbs, so they cannot combine.\", \"subprompts\": [{\"questionpart_n\": \"13\", \"question\": \"\", \"answer\": \"B\", \"matches_human_scoring\": false, \"fuzzy_matching\": false, \"manual_edit\": false}]}]",
    "obfuscated": "True",
    "obf_num": "13",
    "mapping": {
        "u": "a",
        "e": "i",
        "a": "u",
        "i": "e",
        "r": "w",
        "l": "m",
        "gh": "n",
        "y": "r",
        "w": "l",
        "m": "gh",
        "n": "y",
        "f": "t",
        "g": "q",
        "z": "c",
        "t": "f",
        "q": "g",
        "c": "z"
    }
}