{
    "json_invalid": false,
    "preamble": "Problem 2. Language X (5 marks)\n   In the following data, gh replaces the normal Language X spelling, which uses the letter \u0263 for a voiced velar fricative \u2013 the voiced equivalent of the ch in loch and in the German Bach. The letter q represents a stop sound made with the uvula (the little point hanging down at the back of the mouth).\n",
    "context": "Here are some sentences in Language X and their English translations.\n\n1\tIztuyc.\tThey flew.\n2\tIqqmun.\tI ran.\n3\tCizut.\tShe flew.\n4\tIw iztun ewe.\tI did not fly.\n5\tRiqqum lufgag.\tA boy ran.\n6\tIw rizut ewe.\tHe did not fly.\n7\tIw ghifmuyc ewe.\tThey did not observe.\n8\tCughifum cufgagc.\tA girl observed.",
    "questions": "[{\"question_n\": \"Q 2.1\", \"prompt\": \"Translate the following sentences into Language X:\", \"subprompts\": [{\"questionpart_n\": \"9\", \"question\": \"I observed.\", \"answer\": \"Ghifmun.\", \"matches_human_scoring\": false, \"fuzzy_matching\": false, \"manual_edit\": false}, {\"questionpart_n\": \"10\", \"question\": \"They did not run.\", \"answer\": \"Iw iqqmuyc ewe.\", \"matches_human_scoring\": false, \"fuzzy_matching\": false, \"manual_edit\": false}, {\"questionpart_n\": \"11\", \"question\": \"A girl ran.\", \"answer\": \"Ciqqum cufgagc.\", \"matches_human_scoring\": false, \"fuzzy_matching\": false, \"manual_edit\": false}, {\"questionpart_n\": \"12\", \"question\": \"He did not observe.\", \"answer\": \"Iw rughifum ewe.\", \"matches_human_scoring\": false, \"fuzzy_matching\": false, \"manual_edit\": false}]}, {\"question_n\": \"Q 2.2\", \"prompt\": \"Which of the following rules explains why the sentence \\\"Riqqum cufgagc\\\" is incorrect in Language X? Choose just one by giving the letter of the correct answer.\\nA.\\tThe verb should come last.\\nB.\\tA verb has the prefix c- if its subject is feminine.\\nC.\\tIf two words combine, the first must be shorter than the second.\\nD.\\tRiqqum and cufgagc are both verbs, so they cannot combine.\", \"subprompts\": [{\"questionpart_n\": \"13\", \"question\": \"\", \"answer\": \"B\", \"matches_human_scoring\": false, \"fuzzy_matching\": false, \"manual_edit\": false}]}]",
    "obfuscated": "True",
    "obf_num": "29",
    "mapping": {
        "u": "i",
        "e": "u",
        "a": "e",
        "i": "a",
        "r": "w",
        "l": "m",
        "gh": "n",
        "y": "r",
        "w": "l",
        "m": "gh",
        "n": "y",
        "f": "z",
        "g": "t",
        "z": "q",
        "t": "c",
        "q": "f",
        "c": "g"
    }
}