{
    "json_invalid": false,
    "preamble": "Problem 2. Language X (5 marks)\n   In the following data, gh replaces the normal Language X spelling, which uses the letter \u0263 for a voiced velar fricative \u2013 the voiced equivalent of the ch in loch and in the German Bach. The letter q represents a stop sound made with the uvula (the little point hanging down at the back of the mouth).\n",
    "context": "Here are some sentences in Language X and their English translations.\n\n1\tEgzalq.\tThey flew.\n2\tEttyaw.\tI ran.\n3\tQegaz.\tShe flew.\n4\tEgh egzaw ighi.\tI did not fly.\n5\tMettay nacfuf.\tA boy ran.\n6\tEgh megaz ighi.\tHe did not fly.\n7\tEgh recyalq ighi.\tThey did not observe.\n8\tQarecay qacfufq.\tA girl observed.",
    "questions": "[{\"question_n\": \"Q 2.1\", \"prompt\": \"Translate the following sentences into Language X:\", \"subprompts\": [{\"questionpart_n\": \"9\", \"question\": \"I observed.\", \"answer\": \"Recyaw.\", \"matches_human_scoring\": false, \"fuzzy_matching\": false, \"manual_edit\": false}, {\"questionpart_n\": \"10\", \"question\": \"They did not run.\", \"answer\": \"Egh ettyalq ighi.\", \"matches_human_scoring\": false, \"fuzzy_matching\": false, \"manual_edit\": false}, {\"questionpart_n\": \"11\", \"question\": \"A girl ran.\", \"answer\": \"Qettay qacfufq.\", \"matches_human_scoring\": false, \"fuzzy_matching\": false, \"manual_edit\": false}, {\"questionpart_n\": \"12\", \"question\": \"He did not observe.\", \"answer\": \"Egh marecay ighi.\", \"matches_human_scoring\": false, \"fuzzy_matching\": false, \"manual_edit\": false}]}, {\"question_n\": \"Q 2.2\", \"prompt\": \"Which of the following rules explains why the sentence \\\"Mettay qacfufq\\\" is incorrect in Language X? Choose just one by giving the letter of the correct answer.\\nA.\\tThe verb should come last.\\nB.\\tA verb has the prefix q- if its subject is feminine.\\nC.\\tIf two words combine, the first must be shorter than the second.\\nD.\\tMettay and qacfufq are both verbs, so they cannot combine.\", \"subprompts\": [{\"questionpart_n\": \"13\", \"question\": \"\", \"answer\": \"B\", \"matches_human_scoring\": false, \"fuzzy_matching\": false, \"manual_edit\": false}]}]",
    "obfuscated": "True",
    "obf_num": "5",
    "mapping": {
        "u": "e",
        "e": "a",
        "a": "i",
        "i": "u",
        "r": "gh",
        "l": "y",
        "gh": "w",
        "y": "m",
        "w": "n",
        "m": "r",
        "n": "l",
        "f": "g",
        "g": "z",
        "z": "t",
        "t": "q",
        "q": "c",
        "c": "f"
    }
}