{
    "json_invalid": false,
    "preamble": "Problem 2. Language X (5 marks)\n   In the following data, gh replaces the normal Language X spelling, which uses the letter \u0263 for a voiced velar fricative \u2013 the voiced equivalent of the ch in loch and in the German Bach. The letter q represents a stop sound made with the uvula (the little point hanging down at the back of the mouth).\n",
    "context": "Here are some sentences in Language X and their English translations.\n\n1\tAgzighq.\tThey flew.\n2\tAttwim.\tI ran.\n3\tQagiz.\tShe flew.\n4\tAy agzim uyu.\tI did not fly.\n5\tNattiw ricfef.\tA boy ran.\n6\tAy nagiz uyu.\tHe did not fly.\n7\tAy lacwighq uyu.\tThey did not observe.\n8\tQilaciw qicfefq.\tA girl observed.",
    "questions": "[{\"question_n\": \"Q 2.1\", \"prompt\": \"Translate the following sentences into Language X:\", \"subprompts\": [{\"questionpart_n\": \"9\", \"question\": \"I observed.\", \"answer\": \"Lacwim.\", \"matches_human_scoring\": false, \"fuzzy_matching\": false, \"manual_edit\": false}, {\"questionpart_n\": \"10\", \"question\": \"They did not run.\", \"answer\": \"Ay attwighq uyu.\", \"matches_human_scoring\": false, \"fuzzy_matching\": false, \"manual_edit\": false}, {\"questionpart_n\": \"11\", \"question\": \"A girl ran.\", \"answer\": \"Qattiw qicfefq.\", \"matches_human_scoring\": false, \"fuzzy_matching\": false, \"manual_edit\": false}, {\"questionpart_n\": \"12\", \"question\": \"He did not observe.\", \"answer\": \"Ay nilaciw uyu.\", \"matches_human_scoring\": false, \"fuzzy_matching\": false, \"manual_edit\": false}]}, {\"question_n\": \"Q 2.2\", \"prompt\": \"Which of the following rules explains why the sentence \\\"Nattiw qicfefq\\\" is incorrect in Language X? Choose just one by giving the letter of the correct answer.\\nA.\\tThe verb should come last.\\nB.\\tA verb has the prefix q- if its subject is feminine.\\nC.\\tIf two words combine, the first must be shorter than the second.\\nD.\\tNattiw and qicfefq are both verbs, so they cannot combine.\", \"subprompts\": [{\"questionpart_n\": \"13\", \"question\": \"\", \"answer\": \"B\", \"matches_human_scoring\": false, \"fuzzy_matching\": false, \"manual_edit\": false}]}]",
    "obfuscated": "True",
    "obf_num": "8",
    "mapping": {
        "u": "a",
        "e": "i",
        "a": "u",
        "i": "e",
        "r": "y",
        "l": "w",
        "gh": "m",
        "y": "n",
        "w": "r",
        "m": "l",
        "n": "gh",
        "f": "g",
        "g": "z",
        "z": "t",
        "t": "q",
        "q": "c",
        "c": "f"
    }
}