{
    "json_invalid": false,
    "preamble": "Problem 5. Language X (15 marks)\n Language X is the official language of the Country X  . ",
    "context": "Here are some situations in which someone wants to know who bought what, followed by the right Language X answer for each question. Phrases between *asterisks* are emphasised and would be stressed when spoken.\n\n\n\nNumber \t Question: \t Language X answer: \t English translation\n\n a \t What did my friend buy?\t Tseyenge m guetsehung gi um tiket. \t My friend bought *a ticket*.\n\n b \t Who bought a ticket? \t Tsoleye um uya gi m tiket. \t *My aunt* bought a ticket.\n\n c \t What did Lourdes buy? \t Tseyenge nge Lourdes um tsukur. \t Lourdes bought *the house*.\n\n d \t Did she buy the house? \t Tseyenge ngeru\u0301 um tsukur. \t She bought *the house*.\n\n e \t Did she buy the house? \t Tsoleye guri\u0301 m tsukur. \t *She* bought the house.\n\n f \t Who bought the house? \t Tsoleye te Lourdes m tsukur.\t *Lourdes* bought the house.\n\n g \t Who bought the house? \t Tsoleye um tsutsua m tsukur. \t *The woman* bought the house.\n\n h \t Who bought the dress? \t Tsoleye guri\u0301 m tsuni\u0300m. \t *He* bought the dress.\n\n i \t What did he buy? \t Tseyenge ngeru\u0301 um tsuni\u0300m. \t He bought *the dress*.\n\n j \t Who bought my aunt a ticket? \t Tsoleye um guetsehung gi m tiket bunu tu uya gi. \t *My friend* bought a ticket for my aunt.\n\n\n Here is some more Language X vocabulary:\n\n\n child ungug\n\n villa tseyru\n\n Bayani (masculine first name) Bayani\n\n car gipa\n\n father ulu\u0301\n\n took (past tense verb form) engekudes\n\n raincoat gubida\n\n mother engu\u0301\n\n to the station tu istasyon\n\n\n",
    "questions": "[{\"question_n\": \"Q5.1.\", \"prompt\": \"Provide translations for the following sentences:\", \"subprompts\": [{\"questionpart_n\": \"1\", \"question\": \"Provide the English Translation for: Tsengeye ngeru\u0301 um tseyru bunu tu engu\u0301 gi. Put emphasised phrases between *asterisks*\", \"answer\": \"[\\\"He bought *the villa* for my mother.\\\", \\\"He bought *a villa* for my mother.\\\", \\\"He bought *a house* for my mother.\\\", \\\"He bought *the house* for my mother.\\\"]\", \"matches_human_scoring\": false, \"fuzzy_matching\": true, \"manual_edit\": false}, {\"questionpart_n\": \"2\", \"question\": \"Provide the English Translation for: Tsoleye guri\u0301 m tseyru bunu tu engu\u0301 gi. Put emphasised phrases between *asterisks*\", \"answer\": \"[\\\"*He* bought the villa for my mother.\\\", \\\"*He* bought a villa for my mother.\\\", \\\"*He* bought the house for my mother.\\\", \\\"*He* bought a house for my mother.\\\"]\", \"matches_human_scoring\": false, \"fuzzy_matching\": true, \"manual_edit\": false}, {\"questionpart_n\": \"3\", \"question\": \"Provide the English Translation for: Engekudes m ungug gi um engu\u0301 gi tu istasyon. Put emphasised phrases between *asterisks*\", \"answer\": \"*My child* took my mother to the station.\", \"matches_human_scoring\": true, \"fuzzy_matching\": false, \"manual_edit\": false}, {\"questionpart_n\": \"4\", \"question\": \"Provide the English Translation for: Engekudes m engu\u0301 gi um ungug gi tu istasyon. Put emphasised phrases between *asterisks*\", \"answer\": \"*My mother* took my child to the station.\", \"matches_human_scoring\": true, \"fuzzy_matching\": false, \"manual_edit\": false}, {\"questionpart_n\": \"5\", \"question\": \"Provide the Language X Translation for:*My father* bought the car.\", \"answer\": \"[\\\"Tsoleye um ulu\u0301 gi m gipa.\\\", \\\"Tsoleye um ulu gi m gipa.\\\", \\\"Tsoleye ungs ulu\u0301 gi m gipa.\\\", \\\"Tsoleye ungs ulu gi m gipa.\\\",\\\"Tsuleye um ulu\u0301 gi m gipa.\\\", \\\"Tsuleye ungs ulu\u0301 gi m gipa.\\\", \\\"Tsuleye um ulu gi m gipa.\\\", \\\"Tsuleye ungs ulu gi m gipa.\\\"]\", \"matches_human_scoring\": false, \"fuzzy_matching\": true, \"manual_edit\": false}, {\"questionpart_n\": \"6\", \"question\": \"Provide the Language X translation for: *She* bought the car. You do not need to include accents like \\u00e1 in your answers\", \"answer\": \"[\\\"Tsoleye guri\u0301 m gipa.\\\", \\\"Tsoleye guri m gipa.\\\", \\\"Tsuleye guri\u0301 m gipa.\\\", \\\"Tsuleye guri m gipa.\\\"]\", \"matches_human_scoring\": false, \"fuzzy_matching\": true, \"manual_edit\": false}, {\"questionpart_n\": \"7\", \"question\": \"Provide the Language X translation for: He bought *the villa*. You do not need to include accents like \\u00e1 in your answers. Assume that the sentence is about my father.\", \"answer\": \"[\\\"Tseyenge ngeru\u0301 um tseyru.\\\", \\\"Tseyenge ngeru um tseyru.\\\", \\\"Tseyenge ngeru\u0301 ungs tseyru.\\\", \\\"Tseyenge ngeru ungs tseyru.\\\", \\\"Tsengeye ngeru\u0301 um tseyru.\\\", \\\"Tsengeye ngeru um tseyru.\\\", \\\"Tsengeye ngeru\u0301 ungs tseyru.\\\", \\\"Tsengeye ngeru ungs tseyru.\\\"] \", \"matches_human_scoring\": false, \"fuzzy_matching\": true, \"manual_edit\": false}, {\"questionpart_n\": \"8\", \"question\": \"Provide the Language X translation for: Bayani bought *the raincoat*. You do not need to include accents like \\u00e1 in your answers. Assume that the sentence is about my father.\", \"answer\": \"[\\\"Tseyenge nge Bayani um gubida.\\\", \\\"Tseyenge nge Bayani ungs gubida.\\\", \\\"Tsengeye nge Bayani um gubida.\\\", \\\"Tsengeye nge Bayani ungs gubida.\\\"]\", \"matches_human_scoring\": false, \"fuzzy_matching\": true, \"manual_edit\": false}, {\"questionpart_n\": \"9\", \"question\": \"Provide the Language X translation for: *He* bought the raincoat. You do not need to include accents like \\u00e1 in your answers.\", \"answer\": \"[\\\"Tsoleye guri\u0301 m gubida.\\\",  \\\"Tsoleye guri m gubida.\\\", \\\"Tsuleye guri\u0301 m gubida.\\\", \\\"Tsuleye guri m gubida.\\\",]\", \"matches_human_scoring\": false, \"fuzzy_matching\": true, \"manual_edit\": false}, {\"questionpart_n\": \"10\", \"question\": \"Provide the Language X translation for: *Eric bought *the dress*. You do not need to include accents like \\u00e1 in your answers.\", \"answer\": \"[\\\"Tsoleye nge Eric um tsuni\u0300m.\\\", \\\"Tsoleye nge Eric um tsunim.\\\", \\\"Tsuleye nge Eric um tsuni\u0300m.\\\", \\\"Tsuleye nge Eric um tsunim.\\\", \\\"Tsoleye nge Eric ungs tsuni\u0300m.\\\", \\\"Tsoleye nge Eric ungs tsunim.\\\", \\\"Tsuleye nge Eric ungs tsuni\u0300m.\\\", \\\"Tsuleye nge Eric ungs tsunim.\\\"]\", \"matches_human_scoring\": false, \"fuzzy_matching\": true, \"manual_edit\": false}]}, {\"question_n\": \"Q5.2.\", \"prompt\": \"While playing a board game in which players can buy family members, the following is said. Give one possible Language X translation for each of the English sentences.\", \"subprompts\": [{\"questionpart_n\": \"11\", \"question\": \"Rosa was bought by my father.\", \"answer\": \"[\\\"Tseyenge m ulu\u0301 gi te Rosa.\\\", \\\"Tsoleye um ulu\u0301 gi nge Rosa.\\\"]\", \"matches_human_scoring\": false, \"fuzzy_matching\": true, \"manual_edit\": false}, {\"questionpart_n\": \"12\", \"question\": \"My father was bought by my mother.\", \"answer\": \"[\\\"Tseyenge um engu\u0301 gi m ulu\u0301 gi.\\\", \\\"Tsoleye m engu\u0301 gi um ulu\u0301 gi.\\\"]\", \"matches_human_scoring\": false, \"fuzzy_matching\": true, \"manual_edit\": false}]}]",
    "obfuscated": "True",
    "obf_num": "27",
    "mapping": {
        "a": "u",
        "e": "a",
        "i": "e",
        "o": "i",
        "u": "o",
        "b": "ts",
        "d": "s",
        "g": "h",
        "p": "b",
        "t": "d",
        "k": "g",
        "ts": "p",
        "s": "t",
        "h": "k",
        "l": "y",
        "y": "r",
        "r": "n",
        "n": "ng",
        "ng": "m",
        "m": "l",
        "istasyon": "istasyon",
        "eric": "eric",
        "rosa": "rosa",
        "bayani": "bayani",
        "lourdes": "lourdes",
        "tiket": "tiket",
        "\u0300": "\u0300",
        "\u0301": "\u0301"
    }
}