{
    "json_invalid": false,
    "preamble": "Problem 5. Language X (15 marks)\n Language X is the official language of the Country X  . ",
    "context": "Here are some situations in which someone wants to know who bought what, followed by the right Language X answer for each question. Phrases between *asterisks* are emphasised and would be stressed when spoken.\n\n\n\nNumber \t Question: \t Language X answer: \t English translation\n\n a \t What did my friend buy?\t Durumu l tsiudupim tsa il tiket. \t My friend bought *a ticket*.\n\n b \t Who bought a ticket? \t Deyuru il iro tsa l tiket. \t *My aunt* bought a ticket.\n\n c \t What did Lourdes buy? \t Durumu mu Lourdes il dibin. \t Lourdes bought *the house*.\n\n d \t Did she buy the house? \t Durumu muni\u0301 il dibin. \t She bought *the house*.\n\n e \t Did she buy the house? \t Deyuru tsina\u0301 l dibin. \t *She* bought the house.\n\n f \t Who bought the house? \t Deyuru hu Lourdes l dibin.\t *Lourdes* bought the house.\n\n g \t Who bought the house? \t Deyuru il didio l dibin. \t *The woman* bought the house.\n\n h \t Who bought the dress? \t Deyuru tsina\u0301 l dinga\u0300l. \t *He* bought the dress.\n\n i \t What did he buy? \t Durumu muni\u0301 il dinga\u0300l. \t He bought *the dress*.\n\n j \t Who bought my aunt a ticket? \t Deyuru il tsiudupim tsa l tiket tingi hi iro tsa. \t *My friend* bought a ticket for my aunt.\n\n\n Here is some more Language X vocabulary:\n\n\n child imits\n\n villa durni\n\n Bayani (masculine first name) Bayani\n\n car tsaso\n\n father iyi\u0301\n\n took (past tense verb form) umubikug\n\n raincoat tsitako\n\n mother umi\u0301\n\n to the station hi istasyon\n\n\n",
    "questions": "[{\"question_n\": \"Q5.1.\", \"prompt\": \"Provide translations for the following sentences:\", \"subprompts\": [{\"questionpart_n\": \"1\", \"question\": \"Provide the English Translation for: Dumuru muni\u0301 il durni tingi hi umi\u0301 tsa. Put emphasised phrases between *asterisks*\", \"answer\": \"[\\\"He bought *the villa* for my mother.\\\", \\\"He bought *a villa* for my mother.\\\", \\\"He bought *a house* for my mother.\\\", \\\"He bought *the house* for my mother.\\\"]\", \"matches_human_scoring\": false, \"fuzzy_matching\": true, \"manual_edit\": false}, {\"questionpart_n\": \"2\", \"question\": \"Provide the English Translation for: Deyuru tsina\u0301 l durni tingi hi umi\u0301 tsa. Put emphasised phrases between *asterisks*\", \"answer\": \"[\\\"*He* bought the villa for my mother.\\\", \\\"*He* bought a villa for my mother.\\\", \\\"*He* bought the house for my mother.\\\", \\\"*He* bought a house for my mother.\\\"]\", \"matches_human_scoring\": false, \"fuzzy_matching\": true, \"manual_edit\": false}, {\"questionpart_n\": \"3\", \"question\": \"Provide the English Translation for: Umubikug l imits tsa il umi\u0301 tsa hi istasyon. Put emphasised phrases between *asterisks*\", \"answer\": \"*My child* took my mother to the station.\", \"matches_human_scoring\": true, \"fuzzy_matching\": false, \"manual_edit\": false}, {\"questionpart_n\": \"4\", \"question\": \"Provide the English Translation for: Umubikug l umi\u0301 tsa il imits tsa hi istasyon. Put emphasised phrases between *asterisks*\", \"answer\": \"*My mother* took my child to the station.\", \"matches_human_scoring\": true, \"fuzzy_matching\": false, \"manual_edit\": false}, {\"questionpart_n\": \"5\", \"question\": \"Provide the Language X Translation for:*My father* bought the car.\", \"answer\": \"[\\\"Deyuru il iyi\u0301 tsa l tsaso.\\\", \\\"Deyuru il iyi tsa l tsaso.\\\", \\\"Deyuru img iyi\u0301 tsa l tsaso.\\\", \\\"Deyuru img iyi tsa l tsaso.\\\",\\\"Diyuru il iyi\u0301 tsa l tsaso.\\\", \\\"Diyuru img iyi\u0301 tsa l tsaso.\\\", \\\"Diyuru il iyi tsa l tsaso.\\\", \\\"Diyuru img iyi tsa l tsaso.\\\"]\", \"matches_human_scoring\": false, \"fuzzy_matching\": true, \"manual_edit\": false}, {\"questionpart_n\": \"6\", \"question\": \"Provide the Language X translation for: *She* bought the car. You do not need to include accents like \\u00e1 in your answers\", \"answer\": \"[\\\"Deyuru tsina\u0301 l tsaso.\\\", \\\"Deyuru tsina l tsaso.\\\", \\\"Diyuru tsina\u0301 l tsaso.\\\", \\\"Diyuru tsina l tsaso.\\\"]\", \"matches_human_scoring\": false, \"fuzzy_matching\": true, \"manual_edit\": false}, {\"questionpart_n\": \"7\", \"question\": \"Provide the Language X translation for: He bought *the villa*. You do not need to include accents like \\u00e1 in your answers. Assume that the sentence is about my father.\", \"answer\": \"[\\\"Durumu muni\u0301 il durni.\\\", \\\"Durumu muni il durni.\\\", \\\"Durumu muni\u0301 img durni.\\\", \\\"Durumu muni img durni.\\\", \\\"Dumuru muni\u0301 il durni.\\\", \\\"Dumuru muni il durni.\\\", \\\"Dumuru muni\u0301 img durni.\\\", \\\"Dumuru muni img durni.\\\"] \", \"matches_human_scoring\": false, \"fuzzy_matching\": true, \"manual_edit\": false}, {\"questionpart_n\": \"8\", \"question\": \"Provide the Language X translation for: Bayani bought *the raincoat*. You do not need to include accents like \\u00e1 in your answers. Assume that the sentence is about my father.\", \"answer\": \"[\\\"Durumu mu Bayani il tsitako.\\\", \\\"Durumu mu Bayani img tsitako.\\\", \\\"Dumuru mu Bayani il tsitako.\\\", \\\"Dumuru mu Bayani img tsitako.\\\"]\", \"matches_human_scoring\": false, \"fuzzy_matching\": true, \"manual_edit\": false}, {\"questionpart_n\": \"9\", \"question\": \"Provide the Language X translation for: *He* bought the raincoat. You do not need to include accents like \\u00e1 in your answers.\", \"answer\": \"[\\\"Deyuru tsina\u0301 l tsitako.\\\",  \\\"Deyuru tsina l tsitako.\\\", \\\"Diyuru tsina\u0301 l tsitako.\\\", \\\"Diyuru tsina l tsitako.\\\",]\", \"matches_human_scoring\": false, \"fuzzy_matching\": true, \"manual_edit\": false}, {\"questionpart_n\": \"10\", \"question\": \"Provide the Language X translation for: *Eric bought *the dress*. You do not need to include accents like \\u00e1 in your answers.\", \"answer\": \"[\\\"Deyuru mu Eric il dinga\u0300l.\\\", \\\"Deyuru mu Eric il dingal.\\\", \\\"Diyuru mu Eric il dinga\u0300l.\\\", \\\"Diyuru mu Eric il dingal.\\\", \\\"Deyuru mu Eric img dinga\u0300l.\\\", \\\"Deyuru mu Eric img dingal.\\\", \\\"Diyuru mu Eric img dinga\u0300l.\\\", \\\"Diyuru mu Eric img dingal.\\\"]\", \"matches_human_scoring\": false, \"fuzzy_matching\": true, \"manual_edit\": false}]}, {\"question_n\": \"Q5.2.\", \"prompt\": \"While playing a board game in which players can buy family members, the following is said. Give one possible Language X translation for each of the English sentences.\", \"subprompts\": [{\"questionpart_n\": \"11\", \"question\": \"Rosa was bought by my father.\", \"answer\": \"[\\\"Durumu l iyi\u0301 tsa hu Rosa.\\\", \\\"Deyuru il iyi\u0301 tsa mu Rosa.\\\"]\", \"matches_human_scoring\": false, \"fuzzy_matching\": true, \"manual_edit\": false}, {\"questionpart_n\": \"12\", \"question\": \"My father was bought by my mother.\", \"answer\": \"[\\\"Durumu il umi\u0301 tsa l iyi\u0301 tsa.\\\", \\\"Deyuru l umi\u0301 tsa il iyi\u0301 tsa.\\\"]\", \"matches_human_scoring\": false, \"fuzzy_matching\": true, \"manual_edit\": false}]}]",
    "obfuscated": "True",
    "obf_num": "7",
    "mapping": {
        "a": "i",
        "e": "o",
        "i": "u",
        "o": "a",
        "u": "e",
        "b": "d",
        "d": "g",
        "g": "p",
        "p": "t",
        "t": "k",
        "k": "ts",
        "ts": "s",
        "s": "h",
        "h": "b",
        "l": "r",
        "y": "n",
        "r": "ng",
        "n": "m",
        "ng": "l",
        "m": "y",
        "istasyon": "istasyon",
        "eric": "eric",
        "rosa": "rosa",
        "bayani": "bayani",
        "lourdes": "lourdes",
        "tiket": "tiket",
        "\u0300": "\u0300",
        "\u0301": "\u0301"
    }
}