{
    "json_invalid": false,
    "preamble": "Problem 5. Language X (15 marks)\n Language X is the official language of the Country X  . ",
    "context": "Here are some situations in which someone wants to know who bought what, followed by the right Language X answer for each question. Phrases between *asterisks* are emphasised and would be stressed when spoken.\n\n\n\nNumber \t Question: \t Language X answer: \t English translation\n\n a \t What did my friend buy?\t Kengeye r duekesuy di ur tiket. \t My friend bought *a ticket*.\n\n b \t Who bought a ticket? \t Konenge ur unga di r tiket. \t *My aunt* bought a ticket.\n\n c \t What did Lourdes buy? \t Kengeye ye Lourdes ur kutum. \t Lourdes bought *the house*.\n\n d \t Did she buy the house? \t Kengeye yemu\u0301 ur kutum. \t She bought *the house*.\n\n e \t Did she buy the house? \t Konenge dumi\u0301 r kutum. \t *She* bought the house.\n\n f \t Who bought the house? \t Konenge pe Lourdes r kutum.\t *Lourdes* bought the house.\n\n g \t Who bought the house? \t Konenge ur kukua r kutum. \t *The woman* bought the house.\n\n h \t Who bought the dress? \t Konenge dumi\u0301 r kuli\u0300r. \t *He* bought the dress.\n\n i \t What did he buy? \t Kengeye yemu\u0301 ur kuli\u0300r. \t He bought *the dress*.\n\n j \t Who bought my aunt a ticket? \t Konenge ur duekesuy di r tiket hulu pu unga di. \t *My friend* bought a ticket for my aunt.\n\n\n Here is some more Language X vocabulary:\n\n\n child uyud\n\n villa kengmu\n\n Bayani (masculine first name) Bayani\n\n car diga\n\n father unu\u0301\n\n took (past tense verb form) eyetubets\n\n raincoat duhiba\n\n mother eyu\u0301\n\n to the station pu istasyon\n\n\n",
    "questions": "[{\"question_n\": \"Q5.1.\", \"prompt\": \"Provide translations for the following sentences:\", \"subprompts\": [{\"questionpart_n\": \"1\", \"question\": \"Provide the English Translation for: Keyenge yemu\u0301 ur kengmu hulu pu eyu\u0301 di. Put emphasised phrases between *asterisks*\", \"answer\": \"[\\\"He bought *the villa* for my mother.\\\", \\\"He bought *a villa* for my mother.\\\", \\\"He bought *a house* for my mother.\\\", \\\"He bought *the house* for my mother.\\\"]\", \"matches_human_scoring\": false, \"fuzzy_matching\": true, \"manual_edit\": false}, {\"questionpart_n\": \"2\", \"question\": \"Provide the English Translation for: Konenge dumi\u0301 r kengmu hulu pu eyu\u0301 di. Put emphasised phrases between *asterisks*\", \"answer\": \"[\\\"*He* bought the villa for my mother.\\\", \\\"*He* bought a villa for my mother.\\\", \\\"*He* bought the house for my mother.\\\", \\\"*He* bought a house for my mother.\\\"]\", \"matches_human_scoring\": false, \"fuzzy_matching\": true, \"manual_edit\": false}, {\"questionpart_n\": \"3\", \"question\": \"Provide the English Translation for: Eyetubets r uyud di ur eyu\u0301 di pu istasyon. Put emphasised phrases between *asterisks*\", \"answer\": \"*My child* took my mother to the station.\", \"matches_human_scoring\": true, \"fuzzy_matching\": false, \"manual_edit\": false}, {\"questionpart_n\": \"4\", \"question\": \"Provide the English Translation for: Eyetubets r eyu\u0301 di ur uyud di pu istasyon. Put emphasised phrases between *asterisks*\", \"answer\": \"*My mother* took my child to the station.\", \"matches_human_scoring\": true, \"fuzzy_matching\": false, \"manual_edit\": false}, {\"questionpart_n\": \"5\", \"question\": \"Provide the Language X Translation for:*My father* bought the car.\", \"answer\": \"[\\\"Konenge ur unu\u0301 di r diga.\\\", \\\"Konenge ur unu di r diga.\\\", \\\"Konenge uyts unu\u0301 di r diga.\\\", \\\"Konenge uyts unu di r diga.\\\",\\\"Kunenge ur unu\u0301 di r diga.\\\", \\\"Kunenge uyts unu\u0301 di r diga.\\\", \\\"Kunenge ur unu di r diga.\\\", \\\"Kunenge uyts unu di r diga.\\\"]\", \"matches_human_scoring\": false, \"fuzzy_matching\": true, \"manual_edit\": false}, {\"questionpart_n\": \"6\", \"question\": \"Provide the Language X translation for: *She* bought the car. You do not need to include accents like \\u00e1 in your answers\", \"answer\": \"[\\\"Konenge dumi\u0301 r diga.\\\", \\\"Konenge dumi r diga.\\\", \\\"Kunenge dumi\u0301 r diga.\\\", \\\"Kunenge dumi r diga.\\\"]\", \"matches_human_scoring\": false, \"fuzzy_matching\": true, \"manual_edit\": false}, {\"questionpart_n\": \"7\", \"question\": \"Provide the Language X translation for: He bought *the villa*. You do not need to include accents like \\u00e1 in your answers. Assume that the sentence is about my father.\", \"answer\": \"[\\\"Kengeye yemu\u0301 ur kengmu.\\\", \\\"Kengeye yemu ur kengmu.\\\", \\\"Kengeye yemu\u0301 uyts kengmu.\\\", \\\"Kengeye yemu uyts kengmu.\\\", \\\"Keyenge yemu\u0301 ur kengmu.\\\", \\\"Keyenge yemu ur kengmu.\\\", \\\"Keyenge yemu\u0301 uyts kengmu.\\\", \\\"Keyenge yemu uyts kengmu.\\\"] \", \"matches_human_scoring\": false, \"fuzzy_matching\": true, \"manual_edit\": false}, {\"questionpart_n\": \"8\", \"question\": \"Provide the Language X translation for: Bayani bought *the raincoat*. You do not need to include accents like \\u00e1 in your answers. Assume that the sentence is about my father.\", \"answer\": \"[\\\"Kengeye ye Bayani ur duhiba.\\\", \\\"Kengeye ye Bayani uyts duhiba.\\\", \\\"Keyenge ye Bayani ur duhiba.\\\", \\\"Keyenge ye Bayani uyts duhiba.\\\"]\", \"matches_human_scoring\": false, \"fuzzy_matching\": true, \"manual_edit\": false}, {\"questionpart_n\": \"9\", \"question\": \"Provide the Language X translation for: *He* bought the raincoat. You do not need to include accents like \\u00e1 in your answers.\", \"answer\": \"[\\\"Konenge dumi\u0301 r duhiba.\\\",  \\\"Konenge dumi r duhiba.\\\", \\\"Kunenge dumi\u0301 r duhiba.\\\", \\\"Kunenge dumi r duhiba.\\\",]\", \"matches_human_scoring\": false, \"fuzzy_matching\": true, \"manual_edit\": false}, {\"questionpart_n\": \"10\", \"question\": \"Provide the Language X translation for: *Eric bought *the dress*. You do not need to include accents like \\u00e1 in your answers.\", \"answer\": \"[\\\"Konenge ye Eric ur kuli\u0300r.\\\", \\\"Konenge ye Eric ur kulir.\\\", \\\"Kunenge ye Eric ur kuli\u0300r.\\\", \\\"Kunenge ye Eric ur kulir.\\\", \\\"Konenge ye Eric uyts kuli\u0300r.\\\", \\\"Konenge ye Eric uyts kulir.\\\", \\\"Kunenge ye Eric uyts kuli\u0300r.\\\", \\\"Kunenge ye Eric uyts kulir.\\\"]\", \"matches_human_scoring\": false, \"fuzzy_matching\": true, \"manual_edit\": false}]}, {\"question_n\": \"Q5.2.\", \"prompt\": \"While playing a board game in which players can buy family members, the following is said. Give one possible Language X translation for each of the English sentences.\", \"subprompts\": [{\"questionpart_n\": \"11\", \"question\": \"Rosa was bought by my father.\", \"answer\": \"[\\\"Kengeye r unu\u0301 di pe Rosa.\\\", \\\"Konenge ur unu\u0301 di ye Rosa.\\\"]\", \"matches_human_scoring\": false, \"fuzzy_matching\": true, \"manual_edit\": false}, {\"questionpart_n\": \"12\", \"question\": \"My father was bought by my mother.\", \"answer\": \"[\\\"Kengeye ur eyu\u0301 di r unu\u0301 di.\\\", \\\"Konenge r eyu\u0301 di ur unu\u0301 di.\\\"]\", \"matches_human_scoring\": false, \"fuzzy_matching\": true, \"manual_edit\": false}]}]",
    "obfuscated": "True",
    "obf_num": "26",
    "mapping": {
        "a": "u",
        "e": "a",
        "i": "e",
        "o": "i",
        "u": "o",
        "b": "k",
        "d": "ts",
        "g": "s",
        "p": "h",
        "t": "b",
        "k": "d",
        "ts": "g",
        "s": "p",
        "h": "t",
        "l": "ng",
        "y": "m",
        "r": "l",
        "n": "y",
        "ng": "r",
        "m": "n",
        "istasyon": "istasyon",
        "eric": "eric",
        "rosa": "rosa",
        "bayani": "bayani",
        "lourdes": "lourdes",
        "tiket": "tiket",
        "\u0300": "\u0300",
        "\u0301": "\u0301"
    }
}