{
    "json_invalid": false,
    "preamble": "Problem 5. Language X (15 marks)\n Language X is the official language of the Country X  . ",
    "context": "Here are some situations in which someone wants to know who bought what, followed by the right Language X answer for each question. Phrases between *asterisks* are emphasised and would be stressed when spoken.\n\n\n\nNumber \t Question: \t Language X answer: \t English translation\n\n a \t What did my friend buy?\t Hunulu y tiuhudil ta iy tiket. \t My friend bought *a ticket*.\n\n b \t Who bought a ticket? \t Herunu iy ino ta y tiket. \t *My aunt* bought a ticket.\n\n c \t What did Lourdes buy? \t Hunulu lu Lourdes iy hising. \t Lourdes bought *the house*.\n\n d \t Did she buy the house? \t Hunulu lungi\u0301 iy hising. \t She bought *the house*.\n\n e \t Did she buy the house? \t Herunu tinga\u0301 y hising. \t *She* bought the house.\n\n f \t Who bought the house? \t Herunu tsu Lourdes y hising.\t *Lourdes* bought the house.\n\n g \t Who bought the house? \t Herunu iy hihio y hising. \t *The woman* bought the house.\n\n h \t Who bought the dress? \t Herunu tinga\u0301 y hima\u0300y. \t *He* bought the dress.\n\n i \t What did he buy? \t Hunulu lungi\u0301 iy hima\u0300y. \t He bought *the dress*.\n\n j \t Who bought my aunt a ticket? \t Herunu iy tiuhudil ta y tiket gimi tsi ino ta. \t *My friend* bought a ticket for my aunt.\n\n\n Here is some more Language X vocabulary:\n\n\n child ilit\n\n villa hunngi\n\n Bayani (masculine first name) Bayani\n\n car tako\n\n father iri\u0301\n\n took (past tense verb form) ulusipub\n\n raincoat tigapo\n\n mother uli\u0301\n\n to the station tsi istasyon\n\n\n",
    "questions": "[{\"question_n\": \"Q5.1.\", \"prompt\": \"Provide translations for the following sentences:\", \"subprompts\": [{\"questionpart_n\": \"1\", \"question\": \"Provide the English Translation for: Hulunu lungi\u0301 iy hunngi gimi tsi uli\u0301 ta. Put emphasised phrases between *asterisks*\", \"answer\": \"[\\\"He bought *the villa* for my mother.\\\", \\\"He bought *a villa* for my mother.\\\", \\\"He bought *a house* for my mother.\\\", \\\"He bought *the house* for my mother.\\\"]\", \"matches_human_scoring\": false, \"fuzzy_matching\": true, \"manual_edit\": false}, {\"questionpart_n\": \"2\", \"question\": \"Provide the English Translation for: Herunu tinga\u0301 y hunngi gimi tsi uli\u0301 ta. Put emphasised phrases between *asterisks*\", \"answer\": \"[\\\"*He* bought the villa for my mother.\\\", \\\"*He* bought a villa for my mother.\\\", \\\"*He* bought the house for my mother.\\\", \\\"*He* bought a house for my mother.\\\"]\", \"matches_human_scoring\": false, \"fuzzy_matching\": true, \"manual_edit\": false}, {\"questionpart_n\": \"3\", \"question\": \"Provide the English Translation for: Ulusipub y ilit ta iy uli\u0301 ta tsi istasyon. Put emphasised phrases between *asterisks*\", \"answer\": \"*My child* took my mother to the station.\", \"matches_human_scoring\": true, \"fuzzy_matching\": false, \"manual_edit\": false}, {\"questionpart_n\": \"4\", \"question\": \"Provide the English Translation for: Ulusipub y uli\u0301 ta iy ilit ta tsi istasyon. Put emphasised phrases between *asterisks*\", \"answer\": \"*My mother* took my child to the station.\", \"matches_human_scoring\": true, \"fuzzy_matching\": false, \"manual_edit\": false}, {\"questionpart_n\": \"5\", \"question\": \"Provide the Language X Translation for:*My father* bought the car.\", \"answer\": \"[\\\"Herunu iy iri\u0301 ta y tako.\\\", \\\"Herunu iy iri ta y tako.\\\", \\\"Herunu ilb iri\u0301 ta y tako.\\\", \\\"Herunu ilb iri ta y tako.\\\",\\\"Hirunu iy iri\u0301 ta y tako.\\\", \\\"Hirunu ilb iri\u0301 ta y tako.\\\", \\\"Hirunu iy iri ta y tako.\\\", \\\"Hirunu ilb iri ta y tako.\\\"]\", \"matches_human_scoring\": false, \"fuzzy_matching\": true, \"manual_edit\": false}, {\"questionpart_n\": \"6\", \"question\": \"Provide the Language X translation for: *She* bought the car. You do not need to include accents like \\u00e1 in your answers\", \"answer\": \"[\\\"Herunu tinga\u0301 y tako.\\\", \\\"Herunu tinga y tako.\\\", \\\"Hirunu tinga\u0301 y tako.\\\", \\\"Hirunu tinga y tako.\\\"]\", \"matches_human_scoring\": false, \"fuzzy_matching\": true, \"manual_edit\": false}, {\"questionpart_n\": \"7\", \"question\": \"Provide the Language X translation for: He bought *the villa*. You do not need to include accents like \\u00e1 in your answers. Assume that the sentence is about my father.\", \"answer\": \"[\\\"Hunulu lungi\u0301 iy hunngi.\\\", \\\"Hunulu lungi iy hunngi.\\\", \\\"Hunulu lungi\u0301 ilb hunngi.\\\", \\\"Hunulu lungi ilb hunngi.\\\", \\\"Hulunu lungi\u0301 iy hunngi.\\\", \\\"Hulunu lungi iy hunngi.\\\", \\\"Hulunu lungi\u0301 ilb hunngi.\\\", \\\"Hulunu lungi ilb hunngi.\\\"] \", \"matches_human_scoring\": false, \"fuzzy_matching\": true, \"manual_edit\": false}, {\"questionpart_n\": \"8\", \"question\": \"Provide the Language X translation for: Bayani bought *the raincoat*. You do not need to include accents like \\u00e1 in your answers. Assume that the sentence is about my father.\", \"answer\": \"[\\\"Hunulu lu Bayani iy tigapo.\\\", \\\"Hunulu lu Bayani ilb tigapo.\\\", \\\"Hulunu lu Bayani iy tigapo.\\\", \\\"Hulunu lu Bayani ilb tigapo.\\\"]\", \"matches_human_scoring\": false, \"fuzzy_matching\": true, \"manual_edit\": false}, {\"questionpart_n\": \"9\", \"question\": \"Provide the Language X translation for: *He* bought the raincoat. You do not need to include accents like \\u00e1 in your answers.\", \"answer\": \"[\\\"Herunu tinga\u0301 y tigapo.\\\",  \\\"Herunu tinga y tigapo.\\\", \\\"Hirunu tinga\u0301 y tigapo.\\\", \\\"Hirunu tinga y tigapo.\\\",]\", \"matches_human_scoring\": false, \"fuzzy_matching\": true, \"manual_edit\": false}, {\"questionpart_n\": \"10\", \"question\": \"Provide the Language X translation for: *Eric bought *the dress*. You do not need to include accents like \\u00e1 in your answers.\", \"answer\": \"[\\\"Herunu lu Eric iy hima\u0300y.\\\", \\\"Herunu lu Eric iy himay.\\\", \\\"Hirunu lu Eric iy hima\u0300y.\\\", \\\"Hirunu lu Eric iy himay.\\\", \\\"Herunu lu Eric ilb hima\u0300y.\\\", \\\"Herunu lu Eric ilb himay.\\\", \\\"Hirunu lu Eric ilb hima\u0300y.\\\", \\\"Hirunu lu Eric ilb himay.\\\"]\", \"matches_human_scoring\": false, \"fuzzy_matching\": true, \"manual_edit\": false}]}, {\"question_n\": \"Q5.2.\", \"prompt\": \"While playing a board game in which players can buy family members, the following is said. Give one possible Language X translation for each of the English sentences.\", \"subprompts\": [{\"questionpart_n\": \"11\", \"question\": \"Rosa was bought by my father.\", \"answer\": \"[\\\"Hunulu y iri\u0301 ta tsu Rosa.\\\", \\\"Herunu iy iri\u0301 ta lu Rosa.\\\"]\", \"matches_human_scoring\": false, \"fuzzy_matching\": true, \"manual_edit\": false}, {\"questionpart_n\": \"12\", \"question\": \"My father was bought by my mother.\", \"answer\": \"[\\\"Hunulu iy uli\u0301 ta y iri\u0301 ta.\\\", \\\"Herunu y uli\u0301 ta iy iri\u0301 ta.\\\"]\", \"matches_human_scoring\": false, \"fuzzy_matching\": true, \"manual_edit\": false}]}]",
    "obfuscated": "True",
    "obf_num": "11",
    "mapping": {
        "a": "i",
        "e": "o",
        "i": "u",
        "o": "a",
        "u": "e",
        "b": "h",
        "d": "b",
        "g": "d",
        "p": "g",
        "t": "p",
        "k": "t",
        "ts": "k",
        "s": "ts",
        "h": "s",
        "l": "n",
        "y": "ng",
        "r": "m",
        "n": "l",
        "ng": "y",
        "m": "r",
        "istasyon": "istasyon",
        "eric": "eric",
        "rosa": "rosa",
        "bayani": "bayani",
        "lourdes": "lourdes",
        "tiket": "tiket",
        "\u0300": "\u0300",
        "\u0301": "\u0301"
    }
}