{
    "preamble": "Problem 6. Language X. (15 marks)\n Language X is spoken by about 3,000 people in parts of the Island X  . \n",
    "context": "Our data were produced in imaginary conversations involving four famous   Islands sports stars: Jenly (weightlifter) and Pauline (runner), both female, and Francis and Commins (both male soccer players); in these conversations they were talking either to each other or to members of their families or the media.\n\nThe table below contains examples of the pronouns used during these conversations.\n\n\tSituation\tLanguage X\tEnglish\na\tJenly with Pauline talking about Jenly\u2019s and Pauline\u2019s experiences to Francis\tamerua\twe\nb\tJenly, Pauline and Francis talking about the threesome\u2019s experiences to Commins\tamelu\twe\nc\tJenly pointing out Pauline, Francis and Commins to her family\tgiraolu\tthey\nd\tPauline pointing out Francis and Commins to her family\tgirua\tthey\ne\tJenly, Pauline, Francis and Commins together talking to the media about the whole of the Solomon Islands\u2019 sporting achievements\tami\twe\nf\tJenly, Pauline, Francis and Commins together talking about their sporting achievements\tgolu\twe\ng\tJenly, Pauline, Francis and Commins talking about the entire Solomon Islands nation\tgia\twe\nh\tFrancis and Commins talking to each other about their experiences\tgaoa\twe\ni\tPauline talking to her family about her and Jenly\u2019s sporting achievements\tamerua\twe\nj\tJenly to Commins talking about their shared experiences\tgaoa\twe\nk\tFrancis, Commins and Jenly talking to foreign media about their sporting achievements\tamelu\twe\nl\tFrancis and Commins talking about their football experiences to Jenly\tamerua\twe",
    "questions": "[{\"question_n\": \"Q 6\", \"prompt\": \"Give the appropriate Language X pronoun for each of the following situations and English pronouns.\", \"subprompts\": [{\"questionpart_n\": \"1\", \"question\": \"You must choose one of these: amolu, amu, amurua. A child is talking to its parents\\tyou\", \"answer\": \"amurua\", \"matches_human_scoring\": false, \"fuzzy_matching\": false, \"manual_edit\": false}, {\"questionpart_n\": \"2\", \"question\": \"You must choose one of these: amolu, amu, amurua. A child is talking to its parents and its brother\\tyou\", \"answer\": \"amolu\", \"matches_human_scoring\": false, \"fuzzy_matching\": false, \"manual_edit\": false}, {\"questionpart_n\": \"3\", \"question\": \"You must choose one of these: amolu, amu, amurua. A child is talking to the whole class in school\\tyou\", \"answer\": \"amu\", \"matches_human_scoring\": false, \"fuzzy_matching\": false, \"manual_edit\": false}, {\"questionpart_n\": \"4\", \"question\": \"You must choose one of these: amolu, amu, amurua. A child is talking to its parents and its two sisters\\tyou\", \"answer\": \"amolu\", \"matches_human_scoring\": false, \"fuzzy_matching\": false, \"manual_edit\": false}, {\"questionpart_n\": \"5\", \"question\": \"You must choose one of these: girua, giraolu, gira. An outsider is discussing the Solomon Islanders who speak Language X.\\tthey\", \"answer\": \"gira\", \"matches_human_scoring\": false, \"fuzzy_matching\": false, \"manual_edit\": false}, {\"questionpart_n\": \"6\", \"question\": \"Someone is reminiscing with their friend about the trip they made together.\\twe\", \"answer\": \"gaoa\", \"matches_human_scoring\": false, \"fuzzy_matching\": false, \"manual_edit\": false}, {\"questionpart_n\": \"7\", \"question\": \"Someone is reminiscing with two classmates about a school trip they all went on together.\\twe \", \"answer\": \"golu\", \"matches_human_scoring\": false, \"fuzzy_matching\": false, \"manual_edit\": false}, {\"questionpart_n\": \"8\", \"question\": \"Someone is telling an out-of-town friend about the people in the speaker's hometown.\\twe\", \"answer\": \"ami\", \"matches_human_scoring\": false, \"fuzzy_matching\": false, \"manual_edit\": false}, {\"questionpart_n\": \"9\", \"question\": \"Someone is talking to their neighbour about the people in their hometown.\\twe\", \"answer\": \"gia\", \"matches_human_scoring\": false, \"fuzzy_matching\": false, \"manual_edit\": false}, {\"questionpart_n\": \"10\", \"question\": \"Someone is telling their friend about a trip the speaker made with the speaker's two sisters.\\twe\", \"answer\": \"amelu\", \"matches_human_scoring\": false, \"fuzzy_matching\": false, \"manual_edit\": false}, {\"questionpart_n\": \"11\", \"question\": \"Someone is telling their friend about a trip the speaker made with the speaker's only brother.\\twe\", \"answer\": \"amerua\", \"matches_human_scoring\": false, \"fuzzy_matching\": false, \"manual_edit\": false}]}]",
    "notes": "Reformatted the question to split into subprompts",
    "answers_page": 3,
    "team_review": false,
    "obfuscated": "False",
    "obf_num": "0",
    "mapping": null,
    "json_invalid": false
}