{
    "json_invalid": false,
    "preamble": "Problem A2. Language X (20 marks)\nThis language was first spoken in a small area during the earlier era. However, by the time of the new era, many words had changed significantly; for example, the sound -oj lost its final -j.",
    "context": "In the following table of words, each word has two pronunciations: that of the earlier era (Language X) and that of the later era (Language Y).\n\nLanguage X\tLanguage Y\tEnglish Translation\ngas\tgja=\t\u2018female servant\u2019\ngloj\tgja/\t\u2018to exhaust\u2019\nmot\tmja|t\t\u2018stone\u2019\nnlojs\tnja=\t\u2018to stand\u2019\nnla?\tnja~\t\u2018water-chestnut\u2019\nny\tne/\t\u2018his\u2019\nt'a\tta/\t\u2018chicken\u2019\nr'at\tda|t\t(name of an ancient tribe, the Beidi, to the north of China)\nr'ak\tda|k\t\u2018butterfly\u2019\nng'y\tngi/\t\u2018soot\u2019\nnglojs\tngja=\t\u2018to share with\u2019\ndz'oj?\tdzo~\t\u2018hungry\u2019\nbys\tbe=\t\u2018ear\u2019\nklys\tke=\t\u2018border town\u2019\nk'oj\tko/\t\u2018wave (noun)\u2019\nk'at?\tka~\t\u2018favorite (noun)\u2019\nloj\trja/\t\u2018to drag into\u2019\nloj?\trja~\t\u2018to revile\u2019\n?'yt?\t?i~\t\u2018frontier\u2019\npyt\tpe|t\t\u2018to go to\u2019\np'ak\tpa|k\t\u2018paralyzed\u2019\n\nHere is a key to the pronunciations indicated, with C and V for a consonant or a vowel:\n\nC'\tconstriction of the throat during C\n?\tthe glottal stop\nj\tthe consonant y in y in you\nng\tvelar nasal, like the n in sink\ny\tschwa [\u01dd], like the a in about\nV=\tlevel tone on the vowel\nV/\trising tone on the vowel\nV|\t'departing' tone on the vowel\nV~\t'entering' tone on the vowel\n\nTable 1\tLanguage X\tLanguage Y\t\n__(a)__\tgo|t\t\u2018calm, still\u2019\n__(b)__\t?e/\t\u2018silk\u2019\n__(c)__\tdi=\t\u2018to come to\u2019\nk'op\t__(d)__\t\u2018to stop in the open\u2019\nm'y\t__(e)__\t\u2018wealth\u2019\nk'yt\t__(f)__\t\u2018north\u2019\nr'oj\t__(g)__\t\u2018to flow\u2019\n\nCorresponding numbers:\n\n1. do/\n2. mi/\n3. ?y\n4. ki|t\n5. r'ys\n6. g'ot\n7. ko|p\n\nTable2\tLanguage Y\tmeaning\n__(h)__\tkja/\t\u2018humble\u2019\n__(i)__\tko~\t\u2018to winnow\u2019\n__(j)__\tngja/\t\u2018rice gruel\u2019\n__(k)__\tka|t\t\u2018wall (of a house)\u2019\n__(l)__\tkja=\t\u2018that\u2019\n__(m)__\tko=\t\u2018to limp\u2019\n\nCorresponding numbers:\n\n\tLanguage X\n8.\tk'ojs?\n9.\tk'ojs\n10.\tkojs\n11.\tka\n12.\tk'at\n13.\tngloj\n\n\n",
    "questions": "[{\"question_n\": \"Q.A2.1.\", \"prompt\": \"Fill in the missing forms in Table 1 above. Write the corresponding number of the word that fills the implied gap.\", \"subprompts\": [{\"questionpart_n\": \"(a)\", \"question\": \"__(a)__\", \"answer\": \"6\", \"matches_human_scoring\": false, \"fuzzy_matching\": false, \"manual_edit\": false}, {\"questionpart_n\": \"(b)\", \"question\": \"__(b)__\", \"answer\": \"3\", \"matches_human_scoring\": false, \"fuzzy_matching\": false, \"manual_edit\": false}, {\"questionpart_n\": \"(c)\", \"question\": \"__(c)__\", \"answer\": \"5\", \"matches_human_scoring\": false, \"fuzzy_matching\": false, \"manual_edit\": false}, {\"questionpart_n\": \"(d)\", \"question\": \"__(d)__\", \"answer\": \"7\", \"matches_human_scoring\": false, \"fuzzy_matching\": false, \"manual_edit\": false}, {\"questionpart_n\": \"(e)\", \"question\": \"__(e)__\", \"answer\": \"2\", \"matches_human_scoring\": false, \"fuzzy_matching\": false, \"manual_edit\": false}, {\"questionpart_n\": \"(f)\", \"question\": \"__(f)__\", \"answer\": \"4\", \"matches_human_scoring\": false, \"fuzzy_matching\": false, \"manual_edit\": false}, {\"questionpart_n\": \"(g)\", \"question\": \"__(g)__\", \"answer\": \"1\", \"matches_human_scoring\": false, \"fuzzy_matching\": false, \"manual_edit\": false}]}, {\"question_n\": \"Q.A2.1\", \"prompt\": \"Match the Language X forms in Table 2 with their Language Y equivalents. Write the corresponding number of the word that fills the implied gap.\", \"subprompts\": [{\"questionpart_n\": \"(h)\", \"question\": \"__(h)__\", \"answer\": \"11\", \"matches_human_scoring\": false, \"fuzzy_matching\": false, \"manual_edit\": false}, {\"questionpart_n\": \"(i)\", \"question\": \"__(i)__\", \"answer\": \"8\", \"matches_human_scoring\": false, \"fuzzy_matching\": false, \"manual_edit\": false}, {\"questionpart_n\": \"(j)\", \"question\": \"__(j)__\", \"answer\": \"13\", \"matches_human_scoring\": false, \"fuzzy_matching\": false, \"manual_edit\": false}, {\"questionpart_n\": \"(k)\", \"question\": \"__(k)__\", \"answer\": \"12\", \"matches_human_scoring\": false, \"fuzzy_matching\": false, \"manual_edit\": false}, {\"questionpart_n\": \"(l)\", \"question\": \"__(l)__\", \"answer\": \"10\", \"matches_human_scoring\": false, \"fuzzy_matching\": false, \"manual_edit\": false}, {\"questionpart_n\": \"(m)\", \"question\": \"__(m)__\", \"answer\": \"9\", \"matches_human_scoring\": false, \"fuzzy_matching\": false, \"manual_edit\": false}]}, {\"question_n\": \"Q.A2.3.\", \"prompt\": \"Give the Language Y pronunciations of the following Language X words.\", \"subprompts\": [{\"questionpart_n\": \"1.\", \"question\": \"b'y, \\u2018violent\\u2019\", \"answer\": \"bi/\", \"matches_human_scoring\": false, \"fuzzy_matching\": false, \"manual_edit\": false}, {\"questionpart_n\": \"2. \", \"question\": \"lot, \\u2018female servant\\u2019\", \"answer\": \"rja|t\", \"matches_human_scoring\": false, \"fuzzy_matching\": false, \"manual_edit\": false}, {\"questionpart_n\": \"3. \", \"question\": \"kla, \\u2018upright pole of stone\\u2019\", \"answer\": \"kja/\", \"matches_human_scoring\": false, \"fuzzy_matching\": false, \"manual_edit\": false}, {\"questionpart_n\": \"4. \", \"question\": \"g'ys, \\u2018double\\u2019\", \"answer\": \"gi=\", \"matches_human_scoring\": false, \"fuzzy_matching\": false, \"manual_edit\": false}, {\"questionpart_n\": \"5.\", \"question\": \"ng'oj?, \\u2018dust\\u2019\", \"answer\": \"ngo~\", \"matches_human_scoring\": false, \"fuzzy_matching\": false, \"manual_edit\": false}]}]",
    "obfuscated": "True",
    "obf_num": "23",
    "mapping": {
        "a": "o",
        "e": "a",
        "i": "e",
        "o": "i",
        "b": "g",
        "dz": "m",
        "g": "n",
        "m": "ng",
        "n": "b",
        "ng": "dz",
        "r": "l",
        "l": "r",
        "?": "s",
        "s": "?",
        "p": "k",
        "t": "p",
        "k": "t",
        "/": "=",
        "|": "~",
        "=": "/",
        "~": "|",
        "y": "y",
        "j": "j",
        "d": "d",
        "\u2019": "\u2019"
    }
}