{
    "json_invalid": false,
    "preamble": "Problem A2. Language X (20 marks)\nThis language was first spoken in a small area during the earlier era. However, by the time of the new era, many words had changed significantly; for example, the sound -ij lost its final -j.",
    "context": "In the following table of words, each word has two pronunciations: that of the earlier era (Language X) and that of the later era (Language Y).\n\nLanguage X\tLanguage Y\tEnglish Translation\ngos\tgjo=\t\u2018female servant\u2019\nglij\tgjo/\t\u2018to exhaust\u2019\nmip\tmjo|p\t\u2018stone\u2019\nnlijs\tnjo=\t\u2018to stand\u2019\nnlo?\tnjo~\t\u2018water-chestnut\u2019\nny\tna/\t\u2018his\u2019\np'o\tpo/\t\u2018chicken\u2019\nr'op\tdo|p\t(name of an ancient tribe, the Beidi, to the north of China)\nr'ot\tdo|t\t\u2018butterfly\u2019\nng'y\tnge/\t\u2018soot\u2019\nnglijs\tngjo=\t\u2018to share with\u2019\ndz'ij?\tdzi~\t\u2018hungry\u2019\nbys\tba=\t\u2018ear\u2019\ntlys\tta=\t\u2018border town\u2019\nt'ij\tti/\t\u2018wave (noun)\u2019\nt'op?\tto~\t\u2018favorite (noun)\u2019\nlij\trjo/\t\u2018to drag into\u2019\nlij?\trjo~\t\u2018to revile\u2019\n?'yp?\t?e~\t\u2018frontier\u2019\nkyp\tka|p\t\u2018to go to\u2019\nk'ot\tko|t\t\u2018paralyzed\u2019\n\nHere is a key to the pronunciations indicated, with C and V for a consonant or a vowel:\n\nC'\tconstriction of the throat during C\n?\tthe glottal stop\nj\tthe consonant y in y in you\nng\tvelar nasal, like the n in sink\ny\tschwa [\u01dd], like the a in about\nV=\tlevel tone on the vowel\nV/\trising tone on the vowel\nV|\t'departing' tone on the vowel\nV~\t'entering' tone on the vowel\n\nTable 1\tLanguage X\tLanguage Y\t\n__(a)__\tgi|p\t\u2018calm, still\u2019\n__(b)__\t?a/\t\u2018silk\u2019\n__(c)__\tde=\t\u2018to come to\u2019\nt'ik\t__(d)__\t\u2018to stop in the open\u2019\nm'y\t__(e)__\t\u2018wealth\u2019\nt'yp\t__(f)__\t\u2018north\u2019\nr'ij\t__(g)__\t\u2018to flow\u2019\n\nCorresponding numbers:\n\n1. di/\n2. me/\n3. ?y\n4. te|p\n5. r'ys\n6. g'ip\n7. ti|k\n\nTable2\tLanguage Y\tmeaning\n__(h)__\ttjo/\t\u2018humble\u2019\n__(i)__\tti~\t\u2018to winnow\u2019\n__(j)__\tngjo/\t\u2018rice gruel\u2019\n__(k)__\tto|p\t\u2018wall (of a house)\u2019\n__(l)__\ttjo=\t\u2018that\u2019\n__(m)__\tti=\t\u2018to limp\u2019\n\nCorresponding numbers:\n\n\tLanguage X\n8.\tt'ijs?\n9.\tt'ijs\n10.\ttijs\n11.\tto\n12.\tt'op\n13.\tnglij\n\n\n",
    "questions": "[{\"question_n\": \"Q.A2.1.\", \"prompt\": \"Fill in the missing forms in Table 1 above. Write the corresponding number of the word that fills the implied gap.\", \"subprompts\": [{\"questionpart_n\": \"(a)\", \"question\": \"__(a)__\", \"answer\": \"6\", \"matches_human_scoring\": false, \"fuzzy_matching\": false, \"manual_edit\": false}, {\"questionpart_n\": \"(b)\", \"question\": \"__(b)__\", \"answer\": \"3\", \"matches_human_scoring\": false, \"fuzzy_matching\": false, \"manual_edit\": false}, {\"questionpart_n\": \"(c)\", \"question\": \"__(c)__\", \"answer\": \"5\", \"matches_human_scoring\": false, \"fuzzy_matching\": false, \"manual_edit\": false}, {\"questionpart_n\": \"(d)\", \"question\": \"__(d)__\", \"answer\": \"7\", \"matches_human_scoring\": false, \"fuzzy_matching\": false, \"manual_edit\": false}, {\"questionpart_n\": \"(e)\", \"question\": \"__(e)__\", \"answer\": \"2\", \"matches_human_scoring\": false, \"fuzzy_matching\": false, \"manual_edit\": false}, {\"questionpart_n\": \"(f)\", \"question\": \"__(f)__\", \"answer\": \"4\", \"matches_human_scoring\": false, \"fuzzy_matching\": false, \"manual_edit\": false}, {\"questionpart_n\": \"(g)\", \"question\": \"__(g)__\", \"answer\": \"1\", \"matches_human_scoring\": false, \"fuzzy_matching\": false, \"manual_edit\": false}]}, {\"question_n\": \"Q.A2.1\", \"prompt\": \"Match the Language X forms in Table 2 with their Language Y equivalents. Write the corresponding number of the word that fills the implied gap.\", \"subprompts\": [{\"questionpart_n\": \"(h)\", \"question\": \"__(h)__\", \"answer\": \"11\", \"matches_human_scoring\": false, \"fuzzy_matching\": false, \"manual_edit\": false}, {\"questionpart_n\": \"(i)\", \"question\": \"__(i)__\", \"answer\": \"8\", \"matches_human_scoring\": false, \"fuzzy_matching\": false, \"manual_edit\": false}, {\"questionpart_n\": \"(j)\", \"question\": \"__(j)__\", \"answer\": \"13\", \"matches_human_scoring\": false, \"fuzzy_matching\": false, \"manual_edit\": false}, {\"questionpart_n\": \"(k)\", \"question\": \"__(k)__\", \"answer\": \"12\", \"matches_human_scoring\": false, \"fuzzy_matching\": false, \"manual_edit\": false}, {\"questionpart_n\": \"(l)\", \"question\": \"__(l)__\", \"answer\": \"10\", \"matches_human_scoring\": false, \"fuzzy_matching\": false, \"manual_edit\": false}, {\"questionpart_n\": \"(m)\", \"question\": \"__(m)__\", \"answer\": \"9\", \"matches_human_scoring\": false, \"fuzzy_matching\": false, \"manual_edit\": false}]}, {\"question_n\": \"Q.A2.3.\", \"prompt\": \"Give the Language Y pronunciations of the following Language X words.\", \"subprompts\": [{\"questionpart_n\": \"1.\", \"question\": \"b'y, \\u2018violent\\u2019\", \"answer\": \"be/\", \"matches_human_scoring\": false, \"fuzzy_matching\": false, \"manual_edit\": false}, {\"questionpart_n\": \"2. \", \"question\": \"lip, \\u2018female servant\\u2019\", \"answer\": \"rjo|p\", \"matches_human_scoring\": false, \"fuzzy_matching\": false, \"manual_edit\": false}, {\"questionpart_n\": \"3. \", \"question\": \"tlo, \\u2018upright pole of stone\\u2019\", \"answer\": \"tjo/\", \"matches_human_scoring\": false, \"fuzzy_matching\": false, \"manual_edit\": false}, {\"questionpart_n\": \"4. \", \"question\": \"g'ys, \\u2018double\\u2019\", \"answer\": \"ge=\", \"matches_human_scoring\": false, \"fuzzy_matching\": false, \"manual_edit\": false}, {\"questionpart_n\": \"5.\", \"question\": \"ng'ij?, \\u2018dust\\u2019\", \"answer\": \"ngi~\", \"matches_human_scoring\": false, \"fuzzy_matching\": false, \"manual_edit\": false}]}]",
    "obfuscated": "True",
    "obf_num": "14",
    "mapping": {
        "a": "i",
        "e": "o",
        "i": "a",
        "o": "e",
        "b": "g",
        "dz": "m",
        "g": "n",
        "m": "ng",
        "n": "b",
        "ng": "dz",
        "r": "l",
        "l": "r",
        "?": "s",
        "s": "?",
        "p": "t",
        "t": "k",
        "k": "p",
        "/": "=",
        "|": "~",
        "=": "/",
        "~": "|",
        "y": "y",
        "j": "j",
        "d": "d",
        "\u2019": "\u2019"
    }
}