{
    "json_invalid": false,
    "preamble": "Problem A3. Language X (20 marks)\n   This problem focuses on the language's treatment of numbers by considering cube numbers (the product of multiplying a number by itself three times; for example 23 = 2 x 2 x 2 = 8). ",
    "context": "Here is a table of cubes, showing cubes for the integers 1-10:\n\nN\t1\t2\t3\t4\t5\t6\t7\t8\t9\t10\t\nN\u00b3\t1\t8\t27\t64\t125\t216\t343\t512\t729\t1000\n\nThe table below gives the Language X expressions for the cubes of all the integers from 1 to 10, but in a random order.\n\numpun yonikoe piet ryou umpun ynoete umpun\numpun ynoete piet\nsoukn\nsoukn ryou umpun ynoete umpun\nsoukn yonikoe piet ryou piet ynoete soukn\nsoukn ynoete pukewo\nyonikoe\npukewo yonikoe pukewo ryou soukn ynoete pukewo\npiet ryou pukewo ynoete yokia\npiet yonikoe pukewo ryou soukn ynoete piet\n\n",
    "questions": "[{\"question_n\": \"Q 3.1\", \"prompt\": \"Write in figures the corresponding N\\u00B3 number shown in the table of cubes.\", \"subprompts\": [{\"questionpart_n\": \"1\", \"question\": \"umpun yonikoe piet ryou umpun ynoete umpun\", \"answer\": \"1000\", \"matches_human_scoring\": false, \"fuzzy_matching\": false, \"manual_edit\": false}, {\"questionpart_n\": \"2\", \"question\": \"umpun ynoete piet\", \"answer\": \"27\", \"matches_human_scoring\": false, \"fuzzy_matching\": false, \"manual_edit\": false}, {\"questionpart_n\": \"3\", \"question\": \"soukn\", \"answer\": \"1\", \"matches_human_scoring\": false, \"fuzzy_matching\": false, \"manual_edit\": false}, {\"questionpart_n\": \"4\", \"question\": \"soukn ryou umpun ynoete umpun\", \"answer\": \"64\", \"matches_human_scoring\": false, \"fuzzy_matching\": false, \"manual_edit\": false}, {\"questionpart_n\": \"5\", \"question\": \"soukn yonikoe piet ryou piet ynoete soukn\", \"answer\": \"343\", \"matches_human_scoring\": false, \"fuzzy_matching\": false, \"manual_edit\": false}, {\"questionpart_n\": \"6\", \"question\": \"soukn ynoete pukewo\", \"answer\": \"8\", \"matches_human_scoring\": false, \"fuzzy_matching\": false, \"manual_edit\": false}, {\"questionpart_n\": \"7\", \"question\": \"yonikoe\", \"answer\": \"216\", \"matches_human_scoring\": false, \"fuzzy_matching\": false, \"manual_edit\": false}, {\"questionpart_n\": \"8\", \"question\": \"pukewo yonikoe pukewo ryou soukn ynoete pukewo\", \"answer\": \"512\", \"matches_human_scoring\": false, \"fuzzy_matching\": false, \"manual_edit\": false}, {\"questionpart_n\": \"9\", \"question\": \"piet ryou pukewo ynoete yokia\", \"answer\": \"125\", \"matches_human_scoring\": false, \"fuzzy_matching\": false, \"manual_edit\": false}, {\"questionpart_n\": \"10\", \"question\": \"piet yonikoe pukewo ryou soukn ynoete piet\", \"answer\": \"729\", \"matches_human_scoring\": false, \"fuzzy_matching\": false, \"manual_edit\": false}]}, {\"question_n\": \"Q 3.2\", \"prompt\": \"Translate between figures and Language X:\", \"subprompts\": [{\"questionpart_n\": \"1\", \"question\": \"soukn ynoete soukn\", \"answer\": \"7\", \"matches_human_scoring\": false, \"fuzzy_matching\": false, \"manual_edit\": false}, {\"questionpart_n\": \"2\", \"question\": \"pukewo ynoete soukn\", \"answer\": \"13\", \"matches_human_scoring\": false, \"fuzzy_matching\": false, \"manual_edit\": false}, {\"questionpart_n\": \"3\", \"question\": \"pukewo ryou peit ynoete soukn\", \"answer\": \"91\", \"matches_human_scoring\": false, \"fuzzy_matching\": false, \"manual_edit\": false}, {\"questionpart_n\": \"4\", \"question\": \"soukn yonikoe soukn ryou yokia\", \"answer\": \"257\", \"matches_human_scoring\": false, \"fuzzy_matching\": false, \"manual_edit\": false}, {\"questionpart_n\": \"5\", \"question\": \"5\", \"answer\": \"yokia\", \"matches_human_scoring\": false, \"fuzzy_matching\": false, \"manual_edit\": false}, {\"questionpart_n\": \"6\", \"question\": \"25\", \"answer\": \"umpun ynoete soukn\", \"matches_human_scoring\": false, \"fuzzy_matching\": false, \"manual_edit\": false}, {\"questionpart_n\": \"7\", \"question\": \"100\", \"answer\": \"pukewo ryou umpun ynoete umpun\", \"matches_human_scoring\": false, \"fuzzy_matching\": false, \"manual_edit\": false}, {\"questionpart_n\": \"8\", \"question\": \"774\", \"answer\": \"piet yonikoe piet ryou piet ynoete\", \"matches_human_scoring\": false, \"fuzzy_matching\": false, \"manual_edit\": false}]}]",
    "obfuscated": "True",
    "obf_num": "30",
    "mapping": {
        "e": "u",
        "a": "o",
        "u": "i",
        "o": "e",
        "i": "a",
        "n": "s",
        "p": "r",
        "t": "y",
        "k": "w",
        "s": "mp",
        "r": "n",
        "y": "p",
        "w": "t",
        "mp": "k"
    }
}