{
    "json_invalid": false,
    "preamble": "Problem A3. Language X (20 marks)\n   This problem focuses on the language's treatment of numbers by considering cube numbers (the product of multiplying a number by itself three times; for example 23 = 2 x 2 x 2 = 8). ",
    "context": "Here is a table of cubes, showing cubes for the integers 1-10:\n\nN\t1\t2\t3\t4\t5\t6\t7\t8\t9\t10\t\nN\u00b3\t1\t8\t27\t64\t125\t216\t343\t512\t729\t1000\n\nThe table below gives the Language X expressions for the cubes of all the integers from 1 to 10, but in a random order.\n\nonop wipesia teak ywio onop wpiaka onop\nonop wpiaka teak\nriosp\nriosp ywio onop wpiaka onop\nriosp wipesia teak ywio teak wpiaka riosp\nriosp wpiaka tosampi\nwipesia\ntosampi wipesia tosampi ywio riosp wpiaka tosampi\nteak ywio tosampi wpiaka wiseu\nteak wipesia tosampi ywio riosp wpiaka teak\n\n",
    "questions": "[{\"question_n\": \"Q 3.1\", \"prompt\": \"Write in figures the corresponding N\\u00B3 number shown in the table of cubes.\", \"subprompts\": [{\"questionpart_n\": \"1\", \"question\": \"onop wipesia teak ywio onop wpiaka onop\", \"answer\": \"1000\", \"matches_human_scoring\": false, \"fuzzy_matching\": false, \"manual_edit\": false}, {\"questionpart_n\": \"2\", \"question\": \"onop wpiaka teak\", \"answer\": \"27\", \"matches_human_scoring\": false, \"fuzzy_matching\": false, \"manual_edit\": false}, {\"questionpart_n\": \"3\", \"question\": \"riosp\", \"answer\": \"1\", \"matches_human_scoring\": false, \"fuzzy_matching\": false, \"manual_edit\": false}, {\"questionpart_n\": \"4\", \"question\": \"riosp ywio onop wpiaka onop\", \"answer\": \"64\", \"matches_human_scoring\": false, \"fuzzy_matching\": false, \"manual_edit\": false}, {\"questionpart_n\": \"5\", \"question\": \"riosp wipesia teak ywio teak wpiaka riosp\", \"answer\": \"343\", \"matches_human_scoring\": false, \"fuzzy_matching\": false, \"manual_edit\": false}, {\"questionpart_n\": \"6\", \"question\": \"riosp wpiaka tosampi\", \"answer\": \"8\", \"matches_human_scoring\": false, \"fuzzy_matching\": false, \"manual_edit\": false}, {\"questionpart_n\": \"7\", \"question\": \"wipesia\", \"answer\": \"216\", \"matches_human_scoring\": false, \"fuzzy_matching\": false, \"manual_edit\": false}, {\"questionpart_n\": \"8\", \"question\": \"tosampi wipesia tosampi ywio riosp wpiaka tosampi\", \"answer\": \"512\", \"matches_human_scoring\": false, \"fuzzy_matching\": false, \"manual_edit\": false}, {\"questionpart_n\": \"9\", \"question\": \"teak ywio tosampi wpiaka wiseu\", \"answer\": \"125\", \"matches_human_scoring\": false, \"fuzzy_matching\": false, \"manual_edit\": false}, {\"questionpart_n\": \"10\", \"question\": \"teak wipesia tosampi ywio riosp wpiaka teak\", \"answer\": \"729\", \"matches_human_scoring\": false, \"fuzzy_matching\": false, \"manual_edit\": false}]}, {\"question_n\": \"Q 3.2\", \"prompt\": \"Translate between figures and Language X:\", \"subprompts\": [{\"questionpart_n\": \"1\", \"question\": \"riosp wpiaka riosp\", \"answer\": \"7\", \"matches_human_scoring\": false, \"fuzzy_matching\": false, \"manual_edit\": false}, {\"questionpart_n\": \"2\", \"question\": \"tosampi wpiaka riosp\", \"answer\": \"13\", \"matches_human_scoring\": false, \"fuzzy_matching\": false, \"manual_edit\": false}, {\"questionpart_n\": \"3\", \"question\": \"tosampi ywio taek wpiaka riosp\", \"answer\": \"91\", \"matches_human_scoring\": false, \"fuzzy_matching\": false, \"manual_edit\": false}, {\"questionpart_n\": \"4\", \"question\": \"riosp wipesia riosp ywio wiseu\", \"answer\": \"257\", \"matches_human_scoring\": false, \"fuzzy_matching\": false, \"manual_edit\": false}, {\"questionpart_n\": \"5\", \"question\": \"5\", \"answer\": \"wiseu\", \"matches_human_scoring\": false, \"fuzzy_matching\": false, \"manual_edit\": false}, {\"questionpart_n\": \"6\", \"question\": \"25\", \"answer\": \"onop wpiaka riosp\", \"matches_human_scoring\": false, \"fuzzy_matching\": false, \"manual_edit\": false}, {\"questionpart_n\": \"7\", \"question\": \"100\", \"answer\": \"tosampi ywio onop wpiaka onop\", \"matches_human_scoring\": false, \"fuzzy_matching\": false, \"manual_edit\": false}, {\"questionpart_n\": \"8\", \"question\": \"774\", \"answer\": \"teak wipesia teak ywio teak wpiaka\", \"matches_human_scoring\": false, \"fuzzy_matching\": false, \"manual_edit\": false}]}]",
    "obfuscated": "True",
    "obf_num": "6",
    "mapping": {
        "e": "o",
        "a": "i",
        "u": "e",
        "o": "a",
        "i": "u",
        "n": "r",
        "p": "y",
        "t": "w",
        "k": "mp",
        "s": "n",
        "r": "p",
        "y": "t",
        "w": "k",
        "mp": "s"
    }
}