{
    "json_invalid": false,
    "preamble": "Problem A3. Language X (20 marks)\n   This problem focuses on the language's treatment of numbers by considering cube numbers (the product of multiplying a number by itself three times; for example 23 = 2 x 2 x 2 = 8). ",
    "context": "Here is a table of cubes, showing cubes for the integers 1-10:\n\nN\t1\t2\t3\t4\t5\t6\t7\t8\t9\t10\t\nN\u00b3\t1\t8\t27\t64\t125\t216\t343\t512\t729\t1000\n\nThe table below gives the Language X expressions for the cubes of all the integers from 1 to 10, but in a random order.\n\nanap wuposui toik ywua anap wpuiki anap\nanap wpuiki toik\nruasp\nruasp ywua anap wpuiki anap\nruasp wuposui toik ywua toik wpuiki ruasp\nruasp wpuiki tasimpu\nwuposui\ntasimpu wuposui tasimpu ywua ruasp wpuiki tasimpu\ntoik ywua tasimpu wpuiki wusoe\ntoik wuposui tasimpu ywua ruasp wpuiki toik\n\n",
    "questions": "[{\"question_n\": \"Q 3.1\", \"prompt\": \"Write in figures the corresponding N\\u00B3 number shown in the table of cubes.\", \"subprompts\": [{\"questionpart_n\": \"1\", \"question\": \"anap wuposui toik ywua anap wpuiki anap\", \"answer\": \"1000\", \"matches_human_scoring\": false, \"fuzzy_matching\": false, \"manual_edit\": false}, {\"questionpart_n\": \"2\", \"question\": \"anap wpuiki toik\", \"answer\": \"27\", \"matches_human_scoring\": false, \"fuzzy_matching\": false, \"manual_edit\": false}, {\"questionpart_n\": \"3\", \"question\": \"ruasp\", \"answer\": \"1\", \"matches_human_scoring\": false, \"fuzzy_matching\": false, \"manual_edit\": false}, {\"questionpart_n\": \"4\", \"question\": \"ruasp ywua anap wpuiki anap\", \"answer\": \"64\", \"matches_human_scoring\": false, \"fuzzy_matching\": false, \"manual_edit\": false}, {\"questionpart_n\": \"5\", \"question\": \"ruasp wuposui toik ywua toik wpuiki ruasp\", \"answer\": \"343\", \"matches_human_scoring\": false, \"fuzzy_matching\": false, \"manual_edit\": false}, {\"questionpart_n\": \"6\", \"question\": \"ruasp wpuiki tasimpu\", \"answer\": \"8\", \"matches_human_scoring\": false, \"fuzzy_matching\": false, \"manual_edit\": false}, {\"questionpart_n\": \"7\", \"question\": \"wuposui\", \"answer\": \"216\", \"matches_human_scoring\": false, \"fuzzy_matching\": false, \"manual_edit\": false}, {\"questionpart_n\": \"8\", \"question\": \"tasimpu wuposui tasimpu ywua ruasp wpuiki tasimpu\", \"answer\": \"512\", \"matches_human_scoring\": false, \"fuzzy_matching\": false, \"manual_edit\": false}, {\"questionpart_n\": \"9\", \"question\": \"toik ywua tasimpu wpuiki wusoe\", \"answer\": \"125\", \"matches_human_scoring\": false, \"fuzzy_matching\": false, \"manual_edit\": false}, {\"questionpart_n\": \"10\", \"question\": \"toik wuposui tasimpu ywua ruasp wpuiki toik\", \"answer\": \"729\", \"matches_human_scoring\": false, \"fuzzy_matching\": false, \"manual_edit\": false}]}, {\"question_n\": \"Q 3.2\", \"prompt\": \"Translate between figures and Language X:\", \"subprompts\": [{\"questionpart_n\": \"1\", \"question\": \"ruasp wpuiki ruasp\", \"answer\": \"7\", \"matches_human_scoring\": false, \"fuzzy_matching\": false, \"manual_edit\": false}, {\"questionpart_n\": \"2\", \"question\": \"tasimpu wpuiki ruasp\", \"answer\": \"13\", \"matches_human_scoring\": false, \"fuzzy_matching\": false, \"manual_edit\": false}, {\"questionpart_n\": \"3\", \"question\": \"tasimpu ywua tiok wpuiki ruasp\", \"answer\": \"91\", \"matches_human_scoring\": false, \"fuzzy_matching\": false, \"manual_edit\": false}, {\"questionpart_n\": \"4\", \"question\": \"ruasp wuposui ruasp ywua wusoe\", \"answer\": \"257\", \"matches_human_scoring\": false, \"fuzzy_matching\": false, \"manual_edit\": false}, {\"questionpart_n\": \"5\", \"question\": \"5\", \"answer\": \"wusoe\", \"matches_human_scoring\": false, \"fuzzy_matching\": false, \"manual_edit\": false}, {\"questionpart_n\": \"6\", \"question\": \"25\", \"answer\": \"anap wpuiki ruasp\", \"matches_human_scoring\": false, \"fuzzy_matching\": false, \"manual_edit\": false}, {\"questionpart_n\": \"7\", \"question\": \"100\", \"answer\": \"tasimpu ywua anap wpuiki anap\", \"matches_human_scoring\": false, \"fuzzy_matching\": false, \"manual_edit\": false}, {\"questionpart_n\": \"8\", \"question\": \"774\", \"answer\": \"toik wuposui toik ywua toik wpuiki\", \"matches_human_scoring\": false, \"fuzzy_matching\": false, \"manual_edit\": false}]}]",
    "obfuscated": "True",
    "obf_num": "10",
    "mapping": {
        "e": "a",
        "a": "u",
        "u": "o",
        "o": "i",
        "i": "e",
        "n": "r",
        "p": "y",
        "t": "w",
        "k": "mp",
        "s": "n",
        "r": "p",
        "y": "t",
        "w": "k",
        "mp": "s"
    }
}