{
    "json_invalid": false,
    "preamble": "Problem A3. Language X (20 marks)\n   This problem focuses on the language's treatment of numbers by considering cube numbers (the product of multiplying a number by itself three times; for example 23 = 2 x 2 x 2 = 8). ",
    "context": "Here is a table of cubes, showing cubes for the integers 1-10:\n\nN\t1\t2\t3\t4\t5\t6\t7\t8\t9\t10\t\nN\u00b3\t1\t8\t27\t64\t125\t216\t343\t512\t729\t1000\n\nThe table below gives the Language X expressions for the cubes of all the integers from 1 to 10, but in a random order.\n\nitik nekayeu saur mpnei itik nkeuru itik\nitik nkeuru saur\nweiyk\nweiyk mpnei itik nkeuru itik\nweiyk nekayeu saur mpnei saur nkeuru weiyk\nweiyk nkeuru siyupe\nnekayeu\nsiyupe nekayeu siyupe mpnei weiyk nkeuru siyupe\nsaur mpnei siyupe nkeuru neyao\nsaur nekayeu siyupe mpnei weiyk nkeuru saur\n\n",
    "questions": "[{\"question_n\": \"Q 3.1\", \"prompt\": \"Write in figures the corresponding N\\u00B3 number shown in the table of cubes.\", \"subprompts\": [{\"questionpart_n\": \"1\", \"question\": \"itik nekayeu saur mpnei itik nkeuru itik\", \"answer\": \"1000\", \"matches_human_scoring\": false, \"fuzzy_matching\": false, \"manual_edit\": false}, {\"questionpart_n\": \"2\", \"question\": \"itik nkeuru saur\", \"answer\": \"27\", \"matches_human_scoring\": false, \"fuzzy_matching\": false, \"manual_edit\": false}, {\"questionpart_n\": \"3\", \"question\": \"weiyk\", \"answer\": \"1\", \"matches_human_scoring\": false, \"fuzzy_matching\": false, \"manual_edit\": false}, {\"questionpart_n\": \"4\", \"question\": \"weiyk mpnei itik nkeuru itik\", \"answer\": \"64\", \"matches_human_scoring\": false, \"fuzzy_matching\": false, \"manual_edit\": false}, {\"questionpart_n\": \"5\", \"question\": \"weiyk nekayeu saur mpnei saur nkeuru weiyk\", \"answer\": \"343\", \"matches_human_scoring\": false, \"fuzzy_matching\": false, \"manual_edit\": false}, {\"questionpart_n\": \"6\", \"question\": \"weiyk nkeuru siyupe\", \"answer\": \"8\", \"matches_human_scoring\": false, \"fuzzy_matching\": false, \"manual_edit\": false}, {\"questionpart_n\": \"7\", \"question\": \"nekayeu\", \"answer\": \"216\", \"matches_human_scoring\": false, \"fuzzy_matching\": false, \"manual_edit\": false}, {\"questionpart_n\": \"8\", \"question\": \"siyupe nekayeu siyupe mpnei weiyk nkeuru siyupe\", \"answer\": \"512\", \"matches_human_scoring\": false, \"fuzzy_matching\": false, \"manual_edit\": false}, {\"questionpart_n\": \"9\", \"question\": \"saur mpnei siyupe nkeuru neyao\", \"answer\": \"125\", \"matches_human_scoring\": false, \"fuzzy_matching\": false, \"manual_edit\": false}, {\"questionpart_n\": \"10\", \"question\": \"saur nekayeu siyupe mpnei weiyk nkeuru saur\", \"answer\": \"729\", \"matches_human_scoring\": false, \"fuzzy_matching\": false, \"manual_edit\": false}]}, {\"question_n\": \"Q 3.2\", \"prompt\": \"Translate between figures and Language X:\", \"subprompts\": [{\"questionpart_n\": \"1\", \"question\": \"weiyk nkeuru weiyk\", \"answer\": \"7\", \"matches_human_scoring\": false, \"fuzzy_matching\": false, \"manual_edit\": false}, {\"questionpart_n\": \"2\", \"question\": \"siyupe nkeuru weiyk\", \"answer\": \"13\", \"matches_human_scoring\": false, \"fuzzy_matching\": false, \"manual_edit\": false}, {\"questionpart_n\": \"3\", \"question\": \"siyupe mpnei suar nkeuru weiyk\", \"answer\": \"91\", \"matches_human_scoring\": false, \"fuzzy_matching\": false, \"manual_edit\": false}, {\"questionpart_n\": \"4\", \"question\": \"weiyk nekayeu weiyk mpnei neyao\", \"answer\": \"257\", \"matches_human_scoring\": false, \"fuzzy_matching\": false, \"manual_edit\": false}, {\"questionpart_n\": \"5\", \"question\": \"5\", \"answer\": \"neyao\", \"matches_human_scoring\": false, \"fuzzy_matching\": false, \"manual_edit\": false}, {\"questionpart_n\": \"6\", \"question\": \"25\", \"answer\": \"itik nkeuru weiyk\", \"matches_human_scoring\": false, \"fuzzy_matching\": false, \"manual_edit\": false}, {\"questionpart_n\": \"7\", \"question\": \"100\", \"answer\": \"siyupe mpnei itik nkeuru itik\", \"matches_human_scoring\": false, \"fuzzy_matching\": false, \"manual_edit\": false}, {\"questionpart_n\": \"8\", \"question\": \"774\", \"answer\": \"saur nekayeu saur mpnei saur nkeuru\", \"matches_human_scoring\": false, \"fuzzy_matching\": false, \"manual_edit\": false}]}]",
    "obfuscated": "True",
    "obf_num": "27",
    "mapping": {
        "e": "i",
        "a": "e",
        "u": "a",
        "o": "u",
        "i": "o",
        "n": "w",
        "p": "mp",
        "t": "n",
        "k": "p",
        "s": "t",
        "r": "k",
        "y": "s",
        "w": "r",
        "mp": "y"
    }
}