{
    "json_invalid": false,
    "preamble": "Problem A3. Language X (20 marks)\n   This problem focuses on the language's treatment of numbers by considering cube numbers (the product of multiplying a number by itself three times; for example 23 = 2 x 2 x 2 = 8). ",
    "context": "Here is a table of cubes, showing cubes for the integers 1-10:\n\nN\t1\t2\t3\t4\t5\t6\t7\t8\t9\t10\t\nN\u00b3\t1\t8\t27\t64\t125\t216\t343\t512\t729\t1000\n\nThe table below gives the Language X expressions for the cubes of all the integers from 1 to 10, but in a random order.\n\nakas pusowui roiy npua akas psuiyi akas\nakas psuiyi roiy\nmpuaws\nmpuaws npua akas psuiyi akas\nmpuaws pusowui roiy npua roiy psuiyi mpuaws\nmpuaws psuiyi rawitu\npusowui\nrawitu pusowui rawitu npua mpuaws psuiyi rawitu\nroiy npua rawitu psuiyi puwoe\nroiy pusowui rawitu npua mpuaws psuiyi roiy\n\n",
    "questions": "[{\"question_n\": \"Q 3.1\", \"prompt\": \"Write in figures the corresponding N\\u00B3 number shown in the table of cubes.\", \"subprompts\": [{\"questionpart_n\": \"1\", \"question\": \"akas pusowui roiy npua akas psuiyi akas\", \"answer\": \"1000\", \"matches_human_scoring\": false, \"fuzzy_matching\": false, \"manual_edit\": false}, {\"questionpart_n\": \"2\", \"question\": \"akas psuiyi roiy\", \"answer\": \"27\", \"matches_human_scoring\": false, \"fuzzy_matching\": false, \"manual_edit\": false}, {\"questionpart_n\": \"3\", \"question\": \"mpuaws\", \"answer\": \"1\", \"matches_human_scoring\": false, \"fuzzy_matching\": false, \"manual_edit\": false}, {\"questionpart_n\": \"4\", \"question\": \"mpuaws npua akas psuiyi akas\", \"answer\": \"64\", \"matches_human_scoring\": false, \"fuzzy_matching\": false, \"manual_edit\": false}, {\"questionpart_n\": \"5\", \"question\": \"mpuaws pusowui roiy npua roiy psuiyi mpuaws\", \"answer\": \"343\", \"matches_human_scoring\": false, \"fuzzy_matching\": false, \"manual_edit\": false}, {\"questionpart_n\": \"6\", \"question\": \"mpuaws psuiyi rawitu\", \"answer\": \"8\", \"matches_human_scoring\": false, \"fuzzy_matching\": false, \"manual_edit\": false}, {\"questionpart_n\": \"7\", \"question\": \"pusowui\", \"answer\": \"216\", \"matches_human_scoring\": false, \"fuzzy_matching\": false, \"manual_edit\": false}, {\"questionpart_n\": \"8\", \"question\": \"rawitu pusowui rawitu npua mpuaws psuiyi rawitu\", \"answer\": \"512\", \"matches_human_scoring\": false, \"fuzzy_matching\": false, \"manual_edit\": false}, {\"questionpart_n\": \"9\", \"question\": \"roiy npua rawitu psuiyi puwoe\", \"answer\": \"125\", \"matches_human_scoring\": false, \"fuzzy_matching\": false, \"manual_edit\": false}, {\"questionpart_n\": \"10\", \"question\": \"roiy pusowui rawitu npua mpuaws psuiyi roiy\", \"answer\": \"729\", \"matches_human_scoring\": false, \"fuzzy_matching\": false, \"manual_edit\": false}]}, {\"question_n\": \"Q 3.2\", \"prompt\": \"Translate between figures and Language X:\", \"subprompts\": [{\"questionpart_n\": \"1\", \"question\": \"mpuaws psuiyi mpuaws\", \"answer\": \"7\", \"matches_human_scoring\": false, \"fuzzy_matching\": false, \"manual_edit\": false}, {\"questionpart_n\": \"2\", \"question\": \"rawitu psuiyi mpuaws\", \"answer\": \"13\", \"matches_human_scoring\": false, \"fuzzy_matching\": false, \"manual_edit\": false}, {\"questionpart_n\": \"3\", \"question\": \"rawitu npua rioy psuiyi mpuaws\", \"answer\": \"91\", \"matches_human_scoring\": false, \"fuzzy_matching\": false, \"manual_edit\": false}, {\"questionpart_n\": \"4\", \"question\": \"mpuaws pusowui mpuaws npua puwoe\", \"answer\": \"257\", \"matches_human_scoring\": false, \"fuzzy_matching\": false, \"manual_edit\": false}, {\"questionpart_n\": \"5\", \"question\": \"5\", \"answer\": \"puwoe\", \"matches_human_scoring\": false, \"fuzzy_matching\": false, \"manual_edit\": false}, {\"questionpart_n\": \"6\", \"question\": \"25\", \"answer\": \"akas psuiyi mpuaws\", \"matches_human_scoring\": false, \"fuzzy_matching\": false, \"manual_edit\": false}, {\"questionpart_n\": \"7\", \"question\": \"100\", \"answer\": \"rawitu npua akas psuiyi akas\", \"matches_human_scoring\": false, \"fuzzy_matching\": false, \"manual_edit\": false}, {\"questionpart_n\": \"8\", \"question\": \"774\", \"answer\": \"roiy pusowui roiy npua roiy psuiyi\", \"matches_human_scoring\": false, \"fuzzy_matching\": false, \"manual_edit\": false}]}]",
    "obfuscated": "True",
    "obf_num": "26",
    "mapping": {
        "e": "a",
        "a": "u",
        "u": "o",
        "o": "i",
        "i": "e",
        "n": "mp",
        "p": "n",
        "t": "p",
        "k": "t",
        "s": "k",
        "r": "s",
        "y": "r",
        "w": "y",
        "mp": "w"
    }
}