{
    "json_invalid": false,
    "preamble": "Problem A4. Language X (25 marks)\n \n\n",
    "context": "A flexible language, Language X has adapted with the times, coining words for a wide range of modern concepts. Below are some Language X words (1-18) and their English translations (A-R) in a different order. The standard orthography for Language X is used here except that double vowels are normally written with a circumflex (e.g. aa is normally \u00e2).\n\nTable 1\n1\toonechiko\tA\tcomputer\n2\tothachiikwo\tB\tdog\n3\tothachiikwaakwo\tC\tFerris wheel\n4\tneewoshehoothahe\tD\tgym\n5\tneewosheko\tE\tlibrary\n6\thipamothehoothahe\tF\tliving room\n7\tMehikokeepathehoothahe\tG\tmetal\n8\tchatewaawaashepithe\tH\tMexican restaurant\n9\tchatiwaathahe\tI\tnewspaper\n10\tchatkaakwo\tJ\tOklahoma City\n11\tchatkaakwe keepathekathe\tK\tpaper\n12\tchapathokwehothothe oonechiithe\tL\tpuppy\n13\tchapathokwehothe\tM\trabbit\n14\tchapathokwehothehoothahe\tN\troller skates\n15\tsheekooshakwme\tO\tsalad / lettuce\n16\tsheekooshakwme oonechiithe\tP\ttelephone\n17\tsheekooshakwme keethaawashe\tQ\tto sit\n18\twaawaashepithothe chokwhopaakwothe\tR\tto tell\n\nTable 2\nchatkaakwaakwo\t__(a)__\n__(b)__\tto be heavy\n__(c)__\tbrain\n\nThe following notes may be helpful:\nA Ferris wheel is an amusement ride consisting of a large, rotating wheel that carries passengers.\nOklahoma City is the capital of Oklahoma.\nA gym is a facility where exercise is performed (e.g. weightlifting).",
    "questions": "[{\"question_n\": \"Q.A4.1.\", \"prompt\": \"In Table 1, show how the Language X words are paired with the English translations. Write the corresponding number (1-18) of the word that matches the lettered items.\", \"subprompts\": [{\"questionpart_n\": \"(a)\", \"question\": \"A\", \"answer\": \"17\", \"matches_human_scoring\": false, \"fuzzy_matching\": false, \"manual_edit\": false}, {\"questionpart_n\": \"(b)\", \"question\": \"B\", \"answer\": \"2\", \"matches_human_scoring\": false, \"fuzzy_matching\": false, \"manual_edit\": false}, {\"questionpart_n\": \"(c)\", \"question\": \"C\", \"answer\": \"8\", \"matches_human_scoring\": false, \"fuzzy_matching\": false, \"manual_edit\": false}, {\"questionpart_n\": \"(d)\", \"question\": \"D\", \"answer\": \"6\", \"matches_human_scoring\": false, \"fuzzy_matching\": false, \"manual_edit\": false}, {\"questionpart_n\": \"(e)\", \"question\": \"E\", \"answer\": \"14\", \"matches_human_scoring\": false, \"fuzzy_matching\": false, \"manual_edit\": false}, {\"questionpart_n\": \"(f)\", \"question\": \"F\", \"answer\": \"4\", \"matches_human_scoring\": false, \"fuzzy_matching\": false, \"manual_edit\": false}, {\"questionpart_n\": \"(g)\", \"question\": \"G\", \"answer\": \"15\", \"matches_human_scoring\": false, \"fuzzy_matching\": false, \"manual_edit\": false}, {\"questionpart_n\": \"(h)\", \"question\": \"H\", \"answer\": \"7\", \"matches_human_scoring\": false, \"fuzzy_matching\": false, \"manual_edit\": false}, {\"questionpart_n\": \"(i)\", \"question\": \"I\", \"answer\": \"12\", \"matches_human_scoring\": false, \"fuzzy_matching\": false, \"manual_edit\": false}, {\"questionpart_n\": \"(j)\", \"question\": \"J\", \"answer\": \"9\", \"matches_human_scoring\": false, \"fuzzy_matching\": false, \"manual_edit\": false}, {\"questionpart_n\": \"(k)\", \"question\": \"K\", \"answer\": \"13\", \"matches_human_scoring\": false, \"fuzzy_matching\": false, \"manual_edit\": false}, {\"questionpart_n\": \"(l)\", \"question\": \"L\", \"answer\": \"3\", \"matches_human_scoring\": false, \"fuzzy_matching\": false, \"manual_edit\": false}, {\"questionpart_n\": \"(m)\", \"question\": \"M\", \"answer\": \"10\", \"matches_human_scoring\": false, \"fuzzy_matching\": false, \"manual_edit\": false}, {\"questionpart_n\": \"(n)\", \"question\": \"N\", \"answer\": \"18\", \"matches_human_scoring\": false, \"fuzzy_matching\": false, \"manual_edit\": false}, {\"questionpart_n\": \"(o)\", \"question\": \"O\", \"answer\": \"11\", \"matches_human_scoring\": false, \"fuzzy_matching\": false, \"manual_edit\": false}, {\"questionpart_n\": \"(p)\", \"question\": \"P\", \"answer\": \"16\", \"matches_human_scoring\": false, \"fuzzy_matching\": false, \"manual_edit\": false}, {\"questionpart_n\": \"(q)\", \"question\": \"Q\", \"answer\": \"5\", \"matches_human_scoring\": false, \"fuzzy_matching\": false, \"manual_edit\": false}, {\"questionpart_n\": \"(r)\", \"question\": \"R\", \"answer\": \"1\", \"matches_human_scoring\": false, \"fuzzy_matching\": false, \"manual_edit\": false}]}, {\"question_n\": \"Q.A4.2.\", \"prompt\": \"Fill the gaps in Table 2:\", \"subprompts\": [{\"questionpart_n\": \"(a)\", \"question\": \"__(a)__\", \"answer\": \"[\\\"young rabbit\\\", \\\"bunny\\\"]\", \"matches_human_scoring\": false, \"fuzzy_matching\": false, \"manual_edit\": false}, {\"questionpart_n\": \"(b)\", \"question\": \"__(b)__\", \"answer\": \"hipamothko\", \"matches_human_scoring\": false, \"fuzzy_matching\": false, \"manual_edit\": false}, {\"questionpart_n\": \"(c)\", \"question\": \"__(c)__\", \"answer\": \"keethaawashe\", \"matches_human_scoring\": false, \"fuzzy_matching\": false, \"manual_edit\": false}]}]",
    "obfuscated": "True",
    "obf_num": "17",
    "mapping": {
        "a": "o",
        "e": "a",
        "i": "e",
        "o": "i",
        "m": "ch",
        "n": "th",
        "p": "sh",
        "t": "w",
        "k": "h",
        "kw": "m",
        "ch": "n",
        "th": "p",
        "sh": "t",
        "w": "k",
        "h": "kw",
        "mehiko": "mehiko"
    }
}