{
    "json_invalid": false,
    "preamble": "Question 4 Language X Possessives (9 marks)\nLanguage X   contains quite a few loanwords from English  .\n\n",
    "context": "The following table contains some nouns and the possessive forms (\u201cmy X\u201d, \u201cyour X\u201d, etc.) for those nouns. Note that Language X distinguishes between singular and plural \u201cyou\u201d, and also\ndistinguishes between inclusive \u201cwe\u201d (we including you) and exclusive \u201cwe\u201d (we not including you).\n\niwinhalh\t\"gun\"\nilhnisi\t\"his/her clothes\"\nhupirnisi\t\"their fish\"\nhupirrisi\t\"your (plural) fish\"\nkuuraum\t\"snake\"\nkuunisiraum\t\"their snake\"\nkuuriraum\t\"your (singular) snake\"\nliiksu\t\"our (inclusive) god\"\nuuhus\t\"heaven\"\nnimri\t\"iguana\"\nnitin\t\"manner\"\nnitinni\t\"his/her manner\"\nniwilhnisirin\t\"their knee\"\nnuuni\t\"his/her stone\"\nnapapan\t\"woodpecker\"\npuuri\t\"lemon\"\nrulhba\t\"cat\"\nlhitiini\t\"his/her forehead\"\nlhunhug\t\"horsefly\"\nlhunsuhug\t\"our (inclusive) horsefly\"\nlhaarisipa\t\"your (plural) dog\"\ntiasurin\t\"our (inclusive) tomato\"\nbiunusibiu\t\"our (exclusive) grey squirrel\"\nbiur\t\"time\"\naaririn\t\"your (singular) window\"\ndiunusina\t\"our (exclusive) moon\"\ndilhinisipi\t\"their possum\"\n\nThe list below contains pieces (in alphabetical order) of words in Language X. \n\ni\nhus\nhalh\nuu\nni\nni\nni\nni\nnim\nnu\nnu\nnu\nna\npuu\npa\npan\nri\nri\nri\nri\nrulh\nsi\nsi\nsi\nsi\nsu\ntin\nwin\nbiu\nbiu\nbiur\nba\n\n\n\n",
    "questions": "[{\"question_n\": \"Q 4.1\", \"prompt\": \"The Language X words for the meanings below can be made from the pieces listed (in alphabetical order) above. You may not use a piece more than once, but some pieces will be left over. Translate the meanings below into Language X.\", \"subprompts\": [{\"questionpart_n\": \"(1)\", \"question\": \"\\\"his/her grey squirrel\\\"\", \"answer\": \"biunibiu\", \"matches_human_scoring\": false, \"fuzzy_matching\": false, \"manual_edit\": false}, {\"questionpart_n\": \"(2)\", \"question\": \"\\\"our (inclusive) heaven\\\"\", \"answer\": \"uusuhus\", \"matches_human_scoring\": false, \"fuzzy_matching\": false, \"manual_edit\": false}, {\"questionpart_n\": \"(3)\", \"question\": \"\\\"your (plural) iguana\\\"\", \"answer\": \"nimrisiri\", \"matches_human_scoring\": false, \"fuzzy_matching\": false, \"manual_edit\": false}, {\"questionpart_n\": \"(4)\", \"question\": \"his/her gun\", \"answer\": \"iwinnihalh\", \"matches_human_scoring\": false, \"fuzzy_matching\": false, \"manual_edit\": false}, {\"questionpart_n\": \"(5)\", \"question\": \"\\\"your (singular) lemon\\\"\", \"answer\": \"puuriri\", \"matches_human_scoring\": false, \"fuzzy_matching\": false, \"manual_edit\": false}, {\"questionpart_n\": \"(6)\", \"question\": \"\\\"their woodpecker\\\"\", \"answer\": \"napanisipan\", \"matches_human_scoring\": false, \"fuzzy_matching\": false, \"manual_edit\": false}, {\"questionpart_n\": \"(7)\", \"question\": \"\\\"our (exclusive) time\\\"\", \"answer\": \"biurnusi\", \"matches_human_scoring\": false, \"fuzzy_matching\": false, \"manual_edit\": false}, {\"questionpart_n\": \"(8)\", \"question\": \"\\\"my cat\\\"\", \"answer\": \"rulhnuba\", \"matches_human_scoring\": false, \"fuzzy_matching\": false, \"manual_edit\": false}]}, {\"question_n\": \"Q 4.2\", \"prompt\": \"The remaining pieces (those that you did not use in 4.1) can be rearranged into an Language X word. What is the word, and what does it mean?\", \"subprompts\": [{\"questionpart_n\": \"a\", \"question\": \"What is the word?\", \"answer\": \"nitinnusi\", \"matches_human_scoring\": false, \"fuzzy_matching\": false, \"manual_edit\": false}, {\"questionpart_n\": \"b\", \"question\": \"What does it mean?\", \"answer\": \"our (exclusive) manner\", \"matches_human_scoring\": false, \"fuzzy_matching\": false, \"manual_edit\": false}]}]",
    "obfuscated": "True",
    "obf_num": "16",
    "mapping": {
        "b": "h",
        "d": "k",
        "g": "l",
        "h": "m",
        "k": "n",
        "l": "p",
        "m": "r",
        "n": "s",
        "p": "t",
        "r": "w",
        "s": "lh",
        "t": "b",
        "w": "d",
        "lh": "g",
        "a": "i",
        "i": "u",
        "u": "a"
    }
}