{
    "json_invalid": false,
    "preamble": "Question 4 Language X Possessives (9 marks)\nLanguage X   contains quite a few loanwords from English  .\n\n",
    "context": "The following table contains some nouns and the possessive forms (\u201cmy X\u201d, \u201cyour X\u201d, etc.) for those nouns. Note that Language X distinguishes between singular and plural \u201cyou\u201d, and also\ndistinguishes between inclusive \u201cwe\u201d (we including you) and exclusive \u201cwe\u201d (we not including you).\n\nulhupkib\t\"gun\"\nubputu\t\"his/her clothes\"\nkarusputu\t\"their fish\"\nkarussutu\t\"your (plural) fish\"\nlaasian\t\"snake\"\nlaaputusian\t\"their snake\"\nlaasusian\t\"your (singular) snake\"\nmuulta\t\"our (inclusive) god\"\naakat\t\"heaven\"\npunsu\t\"iguana\"\npuwup\t\"manner\"\npuwuppu\t\"his/her manner\"\npulhubputusup\t\"their knee\"\npaapu\t\"his/her stone\"\npiririp\t\"woodpecker\"\nraasu\t\"lemon\"\nsabdi\t\"cat\"\nbuwuupu\t\"his/her forehead\"\nbapkah\t\"horsefly\"\nbaptakah\t\"our (inclusive) horsefly\"\nbiisuturi\t\"your (plural) dog\"\nwuitasup\t\"our (inclusive) tomato\"\nduapatudua\t\"our (exclusive) grey squirrel\"\nduas\t\"time\"\niisusup\t\"your (singular) window\"\nguapatupi\t\"our (exclusive) moon\"\ngubuputuru\t\"their possum\"\n\nThe list below contains pieces (in alphabetical order) of words in Language X. \n\nu\nkat\nkib\naa\npu\npu\npu\npu\npun\npa\npa\npa\npi\nraa\nri\nrip\nsu\nsu\nsu\nsu\nsab\ntu\ntu\ntu\ntu\nta\nwup\nlhup\ndua\ndua\nduas\ndi\n\n\n\n",
    "questions": "[{\"question_n\": \"Q 4.1\", \"prompt\": \"The Language X words for the meanings below can be made from the pieces listed (in alphabetical order) above. You may not use a piece more than once, but some pieces will be left over. Translate the meanings below into Language X.\", \"subprompts\": [{\"questionpart_n\": \"(1)\", \"question\": \"\\\"his/her grey squirrel\\\"\", \"answer\": \"duapudua\", \"matches_human_scoring\": false, \"fuzzy_matching\": false, \"manual_edit\": false}, {\"questionpart_n\": \"(2)\", \"question\": \"\\\"our (inclusive) heaven\\\"\", \"answer\": \"aatakat\", \"matches_human_scoring\": false, \"fuzzy_matching\": false, \"manual_edit\": false}, {\"questionpart_n\": \"(3)\", \"question\": \"\\\"your (plural) iguana\\\"\", \"answer\": \"punsutusu\", \"matches_human_scoring\": false, \"fuzzy_matching\": false, \"manual_edit\": false}, {\"questionpart_n\": \"(4)\", \"question\": \"his/her gun\", \"answer\": \"ulhuppukib\", \"matches_human_scoring\": false, \"fuzzy_matching\": false, \"manual_edit\": false}, {\"questionpart_n\": \"(5)\", \"question\": \"\\\"your (singular) lemon\\\"\", \"answer\": \"raasusu\", \"matches_human_scoring\": false, \"fuzzy_matching\": false, \"manual_edit\": false}, {\"questionpart_n\": \"(6)\", \"question\": \"\\\"their woodpecker\\\"\", \"answer\": \"piriputurip\", \"matches_human_scoring\": false, \"fuzzy_matching\": false, \"manual_edit\": false}, {\"questionpart_n\": \"(7)\", \"question\": \"\\\"our (exclusive) time\\\"\", \"answer\": \"duaspatu\", \"matches_human_scoring\": false, \"fuzzy_matching\": false, \"manual_edit\": false}, {\"questionpart_n\": \"(8)\", \"question\": \"\\\"my cat\\\"\", \"answer\": \"sabpadi\", \"matches_human_scoring\": false, \"fuzzy_matching\": false, \"manual_edit\": false}]}, {\"question_n\": \"Q 4.2\", \"prompt\": \"The remaining pieces (those that you did not use in 4.1) can be rearranged into an Language X word. What is the word, and what does it mean?\", \"subprompts\": [{\"questionpart_n\": \"a\", \"question\": \"What is the word?\", \"answer\": \"puwuppatu\", \"matches_human_scoring\": false, \"fuzzy_matching\": false, \"manual_edit\": false}, {\"questionpart_n\": \"b\", \"question\": \"What does it mean?\", \"answer\": \"our (exclusive) manner\", \"matches_human_scoring\": false, \"fuzzy_matching\": false, \"manual_edit\": false}]}]",
    "obfuscated": "True",
    "obf_num": "17",
    "mapping": {
        "b": "k",
        "d": "l",
        "g": "m",
        "h": "n",
        "k": "p",
        "l": "r",
        "m": "s",
        "n": "t",
        "p": "w",
        "r": "lh",
        "s": "b",
        "t": "d",
        "w": "g",
        "lh": "h",
        "a": "u",
        "i": "a",
        "u": "i"
    }
}