{
    "json_invalid": false,
    "preamble": "Question 4 Language X Possessives (9 marks)\nLanguage X   contains quite a few loanwords from English  .\n\n",
    "context": "The following table contains some nouns and the possessive forms (\u201cmy X\u201d, \u201cyour X\u201d, etc.) for those nouns. Note that Language X distinguishes between singular and plural \u201cyou\u201d, and also\ndistinguishes between inclusive \u201cwe\u201d (we including you) and exclusive \u201cwe\u201d (we not including you).\n\nisildat\t\"gun\"\nitlipi\t\"his/her clothes\"\nduminlipi\t\"their fish\"\nduminnipi\t\"your (plural) fish\"\nguunauk\t\"snake\"\nguulipinauk\t\"their snake\"\nguuninauk\t\"your (singular) snake\"\nhiigpu\t\"our (inclusive) god\"\nuudup\t\"heaven\"\nlikni\t\"iguana\"\nliril\t\"manner\"\nlirilli\t\"his/her manner\"\nlisitlipinil\t\"their knee\"\nluuli\t\"his/her stone\"\nlamamal\t\"woodpecker\"\nmuuni\t\"lemon\"\nnutwa\t\"cat\"\ntiriili\t\"his/her forehead\"\ntuldub\t\"horsefly\"\ntulpudub\t\"our (inclusive) horsefly\"\ntaanipima\t\"your (plural) dog\"\nriapunil\t\"our (inclusive) tomato\"\nwiulupiwiu\t\"our (exclusive) grey squirrel\"\nwiun\t\"time\"\naaninil\t\"your (singular) window\"\nlhiulupila\t\"our (exclusive) moon\"\nlhitilipimi\t\"their possum\"\n\nThe list below contains pieces (in alphabetical order) of words in Language X. \n\ni\ndup\ndat\nuu\nli\nli\nli\nli\nlik\nlu\nlu\nlu\nla\nmuu\nma\nmal\nni\nni\nni\nni\nnut\npi\npi\npi\npi\npu\nril\nsil\nwiu\nwiu\nwiun\nwa\n\n\n\n",
    "questions": "[{\"question_n\": \"Q 4.1\", \"prompt\": \"The Language X words for the meanings below can be made from the pieces listed (in alphabetical order) above. You may not use a piece more than once, but some pieces will be left over. Translate the meanings below into Language X.\", \"subprompts\": [{\"questionpart_n\": \"(1)\", \"question\": \"\\\"his/her grey squirrel\\\"\", \"answer\": \"wiuliwiu\", \"matches_human_scoring\": false, \"fuzzy_matching\": false, \"manual_edit\": false}, {\"questionpart_n\": \"(2)\", \"question\": \"\\\"our (inclusive) heaven\\\"\", \"answer\": \"uupudup\", \"matches_human_scoring\": false, \"fuzzy_matching\": false, \"manual_edit\": false}, {\"questionpart_n\": \"(3)\", \"question\": \"\\\"your (plural) iguana\\\"\", \"answer\": \"liknipini\", \"matches_human_scoring\": false, \"fuzzy_matching\": false, \"manual_edit\": false}, {\"questionpart_n\": \"(4)\", \"question\": \"his/her gun\", \"answer\": \"isillidat\", \"matches_human_scoring\": false, \"fuzzy_matching\": false, \"manual_edit\": false}, {\"questionpart_n\": \"(5)\", \"question\": \"\\\"your (singular) lemon\\\"\", \"answer\": \"muunini\", \"matches_human_scoring\": false, \"fuzzy_matching\": false, \"manual_edit\": false}, {\"questionpart_n\": \"(6)\", \"question\": \"\\\"their woodpecker\\\"\", \"answer\": \"lamalipimal\", \"matches_human_scoring\": false, \"fuzzy_matching\": false, \"manual_edit\": false}, {\"questionpart_n\": \"(7)\", \"question\": \"\\\"our (exclusive) time\\\"\", \"answer\": \"wiunlupi\", \"matches_human_scoring\": false, \"fuzzy_matching\": false, \"manual_edit\": false}, {\"questionpart_n\": \"(8)\", \"question\": \"\\\"my cat\\\"\", \"answer\": \"nutluwa\", \"matches_human_scoring\": false, \"fuzzy_matching\": false, \"manual_edit\": false}]}, {\"question_n\": \"Q 4.2\", \"prompt\": \"The remaining pieces (those that you did not use in 4.1) can be rearranged into an Language X word. What is the word, and what does it mean?\", \"subprompts\": [{\"questionpart_n\": \"a\", \"question\": \"What is the word?\", \"answer\": \"lirillupi\", \"matches_human_scoring\": false, \"fuzzy_matching\": false, \"manual_edit\": false}, {\"questionpart_n\": \"b\", \"question\": \"What does it mean?\", \"answer\": \"our (exclusive) manner\", \"matches_human_scoring\": false, \"fuzzy_matching\": false, \"manual_edit\": false}]}]",
    "obfuscated": "True",
    "obf_num": "1",
    "mapping": {
        "b": "d",
        "d": "g",
        "g": "h",
        "h": "k",
        "k": "l",
        "l": "m",
        "m": "n",
        "n": "p",
        "p": "r",
        "r": "s",
        "s": "t",
        "t": "w",
        "w": "lh",
        "lh": "b",
        "a": "i",
        "i": "u",
        "u": "a"
    }
}