{
    "json_invalid": false,
    "preamble": "Question 4 Language X Possessives (9 marks)\nLanguage X   contains quite a few loanwords from English  .\n\n",
    "context": "The following table contains some nouns and the possessive forms (\u201cmy X\u201d, \u201cyour X\u201d, etc.) for those nouns. Note that Language X distinguishes between singular and plural \u201cyou\u201d, and also\ndistinguishes between inclusive \u201cwe\u201d (we including you) and exclusive \u201cwe\u201d (we not including you).\n\nilibsam\t\"gun\"\nimbihi\t\"his/her clothes\"\nsudigbihi\t\"their fish\"\nsudiggihi\t\"your (plural) fish\"\ntuugaulh\t\"snake\"\ntuubihigaulh\t\"their snake\"\ntuugigaulh\t\"your (singular) snake\"\nwiithu\t\"our (inclusive) god\"\nuusuh\t\"heaven\"\nbilhgi\t\"iguana\"\nbikib\t\"manner\"\nbikibbi\t\"his/her manner\"\nbilimbihigib\t\"their knee\"\nbuubi\t\"his/her stone\"\nbadadab\t\"woodpecker\"\nduugi\t\"lemon\"\ngumna\t\"cat\"\nmikiibi\t\"his/her forehead\"\nmubsur\t\"horsefly\"\nmubhusur\t\"our (inclusive) horsefly\"\nmaagihida\t\"your (plural) dog\"\nkiahugib\t\"our (inclusive) tomato\"\nniubuhiniu\t\"our (exclusive) grey squirrel\"\nniug\t\"time\"\naagigib\t\"your (singular) window\"\npiubuhiba\t\"our (exclusive) moon\"\npimibihidi\t\"their possum\"\n\nThe list below contains pieces (in alphabetical order) of words in Language X. \n\ni\nsuh\nsam\nuu\nbi\nbi\nbi\nbi\nbilh\nbu\nbu\nbu\nba\nduu\nda\ndab\ngi\ngi\ngi\ngi\ngum\nhi\nhi\nhi\nhi\nhu\nkib\nlib\nniu\nniu\nniug\nna\n\n\n\n",
    "questions": "[{\"question_n\": \"Q 4.1\", \"prompt\": \"The Language X words for the meanings below can be made from the pieces listed (in alphabetical order) above. You may not use a piece more than once, but some pieces will be left over. Translate the meanings below into Language X.\", \"subprompts\": [{\"questionpart_n\": \"(1)\", \"question\": \"\\\"his/her grey squirrel\\\"\", \"answer\": \"niubiniu\", \"matches_human_scoring\": false, \"fuzzy_matching\": false, \"manual_edit\": false}, {\"questionpart_n\": \"(2)\", \"question\": \"\\\"our (inclusive) heaven\\\"\", \"answer\": \"uuhusuh\", \"matches_human_scoring\": false, \"fuzzy_matching\": false, \"manual_edit\": false}, {\"questionpart_n\": \"(3)\", \"question\": \"\\\"your (plural) iguana\\\"\", \"answer\": \"bilhgihigi\", \"matches_human_scoring\": false, \"fuzzy_matching\": false, \"manual_edit\": false}, {\"questionpart_n\": \"(4)\", \"question\": \"his/her gun\", \"answer\": \"ilibbisam\", \"matches_human_scoring\": false, \"fuzzy_matching\": false, \"manual_edit\": false}, {\"questionpart_n\": \"(5)\", \"question\": \"\\\"your (singular) lemon\\\"\", \"answer\": \"duugigi\", \"matches_human_scoring\": false, \"fuzzy_matching\": false, \"manual_edit\": false}, {\"questionpart_n\": \"(6)\", \"question\": \"\\\"their woodpecker\\\"\", \"answer\": \"badabihidab\", \"matches_human_scoring\": false, \"fuzzy_matching\": false, \"manual_edit\": false}, {\"questionpart_n\": \"(7)\", \"question\": \"\\\"our (exclusive) time\\\"\", \"answer\": \"niugbuhi\", \"matches_human_scoring\": false, \"fuzzy_matching\": false, \"manual_edit\": false}, {\"questionpart_n\": \"(8)\", \"question\": \"\\\"my cat\\\"\", \"answer\": \"gumbuna\", \"matches_human_scoring\": false, \"fuzzy_matching\": false, \"manual_edit\": false}]}, {\"question_n\": \"Q 4.2\", \"prompt\": \"The remaining pieces (those that you did not use in 4.1) can be rearranged into an Language X word. What is the word, and what does it mean?\", \"subprompts\": [{\"questionpart_n\": \"a\", \"question\": \"What is the word?\", \"answer\": \"bikibbuhi\", \"matches_human_scoring\": false, \"fuzzy_matching\": false, \"manual_edit\": false}, {\"questionpart_n\": \"b\", \"question\": \"What does it mean?\", \"answer\": \"our (exclusive) manner\", \"matches_human_scoring\": false, \"fuzzy_matching\": false, \"manual_edit\": false}]}]",
    "obfuscated": "True",
    "obf_num": "20",
    "mapping": {
        "b": "s",
        "d": "t",
        "g": "w",
        "h": "lh",
        "k": "b",
        "l": "d",
        "m": "g",
        "n": "h",
        "p": "k",
        "r": "l",
        "s": "m",
        "t": "n",
        "w": "p",
        "lh": "r",
        "a": "i",
        "i": "u",
        "u": "a"
    }
}