{
    "preamble": "Question 4 Language X Possessives (9 marks)\nLanguage X   contains quite a few loanwords from English  .\n\n",
    "context": "The following table contains some nouns and the possessive forms (\u201cmy X\u201d, \u201cyour X\u201d, etc.) for those nouns. Note that Language X distinguishes between singular and plural \u201cyou\u201d, and also\ndistinguishes between inclusive \u201cwe\u201d (we including you) and exclusive \u201cwe\u201d (we not including you).\n\narakbus\t\"gun\"\naskana\t\"his/her clothes\"\nbilamkana\t\"their fish\"\nbilammana\t\"your (plural) fish\"\ndiimuih\t\"snake\"\ndiikanamuih\t\"their snake\"\ndiimamuih\t\"your (singular) snake\"\ngaadni\t\"our (inclusive) god\"\niibin\t\"heaven\"\nkahma\t\"iguana\"\nkapak\t\"manner\"\nkapakka\t\"his/her manner\"\nkaraskanamak\t\"their knee\"\nkiika\t\"his/her stone\"\nkululuk\t\"woodpecker\"\nliima\t\"lemon\"\nmistu\t\"cat\"\nsapaaka\t\"his/her forehead\"\nsikbilh\t\"horsefly\"\nsiknibilh\t\"our (inclusive) horsefly\"\nsuumanalu\t\"your (plural) dog\"\npaunimak\t\"our (inclusive) tomato\"\ntaikinatai\t\"our (exclusive) grey squirrel\"\ntaim\t\"time\"\nuumamak\t\"your (singular) window\"\nwaikinaku\t\"our (exclusive) moon\"\nwasakanala\t\"their possum\"\n\nThe list below contains pieces (in alphabetical order) of words in Language X. \n\na\nbin\nbus\nii\nka\nka\nka\nka\nkah\nki\nki\nki\nku\nlii\nlu\nluk\nma\nma\nma\nma\nmis\nna\nna\nna\nna\nni\npak\nrak\ntai\ntai\ntaim\ntu\n\n\n\n",
    "questions": "[{\"question_n\": \"Q 4.1\", \"prompt\": \"The Language X words for the meanings below can be made from the pieces listed (in alphabetical order) above. You may not use a piece more than once, but some pieces will be left over. Translate the meanings below into Language X.\", \"subprompts\": [{\"questionpart_n\": \"(1)\", \"question\": \"\\\"his/her grey squirrel\\\"\", \"answer\": \"taikatai\", \"matches_human_scoring\": false, \"fuzzy_matching\": false, \"manual_edit\": false}, {\"questionpart_n\": \"(2)\", \"question\": \"\\\"our (inclusive) heaven\\\"\", \"answer\": \"iinibin\", \"matches_human_scoring\": false, \"fuzzy_matching\": false, \"manual_edit\": false}, {\"questionpart_n\": \"(3)\", \"question\": \"\\\"your (plural) iguana\\\"\", \"answer\": \"kahmanama\", \"matches_human_scoring\": false, \"fuzzy_matching\": false, \"manual_edit\": false}, {\"questionpart_n\": \"(4)\", \"question\": \"his/her gun\", \"answer\": \"arakkabus\", \"matches_human_scoring\": false, \"fuzzy_matching\": false, \"manual_edit\": false}, {\"questionpart_n\": \"(5)\", \"question\": \"\\\"your (singular) lemon\\\"\", \"answer\": \"liimama\", \"matches_human_scoring\": false, \"fuzzy_matching\": false, \"manual_edit\": false}, {\"questionpart_n\": \"(6)\", \"question\": \"\\\"their woodpecker\\\"\", \"answer\": \"kulukanaluk\", \"matches_human_scoring\": false, \"fuzzy_matching\": false, \"manual_edit\": false}, {\"questionpart_n\": \"(7)\", \"question\": \"\\\"our (exclusive) time\\\"\", \"answer\": \"taimkina\", \"matches_human_scoring\": false, \"fuzzy_matching\": false, \"manual_edit\": false}, {\"questionpart_n\": \"(8)\", \"question\": \"\\\"my cat\\\"\", \"answer\": \"miskitu\", \"matches_human_scoring\": false, \"fuzzy_matching\": false, \"manual_edit\": false}]}, {\"question_n\": \"Q 4.2\", \"prompt\": \"The remaining pieces (those that you did not use in 4.1) can be rearranged into an Language X word. What is the word, and what does it mean?\", \"subprompts\": [{\"questionpart_n\": \"a\", \"question\": \"What is the word?\", \"answer\": \"kapakkina\", \"matches_human_scoring\": false, \"fuzzy_matching\": false, \"manual_edit\": false}, {\"questionpart_n\": \"b\", \"question\": \"What does it mean?\", \"answer\": \"our (exclusive) manner\", \"matches_human_scoring\": false, \"fuzzy_matching\": false, \"manual_edit\": false}]}]",
    "notes": "Final question requires context from previous?",
    "answers_page": 3,
    "team_review": false,
    "obfuscated": "False",
    "obf_num": "0",
    "mapping": null,
    "json_invalid": false
}