{
    "json_invalid": false,
    "preamble": "Question 4 Language X Possessives (9 marks)\nLanguage X   contains quite a few loanwords from English  .\n\n",
    "context": "The following table contains some nouns and the possessive forms (\u201cmy X\u201d, \u201cyour X\u201d, etc.) for those nouns. Note that Language X distinguishes between singular and plural \u201cyou\u201d, and also\ndistinguishes between inclusive \u201cwe\u201d (we including you) and exclusive \u201cwe\u201d (we not including you).\n\nusuldit\t\"gun\"\nutlupu\t\"his/her clothes\"\ndamunlupu\t\"their fish\"\ndamunnupu\t\"your (plural) fish\"\ngaaniak\t\"snake\"\ngaalupuniak\t\"their snake\"\ngaanuniak\t\"your (singular) snake\"\nhuugpa\t\"our (inclusive) god\"\naadap\t\"heaven\"\nluknu\t\"iguana\"\nlurul\t\"manner\"\nlurullu\t\"his/her manner\"\nlusutlupunul\t\"their knee\"\nlaalu\t\"his/her stone\"\nlimimil\t\"woodpecker\"\nmaanu\t\"lemon\"\nnatwi\t\"cat\"\nturuulu\t\"his/her forehead\"\ntaldab\t\"horsefly\"\ntalpadab\t\"our (inclusive) horsefly\"\ntiinupumi\t\"your (plural) dog\"\nruipanul\t\"our (inclusive) tomato\"\nwualapuwua\t\"our (exclusive) grey squirrel\"\nwuan\t\"time\"\niinunul\t\"your (singular) window\"\nlhualapuli\t\"our (exclusive) moon\"\nlhutulupumu\t\"their possum\"\n\nThe list below contains pieces (in alphabetical order) of words in Language X. \n\nu\ndap\ndit\naa\nlu\nlu\nlu\nlu\nluk\nla\nla\nla\nli\nmaa\nmi\nmil\nnu\nnu\nnu\nnu\nnat\npu\npu\npu\npu\npa\nrul\nsul\nwua\nwua\nwuan\nwi\n\n\n\n",
    "questions": "[{\"question_n\": \"Q 4.1\", \"prompt\": \"The Language X words for the meanings below can be made from the pieces listed (in alphabetical order) above. You may not use a piece more than once, but some pieces will be left over. Translate the meanings below into Language X.\", \"subprompts\": [{\"questionpart_n\": \"(1)\", \"question\": \"\\\"his/her grey squirrel\\\"\", \"answer\": \"wualuwua\", \"matches_human_scoring\": false, \"fuzzy_matching\": false, \"manual_edit\": false}, {\"questionpart_n\": \"(2)\", \"question\": \"\\\"our (inclusive) heaven\\\"\", \"answer\": \"aapadap\", \"matches_human_scoring\": false, \"fuzzy_matching\": false, \"manual_edit\": false}, {\"questionpart_n\": \"(3)\", \"question\": \"\\\"your (plural) iguana\\\"\", \"answer\": \"luknupunu\", \"matches_human_scoring\": false, \"fuzzy_matching\": false, \"manual_edit\": false}, {\"questionpart_n\": \"(4)\", \"question\": \"his/her gun\", \"answer\": \"usulludit\", \"matches_human_scoring\": false, \"fuzzy_matching\": false, \"manual_edit\": false}, {\"questionpart_n\": \"(5)\", \"question\": \"\\\"your (singular) lemon\\\"\", \"answer\": \"maanunu\", \"matches_human_scoring\": false, \"fuzzy_matching\": false, \"manual_edit\": false}, {\"questionpart_n\": \"(6)\", \"question\": \"\\\"their woodpecker\\\"\", \"answer\": \"limilupumil\", \"matches_human_scoring\": false, \"fuzzy_matching\": false, \"manual_edit\": false}, {\"questionpart_n\": \"(7)\", \"question\": \"\\\"our (exclusive) time\\\"\", \"answer\": \"wuanlapu\", \"matches_human_scoring\": false, \"fuzzy_matching\": false, \"manual_edit\": false}, {\"questionpart_n\": \"(8)\", \"question\": \"\\\"my cat\\\"\", \"answer\": \"natlawi\", \"matches_human_scoring\": false, \"fuzzy_matching\": false, \"manual_edit\": false}]}, {\"question_n\": \"Q 4.2\", \"prompt\": \"The remaining pieces (those that you did not use in 4.1) can be rearranged into an Language X word. What is the word, and what does it mean?\", \"subprompts\": [{\"questionpart_n\": \"a\", \"question\": \"What is the word?\", \"answer\": \"lurullapu\", \"matches_human_scoring\": false, \"fuzzy_matching\": false, \"manual_edit\": false}, {\"questionpart_n\": \"b\", \"question\": \"What does it mean?\", \"answer\": \"our (exclusive) manner\", \"matches_human_scoring\": false, \"fuzzy_matching\": false, \"manual_edit\": false}]}]",
    "obfuscated": "True",
    "obf_num": "21",
    "mapping": {
        "b": "d",
        "d": "g",
        "g": "h",
        "h": "k",
        "k": "l",
        "l": "m",
        "m": "n",
        "n": "p",
        "p": "r",
        "r": "s",
        "s": "t",
        "t": "w",
        "w": "lh",
        "lh": "b",
        "a": "u",
        "i": "a",
        "u": "i"
    }
}