{
    "json_invalid": false,
    "preamble": "Problem 1. Language X (15 marks)\nThe Language X poems were made up of four-liners, where each line was made up of a precise pattern of heavy and light syllables.",
    "context": "The first section of the Language X poem Enyate\u014bo\u014be\u0304d   consisted of lines which followed the je\u0304nra\u0304me\u014bos\u0323no\u0304rohe metre. In this metre, all lines have the same pattern: each consists of 19 syllables in an exact pattern of heavy and light syllables, except for the last syllable which can be either heavy or light. The first three syllables of a je\u0304nra\u0304me\u014bos\u0323no\u0304rohe line are all heavy.\nBelow are two stanzas from the opening section of the Enyate\u014bo\u014be\u0304de. NOTE: The letters \u0101, \u00e2, \u00ea, \u0115, \u012b, \u016b are vowels, while \u014b, \u00f1, \u015b, \u1e63, y are consonants. You should assume that the long vowels \u0101, \u012b, \u016b (and possibly others) occur only in heavy syllables.\n\n1.mes\u0323gpo\u0304 tok banemus\u0323e bepsat en\u0303eje\u0302kni\u0306cs\u0301i\u0306p hese p\u014bek lnehe \n es\u0323\u014bid bek sotomod sohak bos\u0323o hos\u0323e\u0304k ethas\u0323 tok us\u0323on pameh\nn\u014bi\u0302s\u0323e\u0304k e\u0304ro Homuhhepe\u0304 sepi\u0306s\u0323eb ok s\u0323us\u0301es me\u014bet Basnele\u0304\nhes\u014bet penpe hadat mi\u0306di\u0306k mi\u0306di\u0306ke beks\u0323i\u0302 na\u0304se bek dn\u0303ek Nehod\n\n2.heplitn\u0303e\u0302t motokon s\u0323i\u0306hi\u0302s\u0323ot otepi\u0306n ritok \u014behi\u0306s\u0323 ri\u014behe \n bepsa\u0304nte s\u014be n\u0303e pesneres\u0323gote he n\u0303e\u0302pa\u0304ye\u0302pori\u0306n sothowe\ndn\u0303ek Lnedpe\u0304 raperes\u0323 s\u0301ehanpas\u0323e lehe\u0304ni\u0302trne\u0302pede\u0302s\u0323\u014bid pehe\ninek pokwi\u0306s\u0323e s\u0323us\u0301o\u014be\u0302pli\u0306s\u0323 one n\u0303et s\u0323e\u0304metn\u0303et akw\u014b ok \u014bano\n\nTable 1\nA\tB\tC\tD\nwords\t n\u0303i\u0302s\u0323e\u0304 nes\u0323\u014be\t s\u0323es\u014be he\u0302pangohe\t Otrne bi\u0306ri\u0306k ep\u014boh\t s\u0323otut dn\u0303ek\nposition (1-4)\t__(a)__\t__(b)__\t__(c)__\t__(d)__\nwords\t rejewatet\t het bune\t s\u014be hi\u0306s\u0323es tos\u0323e\u0304\t na\u0304setn\u0303e rithe\u0302tes\u0323a \nposition (1-4)\t__(e)__\t__(f)__\t__(g)__\t__(h)__\nwords\t \u014born\u0303e\u0304reno\u0304 pa\u0304n hi\u0306di\u0306n\t botepledes\u0323i\u0306t ok \t mok dn\u0303ek\t Jes\u0323ne tedet\nposition (1-4)\t__(i)__\t__(j)__\t__(k)__\t__(l)__\nwords\t mus\u0323os\u0323e\t het betws\u0323i\u0302k\t m\u014bon bekwnedi\u0302k\t \u014bogen\u0303e snen\u0303uycetetone \nposition (1-4)\t__(m)__\t__(n)__\t__(o)__\t__(p)__\n\nTable 2\nword\t#1-19\nsenepe\u0304nhdesetrohe\t__(q)__\nepihpihe\u0302jnen\u0303e\u0304\t__(r)__\nbethube\u0302di\u0306mi\u0306het\t__(s)__\ns\u0301etrete\u0302se\u0304n\u0303atet\t__(t)__\n",
    "questions": "[{\"question_n\": \"Q1.1\", \"prompt\": \"The first table above contains four more lines from the first section of the Enyate\u014bo\u014be\u0304de (in the je\u0304nra\u0304me\u014bos\u0323no\u0304rohe metre), with their component parts (labelled A-D) jumbled. Match letter-labelled rows with a position (1-4) to show the position of each word-group in its line.\", \"subprompts\": [{\"questionpart_n\": \"a.\", \"question\": \"__(a)__\", \"answer\": \"1\", \"matches_human_scoring\": false, \"fuzzy_matching\": false, \"manual_edit\": false}, {\"questionpart_n\": \"b.\", \"question\": \"__(b)__\", \"answer\": \"4\", \"matches_human_scoring\": false, \"fuzzy_matching\": false, \"manual_edit\": false}, {\"questionpart_n\": \"c.\", \"question\": \"__(c)__\", \"answer\": \"3\", \"matches_human_scoring\": false, \"fuzzy_matching\": false, \"manual_edit\": false}, {\"questionpart_n\": \"d.\", \"question\": \"__(d)__\", \"answer\": \"2\", \"matches_human_scoring\": false, \"fuzzy_matching\": false, \"manual_edit\": false}, {\"questionpart_n\": \"e.\", \"question\": \"__(e)__\", \"answer\": \"3\", \"matches_human_scoring\": false, \"fuzzy_matching\": false, \"manual_edit\": false}, {\"questionpart_n\": \"f.\", \"question\": \"__(f)__\", \"answer\": \"1\", \"matches_human_scoring\": false, \"fuzzy_matching\": false, \"manual_edit\": false}, {\"questionpart_n\": \"g.\", \"question\": \"__(g)__\", \"answer\": \"2\", \"matches_human_scoring\": false, \"fuzzy_matching\": false, \"manual_edit\": false}, {\"questionpart_n\": \"h.\", \"question\": \"__(h)__\", \"answer\": \"4\", \"matches_human_scoring\": false, \"fuzzy_matching\": false, \"manual_edit\": false}, {\"questionpart_n\": \"i.\", \"question\": \"__(i)__\", \"answer\": \"4\", \"matches_human_scoring\": false, \"fuzzy_matching\": false, \"manual_edit\": false}, {\"questionpart_n\": \"j.\", \"question\": \"__(j)__\", \"answer\": \"3\", \"matches_human_scoring\": false, \"fuzzy_matching\": false, \"manual_edit\": false}, {\"questionpart_n\": \"k.\", \"question\": \"__(k)__\", \"answer\": \"1\", \"matches_human_scoring\": false, \"fuzzy_matching\": false, \"manual_edit\": false}, {\"questionpart_n\": \"l.\", \"question\": \"__(l)__\", \"answer\": \"2\", \"matches_human_scoring\": false, \"fuzzy_matching\": false, \"manual_edit\": false}, {\"questionpart_n\": \"m.\", \"question\": \"__(m)__\", \"answer\": \"4\", \"matches_human_scoring\": false, \"fuzzy_matching\": false, \"manual_edit\": false}, {\"questionpart_n\": \"n.\", \"question\": \"__(n)__\", \"answer\": \"1\", \"matches_human_scoring\": false, \"fuzzy_matching\": false, \"manual_edit\": false}, {\"questionpart_n\": \"o.\", \"question\": \"__(o)__\", \"answer\": \"3\", \"matches_human_scoring\": false, \"fuzzy_matching\": false, \"manual_edit\": false}, {\"questionpart_n\": \"p.\", \"question\": \"__(p)__\", \"answer\": \"2\", \"matches_human_scoring\": false, \"fuzzy_matching\": false, \"manual_edit\": false}]}, {\"question_n\": \"Q1.2\", \"prompt\": \"The second table above contains four more words which appear in different lines from the first section of the Enyate\u014bo\u014be\u0304de. Match the letter-labelled rows with a number (from 1 to 19) of the syllable in their respective lines on which these words begin.\", \"subprompts\": [{\"questionpart_n\": \"q.\", \"question\": \"__(q)__\", \"answer\": \"4\", \"matches_human_scoring\": false, \"fuzzy_matching\": false, \"manual_edit\": false}, {\"questionpart_n\": \"r.\", \"question\": \"__(r)__\", \"answer\": \"11\", \"matches_human_scoring\": false, \"fuzzy_matching\": false, \"manual_edit\": false}, {\"questionpart_n\": \"s.\", \"question\": \"__(s)__\", \"answer\": \"1\", \"matches_human_scoring\": false, \"fuzzy_matching\": false, \"manual_edit\": false}, {\"questionpart_n\": \"t.\", \"question\": \"__(t)__\", \"answer\": \"14\", \"matches_human_scoring\": false, \"fuzzy_matching\": false, \"manual_edit\": false}]}]",
    "obfuscated": "True",
    "obf_num": "30",
    "mapping": {
        "a": "e",
        "e": "i",
        "i": "o",
        "o": "u",
        "u": "a",
        "l": "m",
        "r": "n",
        "y": "n\u0303",
        "w": "\u014b",
        "p": "s",
        "t": "h",
        "c": "s\u0301",
        "k": "s\u0323",
        "b": "l",
        "d": "r",
        "j": "y",
        "g": "w",
        "m": "p",
        "n": "t",
        "n\u0303": "c",
        "\u014b": "k",
        "s": "b",
        "h": "d",
        "s\u0301": "j",
        "s\u0323": "g",
        "\u0304": "\u0304",
        "\u0302": "\u0302",
        "\u0306": "\u0306"
    }
}