{
    "json_invalid": false,
    "preamble": "Problem 1. Language X (15 marks)\nThe Language X poems were made up of four-liners, where each line was made up of a precise pattern of heavy and light syllables.",
    "context": "The first section of the Language X poem Emrapen\u0303on\u0303e\u0304b   consisted of lines which followed the de\u0304mla\u0304gen\u0303os\u0301mo\u0304lose metre. In this metre, all lines have the same pattern: each consists of 19 syllables in an exact pattern of heavy and light syllables, except for the last syllable which can be either heavy or light. The first three syllables of a de\u0304mla\u0304gen\u0303os\u0301mo\u0304lose line are all heavy.\nBelow are two stanzas from the opening section of the Emrapen\u0303on\u0303e\u0304be. NOTE: The letters \u0101, \u00e2, \u00ea, \u0115, \u012b, \u016b are vowels, while \u014b, \u00f1, \u015b, \u1e63, y are consonants. You should assume that the long vowels \u0101, \u012b, \u016b (and possibly others) occur only in heavy syllables.\n\n1.ges\u0301jwo\u0304 poc kamegus\u0301e kew\u014bap enede\u0302cmi\u0306thi\u0306w se\u014be wn\u0303ec s\u0323mese \n es\u0301n\u0303ib kec \u014bopogob \u014bosac kos\u0301o sos\u0301e\u0304c epsas\u0301 poc us\u0301om wages\nmn\u0303i\u0302s\u0301e\u0304c e\u0304lo Sogussewe\u0304 \u014bewi\u0306s\u0301ek oc s\u0301uhe\u014b gen\u0303ep Ka\u014bmes\u0323e\u0304\nse\u014bn\u0303ep wemwe sabap gi\u0306bi\u0306c gi\u0306bi\u0306ce kecs\u0301i\u0302 ma\u0304\u014be kec bnec Mesob\n\n2.sews\u0323ipne\u0302p gopocom s\u0301i\u0306si\u0302s\u0301op opewi\u0306m lipoc n\u0303esi\u0306s\u0301 lin\u0303ese \n kew\u014ba\u0304mpe \u014bn\u0303e ne we\u014bmeles\u0301jope se ne\u0302wa\u0304re\u0302woli\u0306m \u014bopsoye\nbnec S\u0323mebwe\u0304 laweles\u0301 hesamwas\u0301e s\u0323ese\u0304mi\u0302plme\u0302webe\u0302s\u0301n\u0303ib wese\nimec wocyi\u0306s\u0301e s\u0301uhon\u0303e\u0302ws\u0323i\u0306s\u0301 ome nep s\u0301e\u0304gepnep acyn\u0303 oc n\u0303amo\n\nTable 1\nA\tB\tC\tD\nwords\t ni\u0302s\u0301e\u0304 mes\u0301n\u0303e\t s\u0301e\u014bn\u0303e se\u0302wamjose\t Oplme ki\u0306li\u0306c ewn\u0303os\t s\u0301opup bnec\nposition (1-4)\t__(a)__\t__(b)__\t__(c)__\t__(d)__\nwords\t ledeyapep\t sep kume\t \u014bn\u0303e si\u0306s\u0301e\u014b pos\u0301e\u0304\t ma\u0304\u014bepne lipse\u0302pes\u0301a \nposition (1-4)\t__(e)__\t__(f)__\t__(g)__\t__(h)__\nwords\t n\u0303olne\u0304lemo\u0304 wa\u0304m si\u0306bi\u0306m\t kopews\u0323ebes\u0301i\u0306p oc \t goc bnec\t Des\u0301me pebep\nposition (1-4)\t__(i)__\t__(j)__\t__(k)__\t__(l)__\nwords\t gus\u0301os\u0301e\t sep kepys\u0301i\u0302c\t gn\u0303om kecymebi\u0302c\t n\u0303ojene \u014bmenurtepepome \nposition (1-4)\t__(m)__\t__(n)__\t__(o)__\t__(p)__\n\nTable 2\nword\t#1-19\n\u014bemewe\u0304msbe\u014beplose\t__(q)__\newiswise\u0302dmene\u0304\t__(r)__\nkepsuke\u0302bi\u0306gi\u0306sep\t__(s)__\nheplepe\u0302\u014be\u0304napep\t__(t)__\n",
    "questions": "[{\"question_n\": \"Q1.1\", \"prompt\": \"The first table above contains four more lines from the first section of the Emrapen\u0303on\u0303e\u0304be (in the de\u0304mla\u0304gen\u0303os\u0301mo\u0304lose metre), with their component parts (labelled A-D) jumbled. Match letter-labelled rows with a position (1-4) to show the position of each word-group in its line.\", \"subprompts\": [{\"questionpart_n\": \"a.\", \"question\": \"__(a)__\", \"answer\": \"1\", \"matches_human_scoring\": false, \"fuzzy_matching\": false, \"manual_edit\": false}, {\"questionpart_n\": \"b.\", \"question\": \"__(b)__\", \"answer\": \"4\", \"matches_human_scoring\": false, \"fuzzy_matching\": false, \"manual_edit\": false}, {\"questionpart_n\": \"c.\", \"question\": \"__(c)__\", \"answer\": \"3\", \"matches_human_scoring\": false, \"fuzzy_matching\": false, \"manual_edit\": false}, {\"questionpart_n\": \"d.\", \"question\": \"__(d)__\", \"answer\": \"2\", \"matches_human_scoring\": false, \"fuzzy_matching\": false, \"manual_edit\": false}, {\"questionpart_n\": \"e.\", \"question\": \"__(e)__\", \"answer\": \"3\", \"matches_human_scoring\": false, \"fuzzy_matching\": false, \"manual_edit\": false}, {\"questionpart_n\": \"f.\", \"question\": \"__(f)__\", \"answer\": \"1\", \"matches_human_scoring\": false, \"fuzzy_matching\": false, \"manual_edit\": false}, {\"questionpart_n\": \"g.\", \"question\": \"__(g)__\", \"answer\": \"2\", \"matches_human_scoring\": false, \"fuzzy_matching\": false, \"manual_edit\": false}, {\"questionpart_n\": \"h.\", \"question\": \"__(h)__\", \"answer\": \"4\", \"matches_human_scoring\": false, \"fuzzy_matching\": false, \"manual_edit\": false}, {\"questionpart_n\": \"i.\", \"question\": \"__(i)__\", \"answer\": \"4\", \"matches_human_scoring\": false, \"fuzzy_matching\": false, \"manual_edit\": false}, {\"questionpart_n\": \"j.\", \"question\": \"__(j)__\", \"answer\": \"3\", \"matches_human_scoring\": false, \"fuzzy_matching\": false, \"manual_edit\": false}, {\"questionpart_n\": \"k.\", \"question\": \"__(k)__\", \"answer\": \"1\", \"matches_human_scoring\": false, \"fuzzy_matching\": false, \"manual_edit\": false}, {\"questionpart_n\": \"l.\", \"question\": \"__(l)__\", \"answer\": \"2\", \"matches_human_scoring\": false, \"fuzzy_matching\": false, \"manual_edit\": false}, {\"questionpart_n\": \"m.\", \"question\": \"__(m)__\", \"answer\": \"4\", \"matches_human_scoring\": false, \"fuzzy_matching\": false, \"manual_edit\": false}, {\"questionpart_n\": \"n.\", \"question\": \"__(n)__\", \"answer\": \"1\", \"matches_human_scoring\": false, \"fuzzy_matching\": false, \"manual_edit\": false}, {\"questionpart_n\": \"o.\", \"question\": \"__(o)__\", \"answer\": \"3\", \"matches_human_scoring\": false, \"fuzzy_matching\": false, \"manual_edit\": false}, {\"questionpart_n\": \"p.\", \"question\": \"__(p)__\", \"answer\": \"2\", \"matches_human_scoring\": false, \"fuzzy_matching\": false, \"manual_edit\": false}]}, {\"question_n\": \"Q1.2\", \"prompt\": \"The second table above contains four more words which appear in different lines from the first section of the Emrapen\u0303on\u0303e\u0304be. Match the letter-labelled rows with a number (from 1 to 19) of the syllable in their respective lines on which these words begin.\", \"subprompts\": [{\"questionpart_n\": \"q.\", \"question\": \"__(q)__\", \"answer\": \"4\", \"matches_human_scoring\": false, \"fuzzy_matching\": false, \"manual_edit\": false}, {\"questionpart_n\": \"r.\", \"question\": \"__(r)__\", \"answer\": \"11\", \"matches_human_scoring\": false, \"fuzzy_matching\": false, \"manual_edit\": false}, {\"questionpart_n\": \"s.\", \"question\": \"__(s)__\", \"answer\": \"1\", \"matches_human_scoring\": false, \"fuzzy_matching\": false, \"manual_edit\": false}, {\"questionpart_n\": \"t.\", \"question\": \"__(t)__\", \"answer\": \"14\", \"matches_human_scoring\": false, \"fuzzy_matching\": false, \"manual_edit\": false}]}]",
    "obfuscated": "True",
    "obf_num": "10",
    "mapping": {
        "a": "e",
        "e": "i",
        "i": "o",
        "o": "u",
        "u": "a",
        "l": "g",
        "r": "m",
        "y": "n",
        "w": "n\u0303",
        "p": "\u014b",
        "t": "s",
        "c": "h",
        "k": "s\u0301",
        "b": "s\u0323",
        "d": "l",
        "j": "r",
        "g": "y",
        "m": "w",
        "n": "p",
        "n\u0303": "t",
        "\u014b": "c",
        "s": "k",
        "h": "b",
        "s\u0301": "d",
        "s\u0323": "j",
        "\u0304": "\u0304",
        "\u0302": "\u0302",
        "\u0306": "\u0306"
    }
}