{
    "json_invalid": false,
    "preamble": "Problem 1. Language X (15 marks)\nThe Language X poems were made up of four-liners, where each line was made up of a precise pattern of heavy and light syllables.",
    "context": "The first section of the Language X poem Ohcidos\u0323as\u0323o\u0304n   consisted of lines which followed the n\u0303o\u0304hti\u0304sos\u0323awha\u0304taro metre. In this metre, all lines have the same pattern: each consists of 19 syllables in an exact pattern of heavy and light syllables, except for the last syllable which can be either heavy or light. The first three syllables of a n\u0303o\u0304hti\u0304sos\u0323awha\u0304taro line are all heavy.\nBelow are two stanzas from the opening section of the Ohcidos\u0323as\u0323o\u0304no. NOTE: The letters \u0101, \u00e2, \u00ea, \u0115, \u012b, \u016b are vowels, while \u014b, \u00f1, \u015b, \u1e63, y are consonants. You should assume that the long vowels \u0101, \u012b, \u016b (and possibly others) occur only in heavy syllables.\n\n1.sow\u014bba\u0304 dag mihosewo moblid os\u0301on\u0303o\u0302ghu\u0306jyu\u0306b rolo bs\u0323og phoro \n ows\u0323un mog ladasan larig mawa rawo\u0304g odriw dag ewah bisor\nhs\u0323u\u0302wo\u0304g o\u0304ta Raserrobo\u0304 lobu\u0306wom ag weyol sos\u0323od Milhopo\u0304\nrols\u0323od bohbo rinid su\u0306nu\u0306g su\u0306nu\u0306go mogwu\u0302 hi\u0304lo mog ns\u0301og Horan\n\n2.robpuds\u0301o\u0302d sadagah wu\u0306ru\u0302wad adobu\u0306h tudag s\u0323oru\u0306w tus\u0323oro \n mobli\u0304hdo ls\u0323o s\u0301o bolhotow\u014bado ro s\u0301o\u0302bi\u0304co\u0302batu\u0306h ladrako\nns\u0301og Phonbo\u0304 tibotow yorihbiwo poro\u0304hu\u0302dtho\u0302bono\u0302ws\u0323un boro\nuhog bagku\u0306wo weyas\u0323o\u0302bpu\u0306w aho s\u0301od wo\u0304sods\u0301od igks\u0323 ag s\u0323iha\n\nTable 1\nA\tB\tC\tD\nwords\t s\u0301u\u0302wo\u0304 hows\u0323o\t wols\u0323o ro\u0302bih\u014baro\t Adtho mu\u0306tu\u0306g obs\u0323ar\t waded ns\u0301og\nposition (1-4)\t__(a)__\t__(b)__\t__(c)__\t__(d)__\nwords\t ton\u0303okidod\t rod meho\t ls\u0323o ru\u0306wol dawo\u0304\t hi\u0304lods\u0301o tudro\u0302dowi \nposition (1-4)\t__(e)__\t__(f)__\t__(g)__\t__(h)__\nwords\t s\u0323ats\u0301o\u0304toha\u0304 bi\u0304h ru\u0306nu\u0306h\t madobponowu\u0306d ag \t sag ns\u0301og\t N\u0303owho donod\nposition (1-4)\t__(i)__\t__(j)__\t__(k)__\t__(l)__\nwords\t sewawo\t rod modkwu\u0302g\t ss\u0323ah mogkhonu\u0302g\t s\u0323a\u014bos\u0301o lhos\u0301ecjododaho \nposition (1-4)\t__(m)__\t__(n)__\t__(o)__\t__(p)__\n\nTable 2\nword\t#1-19\nlohobo\u0304hrnolodtaro\t__(q)__\noburburo\u0302n\u0303hos\u0301o\u0304\t__(r)__\nmodremo\u0302nu\u0306su\u0306rod\t__(s)__\nyodtodo\u0302lo\u0304s\u0301idod\t__(t)__\n",
    "questions": "[{\"question_n\": \"Q1.1\", \"prompt\": \"The first table above contains four more lines from the first section of the Ohcidos\u0323as\u0323o\u0304no (in the n\u0303o\u0304hti\u0304sos\u0323awha\u0304taro metre), with their component parts (labelled A-D) jumbled. Match letter-labelled rows with a position (1-4) to show the position of each word-group in its line.\", \"subprompts\": [{\"questionpart_n\": \"a.\", \"question\": \"__(a)__\", \"answer\": \"1\", \"matches_human_scoring\": false, \"fuzzy_matching\": false, \"manual_edit\": false}, {\"questionpart_n\": \"b.\", \"question\": \"__(b)__\", \"answer\": \"4\", \"matches_human_scoring\": false, \"fuzzy_matching\": false, \"manual_edit\": false}, {\"questionpart_n\": \"c.\", \"question\": \"__(c)__\", \"answer\": \"3\", \"matches_human_scoring\": false, \"fuzzy_matching\": false, \"manual_edit\": false}, {\"questionpart_n\": \"d.\", \"question\": \"__(d)__\", \"answer\": \"2\", \"matches_human_scoring\": false, \"fuzzy_matching\": false, \"manual_edit\": false}, {\"questionpart_n\": \"e.\", \"question\": \"__(e)__\", \"answer\": \"3\", \"matches_human_scoring\": false, \"fuzzy_matching\": false, \"manual_edit\": false}, {\"questionpart_n\": \"f.\", \"question\": \"__(f)__\", \"answer\": \"1\", \"matches_human_scoring\": false, \"fuzzy_matching\": false, \"manual_edit\": false}, {\"questionpart_n\": \"g.\", \"question\": \"__(g)__\", \"answer\": \"2\", \"matches_human_scoring\": false, \"fuzzy_matching\": false, \"manual_edit\": false}, {\"questionpart_n\": \"h.\", \"question\": \"__(h)__\", \"answer\": \"4\", \"matches_human_scoring\": false, \"fuzzy_matching\": false, \"manual_edit\": false}, {\"questionpart_n\": \"i.\", \"question\": \"__(i)__\", \"answer\": \"4\", \"matches_human_scoring\": false, \"fuzzy_matching\": false, \"manual_edit\": false}, {\"questionpart_n\": \"j.\", \"question\": \"__(j)__\", \"answer\": \"3\", \"matches_human_scoring\": false, \"fuzzy_matching\": false, \"manual_edit\": false}, {\"questionpart_n\": \"k.\", \"question\": \"__(k)__\", \"answer\": \"1\", \"matches_human_scoring\": false, \"fuzzy_matching\": false, \"manual_edit\": false}, {\"questionpart_n\": \"l.\", \"question\": \"__(l)__\", \"answer\": \"2\", \"matches_human_scoring\": false, \"fuzzy_matching\": false, \"manual_edit\": false}, {\"questionpart_n\": \"m.\", \"question\": \"__(m)__\", \"answer\": \"4\", \"matches_human_scoring\": false, \"fuzzy_matching\": false, \"manual_edit\": false}, {\"questionpart_n\": \"n.\", \"question\": \"__(n)__\", \"answer\": \"1\", \"matches_human_scoring\": false, \"fuzzy_matching\": false, \"manual_edit\": false}, {\"questionpart_n\": \"o.\", \"question\": \"__(o)__\", \"answer\": \"3\", \"matches_human_scoring\": false, \"fuzzy_matching\": false, \"manual_edit\": false}, {\"questionpart_n\": \"p.\", \"question\": \"__(p)__\", \"answer\": \"2\", \"matches_human_scoring\": false, \"fuzzy_matching\": false, \"manual_edit\": false}]}, {\"question_n\": \"Q1.2\", \"prompt\": \"The second table above contains four more words which appear in different lines from the first section of the Ohcidos\u0323as\u0323o\u0304no. Match the letter-labelled rows with a number (from 1 to 19) of the syllable in their respective lines on which these words begin.\", \"subprompts\": [{\"questionpart_n\": \"q.\", \"question\": \"__(q)__\", \"answer\": \"4\", \"matches_human_scoring\": false, \"fuzzy_matching\": false, \"manual_edit\": false}, {\"questionpart_n\": \"r.\", \"question\": \"__(r)__\", \"answer\": \"11\", \"matches_human_scoring\": false, \"fuzzy_matching\": false, \"manual_edit\": false}, {\"questionpart_n\": \"s.\", \"question\": \"__(s)__\", \"answer\": \"1\", \"matches_human_scoring\": false, \"fuzzy_matching\": false, \"manual_edit\": false}, {\"questionpart_n\": \"t.\", \"question\": \"__(t)__\", \"answer\": \"14\", \"matches_human_scoring\": false, \"fuzzy_matching\": false, \"manual_edit\": false}]}]",
    "obfuscated": "True",
    "obf_num": "27",
    "mapping": {
        "a": "o",
        "e": "u",
        "i": "a",
        "o": "e",
        "u": "i",
        "l": "s",
        "r": "h",
        "y": "s\u0301",
        "w": "s\u0323",
        "p": "l",
        "t": "r",
        "c": "y",
        "k": "w",
        "b": "p",
        "d": "t",
        "j": "c",
        "g": "k",
        "m": "b",
        "n": "d",
        "n\u0303": "j",
        "\u014b": "g",
        "s": "m",
        "h": "n",
        "s\u0301": "n\u0303",
        "s\u0323": "\u014b",
        "\u0304": "\u0304",
        "\u0302": "\u0302",
        "\u0306": "\u0306"
    }
}