{
    "json_invalid": false,
    "preamble": "Problem 1. Language X (15 marks)\nThe Language X poems were made up of four-liners, where each line was made up of a precise pattern of heavy and light syllables.",
    "context": "The first section of the Language X poem Is\u0323begiruri\u0304\u014b   consisted of lines which followed the si\u0304s\u0323ke\u0304s\u0301iruts\u0323u\u0304kuwi metre. In this metre, all lines have the same pattern: each consists of 19 syllables in an exact pattern of heavy and light syllables, except for the last syllable which can be either heavy or light. The first three syllables of a si\u0304s\u0323ke\u0304s\u0301iruts\u0323u\u0304kuwi line are all heavy.\nBelow are two stanzas from the opening section of the Is\u0323begiruri\u0304\u014bi. NOTE: The letters \u0101, \u00e2, \u00ea, \u0115, \u012b, \u016b are vowels, while \u014b, \u00f1, \u015b, \u1e63, y are consonants. You should assume that the long vowels \u0101, \u012b, \u016b (and possibly others) occur only in heavy syllables.\n\n1.s\u0301ithju\u0304 gun n\u0303es\u0323is\u0301ati n\u0303ijyeg ilisi\u0302ns\u0323o\u0306mpo\u0306j wiyi jrin cs\u0323iwi \n itro\u014b n\u0303in yugus\u0301u\u014b yuwen n\u0303utu wuti\u0304n igwet gun atus\u0323 jes\u0301iw\ns\u0323ro\u0302ti\u0304n i\u0304ku Wus\u0301awwiji\u0304 yijo\u0306tin\u0303 un tapiy s\u0301irig N\u0303eys\u0323ici\u0304\nwiyrig jis\u0323ji we\u014beg s\u0301o\u0306\u014bo\u0306n s\u0301o\u0306\u014bo\u0306ni n\u0303into\u0302 s\u0323e\u0304yi n\u0303in \u014blin S\u0323iwu\u014b\n\n2.wijcogli\u0302g s\u0301ugunus\u0323 to\u0306wo\u0302tug ugijo\u0306s\u0323 kogun riwo\u0306t koriwi \n n\u0303ijye\u0304s\u0323gi yri li jiys\u0323ikithugi wi li\u0302je\u0304bi\u0302juko\u0306s\u0323 yugwudi\n\u014blin Cs\u0323i\u014bji\u0304 kejikit piwes\u0323jeti ciwi\u0304s\u0323o\u0302gks\u0323i\u0302ji\u014bi\u0302tro\u014b jiwi\nos\u0323in jundo\u0306ti tapuri\u0302jco\u0306t us\u0323i lig ti\u0304s\u0301iglig endr un res\u0323u\n\nTable 1\nA\tB\tC\tD\nwords\t lo\u0302ti\u0304 s\u0323itri\t tiyri wi\u0302jes\u0323huwi\t Ugks\u0323i n\u0303o\u0306ko\u0306n ijruw\t tugag \u014blin\nposition (1-4)\t__(a)__\t__(b)__\t__(c)__\t__(d)__\nwords\t kisidegig\t wig n\u0303as\u0323i\t yri wo\u0306tiy guti\u0304\t s\u0323e\u0304yigli kogwi\u0302gite \nposition (1-4)\t__(e)__\t__(f)__\t__(g)__\t__(h)__\nwords\t rukli\u0304kis\u0323u\u0304 je\u0304s\u0323 wo\u0306\u014bo\u0306s\u0323\t n\u0303ugijci\u014bito\u0306g un \t s\u0301un \u014blin\t Sits\u0323i gi\u014big\nposition (1-4)\t__(i)__\t__(j)__\t__(k)__\t__(l)__\nwords\t s\u0301atuti\t wig n\u0303igdto\u0302n\t s\u0301rus\u0323 n\u0303inds\u0323i\u014bo\u0302n\t ruhili ys\u0323ilabmigigus\u0323i \nposition (1-4)\t__(m)__\t__(n)__\t__(o)__\t__(p)__\n\nTable 2\nword\t#1-19\nyis\u0323iji\u0304s\u0323w\u014biyigkuwi\t__(q)__\nijowjowi\u0302ss\u0323ili\u0304\t__(r)__\nn\u0303igwan\u0303i\u0302\u014bo\u0306s\u0301o\u0306wig\t__(s)__\npigkigi\u0302yi\u0304legig\t__(t)__\n",
    "questions": "[{\"question_n\": \"Q1.1\", \"prompt\": \"The first table above contains four more lines from the first section of the Is\u0323begiruri\u0304\u014bi (in the si\u0304s\u0323ke\u0304s\u0301iruts\u0323u\u0304kuwi metre), with their component parts (labelled A-D) jumbled. Match letter-labelled rows with a position (1-4) to show the position of each word-group in its line.\", \"subprompts\": [{\"questionpart_n\": \"a.\", \"question\": \"__(a)__\", \"answer\": \"1\", \"matches_human_scoring\": false, \"fuzzy_matching\": false, \"manual_edit\": false}, {\"questionpart_n\": \"b.\", \"question\": \"__(b)__\", \"answer\": \"4\", \"matches_human_scoring\": false, \"fuzzy_matching\": false, \"manual_edit\": false}, {\"questionpart_n\": \"c.\", \"question\": \"__(c)__\", \"answer\": \"3\", \"matches_human_scoring\": false, \"fuzzy_matching\": false, \"manual_edit\": false}, {\"questionpart_n\": \"d.\", \"question\": \"__(d)__\", \"answer\": \"2\", \"matches_human_scoring\": false, \"fuzzy_matching\": false, \"manual_edit\": false}, {\"questionpart_n\": \"e.\", \"question\": \"__(e)__\", \"answer\": \"3\", \"matches_human_scoring\": false, \"fuzzy_matching\": false, \"manual_edit\": false}, {\"questionpart_n\": \"f.\", \"question\": \"__(f)__\", \"answer\": \"1\", \"matches_human_scoring\": false, \"fuzzy_matching\": false, \"manual_edit\": false}, {\"questionpart_n\": \"g.\", \"question\": \"__(g)__\", \"answer\": \"2\", \"matches_human_scoring\": false, \"fuzzy_matching\": false, \"manual_edit\": false}, {\"questionpart_n\": \"h.\", \"question\": \"__(h)__\", \"answer\": \"4\", \"matches_human_scoring\": false, \"fuzzy_matching\": false, \"manual_edit\": false}, {\"questionpart_n\": \"i.\", \"question\": \"__(i)__\", \"answer\": \"4\", \"matches_human_scoring\": false, \"fuzzy_matching\": false, \"manual_edit\": false}, {\"questionpart_n\": \"j.\", \"question\": \"__(j)__\", \"answer\": \"3\", \"matches_human_scoring\": false, \"fuzzy_matching\": false, \"manual_edit\": false}, {\"questionpart_n\": \"k.\", \"question\": \"__(k)__\", \"answer\": \"1\", \"matches_human_scoring\": false, \"fuzzy_matching\": false, \"manual_edit\": false}, {\"questionpart_n\": \"l.\", \"question\": \"__(l)__\", \"answer\": \"2\", \"matches_human_scoring\": false, \"fuzzy_matching\": false, \"manual_edit\": false}, {\"questionpart_n\": \"m.\", \"question\": \"__(m)__\", \"answer\": \"4\", \"matches_human_scoring\": false, \"fuzzy_matching\": false, \"manual_edit\": false}, {\"questionpart_n\": \"n.\", \"question\": \"__(n)__\", \"answer\": \"1\", \"matches_human_scoring\": false, \"fuzzy_matching\": false, \"manual_edit\": false}, {\"questionpart_n\": \"o.\", \"question\": \"__(o)__\", \"answer\": \"3\", \"matches_human_scoring\": false, \"fuzzy_matching\": false, \"manual_edit\": false}, {\"questionpart_n\": \"p.\", \"question\": \"__(p)__\", \"answer\": \"2\", \"matches_human_scoring\": false, \"fuzzy_matching\": false, \"manual_edit\": false}]}, {\"question_n\": \"Q1.2\", \"prompt\": \"The second table above contains four more words which appear in different lines from the first section of the Is\u0323begiruri\u0304\u014bi. Match the letter-labelled rows with a number (from 1 to 19) of the syllable in their respective lines on which these words begin.\", \"subprompts\": [{\"questionpart_n\": \"q.\", \"question\": \"__(q)__\", \"answer\": \"4\", \"matches_human_scoring\": false, \"fuzzy_matching\": false, \"manual_edit\": false}, {\"questionpart_n\": \"r.\", \"question\": \"__(r)__\", \"answer\": \"11\", \"matches_human_scoring\": false, \"fuzzy_matching\": false, \"manual_edit\": false}, {\"questionpart_n\": \"s.\", \"question\": \"__(s)__\", \"answer\": \"1\", \"matches_human_scoring\": false, \"fuzzy_matching\": false, \"manual_edit\": false}, {\"questionpart_n\": \"t.\", \"question\": \"__(t)__\", \"answer\": \"14\", \"matches_human_scoring\": false, \"fuzzy_matching\": false, \"manual_edit\": false}]}]",
    "obfuscated": "True",
    "obf_num": "7",
    "mapping": {
        "a": "i",
        "e": "o",
        "i": "u",
        "o": "a",
        "u": "e",
        "l": "s\u0301",
        "r": "s\u0323",
        "y": "l",
        "w": "r",
        "p": "y",
        "t": "w",
        "c": "p",
        "k": "t",
        "b": "c",
        "d": "k",
        "j": "b",
        "g": "d",
        "m": "j",
        "n": "g",
        "n\u0303": "m",
        "\u014b": "n",
        "s": "n\u0303",
        "h": "\u014b",
        "s\u0301": "s",
        "s\u0323": "h",
        "\u0304": "\u0304",
        "\u0302": "\u0302",
        "\u0306": "\u0306"
    }
}