{
    "json_invalid": false,
    "preamble": "Problem 1. Language X (15 marks)\nThe Language X poems were made up of four-liners, where each line was made up of a precise pattern of heavy and light syllables.",
    "context": "The first section of the Language X poem Iygen\u0303ipupi\u0304s\u0301   consisted of lines which followed the s\u0323i\u0304yje\u0304ripubyu\u0304juci metre. In this metre, all lines have the same pattern: each consists of 19 syllables in an exact pattern of heavy and light syllables, except for the last syllable which can be either heavy or light. The first three syllables of a s\u0323i\u0304yje\u0304ripubyu\u0304juci line are all heavy.\nBelow are two stanzas from the opening section of the Iygen\u0303ipupi\u0304s\u0301i. NOTE: The letters \u0101, \u00e2, \u00ea, \u0115, \u012b, \u016b are vowels, while \u014b, \u00f1, \u015b, \u1e63, y are consonants. You should assume that the long vowels \u0101, \u012b, \u016b (and possibly others) occur only in heavy syllables.\n\n1.riblnu\u0304 n\u0303us heyirabi hinten\u0303 iwis\u0323i\u0302syo\u0306\u014bko\u0306n citi npis dyici \n ibpos\u0301 his tun\u0303urus\u0301 tuces hubu cubi\u0304s in\u0303ceb n\u0303us abuy neric\nypo\u0302bi\u0304s i\u0304ju Curaccini\u0304 tino\u0306bih us bakit ripin\u0303 Hetyidi\u0304\ncitpin\u0303 niyni ces\u0301en\u0303 ro\u0306s\u0301o\u0306s ro\u0306s\u0301o\u0306si hisbo\u0302 ye\u0304ti his s\u0301wis Yicus\u0301\n\n2.cindon\u0303wi\u0302n\u0303 run\u0303usuy bo\u0306co\u0302bun\u0303 un\u0303ino\u0306y jon\u0303us pico\u0306b jopici \n hinte\u0304yn\u0303i tpi wi nityijiblun\u0303i ci wi\u0302ne\u0304gi\u0302nujo\u0306y tun\u0303cumi\ns\u0301wis Dyis\u0301ni\u0304 jenijib kiceynebi dici\u0304yo\u0302n\u0303jyi\u0302nis\u0301i\u0302bpos\u0301 nici\noyis nusmo\u0306bi bakupi\u0302ndo\u0306b uyi win\u0303 bi\u0304rin\u0303win\u0303 esmp us peyu\n\nTable 1\nA\tB\tC\tD\nwords\t wo\u0302bi\u0304 yibpi\t bitpi ci\u0302neyluci\t Un\u0303jyi ho\u0306jo\u0306s inpuc\t bun\u0303an\u0303 s\u0301wis\nposition (1-4)\t__(a)__\t__(b)__\t__(c)__\t__(d)__\nwords\t jis\u0323imen\u0303in\u0303\t cin\u0303 hayi\t tpi co\u0306bit n\u0303ubi\u0304\t ye\u0304tin\u0303wi jon\u0303ci\u0302n\u0303ibe \nposition (1-4)\t__(e)__\t__(f)__\t__(g)__\t__(h)__\nwords\t pujwi\u0304jiyu\u0304 ne\u0304y co\u0306s\u0301o\u0306y\t hun\u0303indis\u0301ibo\u0306n\u0303 us \t rus s\u0301wis\t S\u0323ibyi n\u0303is\u0301in\u0303\nposition (1-4)\t__(i)__\t__(j)__\t__(k)__\t__(l)__\nwords\t rabubi\t cin\u0303 hin\u0303mbo\u0302s\t rpuy hismyis\u0301o\u0302s\t puliwi tyiwag\u014bin\u0303in\u0303uyi \nposition (1-4)\t__(m)__\t__(n)__\t__(o)__\t__(p)__\n\nTable 2\nword\t#1-19\ntiyini\u0304ycs\u0301itin\u0303juci\t__(q)__\ninocnoci\u0302s\u0323yiwi\u0304\t__(r)__\nhin\u0303cahi\u0302s\u0301o\u0306ro\u0306cin\u0303\t__(s)__\nkin\u0303jin\u0303i\u0302ti\u0304wen\u0303in\u0303\t__(t)__\n",
    "questions": "[{\"question_n\": \"Q1.1\", \"prompt\": \"The first table above contains four more lines from the first section of the Iygen\u0303ipupi\u0304s\u0301i (in the s\u0323i\u0304yje\u0304ripubyu\u0304juci metre), with their component parts (labelled A-D) jumbled. Match letter-labelled rows with a position (1-4) to show the position of each word-group in its line.\", \"subprompts\": [{\"questionpart_n\": \"a.\", \"question\": \"__(a)__\", \"answer\": \"1\", \"matches_human_scoring\": false, \"fuzzy_matching\": false, \"manual_edit\": false}, {\"questionpart_n\": \"b.\", \"question\": \"__(b)__\", \"answer\": \"4\", \"matches_human_scoring\": false, \"fuzzy_matching\": false, \"manual_edit\": false}, {\"questionpart_n\": \"c.\", \"question\": \"__(c)__\", \"answer\": \"3\", \"matches_human_scoring\": false, \"fuzzy_matching\": false, \"manual_edit\": false}, {\"questionpart_n\": \"d.\", \"question\": \"__(d)__\", \"answer\": \"2\", \"matches_human_scoring\": false, \"fuzzy_matching\": false, \"manual_edit\": false}, {\"questionpart_n\": \"e.\", \"question\": \"__(e)__\", \"answer\": \"3\", \"matches_human_scoring\": false, \"fuzzy_matching\": false, \"manual_edit\": false}, {\"questionpart_n\": \"f.\", \"question\": \"__(f)__\", \"answer\": \"1\", \"matches_human_scoring\": false, \"fuzzy_matching\": false, \"manual_edit\": false}, {\"questionpart_n\": \"g.\", \"question\": \"__(g)__\", \"answer\": \"2\", \"matches_human_scoring\": false, \"fuzzy_matching\": false, \"manual_edit\": false}, {\"questionpart_n\": \"h.\", \"question\": \"__(h)__\", \"answer\": \"4\", \"matches_human_scoring\": false, \"fuzzy_matching\": false, \"manual_edit\": false}, {\"questionpart_n\": \"i.\", \"question\": \"__(i)__\", \"answer\": \"4\", \"matches_human_scoring\": false, \"fuzzy_matching\": false, \"manual_edit\": false}, {\"questionpart_n\": \"j.\", \"question\": \"__(j)__\", \"answer\": \"3\", \"matches_human_scoring\": false, \"fuzzy_matching\": false, \"manual_edit\": false}, {\"questionpart_n\": \"k.\", \"question\": \"__(k)__\", \"answer\": \"1\", \"matches_human_scoring\": false, \"fuzzy_matching\": false, \"manual_edit\": false}, {\"questionpart_n\": \"l.\", \"question\": \"__(l)__\", \"answer\": \"2\", \"matches_human_scoring\": false, \"fuzzy_matching\": false, \"manual_edit\": false}, {\"questionpart_n\": \"m.\", \"question\": \"__(m)__\", \"answer\": \"4\", \"matches_human_scoring\": false, \"fuzzy_matching\": false, \"manual_edit\": false}, {\"questionpart_n\": \"n.\", \"question\": \"__(n)__\", \"answer\": \"1\", \"matches_human_scoring\": false, \"fuzzy_matching\": false, \"manual_edit\": false}, {\"questionpart_n\": \"o.\", \"question\": \"__(o)__\", \"answer\": \"3\", \"matches_human_scoring\": false, \"fuzzy_matching\": false, \"manual_edit\": false}, {\"questionpart_n\": \"p.\", \"question\": \"__(p)__\", \"answer\": \"2\", \"matches_human_scoring\": false, \"fuzzy_matching\": false, \"manual_edit\": false}]}, {\"question_n\": \"Q1.2\", \"prompt\": \"The second table above contains four more words which appear in different lines from the first section of the Iygen\u0303ipupi\u0304s\u0301i. Match the letter-labelled rows with a number (from 1 to 19) of the syllable in their respective lines on which these words begin.\", \"subprompts\": [{\"questionpart_n\": \"q.\", \"question\": \"__(q)__\", \"answer\": \"4\", \"matches_human_scoring\": false, \"fuzzy_matching\": false, \"manual_edit\": false}, {\"questionpart_n\": \"r.\", \"question\": \"__(r)__\", \"answer\": \"11\", \"matches_human_scoring\": false, \"fuzzy_matching\": false, \"manual_edit\": false}, {\"questionpart_n\": \"s.\", \"question\": \"__(s)__\", \"answer\": \"1\", \"matches_human_scoring\": false, \"fuzzy_matching\": false, \"manual_edit\": false}, {\"questionpart_n\": \"t.\", \"question\": \"__(t)__\", \"answer\": \"14\", \"matches_human_scoring\": false, \"fuzzy_matching\": false, \"manual_edit\": false}]}]",
    "obfuscated": "True",
    "obf_num": "11",
    "mapping": {
        "a": "i",
        "e": "o",
        "i": "u",
        "o": "a",
        "u": "e",
        "l": "r",
        "r": "y",
        "y": "w",
        "w": "p",
        "p": "t",
        "t": "c",
        "c": "k",
        "k": "b",
        "b": "d",
        "d": "j",
        "j": "g",
        "g": "m",
        "m": "n",
        "n": "n\u0303",
        "n\u0303": "\u014b",
        "\u014b": "s",
        "s": "h",
        "h": "s\u0301",
        "s\u0301": "s\u0323",
        "s\u0323": "l",
        "\u0304": "\u0304",
        "\u0302": "\u0302",
        "\u0306": "\u0306"
    }
}