{
    "json_invalid": false,
    "preamble": "Problem 1. Language X (15 marks)\nThe Language X poems were made up of four-liners, where each line was made up of a precise pattern of heavy and light syllables.",
    "context": "The first section of the Language X poem Otn\u0303ihokako\u0304r   consisted of lines which followed the yo\u0304tni\u0304pokagta\u0304nado metre. In this metre, all lines have the same pattern: each consists of 19 syllables in an exact pattern of heavy and light syllables, except for the last syllable which can be either heavy or light. The first three syllables of a yo\u0304tni\u0304pokagta\u0304nado line are all heavy.\nBelow are two stanzas from the opening section of the Otn\u0303ihokako\u0304ro. NOTE: The letters \u0101, \u00e2, \u00ea, \u0115, \u012b, \u016b are vowels, while \u014b, \u00f1, \u015b, \u1e63, y are consonants. You should assume that the long vowels \u0101, \u012b, \u016b (and possibly others) occur only in heavy syllables.\n\n1.pogwsa\u0304 has\u0323 litopego losbih ocoyo\u0302s\u0323tu\u0306s\u0301ju\u0306s dobo skos\u0323 mtodo \n ogkur los\u0323 bahapar badis\u0323 laga dago\u0304s\u0323 ohdig has\u0323 egat sipod\ntku\u0302go\u0304s\u0323 o\u0304na Dapeddoso\u0304 bosu\u0306gol as\u0323 gejob pokoh Libtomo\u0304\ndobkoh sotso dirih pu\u0306ru\u0306s\u0323 pu\u0306ru\u0306s\u0323o los\u0323gu\u0302 ti\u0304bo los\u0323 rcos\u0323 Todar\n\n2.dosmuhco\u0302h pahas\u0323at gu\u0306du\u0302gah ahosu\u0306t nuhas\u0323 kodu\u0306g nukodo \n losbi\u0304tho bko co sobtonogwaho do co\u0302si\u0304n\u0303o\u0302sanu\u0306t bahda\u014bo\nrcos\u0323 Mtorso\u0304 nisonog joditsigo modo\u0304tu\u0302hnto\u0302soro\u0302gkur sodo\nutos\u0323 sas\u0323\u014bu\u0306go gejako\u0302smu\u0306g ato coh go\u0304pohcoh is\u0323\u014bk as\u0323 kita\n\nTable 1\nA\tB\tC\tD\nwords\t cu\u0302go\u0304 togko\t gobko do\u0302sitwado\t Ahnto lu\u0306nu\u0306s\u0323 oskad\t gaheh rcos\u0323\nposition (1-4)\t__(a)__\t__(b)__\t__(c)__\t__(d)__\nwords\t noyo\u014bihoh\t doh leto\t bko du\u0306gob hago\u0304\t ti\u0304bohco nuhdo\u0302hogi \nposition (1-4)\t__(e)__\t__(f)__\t__(g)__\t__(h)__\nwords\t kanco\u0304nota\u0304 si\u0304t du\u0306ru\u0306t\t lahosmorogu\u0306h as\u0323 \t pas\u0323 rcos\u0323\t Yogto horoh\nposition (1-4)\t__(i)__\t__(j)__\t__(k)__\t__(l)__\nwords\t pegago\t doh loh\u014bgu\u0302s\u0323\t pkat los\u0323\u014btoru\u0302s\u0323\t kawoco btocen\u0303s\u0301ohohato \nposition (1-4)\t__(m)__\t__(n)__\t__(o)__\t__(p)__\n\nTable 2\nword\t#1-19\nbotoso\u0304tdrobohnado\t__(q)__\nosudsudo\u0302ytoco\u0304\t__(r)__\nlohdelo\u0302ru\u0306pu\u0306doh\t__(s)__\njohnoho\u0302bo\u0304cihoh\t__(t)__\n",
    "questions": "[{\"question_n\": \"Q1.1\", \"prompt\": \"The first table above contains four more lines from the first section of the Otn\u0303ihokako\u0304ro (in the yo\u0304tni\u0304pokagta\u0304nado metre), with their component parts (labelled A-D) jumbled. Match letter-labelled rows with a position (1-4) to show the position of each word-group in its line.\", \"subprompts\": [{\"questionpart_n\": \"a.\", \"question\": \"__(a)__\", \"answer\": \"1\", \"matches_human_scoring\": false, \"fuzzy_matching\": false, \"manual_edit\": false}, {\"questionpart_n\": \"b.\", \"question\": \"__(b)__\", \"answer\": \"4\", \"matches_human_scoring\": false, \"fuzzy_matching\": false, \"manual_edit\": false}, {\"questionpart_n\": \"c.\", \"question\": \"__(c)__\", \"answer\": \"3\", \"matches_human_scoring\": false, \"fuzzy_matching\": false, \"manual_edit\": false}, {\"questionpart_n\": \"d.\", \"question\": \"__(d)__\", \"answer\": \"2\", \"matches_human_scoring\": false, \"fuzzy_matching\": false, \"manual_edit\": false}, {\"questionpart_n\": \"e.\", \"question\": \"__(e)__\", \"answer\": \"3\", \"matches_human_scoring\": false, \"fuzzy_matching\": false, \"manual_edit\": false}, {\"questionpart_n\": \"f.\", \"question\": \"__(f)__\", \"answer\": \"1\", \"matches_human_scoring\": false, \"fuzzy_matching\": false, \"manual_edit\": false}, {\"questionpart_n\": \"g.\", \"question\": \"__(g)__\", \"answer\": \"2\", \"matches_human_scoring\": false, \"fuzzy_matching\": false, \"manual_edit\": false}, {\"questionpart_n\": \"h.\", \"question\": \"__(h)__\", \"answer\": \"4\", \"matches_human_scoring\": false, \"fuzzy_matching\": false, \"manual_edit\": false}, {\"questionpart_n\": \"i.\", \"question\": \"__(i)__\", \"answer\": \"4\", \"matches_human_scoring\": false, \"fuzzy_matching\": false, \"manual_edit\": false}, {\"questionpart_n\": \"j.\", \"question\": \"__(j)__\", \"answer\": \"3\", \"matches_human_scoring\": false, \"fuzzy_matching\": false, \"manual_edit\": false}, {\"questionpart_n\": \"k.\", \"question\": \"__(k)__\", \"answer\": \"1\", \"matches_human_scoring\": false, \"fuzzy_matching\": false, \"manual_edit\": false}, {\"questionpart_n\": \"l.\", \"question\": \"__(l)__\", \"answer\": \"2\", \"matches_human_scoring\": false, \"fuzzy_matching\": false, \"manual_edit\": false}, {\"questionpart_n\": \"m.\", \"question\": \"__(m)__\", \"answer\": \"4\", \"matches_human_scoring\": false, \"fuzzy_matching\": false, \"manual_edit\": false}, {\"questionpart_n\": \"n.\", \"question\": \"__(n)__\", \"answer\": \"1\", \"matches_human_scoring\": false, \"fuzzy_matching\": false, \"manual_edit\": false}, {\"questionpart_n\": \"o.\", \"question\": \"__(o)__\", \"answer\": \"3\", \"matches_human_scoring\": false, \"fuzzy_matching\": false, \"manual_edit\": false}, {\"questionpart_n\": \"p.\", \"question\": \"__(p)__\", \"answer\": \"2\", \"matches_human_scoring\": false, \"fuzzy_matching\": false, \"manual_edit\": false}]}, {\"question_n\": \"Q1.2\", \"prompt\": \"The second table above contains four more words which appear in different lines from the first section of the Otn\u0303ihokako\u0304ro. Match the letter-labelled rows with a number (from 1 to 19) of the syllable in their respective lines on which these words begin.\", \"subprompts\": [{\"questionpart_n\": \"q.\", \"question\": \"__(q)__\", \"answer\": \"4\", \"matches_human_scoring\": false, \"fuzzy_matching\": false, \"manual_edit\": false}, {\"questionpart_n\": \"r.\", \"question\": \"__(r)__\", \"answer\": \"11\", \"matches_human_scoring\": false, \"fuzzy_matching\": false, \"manual_edit\": false}, {\"questionpart_n\": \"s.\", \"question\": \"__(s)__\", \"answer\": \"1\", \"matches_human_scoring\": false, \"fuzzy_matching\": false, \"manual_edit\": false}, {\"questionpart_n\": \"t.\", \"question\": \"__(t)__\", \"answer\": \"14\", \"matches_human_scoring\": false, \"fuzzy_matching\": false, \"manual_edit\": false}]}]",
    "obfuscated": "True",
    "obf_num": "6",
    "mapping": {
        "a": "o",
        "e": "u",
        "i": "a",
        "o": "e",
        "u": "i",
        "l": "p",
        "r": "t",
        "y": "c",
        "w": "k",
        "p": "b",
        "t": "d",
        "c": "j",
        "k": "g",
        "b": "m",
        "d": "n",
        "j": "n\u0303",
        "g": "\u014b",
        "m": "s",
        "n": "h",
        "n\u0303": "s\u0301",
        "\u014b": "s\u0323",
        "s": "l",
        "h": "r",
        "s\u0301": "y",
        "s\u0323": "w",
        "\u0304": "\u0304",
        "\u0302": "\u0302",
        "\u0306": "\u0306"
    }
}