{
    "json_invalid": false,
    "preamble": "Problem 1. Language X (15 marks)\nThe Language X poems were made up of four-liners, where each line was made up of a precise pattern of heavy and light syllables.",
    "context": "The first section of the Language X poem Ejs\u0323ayemome\u0304c   consisted of lines which followed the ke\u0304js\u0301a\u0304demosjo\u0304s\u0301on\u0303e metre. In this metre, all lines have the same pattern: each consists of 19 syllables in an exact pattern of heavy and light syllables, except for the last syllable which can be either heavy or light. The first three syllables of a ke\u0304js\u0301a\u0304demosjo\u0304s\u0301on\u0303e line are all heavy.\nBelow are two stanzas from the opening section of the Ejs\u0323ayemome\u0304ce. NOTE: The letters \u0101, \u00e2, \u00ea, \u0115, \u012b, \u016b are vowels, while \u014b, \u00f1, \u015b, \u1e63, y are consonants. You should assume that the long vowels \u0101, \u012b, \u016b (and possibly others) occur only in heavy syllables.\n\n1.desbro\u0304 yop tajeduse ternay egeke\u0302pji\u0306w\u014bi\u0306r n\u0303ene rmep hjen\u0303e \n esmic tep noyodoc non\u0303ap toso n\u0303ose\u0304p eyn\u0303as yop usoj raden\u0303\njmi\u0302se\u0304p e\u0304s\u0301o N\u0303odun\u0303n\u0303ere\u0304 neri\u0306set op su\u014ben demey Tanjehe\u0304\nn\u0303enmey rejre n\u0303acay di\u0306ci\u0306p di\u0306ci\u0306pe tepsi\u0302 ja\u0304ne tep cgep Jen\u0303oc\n\n2.n\u0303erhiyge\u0302y doyopoj si\u0306n\u0303i\u0302soy oyeri\u0306j s\u0301iyop men\u0303i\u0306s s\u0301imen\u0303e \n terna\u0304jye nme ge renjes\u0301esboye n\u0303e ge\u0302ra\u0304s\u0323e\u0302ros\u0301i\u0306j noyn\u0303ole\ncgep Hjecre\u0304 s\u0301ares\u0301es \u014ben\u0303ajrase hen\u0303e\u0304ji\u0302ys\u0301je\u0302rece\u0302smic ren\u0303e\nijep ropli\u0306se su\u014bome\u0302rhi\u0306s oje gey se\u0304deygey aplm op majo\n\nTable 1\nA\tB\tC\tD\nwords\t gi\u0302se\u0304 jesme\t senme n\u0303e\u0302rajbon\u0303e\t Oys\u0301je ti\u0306s\u0301i\u0306p ermon\u0303\t soyuy cgep\nposition (1-4)\t__(a)__\t__(b)__\t__(c)__\t__(d)__\nwords\t s\u0301ekelayey\t n\u0303ey tuje\t nme n\u0303i\u0306sen yose\u0304\t ja\u0304neyge s\u0301iyn\u0303e\u0302yesa \nposition (1-4)\t__(e)__\t__(f)__\t__(g)__\t__(h)__\nwords\t mos\u0301ge\u0304s\u0301ejo\u0304 ra\u0304j n\u0303i\u0306ci\u0306j\t toyerhecesi\u0306y op \t dop cgep\t Kesje yecey\nposition (1-4)\t__(i)__\t__(j)__\t__(k)__\t__(l)__\nwords\t dusose\t n\u0303ey teylsi\u0302p\t dmoj tepljeci\u0302p\t mobege njegus\u0323weyeyoje \nposition (1-4)\t__(m)__\t__(n)__\t__(o)__\t__(p)__\n\nTable 2\nword\t#1-19\nnejere\u0304jn\u0303ceneys\u0301on\u0303e\t__(q)__\nerin\u0303rin\u0303e\u0302kjege\u0304\t__(r)__\nteyn\u0303ute\u0302ci\u0306di\u0306n\u0303ey\t__(s)__\n\u014beys\u0301eye\u0302ne\u0304gayey\t__(t)__\n",
    "questions": "[{\"question_n\": \"Q1.1\", \"prompt\": \"The first table above contains four more lines from the first section of the Ejs\u0323ayemome\u0304ce (in the ke\u0304js\u0301a\u0304demosjo\u0304s\u0301on\u0303e metre), with their component parts (labelled A-D) jumbled. Match letter-labelled rows with a position (1-4) to show the position of each word-group in its line.\", \"subprompts\": [{\"questionpart_n\": \"a.\", \"question\": \"__(a)__\", \"answer\": \"1\", \"matches_human_scoring\": false, \"fuzzy_matching\": false, \"manual_edit\": false}, {\"questionpart_n\": \"b.\", \"question\": \"__(b)__\", \"answer\": \"4\", \"matches_human_scoring\": false, \"fuzzy_matching\": false, \"manual_edit\": false}, {\"questionpart_n\": \"c.\", \"question\": \"__(c)__\", \"answer\": \"3\", \"matches_human_scoring\": false, \"fuzzy_matching\": false, \"manual_edit\": false}, {\"questionpart_n\": \"d.\", \"question\": \"__(d)__\", \"answer\": \"2\", \"matches_human_scoring\": false, \"fuzzy_matching\": false, \"manual_edit\": false}, {\"questionpart_n\": \"e.\", \"question\": \"__(e)__\", \"answer\": \"3\", \"matches_human_scoring\": false, \"fuzzy_matching\": false, \"manual_edit\": false}, {\"questionpart_n\": \"f.\", \"question\": \"__(f)__\", \"answer\": \"1\", \"matches_human_scoring\": false, \"fuzzy_matching\": false, \"manual_edit\": false}, {\"questionpart_n\": \"g.\", \"question\": \"__(g)__\", \"answer\": \"2\", \"matches_human_scoring\": false, \"fuzzy_matching\": false, \"manual_edit\": false}, {\"questionpart_n\": \"h.\", \"question\": \"__(h)__\", \"answer\": \"4\", \"matches_human_scoring\": false, \"fuzzy_matching\": false, \"manual_edit\": false}, {\"questionpart_n\": \"i.\", \"question\": \"__(i)__\", \"answer\": \"4\", \"matches_human_scoring\": false, \"fuzzy_matching\": false, \"manual_edit\": false}, {\"questionpart_n\": \"j.\", \"question\": \"__(j)__\", \"answer\": \"3\", \"matches_human_scoring\": false, \"fuzzy_matching\": false, \"manual_edit\": false}, {\"questionpart_n\": \"k.\", \"question\": \"__(k)__\", \"answer\": \"1\", \"matches_human_scoring\": false, \"fuzzy_matching\": false, \"manual_edit\": false}, {\"questionpart_n\": \"l.\", \"question\": \"__(l)__\", \"answer\": \"2\", \"matches_human_scoring\": false, \"fuzzy_matching\": false, \"manual_edit\": false}, {\"questionpart_n\": \"m.\", \"question\": \"__(m)__\", \"answer\": \"4\", \"matches_human_scoring\": false, \"fuzzy_matching\": false, \"manual_edit\": false}, {\"questionpart_n\": \"n.\", \"question\": \"__(n)__\", \"answer\": \"1\", \"matches_human_scoring\": false, \"fuzzy_matching\": false, \"manual_edit\": false}, {\"questionpart_n\": \"o.\", \"question\": \"__(o)__\", \"answer\": \"3\", \"matches_human_scoring\": false, \"fuzzy_matching\": false, \"manual_edit\": false}, {\"questionpart_n\": \"p.\", \"question\": \"__(p)__\", \"answer\": \"2\", \"matches_human_scoring\": false, \"fuzzy_matching\": false, \"manual_edit\": false}]}, {\"question_n\": \"Q1.2\", \"prompt\": \"The second table above contains four more words which appear in different lines from the first section of the Ejs\u0323ayemome\u0304ce. Match the letter-labelled rows with a number (from 1 to 19) of the syllable in their respective lines on which these words begin.\", \"subprompts\": [{\"questionpart_n\": \"q.\", \"question\": \"__(q)__\", \"answer\": \"4\", \"matches_human_scoring\": false, \"fuzzy_matching\": false, \"manual_edit\": false}, {\"questionpart_n\": \"r.\", \"question\": \"__(r)__\", \"answer\": \"11\", \"matches_human_scoring\": false, \"fuzzy_matching\": false, \"manual_edit\": false}, {\"questionpart_n\": \"s.\", \"question\": \"__(s)__\", \"answer\": \"1\", \"matches_human_scoring\": false, \"fuzzy_matching\": false, \"manual_edit\": false}, {\"questionpart_n\": \"t.\", \"question\": \"__(t)__\", \"answer\": \"14\", \"matches_human_scoring\": false, \"fuzzy_matching\": false, \"manual_edit\": false}]}]",
    "obfuscated": "True",
    "obf_num": "26",
    "mapping": {
        "a": "e",
        "e": "i",
        "i": "o",
        "o": "u",
        "u": "a",
        "l": "d",
        "r": "j",
        "y": "g",
        "w": "m",
        "p": "n",
        "t": "n\u0303",
        "c": "\u014b",
        "k": "s",
        "b": "h",
        "d": "s\u0301",
        "j": "s\u0323",
        "g": "l",
        "m": "r",
        "n": "y",
        "n\u0303": "w",
        "\u014b": "p",
        "s": "t",
        "h": "c",
        "s\u0301": "k",
        "s\u0323": "b",
        "\u0304": "\u0304",
        "\u0302": "\u0302",
        "\u0306": "\u0306"
    }
}