{
    "json_invalid": false,
    "preamble": "Problem 3. Language X (20 marks)\n Language X is an indigenous language  .   ",
    "context": "Given below are some sentences in   Language X$$ and their translations into English.\n\nciytu um su emun\tWe have had.\nepcuykac up su up\tI was glancing.\na epcuy su up\tYou (sg) were seeing.\nepo su emun\tHe has listened.\netayatu su icu\tThey were feeding.\na eta su up\tYou (sg) were eating.\nare epoyowtu su icu\tYou (pl) were listening a lot.\nrea ciyakac su emun\tWe have lent you (sg).\nreare pocuyyowtu su emun\tWe have stared at you (pl).\naop poyatu su icu\tYou (sg) were telling us.\nop akactu su icu\tHe was tasting us.\nareap pokac su up\tYou (pl) were listening to me a little.\nup wuwpo su emun\tI have thought.\nup ayowtu su icu\tI was devouring them.\nepoyowtu um su emun\tWe have listened a lot.\nap a su up\tThey were eating me.\na wuwciya su emun\tYou (sg) have given yourself (sg).\nreare poyatu su icu\tWe were telling you (pl).\n\n\n\n\tLanguage X\tEnglish\n1\ta pocuyatu su emun\t__(a)__\n2\tre wuwpocuytu su icu\t__(b)__\n3\ta ciyayow su up\t__(c)__\n4\tpoyowtu su emun\t__(d)__\n5\t__(e)__\tHe was listening to you (pl).\n6\t__(f)__\tYou (sg) were thinking a lot.\n7\t__(g)__\tWe were borrowing him.\n8\t__(h)__\tWe have eaten.\n9\t__(i)__\tThey were staring.\n10\t__(j)__\tI have glanced at them.\n",
    "questions": "[{\"question_n\": \"Q3.1.\", \"prompt\": \"Supply the missing translations in the table. If you think that multiple translations are possible for 1-4, write them all.\", \"subprompts\": [{\"questionpart_n\": \"(a)\", \"question\": \"__(a)__\", \"answer\": \"[\\\"You (sg) have shown them.\\\", \\\"You (sg) have showed them.\\\"]\", \"matches_human_scoring\": false, \"fuzzy_matching\": false, \"manual_edit\": false}, {\"questionpart_n\": \"(b)\", \"question\": \"__(b)__\", \"answer\": \"[\\\"We were seeing ourselves.\\\", \\\"We were looking at ourselves.\\\"]\", \"matches_human_scoring\": false, \"fuzzy_matching\": false, \"manual_edit\": false}, {\"questionpart_n\": \"(c)\", \"question\": \"__(c)__\", \"answer\": \"[\\\"He was donating you (sg)\\\", \\\"They were donating you (sg).\\\", \\\"You (sg) were donating (him).\\\"]\", \"matches_human_scoring\": false, \"fuzzy_matching\": false, \"manual_edit\": true}, {\"questionpart_n\": \"(d)\", \"question\": \"__(d)__\", \"answer\": \"[\\\"He has listened to him a lot.\\\", \\\"He has listened to them a lot.\\\", \\\"They have listened to him a lot.\\\", \\\"They have listened to them a lot.\\\"]\", \"matches_human_scoring\": false, \"fuzzy_matching\": false, \"manual_edit\": true}, {\"questionpart_n\": \"(e)\", \"question\": \"__(e)__\", \"answer\": \"are potu su icu\", \"matches_human_scoring\": false, \"fuzzy_matching\": false, \"manual_edit\": false}, {\"questionpart_n\": \"(f)\", \"question\": \"__(f)__\", \"answer\": \"a wuwpoyow su up\", \"matches_human_scoring\": false, \"fuzzy_matching\": false, \"manual_edit\": false}, {\"questionpart_n\": \"(g)\", \"question\": \"__(g)__\", \"answer\": \"re ciyakacya su up\", \"matches_human_scoring\": false, \"fuzzy_matching\": false, \"manual_edit\": false}, {\"questionpart_n\": \"(h)\", \"question\": \"__(h)__\", \"answer\": \"etatu um su emun\", \"matches_human_scoring\": false, \"fuzzy_matching\": false, \"manual_edit\": false}, {\"questionpart_n\": \"(i)\", \"question\": \"__(i)__\", \"answer\": \"epcuyyowtu su icu\", \"matches_human_scoring\": false, \"fuzzy_matching\": false, \"manual_edit\": false}, {\"questionpart_n\": \"(j)\", \"question\": \"__(j)__\", \"answer\": \"up pocuykactu su emun\", \"matches_human_scoring\": false, \"fuzzy_matching\": false, \"manual_edit\": false}]}]",
    "obfuscated": "True",
    "obf_num": "22",
    "mapping": {
        "a": "u",
        "e": "a",
        "i": "e",
        "o": "i",
        "u": "o",
        "m": "n",
        "n": "p",
        "p": "t",
        "t": "k",
        "k": "c",
        "c": "r",
        "r": "y",
        "y": "w",
        "w": "s",
        "s": "m"
    }
}