{
    "json_invalid": false,
    "preamble": "Problem 3. Language X (20 marks)\n Language X is an indigenous language  .   ",
    "context": "Given below are some sentences in   Language X$$ and their translations into English.\n\nyasci ip ni upit\tWe have had.\nukyisroy ik ni ik\tI was glancing.\no ukyis ni ik\tYou (sg) were seeing.\nuke ni upit\tHe has listened.\nucosoci ni ayi\tThey were feeding.\no uco ni ik\tYou (sg) were eating.\nowu ukesemci ni ayi\tYou (pl) were listening a lot.\nwuo yasoroy ni upit\tWe have lent you (sg).\nwuowu keyissemci ni upit\tWe have stared at you (pl).\noek kesoci ni ayi\tYou (sg) were telling us.\nek oroyci ni ayi\tHe was tasting us.\nowuok keroy ni ik\tYou (pl) were listening to me a little.\nik mimke ni upit\tI have thought.\nik osemci ni ayi\tI was devouring them.\nukesemci ip ni upit\tWe have listened a lot.\nok o ni ik\tThey were eating me.\no mimyaso ni upit\tYou (sg) have given yourself (sg).\nwuowu kesoci ni ayi\tWe were telling you (pl).\n\n\n\n\tLanguage X\tEnglish\n1\to keyisoci ni upit\t__(a)__\n2\twu mimkeyisci ni ayi\t__(b)__\n3\to yasosem ni ik\t__(c)__\n4\tkesemci ni upit\t__(d)__\n5\t__(e)__\tHe was listening to you (pl).\n6\t__(f)__\tYou (sg) were thinking a lot.\n7\t__(g)__\tWe were borrowing him.\n8\t__(h)__\tWe have eaten.\n9\t__(i)__\tThey were staring.\n10\t__(j)__\tI have glanced at them.\n",
    "questions": "[{\"question_n\": \"Q3.1.\", \"prompt\": \"Supply the missing translations in the table. If you think that multiple translations are possible for 1-4, write them all.\", \"subprompts\": [{\"questionpart_n\": \"(a)\", \"question\": \"__(a)__\", \"answer\": \"[\\\"You (sg) have shown them.\\\", \\\"You (sg) have showed them.\\\"]\", \"matches_human_scoring\": false, \"fuzzy_matching\": false, \"manual_edit\": false}, {\"questionpart_n\": \"(b)\", \"question\": \"__(b)__\", \"answer\": \"[\\\"We were seeing ourselves.\\\", \\\"We were looking at ourselves.\\\"]\", \"matches_human_scoring\": false, \"fuzzy_matching\": false, \"manual_edit\": false}, {\"questionpart_n\": \"(c)\", \"question\": \"__(c)__\", \"answer\": \"[\\\"He was donating you (sg)\\\", \\\"They were donating you (sg).\\\", \\\"You (sg) were donating (him).\\\"]\", \"matches_human_scoring\": false, \"fuzzy_matching\": false, \"manual_edit\": true}, {\"questionpart_n\": \"(d)\", \"question\": \"__(d)__\", \"answer\": \"[\\\"He has listened to him a lot.\\\", \\\"He has listened to them a lot.\\\", \\\"They have listened to him a lot.\\\", \\\"They have listened to them a lot.\\\"]\", \"matches_human_scoring\": false, \"fuzzy_matching\": false, \"manual_edit\": true}, {\"questionpart_n\": \"(e)\", \"question\": \"__(e)__\", \"answer\": \"owu keci ni ayi\", \"matches_human_scoring\": false, \"fuzzy_matching\": false, \"manual_edit\": false}, {\"questionpart_n\": \"(f)\", \"question\": \"__(f)__\", \"answer\": \"o mimkesem ni ik\", \"matches_human_scoring\": false, \"fuzzy_matching\": false, \"manual_edit\": false}, {\"questionpart_n\": \"(g)\", \"question\": \"__(g)__\", \"answer\": \"wu yasoroyso ni ik\", \"matches_human_scoring\": false, \"fuzzy_matching\": false, \"manual_edit\": false}, {\"questionpart_n\": \"(h)\", \"question\": \"__(h)__\", \"answer\": \"ucoci ip ni upit\", \"matches_human_scoring\": false, \"fuzzy_matching\": false, \"manual_edit\": false}, {\"questionpart_n\": \"(i)\", \"question\": \"__(i)__\", \"answer\": \"ukyissemci ni ayi\", \"matches_human_scoring\": false, \"fuzzy_matching\": false, \"manual_edit\": false}, {\"questionpart_n\": \"(j)\", \"question\": \"__(j)__\", \"answer\": \"ik keyisroyci ni upit\", \"matches_human_scoring\": false, \"fuzzy_matching\": false, \"manual_edit\": false}]}]",
    "obfuscated": "True",
    "obf_num": "18",
    "mapping": {
        "a": "i",
        "e": "o",
        "i": "u",
        "o": "a",
        "u": "e",
        "m": "t",
        "n": "k",
        "p": "c",
        "t": "r",
        "k": "y",
        "c": "w",
        "r": "s",
        "y": "m",
        "w": "n",
        "s": "p"
    }
}