{
    "json_invalid": false,
    "preamble": "Problem 3. Language X (20 marks)\n Language X is an indigenous language  .   ",
    "context": "Given below are some sentences in   Language X$$ and their translations into English.\n\nceyto om so amon\tWe have had.\napcoykuc op so op\tI was glancing.\nu apcoy so op\tYou (sg) were seeing.\napi so amon\tHe has listened.\natuyuto so eco\tThey were feeding.\nu atu so op\tYou (sg) were eating.\nura apiyiwto so eco\tYou (pl) were listening a lot.\nrau ceyukuc so amon\tWe have lent you (sg).\nraura picoyyiwto so amon\tWe have stared at you (pl).\nuip piyuto so eco\tYou (sg) were telling us.\nip ukucto so eco\tHe was tasting us.\nuraup pikuc so op\tYou (pl) were listening to me a little.\nop wowpi so amon\tI have thought.\nop uyiwto so eco\tI was devouring them.\napiyiwto om so amon\tWe have listened a lot.\nup u so op\tThey were eating me.\nu wowceyu so amon\tYou (sg) have given yourself (sg).\nraura piyuto so eco\tWe were telling you (pl).\n\n\n\n\tLanguage X\tEnglish\n1\tu picoyuto so amon\t__(a)__\n2\tra wowpicoyto so eco\t__(b)__\n3\tu ceyuyiw so op\t__(c)__\n4\tpiyiwto so amon\t__(d)__\n5\t__(e)__\tHe was listening to you (pl).\n6\t__(f)__\tYou (sg) were thinking a lot.\n7\t__(g)__\tWe were borrowing him.\n8\t__(h)__\tWe have eaten.\n9\t__(i)__\tThey were staring.\n10\t__(j)__\tI have glanced at them.\n",
    "questions": "[{\"question_n\": \"Q3.1.\", \"prompt\": \"Supply the missing translations in the table. If you think that multiple translations are possible for 1-4, write them all.\", \"subprompts\": [{\"questionpart_n\": \"(a)\", \"question\": \"__(a)__\", \"answer\": \"[\\\"You (sg) have shown them.\\\", \\\"You (sg) have showed them.\\\"]\", \"matches_human_scoring\": false, \"fuzzy_matching\": false, \"manual_edit\": false}, {\"questionpart_n\": \"(b)\", \"question\": \"__(b)__\", \"answer\": \"[\\\"We were seeing ourselves.\\\", \\\"We were looking at ourselves.\\\"]\", \"matches_human_scoring\": false, \"fuzzy_matching\": false, \"manual_edit\": false}, {\"questionpart_n\": \"(c)\", \"question\": \"__(c)__\", \"answer\": \"[\\\"He was donating you (sg)\\\", \\\"They were donating you (sg).\\\", \\\"You (sg) were donating (him).\\\"]\", \"matches_human_scoring\": false, \"fuzzy_matching\": false, \"manual_edit\": true}, {\"questionpart_n\": \"(d)\", \"question\": \"__(d)__\", \"answer\": \"[\\\"He has listened to him a lot.\\\", \\\"He has listened to them a lot.\\\", \\\"They have listened to him a lot.\\\", \\\"They have listened to them a lot.\\\"]\", \"matches_human_scoring\": false, \"fuzzy_matching\": false, \"manual_edit\": true}, {\"questionpart_n\": \"(e)\", \"question\": \"__(e)__\", \"answer\": \"ura pito so eco\", \"matches_human_scoring\": false, \"fuzzy_matching\": false, \"manual_edit\": false}, {\"questionpart_n\": \"(f)\", \"question\": \"__(f)__\", \"answer\": \"u wowpiyiw so op\", \"matches_human_scoring\": false, \"fuzzy_matching\": false, \"manual_edit\": false}, {\"questionpart_n\": \"(g)\", \"question\": \"__(g)__\", \"answer\": \"ra ceyukucyu so op\", \"matches_human_scoring\": false, \"fuzzy_matching\": false, \"manual_edit\": false}, {\"questionpart_n\": \"(h)\", \"question\": \"__(h)__\", \"answer\": \"atuto om so amon\", \"matches_human_scoring\": false, \"fuzzy_matching\": false, \"manual_edit\": false}, {\"questionpart_n\": \"(i)\", \"question\": \"__(i)__\", \"answer\": \"apcoyyiwto so eco\", \"matches_human_scoring\": false, \"fuzzy_matching\": false, \"manual_edit\": false}, {\"questionpart_n\": \"(j)\", \"question\": \"__(j)__\", \"answer\": \"op picoykucto so amon\", \"matches_human_scoring\": false, \"fuzzy_matching\": false, \"manual_edit\": false}]}]",
    "obfuscated": "True",
    "obf_num": "19",
    "mapping": {
        "a": "o",
        "e": "u",
        "i": "a",
        "o": "e",
        "u": "i",
        "m": "n",
        "n": "p",
        "p": "t",
        "t": "k",
        "k": "c",
        "c": "r",
        "r": "y",
        "y": "w",
        "w": "s",
        "s": "m"
    }
}