{
    "json_invalid": false,
    "preamble": "Problem 4. Language X (25 marks)  Language X is spoken by about 2.7 million speakers across the globe .  In the standard orthography used here, a syllable-final consonant letter indicates a consonant sound if it is b, but otherwise it indicates a tone; for example, the -m in bam indicates low tone (so, bam = /ba\u0300/).",
    "context": "Here is a list of phrases in Language X, and their English translations in a random order.\n\nTABLE 1\n\n A \t nploob khawg \t 1 \t the book\n\n B \t nploob tsuaj \t 2 \t the breast\n\n C \t dau bam \t 3 \t the coin\n\n D \t dau taj nkus \t 4 \t the fruit\n\n E \t kos bam \t 5       the grape juice\n\n F \t kos tsuam \t 6 \t the leaf\n\n G \t kos ntaig \t 7 \t the message (spoken)\n\n H \t kos taj \t 8 \t the message (written)\n\n I \t hlee thees \t 9 \t the milk\n\n J \t hlee tsuaj \t 10 \t the navel\n\n K \t hlee ntaig \t 11 \t the nerves\n\n L \t txus tsuaj \t 12 \t the pile of clothes\n\n M \t txus yej \t 13 \t the postal letter\n\n N \t teg nkus \t 14 \t the road\n\n O \t teg diaj \t 15 \t the sheet of paper\n\n P \t teg diaj phug lis \t 16 \t the stack of bank notes\n\n Q \t teg kiv \t 17 \t the umbilical cord\n\n R \t teg tsuam \t 18 \t the vine\n\n S \t xug yej \t 19 \t the way of peace\n\n\nTABLE 2\nLanguage X \t English\n\n __(a)__ hmos \t the sun\n\n __(b)__ hnau \t the rope\n\n __(c)__ nyeeg \t the song\n\n mee __(d)__ \t the essay\n\n __(e)__ __(f)__ \t the field\n\n __(g)__ __(h)__ __(i)__ the grape",
    "questions": "[{\"question_n\": \"Q 4.1\", \"prompt\": \"  Match up the Language X phrases A-S with their English translations 1-19. Write the corresponding number of the word that matches the English translation.\", \"subprompts\": [{\"questionpart_n\": \"A\", \"question\": \"nploob khawg\", \"answer\": \"6\", \"matches_human_scoring\": true, \"fuzzy_matching\": false, \"manual_edit\": false}, {\"questionpart_n\": \"B\", \"question\": \"nploob tsuaj\", \"answer\": \"15\", \"matches_human_scoring\": true, \"fuzzy_matching\": false, \"manual_edit\": false}, {\"questionpart_n\": \" C \\t \", \"question\": \"dau bam\", \"answer\": \"9\", \"matches_human_scoring\": true, \"fuzzy_matching\": false, \"manual_edit\": false}, {\"questionpart_n\": \"D\", \"question\": \"dau taj nkus\", \"answer\": \"5\", \"matches_human_scoring\": true, \"fuzzy_matching\": false, \"manual_edit\": false}, {\"questionpart_n\": \"E\", \"question\": \"kos bam\", \"answer\": \"2\", \"matches_human_scoring\": true, \"fuzzy_matching\": false, \"manual_edit\": false}, {\"questionpart_n\": \"F\", \"question\": \"kos tsuam \", \"answer\": \"10\", \"matches_human_scoring\": true, \"fuzzy_matching\": false, \"manual_edit\": false}, {\"questionpart_n\": \"G\", \"question\": \"kos ntaig \", \"answer\": \"3\", \"matches_human_scoring\": true, \"fuzzy_matching\": false, \"manual_edit\": false}, {\"questionpart_n\": \"H\", \"question\": \"kos taj\", \"answer\": \"4\", \"matches_human_scoring\": true, \"fuzzy_matching\": false, \"manual_edit\": false}, {\"questionpart_n\": \"I\", \"question\": \"hlee thees\", \"answer\": \"12\", \"matches_human_scoring\": true, \"fuzzy_matching\": false, \"manual_edit\": false}, {\"questionpart_n\": \"J\", \"question\": \"hlee tsuaj\", \"answer\": \"1\", \"matches_human_scoring\": true, \"fuzzy_matching\": false, \"manual_edit\": false}, {\"questionpart_n\": \"K\", \"question\": \"hlee ntaig\", \"answer\": \"16\", \"matches_human_scoring\": true, \"fuzzy_matching\": false, \"manual_edit\": false}, {\"questionpart_n\": \"L\", \"question\": \"txus tsuaj\", \"answer\": \"13\", \"matches_human_scoring\": true, \"fuzzy_matching\": false, \"manual_edit\": false}, {\"questionpart_n\": \"M\", \"question\": \"txus yej\", \"answer\": \"8\", \"matches_human_scoring\": true, \"fuzzy_matching\": false, \"manual_edit\": false}, {\"questionpart_n\": \"N\", \"question\": \"teg nkus\", \"answer\": \"18\", \"matches_human_scoring\": true, \"fuzzy_matching\": false, \"manual_edit\": false}, {\"questionpart_n\": \"O\", \"question\": \"teg diaj\", \"answer\": \"14\", \"matches_human_scoring\": true, \"fuzzy_matching\": false, \"manual_edit\": false}, {\"questionpart_n\": \"P\", \"question\": \"teg diaj phug lis\", \"answer\": \"19\", \"matches_human_scoring\": true, \"fuzzy_matching\": false, \"manual_edit\": false}, {\"questionpart_n\": \"Q\", \"question\": \"teg kiv\", \"answer\": \"11\", \"matches_human_scoring\": true, \"fuzzy_matching\": false, \"manual_edit\": false}, {\"questionpart_n\": \"R\", \"question\": \"teg tsuam\", \"answer\": \"17\", \"matches_human_scoring\": true, \"fuzzy_matching\": false, \"manual_edit\": false}, {\"questionpart_n\": \"S\", \"question\": \"xug yej\", \"answer\": \"7\", \"matches_human_scoring\": true, \"fuzzy_matching\": false, \"manual_edit\": false}]}, {\"question_n\": \"Q 4.2\", \"prompt\": \"Complete the table with your answer   given that zias means land. Include the Language X words given as the first or last words of the phrases concerned.\", \"subprompts\": [{\"questionpart_n\": \"a\", \"question\": \"__(a)__ hmos\", \"answer\": \"kos\", \"matches_human_scoring\": true, \"fuzzy_matching\": false, \"manual_edit\": false}, {\"questionpart_n\": \"b\", \"question\": \"__(b)__ hnau\", \"answer\": \"teg\", \"matches_human_scoring\": true, \"fuzzy_matching\": false, \"manual_edit\": false}, {\"questionpart_n\": \"c\", \"question\": \"__(c)__ nyeeg \", \"answer\": \"xug\", \"matches_human_scoring\": true, \"fuzzy_matching\": false, \"manual_edit\": false}, {\"questionpart_n\": \"d\", \"question\": \"mee __(d)__ \", \"answer\": \"tsuaj\", \"matches_human_scoring\": true, \"fuzzy_matching\": false, \"manual_edit\": false}, {\"questionpart_n\": \"e\", \"question\": \"__(e)__ __(f)__ \", \"answer\": \"nploob zias\", \"matches_human_scoring\": true, \"fuzzy_matching\": false, \"manual_edit\": false}, {\"questionpart_n\": \"f\", \"question\": \"__(g)__ __(h)__ __(i)__\", \"answer\": \"kos taj nkus\", \"matches_human_scoring\": true, \"fuzzy_matching\": false, \"manual_edit\": false}]}]",
    "obfuscated": "True",
    "obf_num": "28",
    "mapping": {
        "ai": "oo",
        "oo": "aw",
        "aw": "ua",
        "ua": "au",
        "au": "ee",
        "ee": "i",
        "i": "a",
        "a": "u",
        "u": "o",
        "o": "e",
        "e": "ia",
        "ia": "ai",
        "tx": "t",
        "ts": "tx",
        "nt": "ts",
        "ny": "nt",
        "nk": "ny",
        "hm": "nk",
        "hn": "hm",
        "hl": "hn",
        "ph": "hl",
        "th": "ph",
        "kh": "th",
        "npl": "kh",
        "d": "npl",
        "k": "d",
        "l": "k",
        "y": "l",
        "x": "y",
        "z": "x",
        "t": "z",
        "m": "b",
        "j": "g",
        "s": "m",
        "v": "j",
        "b": "s",
        "g": "v",
        "\u0300": "\u0300"
    }
}