{
    "json_invalid": false,
    "preamble": "Problem 4. Language X (25 marks)  Language X is spoken by about 2.7 million speakers across the globe .  In the standard orthography used here, a syllable-final consonant letter indicates a consonant sound if it is s, but otherwise it indicates a tone; for example, the -b in seeb indicates low tone (so, seeb = /see\u0300/).",
    "context": "Here is a list of phrases in Language X, and their English translations in a random order.\n\nTABLE 1\n\n A \t nplias khaiv \t 1 \t the book\n\n B \t nplias tsoog \t 2 \t the breast\n\n C \t daw seeb \t 3 \t the coin\n\n D \t daw teeg nkim \t 4 \t the fruit\n\n E \t kam seeb \t 5       the grape juice\n\n F \t kam tsoob \t 6 \t the leaf\n\n G \t kam ntev \t 7 \t the message (spoken)\n\n H \t kam teeg \t 8 \t the message (written)\n\n I \t hlua thuam \t 9 \t the milk\n\n J \t hlua tsoog \t 10 \t the navel\n\n K \t hlua ntev \t 11 \t the nerves\n\n L \t txim tsoog \t 12 \t the pile of clothes\n\n M \t txim yug \t 13 \t the postal letter\n\n N \t tuv nkim \t 14 \t the road\n\n O \t tuv dog \t 15 \t the sheet of paper\n\n P \t tuv dog phiv laum \t 16 \t the stack of bank notes\n\n Q \t tuv kauj \t 17 \t the umbilical cord\n\n R \t tuv tsoob \t 18 \t the vine\n\n S \t xiv yug \t 19 \t the way of peace\n\n\nTABLE 2\nLanguage X \t English\n\n __(a)__ hmam \t the sun\n\n __(b)__ hnaw \t the rope\n\n __(c)__ nyuav \t the song\n\n bua __(d)__ \t the essay\n\n __(e)__ __(f)__ \t the field\n\n __(g)__ __(h)__ __(i)__ the grape",
    "questions": "[{\"question_n\": \"Q 4.1\", \"prompt\": \"  Match up the Language X phrases A-S with their English translations 1-19. Write the corresponding number of the word that matches the English translation.\", \"subprompts\": [{\"questionpart_n\": \"A\", \"question\": \"nplias khaiv\", \"answer\": \"6\", \"matches_human_scoring\": true, \"fuzzy_matching\": false, \"manual_edit\": false}, {\"questionpart_n\": \"B\", \"question\": \"nplias tsoog\", \"answer\": \"15\", \"matches_human_scoring\": true, \"fuzzy_matching\": false, \"manual_edit\": false}, {\"questionpart_n\": \" C \\t \", \"question\": \"daw seeb\", \"answer\": \"9\", \"matches_human_scoring\": true, \"fuzzy_matching\": false, \"manual_edit\": false}, {\"questionpart_n\": \"D\", \"question\": \"daw teeg nkim\", \"answer\": \"5\", \"matches_human_scoring\": true, \"fuzzy_matching\": false, \"manual_edit\": false}, {\"questionpart_n\": \"E\", \"question\": \"kam seeb\", \"answer\": \"2\", \"matches_human_scoring\": true, \"fuzzy_matching\": false, \"manual_edit\": false}, {\"questionpart_n\": \"F\", \"question\": \"kam tsoob \", \"answer\": \"10\", \"matches_human_scoring\": true, \"fuzzy_matching\": false, \"manual_edit\": false}, {\"questionpart_n\": \"G\", \"question\": \"kam ntev \", \"answer\": \"3\", \"matches_human_scoring\": true, \"fuzzy_matching\": false, \"manual_edit\": false}, {\"questionpart_n\": \"H\", \"question\": \"kam teeg\", \"answer\": \"4\", \"matches_human_scoring\": true, \"fuzzy_matching\": false, \"manual_edit\": false}, {\"questionpart_n\": \"I\", \"question\": \"hlua thuam\", \"answer\": \"12\", \"matches_human_scoring\": true, \"fuzzy_matching\": false, \"manual_edit\": false}, {\"questionpart_n\": \"J\", \"question\": \"hlua tsoog\", \"answer\": \"1\", \"matches_human_scoring\": true, \"fuzzy_matching\": false, \"manual_edit\": false}, {\"questionpart_n\": \"K\", \"question\": \"hlua ntev\", \"answer\": \"16\", \"matches_human_scoring\": true, \"fuzzy_matching\": false, \"manual_edit\": false}, {\"questionpart_n\": \"L\", \"question\": \"txim tsoog\", \"answer\": \"13\", \"matches_human_scoring\": true, \"fuzzy_matching\": false, \"manual_edit\": false}, {\"questionpart_n\": \"M\", \"question\": \"txim yug\", \"answer\": \"8\", \"matches_human_scoring\": true, \"fuzzy_matching\": false, \"manual_edit\": false}, {\"questionpart_n\": \"N\", \"question\": \"tuv nkim\", \"answer\": \"18\", \"matches_human_scoring\": true, \"fuzzy_matching\": false, \"manual_edit\": false}, {\"questionpart_n\": \"O\", \"question\": \"tuv dog\", \"answer\": \"14\", \"matches_human_scoring\": true, \"fuzzy_matching\": false, \"manual_edit\": false}, {\"questionpart_n\": \"P\", \"question\": \"tuv dog phiv laum\", \"answer\": \"19\", \"matches_human_scoring\": true, \"fuzzy_matching\": false, \"manual_edit\": false}, {\"questionpart_n\": \"Q\", \"question\": \"tuv kauj\", \"answer\": \"11\", \"matches_human_scoring\": true, \"fuzzy_matching\": false, \"manual_edit\": false}, {\"questionpart_n\": \"R\", \"question\": \"tuv tsoob\", \"answer\": \"17\", \"matches_human_scoring\": true, \"fuzzy_matching\": false, \"manual_edit\": false}, {\"questionpart_n\": \"S\", \"question\": \"xiv yug\", \"answer\": \"7\", \"matches_human_scoring\": true, \"fuzzy_matching\": false, \"manual_edit\": false}]}, {\"question_n\": \"Q 4.2\", \"prompt\": \"Complete the table with your answer   given that zom means land. Include the Language X words given as the first or last words of the phrases concerned.\", \"subprompts\": [{\"questionpart_n\": \"a\", \"question\": \"__(a)__ hmam\", \"answer\": \"kam\", \"matches_human_scoring\": true, \"fuzzy_matching\": false, \"manual_edit\": false}, {\"questionpart_n\": \"b\", \"question\": \"__(b)__ hnaw\", \"answer\": \"tuv\", \"matches_human_scoring\": true, \"fuzzy_matching\": false, \"manual_edit\": false}, {\"questionpart_n\": \"c\", \"question\": \"__(c)__ nyuav \", \"answer\": \"xiv\", \"matches_human_scoring\": true, \"fuzzy_matching\": false, \"manual_edit\": false}, {\"questionpart_n\": \"d\", \"question\": \"bua __(d)__ \", \"answer\": \"tsoog\", \"matches_human_scoring\": true, \"fuzzy_matching\": false, \"manual_edit\": false}, {\"questionpart_n\": \"e\", \"question\": \"__(e)__ __(f)__ \", \"answer\": \"nplias zom\", \"matches_human_scoring\": true, \"fuzzy_matching\": false, \"manual_edit\": false}, {\"questionpart_n\": \"f\", \"question\": \"__(g)__ __(h)__ __(i)__\", \"answer\": \"kam teeg nkim\", \"matches_human_scoring\": true, \"fuzzy_matching\": false, \"manual_edit\": false}]}]",
    "obfuscated": "True",
    "obf_num": "25",
    "mapping": {
        "ai": "ia",
        "oo": "ai",
        "aw": "oo",
        "ua": "aw",
        "au": "ua",
        "ee": "au",
        "i": "ee",
        "a": "i",
        "u": "a",
        "o": "u",
        "e": "o",
        "ia": "e",
        "tx": "t",
        "ts": "tx",
        "nt": "ts",
        "ny": "nt",
        "nk": "ny",
        "hm": "nk",
        "hn": "hm",
        "hl": "hn",
        "ph": "hl",
        "th": "ph",
        "kh": "th",
        "npl": "kh",
        "d": "npl",
        "k": "d",
        "l": "k",
        "y": "l",
        "x": "y",
        "z": "x",
        "t": "z",
        "m": "s",
        "j": "v",
        "s": "b",
        "v": "g",
        "b": "m",
        "g": "j",
        "\u0300": "\u0300"
    }
}