{
    "json_invalid": false,
    "preamble": "Problem 4. Language X (25 marks)  Language X is spoken by about 2.7 million speakers across the globe .  In the standard orthography used here, a syllable-final consonant letter indicates a consonant sound if it is j, but otherwise it indicates a tone; for example, the -v in jav indicates low tone (so, jav = /ja\u0300/).",
    "context": "Here is a list of phrases in Language X, and their English translations in a random order.\n\nTABLE 1\n\n A \t hlooj hnaws \t 1 \t the book\n\n B \t hlooj xuab \t 2 \t the breast\n\n C \t phau jav \t 3 \t the coin\n\n D \t phau lab txug \t 4 \t the fruit\n\n E \t thog jav \t 5       the grape juice\n\n F \t thog xuav \t 6 \t the leaf\n\n G \t thog zais \t 7 \t the message (spoken)\n\n H \t thog lab \t 8 \t the message (written)\n\n I \t nyee hmeeg \t 9 \t the milk\n\n J \t nyee xuab \t 10 \t the navel\n\n K \t nyee zais \t 11 \t the nerves\n\n L \t yug xuab \t 12 \t the pile of clothes\n\n M \t yug npleb \t 13 \t the postal letter\n\n N \t les txug \t 14 \t the road\n\n O \t les phiab \t 15 \t the sheet of paper\n\n P \t les phiab nkus khig \t 16 \t the stack of bank notes\n\n Q \t les thim \t 17 \t the umbilical cord\n\n R \t les xuav \t 18 \t the vine\n\n S \t dus npleb \t 19 \t the way of peace\n\n\nTABLE 2\nLanguage X \t English\n\n __(a)__ tsog \t the sun\n\n __(b)__ ntau \t the rope\n\n __(c)__ tees \t the song\n\n vee __(d)__ \t the essay\n\n __(e)__ __(f)__ \t the field\n\n __(g)__ __(h)__ __(i)__ the grape",
    "questions": "[{\"question_n\": \"Q 4.1\", \"prompt\": \"  Match up the Language X phrases A-S with their English translations 1-19. Write the corresponding number of the word that matches the English translation.\", \"subprompts\": [{\"questionpart_n\": \"A\", \"question\": \"hlooj hnaws\", \"answer\": \"6\", \"matches_human_scoring\": true, \"fuzzy_matching\": false, \"manual_edit\": false}, {\"questionpart_n\": \"B\", \"question\": \"hlooj xuab\", \"answer\": \"15\", \"matches_human_scoring\": true, \"fuzzy_matching\": false, \"manual_edit\": false}, {\"questionpart_n\": \" C \\t \", \"question\": \"phau jav\", \"answer\": \"9\", \"matches_human_scoring\": true, \"fuzzy_matching\": false, \"manual_edit\": false}, {\"questionpart_n\": \"D\", \"question\": \"phau lab txug\", \"answer\": \"5\", \"matches_human_scoring\": true, \"fuzzy_matching\": false, \"manual_edit\": false}, {\"questionpart_n\": \"E\", \"question\": \"thog jav\", \"answer\": \"2\", \"matches_human_scoring\": true, \"fuzzy_matching\": false, \"manual_edit\": false}, {\"questionpart_n\": \"F\", \"question\": \"thog xuav \", \"answer\": \"10\", \"matches_human_scoring\": true, \"fuzzy_matching\": false, \"manual_edit\": false}, {\"questionpart_n\": \"G\", \"question\": \"thog zais \", \"answer\": \"3\", \"matches_human_scoring\": true, \"fuzzy_matching\": false, \"manual_edit\": false}, {\"questionpart_n\": \"H\", \"question\": \"thog lab\", \"answer\": \"4\", \"matches_human_scoring\": true, \"fuzzy_matching\": false, \"manual_edit\": false}, {\"questionpart_n\": \"I\", \"question\": \"nyee hmeeg\", \"answer\": \"12\", \"matches_human_scoring\": true, \"fuzzy_matching\": false, \"manual_edit\": false}, {\"questionpart_n\": \"J\", \"question\": \"nyee xuab\", \"answer\": \"1\", \"matches_human_scoring\": true, \"fuzzy_matching\": false, \"manual_edit\": false}, {\"questionpart_n\": \"K\", \"question\": \"nyee zais\", \"answer\": \"16\", \"matches_human_scoring\": true, \"fuzzy_matching\": false, \"manual_edit\": false}, {\"questionpart_n\": \"L\", \"question\": \"yug xuab\", \"answer\": \"13\", \"matches_human_scoring\": true, \"fuzzy_matching\": false, \"manual_edit\": false}, {\"questionpart_n\": \"M\", \"question\": \"yug npleb\", \"answer\": \"8\", \"matches_human_scoring\": true, \"fuzzy_matching\": false, \"manual_edit\": false}, {\"questionpart_n\": \"N\", \"question\": \"les txug\", \"answer\": \"18\", \"matches_human_scoring\": true, \"fuzzy_matching\": false, \"manual_edit\": false}, {\"questionpart_n\": \"O\", \"question\": \"les phiab\", \"answer\": \"14\", \"matches_human_scoring\": true, \"fuzzy_matching\": false, \"manual_edit\": false}, {\"questionpart_n\": \"P\", \"question\": \"les phiab nkus khig\", \"answer\": \"19\", \"matches_human_scoring\": true, \"fuzzy_matching\": false, \"manual_edit\": false}, {\"questionpart_n\": \"Q\", \"question\": \"les thim\", \"answer\": \"11\", \"matches_human_scoring\": true, \"fuzzy_matching\": false, \"manual_edit\": false}, {\"questionpart_n\": \"R\", \"question\": \"les xuav\", \"answer\": \"17\", \"matches_human_scoring\": true, \"fuzzy_matching\": false, \"manual_edit\": false}, {\"questionpart_n\": \"S\", \"question\": \"dus npleb\", \"answer\": \"7\", \"matches_human_scoring\": true, \"fuzzy_matching\": false, \"manual_edit\": false}]}, {\"question_n\": \"Q 4.2\", \"prompt\": \"Complete the table with your answer   given that kiag means land. Include the Language X words given as the first or last words of the phrases concerned.\", \"subprompts\": [{\"questionpart_n\": \"a\", \"question\": \"__(a)__ tsog\", \"answer\": \"thog\", \"matches_human_scoring\": true, \"fuzzy_matching\": false, \"manual_edit\": false}, {\"questionpart_n\": \"b\", \"question\": \"__(b)__ ntau\", \"answer\": \"les\", \"matches_human_scoring\": true, \"fuzzy_matching\": false, \"manual_edit\": false}, {\"questionpart_n\": \"c\", \"question\": \"__(c)__ tees \", \"answer\": \"dus\", \"matches_human_scoring\": true, \"fuzzy_matching\": false, \"manual_edit\": false}, {\"questionpart_n\": \"d\", \"question\": \"vee __(d)__ \", \"answer\": \"xuab\", \"matches_human_scoring\": true, \"fuzzy_matching\": false, \"manual_edit\": false}, {\"questionpart_n\": \"e\", \"question\": \"__(e)__ __(f)__ \", \"answer\": \"hlooj kiag\", \"matches_human_scoring\": true, \"fuzzy_matching\": false, \"manual_edit\": false}, {\"questionpart_n\": \"f\", \"question\": \"__(g)__ __(h)__ __(i)__\", \"answer\": \"thog lab txug\", \"matches_human_scoring\": true, \"fuzzy_matching\": false, \"manual_edit\": false}]}]",
    "obfuscated": "True",
    "obf_num": "9",
    "mapping": {
        "ai": "oo",
        "oo": "aw",
        "aw": "ua",
        "ua": "au",
        "au": "ee",
        "ee": "i",
        "i": "a",
        "a": "u",
        "u": "o",
        "o": "e",
        "e": "ia",
        "ia": "ai",
        "tx": "l",
        "ts": "y",
        "nt": "x",
        "ny": "z",
        "nk": "t",
        "hm": "tx",
        "hn": "ts",
        "hl": "nt",
        "ph": "ny",
        "th": "nk",
        "kh": "hm",
        "npl": "hn",
        "d": "hl",
        "k": "ph",
        "l": "th",
        "y": "kh",
        "x": "npl",
        "z": "d",
        "t": "k",
        "m": "j",
        "j": "s",
        "s": "v",
        "v": "b",
        "b": "g",
        "g": "m",
        "\u0300": "\u0300"
    }
}