{
    "json_invalid": false,
    "preamble": "Problem 4. Language X (25 marks)  Language X is spoken by about 2.7 million speakers across the globe .  In the standard orthography used here, a syllable-final consonant letter indicates a consonant sound if it is b, but otherwise it indicates a tone; for example, the -m in boom indicates low tone (so, boom = /boo\u0300/).",
    "context": "Here is a list of phrases in Language X, and their English translations in a random order.\n\nTABLE 1\n\n A \t kab dug \t 1 \t the book\n\n B \t kab nyoj \t 2 \t the breast\n\n C \t le boom \t 3 \t the coin\n\n D \t le tsooj hnaws \t 4 \t the fruit\n\n E \t yuas boom \t 5       the grape juice\n\n F \t yuas nyom \t 6 \t the leaf\n\n G \t yuas nkig \t 7 \t the message (spoken)\n\n H \t yuas tsooj \t 8 \t the message (written)\n\n I \t thia nplias \t 9 \t the milk\n\n J \t thia nyoj \t 10 \t the navel\n\n K \t thia nkig \t 11 \t the nerves\n\n L \t ntaws nyoj \t 12 \t the pile of clothes\n\n M \t ntaws zauj \t 13 \t the postal letter\n\n N \t tsaug hnaws \t 14 \t the road\n\n O \t tsaug leej \t 15 \t the sheet of paper\n\n P \t tsaug leej khawg xais \t 16 \t the stack of bank notes\n\n Q \t tsaug yaiv \t 17 \t the umbilical cord\n\n R \t tsaug nyom \t 18 \t the vine\n\n S \t tawg zauj \t 19 \t the way of peace\n\n\nTABLE 2\nLanguage X \t English\n\n __(a)__ hluas \t the sun\n\n __(b)__ phe \t the rope\n\n __(c)__ hmiag \t the song\n\n mia __(d)__ \t the essay\n\n __(e)__ __(f)__ \t the field\n\n __(g)__ __(h)__ __(i)__ the grape",
    "questions": "[{\"question_n\": \"Q 4.1\", \"prompt\": \"  Match up the Language X phrases A-S with their English translations 1-19. Write the corresponding number of the word that matches the English translation.\", \"subprompts\": [{\"questionpart_n\": \"A\", \"question\": \"kab dug\", \"answer\": \"6\", \"matches_human_scoring\": true, \"fuzzy_matching\": false, \"manual_edit\": false}, {\"questionpart_n\": \"B\", \"question\": \"kab nyoj\", \"answer\": \"15\", \"matches_human_scoring\": true, \"fuzzy_matching\": false, \"manual_edit\": false}, {\"questionpart_n\": \" C \\t \", \"question\": \"le boom\", \"answer\": \"9\", \"matches_human_scoring\": true, \"fuzzy_matching\": false, \"manual_edit\": false}, {\"questionpart_n\": \"D\", \"question\": \"le tsooj hnaws\", \"answer\": \"5\", \"matches_human_scoring\": true, \"fuzzy_matching\": false, \"manual_edit\": false}, {\"questionpart_n\": \"E\", \"question\": \"yuas boom\", \"answer\": \"2\", \"matches_human_scoring\": true, \"fuzzy_matching\": false, \"manual_edit\": false}, {\"questionpart_n\": \"F\", \"question\": \"yuas nyom \", \"answer\": \"10\", \"matches_human_scoring\": true, \"fuzzy_matching\": false, \"manual_edit\": false}, {\"questionpart_n\": \"G\", \"question\": \"yuas nkig \", \"answer\": \"3\", \"matches_human_scoring\": true, \"fuzzy_matching\": false, \"manual_edit\": false}, {\"questionpart_n\": \"H\", \"question\": \"yuas tsooj\", \"answer\": \"4\", \"matches_human_scoring\": true, \"fuzzy_matching\": false, \"manual_edit\": false}, {\"questionpart_n\": \"I\", \"question\": \"thia nplias\", \"answer\": \"12\", \"matches_human_scoring\": true, \"fuzzy_matching\": false, \"manual_edit\": false}, {\"questionpart_n\": \"J\", \"question\": \"thia nyoj\", \"answer\": \"1\", \"matches_human_scoring\": true, \"fuzzy_matching\": false, \"manual_edit\": false}, {\"questionpart_n\": \"K\", \"question\": \"thia nkig\", \"answer\": \"16\", \"matches_human_scoring\": true, \"fuzzy_matching\": false, \"manual_edit\": false}, {\"questionpart_n\": \"L\", \"question\": \"ntaws nyoj\", \"answer\": \"13\", \"matches_human_scoring\": true, \"fuzzy_matching\": false, \"manual_edit\": false}, {\"questionpart_n\": \"M\", \"question\": \"ntaws zauj\", \"answer\": \"8\", \"matches_human_scoring\": true, \"fuzzy_matching\": false, \"manual_edit\": false}, {\"questionpart_n\": \"N\", \"question\": \"tsaug hnaws\", \"answer\": \"18\", \"matches_human_scoring\": true, \"fuzzy_matching\": false, \"manual_edit\": false}, {\"questionpart_n\": \"O\", \"question\": \"tsaug leej\", \"answer\": \"14\", \"matches_human_scoring\": true, \"fuzzy_matching\": false, \"manual_edit\": false}, {\"questionpart_n\": \"P\", \"question\": \"tsaug leej khawg xais\", \"answer\": \"19\", \"matches_human_scoring\": true, \"fuzzy_matching\": false, \"manual_edit\": false}, {\"questionpart_n\": \"Q\", \"question\": \"tsaug yaiv\", \"answer\": \"11\", \"matches_human_scoring\": true, \"fuzzy_matching\": false, \"manual_edit\": false}, {\"questionpart_n\": \"R\", \"question\": \"tsaug nyom\", \"answer\": \"17\", \"matches_human_scoring\": true, \"fuzzy_matching\": false, \"manual_edit\": false}, {\"questionpart_n\": \"S\", \"question\": \"tawg zauj\", \"answer\": \"7\", \"matches_human_scoring\": true, \"fuzzy_matching\": false, \"manual_edit\": false}]}, {\"question_n\": \"Q 4.2\", \"prompt\": \"Complete the table with your answer   given that txees means land. Include the Language X words given as the first or last words of the phrases concerned.\", \"subprompts\": [{\"questionpart_n\": \"a\", \"question\": \"__(a)__ hluas\", \"answer\": \"yuas\", \"matches_human_scoring\": true, \"fuzzy_matching\": false, \"manual_edit\": false}, {\"questionpart_n\": \"b\", \"question\": \"__(b)__ phe\", \"answer\": \"tsaug\", \"matches_human_scoring\": true, \"fuzzy_matching\": false, \"manual_edit\": false}, {\"questionpart_n\": \"c\", \"question\": \"__(c)__ hmiag \", \"answer\": \"tawg\", \"matches_human_scoring\": true, \"fuzzy_matching\": false, \"manual_edit\": false}, {\"questionpart_n\": \"d\", \"question\": \"mia __(d)__ \", \"answer\": \"nyoj\", \"matches_human_scoring\": true, \"fuzzy_matching\": false, \"manual_edit\": false}, {\"questionpart_n\": \"e\", \"question\": \"__(e)__ __(f)__ \", \"answer\": \"kab txees\", \"matches_human_scoring\": true, \"fuzzy_matching\": false, \"manual_edit\": false}, {\"questionpart_n\": \"f\", \"question\": \"__(g)__ __(h)__ __(i)__\", \"answer\": \"yuas tsooj hnaws\", \"matches_human_scoring\": true, \"fuzzy_matching\": false, \"manual_edit\": false}]}]",
    "obfuscated": "True",
    "obf_num": "24",
    "mapping": {
        "ai": "a",
        "oo": "u",
        "aw": "o",
        "ua": "e",
        "au": "ia",
        "ee": "ai",
        "i": "oo",
        "a": "aw",
        "u": "ua",
        "o": "au",
        "e": "ee",
        "ia": "i",
        "tx": "ts",
        "ts": "nt",
        "nt": "ny",
        "ny": "nk",
        "nk": "hm",
        "hm": "hn",
        "hn": "hl",
        "hl": "ph",
        "ph": "th",
        "th": "kh",
        "kh": "npl",
        "npl": "d",
        "d": "k",
        "k": "l",
        "l": "y",
        "y": "x",
        "x": "z",
        "z": "t",
        "t": "tx",
        "m": "b",
        "j": "g",
        "s": "m",
        "v": "j",
        "b": "s",
        "g": "v",
        "\u0300": "\u0300"
    }
}