{
    "json_invalid": false,
    "preamble": "Problem 4. Language X (25 marks)  Language X is spoken by about 2.7 million speakers across the globe .  In the standard orthography used here, a syllable-final consonant letter indicates a consonant sound if it is s, but otherwise it indicates a tone; for example, the -b in sawb indicates low tone (so, sawb = /saw\u0300/).",
    "context": "Here is a list of phrases in Language X, and their English translations in a random order.\n\nTABLE 1\n\n A \t nplus khov \t 1 \t the book\n\n B \t nplus tseg \t 2 \t the breast\n\n C \t dia sawb \t 3 \t the coin\n\n D \t dia tawg nkuam \t 4 \t the fruit\n\n E \t kaum sawb \t 5       the grape juice\n\n F \t kaum tseb \t 6 \t the leaf\n\n G \t kaum ntav \t 7 \t the message (spoken)\n\n H \t kaum tawg \t 8 \t the message (written)\n\n I \t hlai thaim \t 9 \t the milk\n\n J \t hlai tseg \t 10 \t the navel\n\n K \t hlai ntav \t 11 \t the nerves\n\n L \t txuam tseg \t 12 \t the pile of clothes\n\n M \t txuam yeeg \t 13 \t the postal letter\n\n N \t teev nkuam \t 14 \t the road\n\n O \t teev dig \t 15 \t the sheet of paper\n\n P \t teev dig phuav loom \t 16 \t the stack of bank notes\n\n Q \t teev kooj \t 17 \t the umbilical cord\n\n R \t teev tseb \t 18 \t the vine\n\n S \t xuav yeeg \t 19 \t the way of peace\n\n\nTABLE 2\nLanguage X \t English\n\n __(a)__ hmaum \t the sun\n\n __(b)__ hnia \t the rope\n\n __(c)__ nyaiv \t the song\n\n bai __(d)__ \t the essay\n\n __(e)__ __(f)__ \t the field\n\n __(g)__ __(h)__ __(i)__ the grape",
    "questions": "[{\"question_n\": \"Q 4.1\", \"prompt\": \"  Match up the Language X phrases A-S with their English translations 1-19. Write the corresponding number of the word that matches the English translation.\", \"subprompts\": [{\"questionpart_n\": \"A\", \"question\": \"nplus khov\", \"answer\": \"6\", \"matches_human_scoring\": true, \"fuzzy_matching\": false, \"manual_edit\": false}, {\"questionpart_n\": \"B\", \"question\": \"nplus tseg\", \"answer\": \"15\", \"matches_human_scoring\": true, \"fuzzy_matching\": false, \"manual_edit\": false}, {\"questionpart_n\": \" C \\t \", \"question\": \"dia sawb\", \"answer\": \"9\", \"matches_human_scoring\": true, \"fuzzy_matching\": false, \"manual_edit\": false}, {\"questionpart_n\": \"D\", \"question\": \"dia tawg nkuam\", \"answer\": \"5\", \"matches_human_scoring\": true, \"fuzzy_matching\": false, \"manual_edit\": false}, {\"questionpart_n\": \"E\", \"question\": \"kaum sawb\", \"answer\": \"2\", \"matches_human_scoring\": true, \"fuzzy_matching\": false, \"manual_edit\": false}, {\"questionpart_n\": \"F\", \"question\": \"kaum tseb \", \"answer\": \"10\", \"matches_human_scoring\": true, \"fuzzy_matching\": false, \"manual_edit\": false}, {\"questionpart_n\": \"G\", \"question\": \"kaum ntav \", \"answer\": \"3\", \"matches_human_scoring\": true, \"fuzzy_matching\": false, \"manual_edit\": false}, {\"questionpart_n\": \"H\", \"question\": \"kaum tawg\", \"answer\": \"4\", \"matches_human_scoring\": true, \"fuzzy_matching\": false, \"manual_edit\": false}, {\"questionpart_n\": \"I\", \"question\": \"hlai thaim\", \"answer\": \"12\", \"matches_human_scoring\": true, \"fuzzy_matching\": false, \"manual_edit\": false}, {\"questionpart_n\": \"J\", \"question\": \"hlai tseg\", \"answer\": \"1\", \"matches_human_scoring\": true, \"fuzzy_matching\": false, \"manual_edit\": false}, {\"questionpart_n\": \"K\", \"question\": \"hlai ntav\", \"answer\": \"16\", \"matches_human_scoring\": true, \"fuzzy_matching\": false, \"manual_edit\": false}, {\"questionpart_n\": \"L\", \"question\": \"txuam tseg\", \"answer\": \"13\", \"matches_human_scoring\": true, \"fuzzy_matching\": false, \"manual_edit\": false}, {\"questionpart_n\": \"M\", \"question\": \"txuam yeeg\", \"answer\": \"8\", \"matches_human_scoring\": true, \"fuzzy_matching\": false, \"manual_edit\": false}, {\"questionpart_n\": \"N\", \"question\": \"teev nkuam\", \"answer\": \"18\", \"matches_human_scoring\": true, \"fuzzy_matching\": false, \"manual_edit\": false}, {\"questionpart_n\": \"O\", \"question\": \"teev dig\", \"answer\": \"14\", \"matches_human_scoring\": true, \"fuzzy_matching\": false, \"manual_edit\": false}, {\"questionpart_n\": \"P\", \"question\": \"teev dig phuav loom\", \"answer\": \"19\", \"matches_human_scoring\": true, \"fuzzy_matching\": false, \"manual_edit\": false}, {\"questionpart_n\": \"Q\", \"question\": \"teev kooj\", \"answer\": \"11\", \"matches_human_scoring\": true, \"fuzzy_matching\": false, \"manual_edit\": false}, {\"questionpart_n\": \"R\", \"question\": \"teev tseb\", \"answer\": \"17\", \"matches_human_scoring\": true, \"fuzzy_matching\": false, \"manual_edit\": false}, {\"questionpart_n\": \"S\", \"question\": \"xuav yeeg\", \"answer\": \"7\", \"matches_human_scoring\": true, \"fuzzy_matching\": false, \"manual_edit\": false}]}, {\"question_n\": \"Q 4.2\", \"prompt\": \"Complete the table with your answer   given that zim means land. Include the Language X words given as the first or last words of the phrases concerned.\", \"subprompts\": [{\"questionpart_n\": \"a\", \"question\": \"__(a)__ hmaum\", \"answer\": \"kaum\", \"matches_human_scoring\": true, \"fuzzy_matching\": false, \"manual_edit\": false}, {\"questionpart_n\": \"b\", \"question\": \"__(b)__ hnia\", \"answer\": \"teev\", \"matches_human_scoring\": true, \"fuzzy_matching\": false, \"manual_edit\": false}, {\"questionpart_n\": \"c\", \"question\": \"__(c)__ nyaiv \", \"answer\": \"xuav\", \"matches_human_scoring\": true, \"fuzzy_matching\": false, \"manual_edit\": false}, {\"questionpart_n\": \"d\", \"question\": \"bai __(d)__ \", \"answer\": \"tseg\", \"matches_human_scoring\": true, \"fuzzy_matching\": false, \"manual_edit\": false}, {\"questionpart_n\": \"e\", \"question\": \"__(e)__ __(f)__ \", \"answer\": \"nplus zim\", \"matches_human_scoring\": true, \"fuzzy_matching\": false, \"manual_edit\": false}, {\"questionpart_n\": \"f\", \"question\": \"__(g)__ __(h)__ __(i)__\", \"answer\": \"kaum tawg nkuam\", \"matches_human_scoring\": true, \"fuzzy_matching\": false, \"manual_edit\": false}]}]",
    "obfuscated": "True",
    "obf_num": "8",
    "mapping": {
        "ai": "u",
        "oo": "o",
        "aw": "e",
        "ua": "ia",
        "au": "ai",
        "ee": "oo",
        "i": "aw",
        "a": "ua",
        "u": "au",
        "o": "ee",
        "e": "i",
        "ia": "a",
        "tx": "t",
        "ts": "tx",
        "nt": "ts",
        "ny": "nt",
        "nk": "ny",
        "hm": "nk",
        "hn": "hm",
        "hl": "hn",
        "ph": "hl",
        "th": "ph",
        "kh": "th",
        "npl": "kh",
        "d": "npl",
        "k": "d",
        "l": "k",
        "y": "l",
        "x": "y",
        "z": "x",
        "t": "z",
        "m": "s",
        "j": "v",
        "s": "b",
        "v": "g",
        "b": "m",
        "g": "j",
        "\u0300": "\u0300"
    }
}