{
    "json_invalid": false,
    "preamble": "Problem 4. Language X (25 marks)  Language X is spoken by about 2.7 million speakers across the globe .  In the standard orthography used here, a syllable-final consonant letter indicates a consonant sound if it is j, but otherwise it indicates a tone; for example, the -v in jauv indicates low tone (so, jauv = /jau\u0300/).",
    "context": "Here is a list of phrases in Language X, and their English translations in a random order.\n\nTABLE 1\n\n A \t yej lias \t 1 \t the book\n\n B \t yej hmaib \t 2 \t the breast\n\n C \t xoo jauv \t 3 \t the coin\n\n D \t xoo nyaub pheeg \t 4 \t the fruit\n\n E \t zig jauv \t 5       the grape juice\n\n F \t zig hmaiv \t 6 \t the leaf\n\n G \t zig hnos \t 7 \t the message (spoken)\n\n H \t zig nyaub \t 8 \t the message (written)\n\n I \t nplaw kawg \t 9 \t the milk\n\n J \t nplaw hmaib \t 10 \t the navel\n\n K \t nplaw hnos \t 11 \t the nerves\n\n L \t nkeeg hmaib \t 12 \t the pile of clothes\n\n M \t nkeeg txab \t 13 \t the postal letter\n\n N \t nyas pheeg \t 14 \t the road\n\n O \t nyas xub \t 15 \t the sheet of paper\n\n P \t nyas xub dees tuag \t 16 \t the stack of bank notes\n\n Q \t nyas zuam \t 17 \t the umbilical cord\n\n R \t nyas hmaiv \t 18 \t the vine\n\n S \t tsees txab \t 19 \t the way of peace\n\n\nTABLE 2\nLanguage X \t English\n\n __(a)__ thig \t the sun\n\n __(b)__ khoo \t the rope\n\n __(c)__ hlaws \t the song\n\n vaw __(d)__ \t the essay\n\n __(e)__ __(f)__ \t the field\n\n __(g)__ __(h)__ __(i)__ the grape",
    "questions": "[{\"question_n\": \"Q 4.1\", \"prompt\": \"  Match up the Language X phrases A-S with their English translations 1-19. Write the corresponding number of the word that matches the English translation.\", \"subprompts\": [{\"questionpart_n\": \"A\", \"question\": \"yej lias\", \"answer\": \"6\", \"matches_human_scoring\": true, \"fuzzy_matching\": false, \"manual_edit\": false}, {\"questionpart_n\": \"B\", \"question\": \"yej hmaib\", \"answer\": \"15\", \"matches_human_scoring\": true, \"fuzzy_matching\": false, \"manual_edit\": false}, {\"questionpart_n\": \" C \\t \", \"question\": \"xoo jauv\", \"answer\": \"9\", \"matches_human_scoring\": true, \"fuzzy_matching\": false, \"manual_edit\": false}, {\"questionpart_n\": \"D\", \"question\": \"xoo nyaub pheeg\", \"answer\": \"5\", \"matches_human_scoring\": true, \"fuzzy_matching\": false, \"manual_edit\": false}, {\"questionpart_n\": \"E\", \"question\": \"zig jauv\", \"answer\": \"2\", \"matches_human_scoring\": true, \"fuzzy_matching\": false, \"manual_edit\": false}, {\"questionpart_n\": \"F\", \"question\": \"zig hmaiv \", \"answer\": \"10\", \"matches_human_scoring\": true, \"fuzzy_matching\": false, \"manual_edit\": false}, {\"questionpart_n\": \"G\", \"question\": \"zig hnos \", \"answer\": \"3\", \"matches_human_scoring\": true, \"fuzzy_matching\": false, \"manual_edit\": false}, {\"questionpart_n\": \"H\", \"question\": \"zig nyaub\", \"answer\": \"4\", \"matches_human_scoring\": true, \"fuzzy_matching\": false, \"manual_edit\": false}, {\"questionpart_n\": \"I\", \"question\": \"nplaw kawg\", \"answer\": \"12\", \"matches_human_scoring\": true, \"fuzzy_matching\": false, \"manual_edit\": false}, {\"questionpart_n\": \"J\", \"question\": \"nplaw hmaib\", \"answer\": \"1\", \"matches_human_scoring\": true, \"fuzzy_matching\": false, \"manual_edit\": false}, {\"questionpart_n\": \"K\", \"question\": \"nplaw hnos\", \"answer\": \"16\", \"matches_human_scoring\": true, \"fuzzy_matching\": false, \"manual_edit\": false}, {\"questionpart_n\": \"L\", \"question\": \"nkeeg hmaib\", \"answer\": \"13\", \"matches_human_scoring\": true, \"fuzzy_matching\": false, \"manual_edit\": false}, {\"questionpart_n\": \"M\", \"question\": \"nkeeg txab\", \"answer\": \"8\", \"matches_human_scoring\": true, \"fuzzy_matching\": false, \"manual_edit\": false}, {\"questionpart_n\": \"N\", \"question\": \"nyas pheeg\", \"answer\": \"18\", \"matches_human_scoring\": true, \"fuzzy_matching\": false, \"manual_edit\": false}, {\"questionpart_n\": \"O\", \"question\": \"nyas xub\", \"answer\": \"14\", \"matches_human_scoring\": true, \"fuzzy_matching\": false, \"manual_edit\": false}, {\"questionpart_n\": \"P\", \"question\": \"nyas xub dees tuag\", \"answer\": \"19\", \"matches_human_scoring\": true, \"fuzzy_matching\": false, \"manual_edit\": false}, {\"questionpart_n\": \"Q\", \"question\": \"nyas zuam\", \"answer\": \"11\", \"matches_human_scoring\": true, \"fuzzy_matching\": false, \"manual_edit\": false}, {\"questionpart_n\": \"R\", \"question\": \"nyas hmaiv\", \"answer\": \"17\", \"matches_human_scoring\": true, \"fuzzy_matching\": false, \"manual_edit\": false}, {\"questionpart_n\": \"S\", \"question\": \"tsees txab\", \"answer\": \"7\", \"matches_human_scoring\": true, \"fuzzy_matching\": false, \"manual_edit\": false}]}, {\"question_n\": \"Q 4.2\", \"prompt\": \"Complete the table with your answer   given that ntug means land. Include the Language X words given as the first or last words of the phrases concerned.\", \"subprompts\": [{\"questionpart_n\": \"a\", \"question\": \"__(a)__ thig\", \"answer\": \"zig\", \"matches_human_scoring\": true, \"fuzzy_matching\": false, \"manual_edit\": false}, {\"questionpart_n\": \"b\", \"question\": \"__(b)__ khoo\", \"answer\": \"nyas\", \"matches_human_scoring\": true, \"fuzzy_matching\": false, \"manual_edit\": false}, {\"questionpart_n\": \"c\", \"question\": \"__(c)__ hlaws \", \"answer\": \"tsees\", \"matches_human_scoring\": true, \"fuzzy_matching\": false, \"manual_edit\": false}, {\"questionpart_n\": \"d\", \"question\": \"vaw __(d)__ \", \"answer\": \"hmaib\", \"matches_human_scoring\": true, \"fuzzy_matching\": false, \"manual_edit\": false}, {\"questionpart_n\": \"e\", \"question\": \"__(e)__ __(f)__ \", \"answer\": \"yej ntug\", \"matches_human_scoring\": true, \"fuzzy_matching\": false, \"manual_edit\": false}, {\"questionpart_n\": \"f\", \"question\": \"__(g)__ __(h)__ __(i)__\", \"answer\": \"zig nyaub pheeg\", \"matches_human_scoring\": true, \"fuzzy_matching\": false, \"manual_edit\": false}]}]",
    "obfuscated": "True",
    "obf_num": "13",
    "mapping": {
        "ai": "e",
        "oo": "ia",
        "aw": "ai",
        "ua": "oo",
        "au": "aw",
        "ee": "ua",
        "i": "au",
        "a": "ee",
        "u": "i",
        "o": "a",
        "e": "u",
        "ia": "o",
        "tx": "ny",
        "ts": "nk",
        "nt": "hm",
        "ny": "hn",
        "nk": "hl",
        "hm": "ph",
        "hn": "th",
        "hl": "kh",
        "ph": "npl",
        "th": "d",
        "kh": "k",
        "npl": "l",
        "d": "y",
        "k": "x",
        "l": "z",
        "y": "t",
        "x": "tx",
        "z": "ts",
        "t": "nt",
        "m": "j",
        "j": "s",
        "s": "v",
        "v": "b",
        "b": "g",
        "g": "m",
        "\u0300": "\u0300"
    }
}