{
    "json_invalid": false,
    "preamble": "Problem 5. Language X (30 marks)\n Language X is a   language spoken   by 10,000 people who live in hamlets and small villages   .\n",
    "context": "Here are some Language X sentences and their translations. (Plural (pl) and singular (sg) are shown in the translation.)\n\n1\tEhu udepigepige sesede anoweti\tYou (pl) will be good because you (sg) are dying.\n2\tEhu udedei sesede upewepewe\tYou (pl) will go because you (pl) are crawling.\n3\tSene edude be wege bibino\tThe speech has substance but the people are settled.\n4\tIte Limi delade sesede Limi ite delade\tThat is not Limi\u2019s child because Limi has no children.\t\n5\tTewe tusatusano sesede leneme sotesotede\tThe clothes are stained because the path is swampy.\t\n6\tNopanapanade sesede sene ite yoteyotede\tThey are sitting down because the speech has no end.\t\n7\tNodeb toduawo opedipedidino be ite pigepigede\tYour (sg) mother is stealing things and is never good.\n8\tOdehe ite adedidei da leneme ehu nodehedob\tIf you (sg) aren\u2019t going to the path, they will imprison you (sg).\n9\tOdehe adehia ehu adetusa\tIf you (sg) fall, you (sg) will be dirty.\n10\tWege hohiade obei\tThe falling person is staying.\n11\tBuleb peupeuno ite nownowetino\tYour (sg) long snakes are not dead.\n12\tDelano ite wege bibide delade\tTheir child is not the settled person\u2019s child.\n13\tUtewime be ite otewibo sesede oluguluguwu\tYou (pl) see him but he does not see you (pl) because he is standing.\n14\tLeneme osotesote be ehu bege odepeu\tThe path is muddy (because it has rained) and the distance will be long.\n15\tLigiwe pewepewede utewime be tewe notusa\tYou (pl) see a crawling child and the clothes are dirty.\n16\tLigiwe luguluguwuno nohia\tThe standing children fall.\n",
    "questions": "[{\"question_n\": \"Q 5.\", \"prompt\": \"Translate between English and Language X. Include markings for plural (pl) and singular (sg) where necessary:\", \"subprompts\": [{\"questionpart_n\": \"A\", \"question\": \"Ehu udepanade sesede bulebo otusa\", \"answer\": \"You (pl) will sit down because your (pl) snake is dirty.\", \"matches_human_scoring\": false, \"fuzzy_matching\": false, \"manual_edit\": false}, {\"questionpart_n\": \"B\", \"question\": \"Odehe adeluguwu ehu adebei\", \"answer\": \"[\\\"If you (sg) stand, you (sg) will stay\\\", \\\"If you (sg) stand, you will be staying.\\\"]\", \"matches_human_scoring\": false, \"fuzzy_matching\": false, \"manual_edit\": false}, {\"questionpart_n\": \"C\", \"question\": \"Ligiwe nopigepige be delab pigepigede\", \"answer\": \"[\\\"The children are being good but your (sg) child is always being good.\\\", \\\"The children are being good but your (sg) child is always good.\\\", \\\"The children are being good but your (sg) child is being good.\\\", \\\"The children are good but your (sg) child is always being good.\\\", \\\"The children are being good but your (sg) child is good.\\\", \\\"The children are good but your (sg) child is always good.\\\", \\\"The children are good but your (sg) child is being good.\\\", \\\"The children are good but your (sg) child is good.\\\"]\", \"matches_human_scoring\": false, \"fuzzy_matching\": false, \"manual_edit\": false}, {\"questionpart_n\": \"D\", \"question\": \"Adidei da leneme peupeude\", \"answer\": \"You (sg) are going to the long path.\", \"matches_human_scoring\": false, \"fuzzy_matching\": false, \"manual_edit\": false}, {\"questionpart_n\": \"E\", \"question\": \"You (pl) steal a swampy thing.\", \"answer\": \"Toduawo sotesotede upedideme\", \"matches_human_scoring\": false, \"fuzzy_matching\": false, \"manual_edit\": false}, {\"questionpart_n\": \"F\", \"question\": \"If the path is long, you (sg) will be dirty.\", \"answer\": \"Odehe leneme odepeu ehu adetusa\", \"matches_human_scoring\": false, \"fuzzy_matching\": false, \"manual_edit\": false}, {\"questionpart_n\": \"G\", \"question\": \"Limi\\u2019s settled child is dying but is not dead.\", \"answer\": \"Limi delade bibide onoweti be ite nownowetide\", \"matches_human_scoring\": false, \"fuzzy_matching\": false, \"manual_edit\": false}, {\"questionpart_n\": \"H\", \"question\": \"The crawling children have substance.\", \"answer\": \"Ligiwe pewepeweno eduno\", \"matches_human_scoring\": false, \"fuzzy_matching\": false, \"manual_edit\": false}]}]",
    "obfuscated": "True",
    "obf_num": "14",
    "mapping": {
        "a": "e",
        "e": "i",
        "i": "o",
        "o": "u",
        "u": "a",
        "p": "h",
        "t": "l",
        "b": "s",
        "d": "p",
        "g": "t",
        "m": "b",
        "n": "d",
        "w": "g",
        "y": "m",
        "h": "n",
        "l": "w",
        "s": "y",
        "limi": "limi"
    }
}