{
    "json_invalid": false,
    "preamble": "Problem 5. Language X (30 marks)\n Language X is a   language spoken   by 10,000 people who live in hamlets and small villages   .\n",
    "context": "Here are some Language X sentences and their translations. (Plural (pl) and singular (sg) are shown in the translation.)\n\n1\tUni ipuhatuhatu yuyupu odegula\tYou (pl) will be good because you (sg) are dying.\n2\tUni ipupua yuyupu ihuguhugu\tYou (pl) will go because you (pl) are crawling.\n3\tYudu upipu su gutu sasade\tThe speech has substance but the people are settled.\n4\tAlu Limi puwopu yuyupu Limi alu puwopu\tThat is not Limi\u2019s child because Limi has no children.\t\n5\tLugu liyoliyode yuyupu wudubu yeluyelupu\tThe clothes are stained because the path is swampy.\t\n6\tDehodohodopu yuyupu yudu alu melumelupu\tThey are sitting down because the speech has no end.\t\n7\tDepus lepioge ehupahupapade su alu hatuhatupu\tYour (sg) mother is stealing things and is never good.\n8\tEpunu alu opupapua po wudubu uni depunupes\tIf you (sg) aren\u2019t going to the path, they will imprison you (sg).\n9\tEpunu opunao uni opuliyo\tIf you (sg) fall, you (sg) will be dirty.\n10\tGutu nenaopu esua\tThe falling person is staying.\n11\tSiwus huihuide alu degdegulade\tYour (sg) long snakes are not dead.\n12\tPuwode alu gutu sasapu puwopu\tTheir child is not the settled person\u2019s child.\n13\tIlugabu su alu elugase yuyupu ewitiwitigi\tYou (pl) see him but he does not see you (pl) because he is standing.\n14\tWudubu eyeluyelu su uni sutu epuhui\tThe path is muddy (because it has rained) and the distance will be long.\n15\tWatagu huguhugupu ilugabu su lugu deliyo\tYou (pl) see a crawling child and the clothes are dirty.\n16\tWatagu witiwitigide denao\tThe standing children fall.\n",
    "questions": "[{\"question_n\": \"Q 5.\", \"prompt\": \"Translate between English and Language X. Include markings for plural (pl) and singular (sg) where necessary:\", \"subprompts\": [{\"questionpart_n\": \"A\", \"question\": \"Uni ipuhodopu yuyupu siwuse eliyo\", \"answer\": \"You (pl) will sit down because your (pl) snake is dirty.\", \"matches_human_scoring\": false, \"fuzzy_matching\": false, \"manual_edit\": false}, {\"questionpart_n\": \"B\", \"question\": \"Epunu opuwitigi uni opusua\", \"answer\": \"[\\\"If you (sg) stand, you (sg) will stay\\\", \\\"If you (sg) stand, you will be staying.\\\"]\", \"matches_human_scoring\": false, \"fuzzy_matching\": false, \"manual_edit\": false}, {\"questionpart_n\": \"C\", \"question\": \"Watagu dehatuhatu su puwos hatuhatupu\", \"answer\": \"[\\\"The children are being good but your (sg) child is always being good.\\\", \\\"The children are being good but your (sg) child is always good.\\\", \\\"The children are being good but your (sg) child is being good.\\\", \\\"The children are good but your (sg) child is always being good.\\\", \\\"The children are being good but your (sg) child is good.\\\", \\\"The children are good but your (sg) child is always good.\\\", \\\"The children are good but your (sg) child is being good.\\\", \\\"The children are good but your (sg) child is good.\\\"]\", \"matches_human_scoring\": false, \"fuzzy_matching\": false, \"manual_edit\": false}, {\"questionpart_n\": \"D\", \"question\": \"Opapua po wudubu huihuipu\", \"answer\": \"You (sg) are going to the long path.\", \"matches_human_scoring\": false, \"fuzzy_matching\": false, \"manual_edit\": false}, {\"questionpart_n\": \"E\", \"question\": \"You (pl) steal a swampy thing.\", \"answer\": \"Lepioge yeluyelupu ihupapubu\", \"matches_human_scoring\": false, \"fuzzy_matching\": false, \"manual_edit\": false}, {\"questionpart_n\": \"F\", \"question\": \"If the path is long, you (sg) will be dirty.\", \"answer\": \"Epunu wudubu epuhui uni opuliyo\", \"matches_human_scoring\": false, \"fuzzy_matching\": false, \"manual_edit\": false}, {\"questionpart_n\": \"G\", \"question\": \"Limi\\u2019s settled child is dying but is not dead.\", \"answer\": \"Limi puwopu sasapu edegula su alu degdegulapu\", \"matches_human_scoring\": false, \"fuzzy_matching\": false, \"manual_edit\": false}, {\"questionpart_n\": \"H\", \"question\": \"The crawling children have substance.\", \"answer\": \"Watagu huguhugude upide\", \"matches_human_scoring\": false, \"fuzzy_matching\": false, \"manual_edit\": false}]}]",
    "obfuscated": "True",
    "obf_num": "2",
    "mapping": {
        "a": "u",
        "e": "a",
        "i": "e",
        "o": "i",
        "u": "o",
        "p": "n",
        "t": "w",
        "b": "y",
        "d": "h",
        "g": "l",
        "m": "s",
        "n": "p",
        "w": "t",
        "y": "b",
        "h": "d",
        "l": "g",
        "s": "m",
        "limi": "limi"
    }
}