{
    "json_invalid": false,
    "preamble": "Problem 5. Language X (30 marks)\n Language X is a   language spoken   by 10,000 people who live in hamlets and small villages   .\n",
    "context": "Here are some Language X sentences and their translations. (Plural (pl) and singular (sg) are shown in the translation.)\n\n1\tOge elowusowuso nonolo itaboyu\tYou (pl) will be good because you (sg) are dying.\n2\tOge elolou nonolo ewobowobo\tYou (pl) will go because you (pl) are crawling.\n3\tNoto olelo ho boso huhuta\tThe speech has substance but the people are settled.\n4\tUyo Limi lomilo nonolo Limi uyo lomilo\tThat is not Limi\u2019s child because Limi has no children.\t\n5\tYobo yeniyenita nonolo motopo nayonayolo\tThe clothes are stained because the path is swampy.\t\n6\tTawitiwitilo nonolo noto uyo dayodayolo\tThey are sitting down because the speech has no end.\t\n7\tTaloh yaleiba awoluwoluluta ho uyo wusowusolo\tYour (sg) mother is stealing things and is never good.\n8\tAlogo uyo ilolulou li motopo oge talogolah\tIf you (sg) aren\u2019t going to the path, they will imprison you (sg).\n9\tAlogo ilogui oge iloyeni\tIf you (sg) fall, you (sg) will be dirty.\n10\tBoso gaguilo ahou\tThe falling person is staying.\n11\tHemoh woewoeta uyo tabtaboyuta\tYour (sg) long snakes are not dead.\n12\tLomita uyo boso huhulo lomilo\tTheir child is not the settled person\u2019s child.\n13\tEyobupo ho uyo ayobuha nonolo amesemesebe\tYou (pl) see him but he does not see you (pl) because he is standing.\n14\tMotopo anayonayo ho oge hoso alowoe\tThe path is muddy (because it has rained) and the distance will be long.\n15\tMusubo wobowobolo eyobupo ho yobo tayeni\tYou (pl) see a crawling child and the clothes are dirty.\n16\tMusubo mesemesebeta tagui\tThe standing children fall.\n",
    "questions": "[{\"question_n\": \"Q 5.\", \"prompt\": \"Translate between English and Language X. Include markings for plural (pl) and singular (sg) where necessary:\", \"subprompts\": [{\"questionpart_n\": \"A\", \"question\": \"Oge elowitilo nonolo hemoha ayeni\", \"answer\": \"You (pl) will sit down because your (pl) snake is dirty.\", \"matches_human_scoring\": false, \"fuzzy_matching\": false, \"manual_edit\": false}, {\"questionpart_n\": \"B\", \"question\": \"Alogo ilomesebe oge ilohou\", \"answer\": \"[\\\"If you (sg) stand, you (sg) will stay\\\", \\\"If you (sg) stand, you will be staying.\\\"]\", \"matches_human_scoring\": false, \"fuzzy_matching\": false, \"manual_edit\": false}, {\"questionpart_n\": \"C\", \"question\": \"Musubo tawusowuso ho lomih wusowusolo\", \"answer\": \"[\\\"The children are being good but your (sg) child is always being good.\\\", \\\"The children are being good but your (sg) child is always good.\\\", \\\"The children are being good but your (sg) child is being good.\\\", \\\"The children are good but your (sg) child is always being good.\\\", \\\"The children are being good but your (sg) child is good.\\\", \\\"The children are good but your (sg) child is always good.\\\", \\\"The children are good but your (sg) child is being good.\\\", \\\"The children are good but your (sg) child is good.\\\"]\", \"matches_human_scoring\": false, \"fuzzy_matching\": false, \"manual_edit\": false}, {\"questionpart_n\": \"D\", \"question\": \"Ilulou li motopo woewoelo\", \"answer\": \"You (sg) are going to the long path.\", \"matches_human_scoring\": false, \"fuzzy_matching\": false, \"manual_edit\": false}, {\"questionpart_n\": \"E\", \"question\": \"You (pl) steal a swampy thing.\", \"answer\": \"Yaleiba nayonayolo ewolulopo\", \"matches_human_scoring\": false, \"fuzzy_matching\": false, \"manual_edit\": false}, {\"questionpart_n\": \"F\", \"question\": \"If the path is long, you (sg) will be dirty.\", \"answer\": \"Alogo motopo alowoe oge iloyeni\", \"matches_human_scoring\": false, \"fuzzy_matching\": false, \"manual_edit\": false}, {\"questionpart_n\": \"G\", \"question\": \"Limi\\u2019s settled child is dying but is not dead.\", \"answer\": \"Limi lomilo huhulo ataboyu ho uyo tabtaboyulo\", \"matches_human_scoring\": false, \"fuzzy_matching\": false, \"manual_edit\": false}, {\"questionpart_n\": \"H\", \"question\": \"The crawling children have substance.\", \"answer\": \"Musubo wobowobota oleta\", \"matches_human_scoring\": false, \"fuzzy_matching\": false, \"manual_edit\": false}]}]",
    "obfuscated": "True",
    "obf_num": "3",
    "mapping": {
        "a": "o",
        "e": "u",
        "i": "a",
        "o": "e",
        "u": "i",
        "p": "g",
        "t": "m",
        "b": "n",
        "d": "w",
        "g": "y",
        "m": "h",
        "n": "l",
        "w": "s",
        "y": "p",
        "h": "t",
        "l": "b",
        "s": "d",
        "limi": "limi"
    }
}