{
    "json_invalid": false,
    "preamble": "Problem 5. Language X (30 marks)\n Language X is a   language spoken   by 10,000 people who live in hamlets and small villages   .\n",
    "context": "Here are some Language X sentences and their translations. (Plural (pl) and singular (sg) are shown in the translation.)\n\n1\tIya abisodisodi lilibi emunipo\tYou (pl) will be good because you (sg) are dying.\n2\tIya abibio lilibi asinisini\tYou (pl) will go because you (pl) are crawling.\n3\tLimi ibabi ti nidi totomu\tThe speech has substance but the people are settled.\n4\tOpi Limi bihebi lilibi Limi opi bihebi\tThat is not Limi\u2019s child because Limi has no children.\t\n5\tPini palepalemu lilibi himigi lupilupibi\tThe clothes are stained because the path is swampy.\t\n6\tMusemesemebi lilibi limi opi wupiwupibi\tThey are sitting down because the speech has no end.\t\n7\tMubit pubaenu usibosibobomu ti opi sodisodibi\tYour (sg) mother is stealing things and is never good.\n8\tUbiyi opi ebibobio be himigi iya mubiyibut\tIf you (sg) aren\u2019t going to the path, they will imprison you (sg).\n9\tUbiyi ebiyoe iya ebipale\tIf you (sg) fall, you (sg) will be dirty.\n10\tNidi yuyoebi utio\tThe falling person is staying.\n11\tTahit siasiamu opi munmunipomu\tYour (sg) long snakes are not dead.\n12\tBihemu opi nidi totobi bihebi\tTheir child is not the settled person\u2019s child.\n13\tApinogi ti opi upinotu lilibi uhadahadana\tYou (pl) see him but he does not see you (pl) because he is standing.\n14\tHimigi ulupilupi ti iya tidi ubisia\tThe path is muddy (because it has rained) and the distance will be long.\n15\tHodoni sinisinibi apinogi ti pini mupale\tYou (pl) see a crawling child and the clothes are dirty.\n16\tHodoni hadahadanamu muyoe\tThe standing children fall.\n",
    "questions": "[{\"question_n\": \"Q 5.\", \"prompt\": \"Translate between English and Language X. Include markings for plural (pl) and singular (sg) where necessary:\", \"subprompts\": [{\"questionpart_n\": \"A\", \"question\": \"Iya abisemebi lilibi tahitu upale\", \"answer\": \"You (pl) will sit down because your (pl) snake is dirty.\", \"matches_human_scoring\": false, \"fuzzy_matching\": false, \"manual_edit\": false}, {\"questionpart_n\": \"B\", \"question\": \"Ubiyi ebihadana iya ebitio\", \"answer\": \"[\\\"If you (sg) stand, you (sg) will stay\\\", \\\"If you (sg) stand, you will be staying.\\\"]\", \"matches_human_scoring\": false, \"fuzzy_matching\": false, \"manual_edit\": false}, {\"questionpart_n\": \"C\", \"question\": \"Hodoni musodisodi ti bihet sodisodibi\", \"answer\": \"[\\\"The children are being good but your (sg) child is always being good.\\\", \\\"The children are being good but your (sg) child is always good.\\\", \\\"The children are being good but your (sg) child is being good.\\\", \\\"The children are good but your (sg) child is always being good.\\\", \\\"The children are being good but your (sg) child is good.\\\", \\\"The children are good but your (sg) child is always good.\\\", \\\"The children are good but your (sg) child is being good.\\\", \\\"The children are good but your (sg) child is good.\\\"]\", \"matches_human_scoring\": false, \"fuzzy_matching\": false, \"manual_edit\": false}, {\"questionpart_n\": \"D\", \"question\": \"Ebobio be himigi siasiabi\", \"answer\": \"You (sg) are going to the long path.\", \"matches_human_scoring\": false, \"fuzzy_matching\": false, \"manual_edit\": false}, {\"questionpart_n\": \"E\", \"question\": \"You (pl) steal a swampy thing.\", \"answer\": \"Pubaenu lupilupibi asibobigi\", \"matches_human_scoring\": false, \"fuzzy_matching\": false, \"manual_edit\": false}, {\"questionpart_n\": \"F\", \"question\": \"If the path is long, you (sg) will be dirty.\", \"answer\": \"Ubiyi himigi ubisia iya ebipale\", \"matches_human_scoring\": false, \"fuzzy_matching\": false, \"manual_edit\": false}, {\"questionpart_n\": \"G\", \"question\": \"Limi\\u2019s settled child is dying but is not dead.\", \"answer\": \"Limi bihebi totobi umunipo ti opi munmunipobi\", \"matches_human_scoring\": false, \"fuzzy_matching\": false, \"manual_edit\": false}, {\"questionpart_n\": \"H\", \"question\": \"The crawling children have substance.\", \"answer\": \"Hodoni sinisinimu ibamu\", \"matches_human_scoring\": false, \"fuzzy_matching\": false, \"manual_edit\": false}]}]",
    "obfuscated": "True",
    "obf_num": "15",
    "mapping": {
        "a": "i",
        "e": "o",
        "i": "u",
        "o": "a",
        "u": "e",
        "p": "y",
        "t": "h",
        "b": "l",
        "d": "s",
        "g": "p",
        "m": "t",
        "n": "b",
        "w": "d",
        "y": "g",
        "h": "m",
        "l": "n",
        "s": "w",
        "limi": "limi"
    }
}