{
    "json_invalid": false,
    "preamble": "Problem 5. Language X (30 marks)\n Language X is a   language spoken   by 10,000 people who live in hamlets and small villages   .\n",
    "context": "Here are some Language X sentences and their translations. (Plural (pl) and singular (sg) are shown in the translation.)\n\n1\tUsi imubanubanu tutumu oyehuda\tYou (pl) will be good because you (sg) are dying.\n2\tUsi imumua tutumu ibuhubuhu\tYou (pl) will go because you (pl) are crawling.\n3\tTuyu umimu gu hunu gagaye\tThe speech has substance but the people are settled.\n4\tAdu Limi mupomu tutumu Limi adu mupomu\tThat is not Limi\u2019s child because Limi has no children.\t\n5\tDuhu ditoditoye tutumu puyuwu tedutedumu\tThe clothes are stained because the path is swampy.\t\n6\tYeboyoboyomu tutumu tuyu adu leduledumu\tThey are sitting down because the speech has no end.\t\n7\tYemug demiohe ebumabumamaye gu adu banubanumu\tYour (sg) mother is stealing things and is never good.\n8\tEmusu adu omumamua mo puyuwu usi yemusumeg\tIf you (sg) aren\u2019t going to the path, they will imprison you (sg).\n9\tEmusu omusao usi omudito\tIf you (sg) fall, you (sg) will be dirty.\n10\tHunu sesaomu egua\tThe falling person is staying.\n11\tGipug buibuiye adu yehyehudaye\tYour (sg) long snakes are not dead.\n12\tMupoye adu hunu gagamu mupomu\tTheir child is not the settled person\u2019s child.\n13\tIduhawu gu adu eduhage tutumu epinipinihi\tYou (pl) see him but he does not see you (pl) because he is standing.\n14\tPuyuwu etedutedu gu usi gunu emubui\tThe path is muddy (because it has rained) and the distance will be long.\n15\tPanahu buhubuhumu iduhawu gu duhu yedito\tYou (pl) see a crawling child and the clothes are dirty.\n16\tPanahu pinipinihiye yesao\tThe standing children fall.\n",
    "questions": "[{\"question_n\": \"Q 5.\", \"prompt\": \"Translate between English and Language X. Include markings for plural (pl) and singular (sg) where necessary:\", \"subprompts\": [{\"questionpart_n\": \"A\", \"question\": \"Usi imuboyomu tutumu gipuge edito\", \"answer\": \"You (pl) will sit down because your (pl) snake is dirty.\", \"matches_human_scoring\": false, \"fuzzy_matching\": false, \"manual_edit\": false}, {\"questionpart_n\": \"B\", \"question\": \"Emusu omupinihi usi omugua\", \"answer\": \"[\\\"If you (sg) stand, you (sg) will stay\\\", \\\"If you (sg) stand, you will be staying.\\\"]\", \"matches_human_scoring\": false, \"fuzzy_matching\": false, \"manual_edit\": false}, {\"questionpart_n\": \"C\", \"question\": \"Panahu yebanubanu gu mupog banubanumu\", \"answer\": \"[\\\"The children are being good but your (sg) child is always being good.\\\", \\\"The children are being good but your (sg) child is always good.\\\", \\\"The children are being good but your (sg) child is being good.\\\", \\\"The children are good but your (sg) child is always being good.\\\", \\\"The children are being good but your (sg) child is good.\\\", \\\"The children are good but your (sg) child is always good.\\\", \\\"The children are good but your (sg) child is being good.\\\", \\\"The children are good but your (sg) child is good.\\\"]\", \"matches_human_scoring\": false, \"fuzzy_matching\": false, \"manual_edit\": false}, {\"questionpart_n\": \"D\", \"question\": \"Omamua mo puyuwu buibuimu\", \"answer\": \"You (sg) are going to the long path.\", \"matches_human_scoring\": false, \"fuzzy_matching\": false, \"manual_edit\": false}, {\"questionpart_n\": \"E\", \"question\": \"You (pl) steal a swampy thing.\", \"answer\": \"Demiohe tedutedumu ibumamuwu\", \"matches_human_scoring\": false, \"fuzzy_matching\": false, \"manual_edit\": false}, {\"questionpart_n\": \"F\", \"question\": \"If the path is long, you (sg) will be dirty.\", \"answer\": \"Emusu puyuwu emubui usi omudito\", \"matches_human_scoring\": false, \"fuzzy_matching\": false, \"manual_edit\": false}, {\"questionpart_n\": \"G\", \"question\": \"Limi\\u2019s settled child is dying but is not dead.\", \"answer\": \"Limi mupomu gagamu eyehuda gu adu yehyehudamu\", \"matches_human_scoring\": false, \"fuzzy_matching\": false, \"manual_edit\": false}, {\"questionpart_n\": \"H\", \"question\": \"The crawling children have substance.\", \"answer\": \"Panahu buhubuhuye umiye\", \"matches_human_scoring\": false, \"fuzzy_matching\": false, \"manual_edit\": false}]}]",
    "obfuscated": "True",
    "obf_num": "19",
    "mapping": {
        "a": "u",
        "e": "a",
        "i": "e",
        "o": "i",
        "u": "o",
        "p": "s",
        "t": "p",
        "b": "t",
        "d": "b",
        "g": "d",
        "m": "g",
        "n": "m",
        "w": "n",
        "y": "w",
        "h": "y",
        "l": "h",
        "s": "l",
        "limi": "limi"
    }
}