{
    "json_invalid": false,
    "preamble": "Problem 5. Language X (30 marks)\n Language X is a   language spoken   by 10,000 people who live in hamlets and small villages   .\n",
    "context": "Here are some Language X sentences and their translations. (Plural (pl) and singular (sg) are shown in the translation.)\n\n1\tOwe etolubolubo hohoto igamosu\tYou (pl) will be good because you (sg) are dying.\n2\tOwe etotou hohoto elomolomo\tYou (pl) will go because you (pl) are crawling.\n3\tHogo oteto po mobo pupuga\tThe speech has substance but the people are settled.\n4\tUso Limi toyito hohoto Limi uso toyito\tThat is not Limi\u2019s child because Limi has no children.\t\n5\tSomo sehisehiga hohoto yogodo hasohasoto\tThe clothes are stained because the path is swampy.\t\n6\tGaligiligito hohoto hogo uso nasonasoto\tThey are sitting down because the speech has no end.\t\n7\tGatop sateima alotulotutuga po uso luboluboto\tYour (sg) mother is stealing things and is never good.\n8\tAtowo uso itotutou ti yogodo owe gatowotap\tIf you (sg) aren\u2019t going to the path, they will imprison you (sg).\n9\tAtowo itowui owe itosehi\tIf you (sg) fall, you (sg) will be dirty.\n10\tMobo wawuito apou\tThe falling person is staying.\n11\tPeyop loeloega uso gamgamosuga\tYour (sg) long snakes are not dead.\n12\tToyiga uso mobo puputo toyito\tTheir child is not the settled person\u2019s child.\n13\tEsomudo po uso asomupa hohoto ayebeyebeme\tYou (pl) see him but he does not see you (pl) because he is standing.\n14\tYogodo ahasohaso po owe pobo atoloe\tThe path is muddy (because it has rained) and the distance will be long.\n15\tYubumo lomolomoto esomudo po somo gasehi\tYou (pl) see a crawling child and the clothes are dirty.\n16\tYubumo yebeyebemega gawui\tThe standing children fall.\n",
    "questions": "[{\"question_n\": \"Q 5.\", \"prompt\": \"Translate between English and Language X. Include markings for plural (pl) and singular (sg) where necessary:\", \"subprompts\": [{\"questionpart_n\": \"A\", \"question\": \"Owe etoligito hohoto peyopa asehi\", \"answer\": \"You (pl) will sit down because your (pl) snake is dirty.\", \"matches_human_scoring\": false, \"fuzzy_matching\": false, \"manual_edit\": false}, {\"questionpart_n\": \"B\", \"question\": \"Atowo itoyebeme owe itopou\", \"answer\": \"[\\\"If you (sg) stand, you (sg) will stay\\\", \\\"If you (sg) stand, you will be staying.\\\"]\", \"matches_human_scoring\": false, \"fuzzy_matching\": false, \"manual_edit\": false}, {\"questionpart_n\": \"C\", \"question\": \"Yubumo galubolubo po toyip luboluboto\", \"answer\": \"[\\\"The children are being good but your (sg) child is always being good.\\\", \\\"The children are being good but your (sg) child is always good.\\\", \\\"The children are being good but your (sg) child is being good.\\\", \\\"The children are good but your (sg) child is always being good.\\\", \\\"The children are being good but your (sg) child is good.\\\", \\\"The children are good but your (sg) child is always good.\\\", \\\"The children are good but your (sg) child is being good.\\\", \\\"The children are good but your (sg) child is good.\\\"]\", \"matches_human_scoring\": false, \"fuzzy_matching\": false, \"manual_edit\": false}, {\"questionpart_n\": \"D\", \"question\": \"Itutou ti yogodo loeloeto\", \"answer\": \"You (sg) are going to the long path.\", \"matches_human_scoring\": false, \"fuzzy_matching\": false, \"manual_edit\": false}, {\"questionpart_n\": \"E\", \"question\": \"You (pl) steal a swampy thing.\", \"answer\": \"Sateima hasohasoto elotutodo\", \"matches_human_scoring\": false, \"fuzzy_matching\": false, \"manual_edit\": false}, {\"questionpart_n\": \"F\", \"question\": \"If the path is long, you (sg) will be dirty.\", \"answer\": \"Atowo yogodo atoloe owe itosehi\", \"matches_human_scoring\": false, \"fuzzy_matching\": false, \"manual_edit\": false}, {\"questionpart_n\": \"G\", \"question\": \"Limi\\u2019s settled child is dying but is not dead.\", \"answer\": \"Limi toyito puputo agamosu po uso gamgamosuto\", \"matches_human_scoring\": false, \"fuzzy_matching\": false, \"manual_edit\": false}, {\"questionpart_n\": \"H\", \"question\": \"The crawling children have substance.\", \"answer\": \"Yubumo lomolomoga otega\", \"matches_human_scoring\": false, \"fuzzy_matching\": false, \"manual_edit\": false}]}]",
    "obfuscated": "True",
    "obf_num": "23",
    "mapping": {
        "a": "o",
        "e": "u",
        "i": "a",
        "o": "e",
        "u": "i",
        "p": "w",
        "t": "y",
        "b": "h",
        "d": "l",
        "g": "s",
        "m": "p",
        "n": "t",
        "w": "b",
        "y": "d",
        "h": "g",
        "l": "m",
        "s": "n",
        "limi": "limi"
    }
}