{
    "preamble": "Problem 1. The Pink Pig is Pink (5 marks)\n\n  In Language X, adjectives decline (change form) based on grammatical gender and function in the sentence.",
    "context": "Here are some sentences and their translations that demonstrate this phenomenon.\n\n1) \t Den fina grisen \u00e4r stor. \t The pretty pig is big.\n\n 2) \t Det stora huset \u00e4r fult. \t The big house is ugly.\n\n 3) \t Den gr\u00f6na bilen \u00e4r ful. \t The green car is ugly.\n\n 4) \t Det gr\u00f6na \u00e4pplet \u00e4r stort. \t The green apple is big.\n\n 5) \t Den konstiga hunden \u00e4r liten. \t The weird dog is small.\n\n 6) \t Det bruna \u00e4pplet \u00e4r litet. \t The brown apple is small.\n\n 7) \t Den stora skogen \u00e4r gr\u00f6n. \t The big forest is green.\n\n 8) \t Det trasiga taket \u00e4r smutsigt. \t The broken roof is dirty.\n\n 9) \t Den lilla katten \u00e4r fin. \t The small cat is pretty.\n\n 10) \t Den gula grenen \u00e4r smutsig. \t The yellow branch is dirty.\n\n 11) \t Det l\u00e5nga huset \u00e4r brunt. \t The long house is brown.",
    "questions": "[{\"question_n\": \"Q1.1\", \"prompt\": \"Translate these sentences into Language X:\", \"subprompts\": [{\"questionpart_n\": \"a)\", \"question\": \"Det____ huset \\u00e4r ____. The small house is green\", \"answer\": \"Det lilla huset \\u00e4r gr\\u00f6nt.\", \"matches_human_scoring\": false, \"fuzzy_matching\": false, \"manual_edit\": false}, {\"questionpart_n\": \"b)\", \"question\": \"Den ____ grisen \\u00e4r ____. The ugly pig is brown.\", \"answer\": \"Den fula grisen \\u00e4r brun.\", \"matches_human_scoring\": true, \"fuzzy_matching\": false, \"manual_edit\": false}, {\"questionpart_n\": \"c)\", \"question\": \"Det ____ taket \\u00e4r ____. The green roof is pretty.\", \"answer\": \"Det gro\\u0308na taket \\u00e4r fint.\", \"matches_human_scoring\": true, \"fuzzy_matching\": false, \"manual_edit\": false}, {\"questionpart_n\": \"d)\", \"question\": \"Den____ bilen \\u00e4r ____. The broken car is yellow.\", \"answer\": \"Den trasiga bilen \\u00e4r gul.\", \"matches_human_scoring\": false, \"fuzzy_matching\": false, \"manual_edit\": false}, {\"questionpart_n\": \"e)\", \"question\": \"Det ____ taket \\u00e4r ____. The dirty roof is weird.\", \"answer\": \"Det smutsiga taket \\u00e4r konstigt.\", \"matches_human_scoring\": true, \"fuzzy_matching\": false, \"manual_edit\": false}]}, {\"question_n\": \"Q1.2a\", \"prompt\": \"One of these adjectives behaves slightly differently to the others. Which one?\", \"subprompts\": [{\"questionpart_n\": \"f\", \"question\": \"\", \"answer\": \"[\\\"liten\\\", \\\"litet\\\", \\\"lilla\\\"]\", \"matches_human_scoring\": true, \"fuzzy_matching\": true, \"manual_edit\": false}]}, {\"question_n\": \"Q1.2b \", \"prompt\": \"It is closely related to an English adjective with the same meaning. Which one?\", \"subprompts\": [{\"questionpart_n\": \"g\", \"question\": \"\", \"answer\": \"Little\", \"matches_human_scoring\": true, \"fuzzy_matching\": false, \"manual_edit\": false}]}]",
    "notes": "Added four underscore (____) to represent a blank",
    "answers_page": 2,
    "team_review": false,
    "obfuscated": "False",
    "obf_num": "0",
    "mapping": null,
    "json_invalid": false
}