{
    "json_invalid": false,
    "preamble": "Problem 1. The Pink Pig is Pink (5 marks)\n\n  In Language X, adjectives decline (change form) based on grammatical gender and function in the sentence.",
    "context": "Here are some sentences and their translations that demonstrate this phenomenon.\n\n1) \t Ga\u0308f sa\u030afo\u0308 pla\u030aha\u0308f ol hkal. \t The pretty pig is big.\n\n 2) \t Ga\u0308k hkalo\u0308 reha\u0308k ol sebk. \t The big house is ugly.\n\n 3) \t Ga\u0308f plifo\u0308 da\u030aba\u0308f ol seb. \t The green car is ugly.\n\n 4) \t Ga\u0308k plifo\u0308 ottba\u0308k ol hkalk. \t The green apple is big.\n\n 5) \t Ga\u0308f mafhka\u030apo\u0308 refga\u0308f ol litef. \t The weird dog is small.\n\n 6) \t Ga\u0308k dlefo\u0308 ottba\u0308k ol litek. \t The brown apple is small.\n\n 7) \t Ga\u0308f hkalo\u0308 hmapa\u0308f ol plif. \t The big forest is green.\n\n 8) \t Ga\u0308k klo\u0308ha\u030apo\u0308 ko\u0308ma\u0308k ol hnekha\u030apk. \t The broken roof is dirty.\n\n 9) \t Ga\u0308f lillo\u0308 mo\u0308kka\u0308f ol sa\u030af. \t The small cat is pretty.\n\n 10) \t Ga\u0308f pebo\u0308 pla\u0308fa\u0308f ol hnekha\u030ap. \t The yellow branch is dirty.\n\n 11) \t Ga\u0308k bufpo\u0308 reha\u0308k ol dlefk. \t The long house is brown.",
    "questions": "[{\"question_n\": \"Q1.1\", \"prompt\": \"Translate these sentences into Language X:\", \"subprompts\": [{\"questionpart_n\": \"a)\", \"question\": \"Ga\u0308k____ reha\u0308k ol ____. The small house is green\", \"answer\": \"Ga\u0308k lillo\u0308 reha\u0308k ol plifk.\", \"matches_human_scoring\": false, \"fuzzy_matching\": false, \"manual_edit\": false}, {\"questionpart_n\": \"b)\", \"question\": \"Ga\u0308f ____ pla\u030aha\u0308f ol ____. The ugly pig is brown.\", \"answer\": \"Ga\u0308f sebo\u0308 pla\u030aha\u0308f ol dlef.\", \"matches_human_scoring\": true, \"fuzzy_matching\": false, \"manual_edit\": false}, {\"questionpart_n\": \"c)\", \"question\": \"Ga\u0308k ____ ko\u0308ma\u0308k ol ____. The green roof is pretty.\", \"answer\": \"Ga\u0308k plifo\u0308 ko\u0308ma\u0308k ol sa\u030afk.\", \"matches_human_scoring\": true, \"fuzzy_matching\": false, \"manual_edit\": false}, {\"questionpart_n\": \"d)\", \"question\": \"Ga\u0308f____ da\u030aba\u0308f ol ____. The broken car is yellow.\", \"answer\": \"Ga\u0308f klo\u0308ha\u030apo\u0308 da\u030aba\u0308f ol peb.\", \"matches_human_scoring\": false, \"fuzzy_matching\": false, \"manual_edit\": false}, {\"questionpart_n\": \"e)\", \"question\": \"Ga\u0308k ____ ko\u0308ma\u0308k ol ____. The dirty roof is weird.\", \"answer\": \"Ga\u0308k hnekha\u030apo\u0308 ko\u0308ma\u0308k ol mafhka\u030apk.\", \"matches_human_scoring\": true, \"fuzzy_matching\": false, \"manual_edit\": false}]}, {\"question_n\": \"Q1.2a\", \"prompt\": \"One of these adjectives behaves slightly differently to the others. Which one?\", \"subprompts\": [{\"questionpart_n\": \"f\", \"question\": \"\", \"answer\": \"[\\\"litef\\\", \\\"litek\\\", \\\"lillo\u0308\\\"]\", \"matches_human_scoring\": true, \"fuzzy_matching\": true, \"manual_edit\": false}]}, {\"question_n\": \"Q1.2b \", \"prompt\": \"It is closely related to an English adjective with the same meaning. Which one?\", \"subprompts\": [{\"questionpart_n\": \"g\", \"question\": \"\", \"answer\": \"Little\", \"matches_human_scoring\": true, \"fuzzy_matching\": false, \"manual_edit\": false}]}]",
    "obfuscated": "True",
    "obf_num": "16",
    "mapping": {
        "o\u0308": "i",
        "a\u0308": "o",
        "a\u030a": "u",
        "a": "o\u0308",
        "e": "a\u0308",
        "i": "a\u030a",
        "o": "a",
        "u": "e",
        "p": "t",
        "t": "k",
        "k": "m",
        "m": "n",
        "n": "f",
        "f": "s",
        "s": "h",
        "h": "r",
        "r": "l",
        "l": "b",
        "b": "d",
        "d": "g",
        "g": "p",
        "lite": "lite",
        "lill": "lill"
    }
}