{
    "json_invalid": false,
    "preamble": "Problem 1. The Pink Pig is Pink (5 marks)\n\n  In Language X, adjectives decline (change form) based on grammatical gender and function in the sentence.",
    "context": "Here are some sentences and their translations that demonstrate this phenomenon.\n\n1) \t Tah reha\u030a kdelah o\u0308d lnid. \t The pretty pig is big.\n\n 2) \t Tan lnida\u030a bolan o\u0308d rogn. \t The big house is ugly.\n\n 3) \t Tah kduha\u030a pegah o\u0308d rog. \t The green car is ugly.\n\n 4) \t Tan kduha\u030a o\u0308mmgan o\u0308d lnidn. \t The green apple is big.\n\n 5) \t Tah fihlneka\u030a bohtah o\u0308d liteh. \t The weird dog is small.\n\n 6) \t Tan pdoha\u030a o\u0308mmgan o\u0308d liten. \t The brown apple is small.\n\n 7) \t Tah lnida\u030a lfikah o\u0308d kduh. \t The big forest is green.\n\n 8) \t Tan nda\u030aleka\u030a na\u030afan o\u0308d lsonlekn. \t The broken roof is dirty.\n\n 9) \t Tah lilla\u030a fa\u030annah o\u0308d reh. \t The small cat is pretty.\n\n 10) \t Tah koga\u030a kdahah o\u0308d lsonlek. \t The yellow branch is dirty.\n\n 11) \t Tan ga\u0308hka\u030a bolan o\u0308d pdohn. \t The long house is brown.",
    "questions": "[{\"question_n\": \"Q1.1\", \"prompt\": \"Translate these sentences into Language X:\", \"subprompts\": [{\"questionpart_n\": \"a)\", \"question\": \"Tan____ bolan o\u0308d ____. The small house is green\", \"answer\": \"Tan lilla\u030a bolan o\u0308d kduhn.\", \"matches_human_scoring\": false, \"fuzzy_matching\": false, \"manual_edit\": false}, {\"questionpart_n\": \"b)\", \"question\": \"Tah ____ kdelah o\u0308d ____. The ugly pig is brown.\", \"answer\": \"Tah roga\u030a kdelah o\u0308d pdoh.\", \"matches_human_scoring\": true, \"fuzzy_matching\": false, \"manual_edit\": false}, {\"questionpart_n\": \"c)\", \"question\": \"Tan ____ na\u030afan o\u0308d ____. The green roof is pretty.\", \"answer\": \"Tan kduha\u030a na\u030afan o\u0308d rehn.\", \"matches_human_scoring\": true, \"fuzzy_matching\": false, \"manual_edit\": false}, {\"questionpart_n\": \"d)\", \"question\": \"Tah____ pegah o\u0308d ____. The broken car is yellow.\", \"answer\": \"Tah nda\u030aleka\u030a pegah o\u0308d kog.\", \"matches_human_scoring\": false, \"fuzzy_matching\": false, \"manual_edit\": false}, {\"questionpart_n\": \"e)\", \"question\": \"Tan ____ na\u030afan o\u0308d ____. The dirty roof is weird.\", \"answer\": \"Tan lsonleka\u030a na\u030afan o\u0308d fihlnekn.\", \"matches_human_scoring\": true, \"fuzzy_matching\": false, \"manual_edit\": false}]}, {\"question_n\": \"Q1.2a\", \"prompt\": \"One of these adjectives behaves slightly differently to the others. Which one?\", \"subprompts\": [{\"questionpart_n\": \"f\", \"question\": \"\", \"answer\": \"[\\\"liteh\\\", \\\"liten\\\", \\\"lilla\u030a\\\"]\", \"matches_human_scoring\": true, \"fuzzy_matching\": true, \"manual_edit\": false}]}, {\"question_n\": \"Q1.2b \", \"prompt\": \"It is closely related to an English adjective with the same meaning. Which one?\", \"subprompts\": [{\"questionpart_n\": \"g\", \"question\": \"\", \"answer\": \"Little\", \"matches_human_scoring\": true, \"fuzzy_matching\": false, \"manual_edit\": false}]}]",
    "obfuscated": "True",
    "obf_num": "1",
    "mapping": {
        "o\u0308": "u",
        "a\u0308": "o\u0308",
        "a\u030a": "a\u0308",
        "a": "a\u030a",
        "e": "a",
        "i": "e",
        "o": "i",
        "u": "o",
        "p": "m",
        "t": "n",
        "k": "f",
        "m": "s",
        "n": "h",
        "f": "r",
        "s": "l",
        "h": "b",
        "r": "d",
        "l": "g",
        "b": "p",
        "d": "t",
        "g": "k",
        "lite": "lite",
        "lill": "lill"
    }
}