{
    "json_invalid": false,
    "preamble": "Problem 1. The Pink Pig is Pink (5 marks)\n\n  In Language X, adjectives decline (change form) based on grammatical gender and function in the sentence.",
    "context": "Here are some sentences and their translations that demonstrate this phenomenon.\n\n1) \t So\u0308g pa\u0308gu hma\u0308to\u0308g im tla\u030am. \t The pretty pig is big.\n\n 2) \t So\u0308l tla\u030amu kato\u0308l im panl. \t The big house is ugly.\n\n 3) \t So\u0308g hmegu fa\u0308no\u0308g im pan. \t The green car is ugly.\n\n 4) \t So\u0308l hmegu irrno\u0308l im tla\u030aml. \t The green apple is big.\n\n 5) \t So\u0308g ba\u030agtla\u0308hu kagso\u0308g im liteg. \t The weird dog is small.\n\n 6) \t So\u0308l fmagu irrno\u0308l im litel. \t The brown apple is small.\n\n 7) \t So\u0308g tla\u030amu tba\u030aho\u0308g im hmeg. \t The big forest is green.\n\n 8) \t So\u0308l lmuta\u0308hu lubo\u0308l im tdalta\u0308hl. \t The broken roof is dirty.\n\n 9) \t So\u0308g lillu bullo\u0308g im pa\u0308g. \t The small cat is pretty.\n\n 10) \t So\u0308g hanu hmo\u0308go\u0308g im tdalta\u0308h. \t The yellow branch is dirty.\n\n 11) \t So\u0308l noghu kato\u0308l im fmagl. \t The long house is brown.",
    "questions": "[{\"question_n\": \"Q1.1\", \"prompt\": \"Translate these sentences into Language X:\", \"subprompts\": [{\"questionpart_n\": \"a)\", \"question\": \"So\u0308l____ kato\u0308l im ____. The small house is green\", \"answer\": \"So\u0308l lillu kato\u0308l im hmegl.\", \"matches_human_scoring\": false, \"fuzzy_matching\": false, \"manual_edit\": false}, {\"questionpart_n\": \"b)\", \"question\": \"So\u0308g ____ hma\u0308to\u0308g im ____. The ugly pig is brown.\", \"answer\": \"So\u0308g panu hma\u0308to\u0308g im fmag.\", \"matches_human_scoring\": true, \"fuzzy_matching\": false, \"manual_edit\": false}, {\"questionpart_n\": \"c)\", \"question\": \"So\u0308l ____ lubo\u0308l im ____. The green roof is pretty.\", \"answer\": \"So\u0308l hmegu lubo\u0308l im pa\u0308gl.\", \"matches_human_scoring\": true, \"fuzzy_matching\": false, \"manual_edit\": false}, {\"questionpart_n\": \"d)\", \"question\": \"So\u0308g____ fa\u0308no\u0308g im ____. The broken car is yellow.\", \"answer\": \"So\u0308g lmuta\u0308hu fa\u0308no\u0308g im han.\", \"matches_human_scoring\": false, \"fuzzy_matching\": false, \"manual_edit\": false}, {\"questionpart_n\": \"e)\", \"question\": \"So\u0308l ____ lubo\u0308l im ____. The dirty roof is weird.\", \"answer\": \"So\u0308l tdalta\u0308hu lubo\u0308l im ba\u030agtla\u0308hl.\", \"matches_human_scoring\": true, \"fuzzy_matching\": false, \"manual_edit\": false}]}, {\"question_n\": \"Q1.2a\", \"prompt\": \"One of these adjectives behaves slightly differently to the others. Which one?\", \"subprompts\": [{\"questionpart_n\": \"f\", \"question\": \"\", \"answer\": \"[\\\"liteg\\\", \\\"litel\\\", \\\"lillu\\\"]\", \"matches_human_scoring\": true, \"fuzzy_matching\": true, \"manual_edit\": false}]}, {\"question_n\": \"Q1.2b \", \"prompt\": \"It is closely related to an English adjective with the same meaning. Which one?\", \"subprompts\": [{\"questionpart_n\": \"g\", \"question\": \"\", \"answer\": \"Little\", \"matches_human_scoring\": true, \"fuzzy_matching\": false, \"manual_edit\": false}]}]",
    "obfuscated": "True",
    "obf_num": "17",
    "mapping": {
        "o\u0308": "e",
        "a\u0308": "i",
        "a\u030a": "o",
        "a": "u",
        "e": "o\u0308",
        "i": "a\u0308",
        "o": "a\u030a",
        "u": "a",
        "p": "r",
        "t": "l",
        "k": "b",
        "m": "d",
        "n": "g",
        "f": "p",
        "s": "t",
        "h": "k",
        "r": "m",
        "l": "n",
        "b": "f",
        "d": "s",
        "g": "h",
        "lite": "lite",
        "lill": "lill"
    }
}