{
    "json_invalid": false,
    "preamble": "Problem 3. Definitely Langauge X (10 marks)",
    "context": "Langauge X has a number of different ways of saying \u2018the\u2019. Look at the following examples:\n\nLangauge X\tEnglish\nf\u2019avza\tthe bear\nu rvogu\tthe trains\nuf lirra\tthe cat\nuf ricafa\tthe table\nf\u2019igudi\tthe soul\nuf lezra\tthe taste\nf\u2019ilgoffa\tthe lamb\nf\u2019iefi\tthe classroom\nfi tivtiffi\tthe butterfly\nfi livi\tthe race\nu lezru\tthe tastes\nfo tivtiffo\tthe butterflies\nfo paggo\tthe women\nfo igudo\tthe souls\nlfu ifeggu\tthe pupils\n\nNow look at this further set of Langauge X words\n\nfa zmana\tthe purpose\nfi zmani\tthe broom\nuf zivra\tthe tailor\nfa ztavsa\tthe effort\nfa siuga\tthe backpack\nu zizzu\tthe stones\nfi zifi\tthe room\nfi sagi\tthe zone\nfa zravuma\tthe historian\nu zemmozzu\tthe successes\nuf zeaga\tthe sound\nfo zmofro\tthe choices\nlfu spaghetti\tthe spaghetti\nlfu suu\tthe uncles\nlfu zmodu\tthe fools\nfo suo\tthe aunts\nfi zravui\thistory\n\n\n\n\n\n\n\n\n\n",
    "questions": "[{\"question_n\": \"Q 3.1\", \"prompt\": \"How would you translate the following into Langauge X?\", \"subprompts\": [{\"questionpart_n\": \"1.\", \"question\": \"the woman\", \"answer\": \"fi paggi\", \"matches_human_scoring\": false, \"fuzzy_matching\": false, \"manual_edit\": false}, {\"questionpart_n\": \"2.\", \"question\": \"the train\", \"answer\": \"uf rvoga\", \"matches_human_scoring\": false, \"fuzzy_matching\": false, \"manual_edit\": false}, {\"questionpart_n\": \"3.\", \"question\": \"the tables\", \"answer\": \"u ricafu\", \"matches_human_scoring\": false, \"fuzzy_matching\": false, \"manual_edit\": false}, {\"questionpart_n\": \"4.\", \"question\": \"the cats\", \"answer\": \"u lirru\", \"matches_human_scoring\": false, \"fuzzy_matching\": false, \"manual_edit\": false}, {\"questionpart_n\": \"5.\", \"question\": \"the classrooms\", \"answer\": \"fo iefo\", \"matches_human_scoring\": false, \"fuzzy_matching\": false, \"manual_edit\": false}, {\"questionpart_n\": \"6.\", \"question\": \"the pupil\", \"answer\": \"f\u2019ifegga\", \"matches_human_scoring\": false, \"fuzzy_matching\": false, \"manual_edit\": false}, {\"questionpart_n\": \"7.\", \"question\": \"the bears\", \"answer\": \"lfu avzu\", \"matches_human_scoring\": false, \"fuzzy_matching\": false, \"manual_edit\": false}]}, {\"question_n\": \"Q 3.2\", \"prompt\": \"Translate the following into Langauge X:\", \"subprompts\": [{\"questionpart_n\": \"1.\", \"question\": \"the aunt\", \"answer\": \"fi sui\", \"matches_human_scoring\": false, \"fuzzy_matching\": false, \"manual_edit\": false}, {\"questionpart_n\": \"2.\", \"question\": \"the uncle\", \"answer\": \"fa sua\", \"matches_human_scoring\": false, \"fuzzy_matching\": false, \"manual_edit\": false}, {\"questionpart_n\": \"3.\", \"question\": \"the stone\", \"answer\": \"uf zizza\", \"matches_human_scoring\": false, \"fuzzy_matching\": false, \"manual_edit\": false}, {\"questionpart_n\": \"4.\", \"question\": \"the historians\", \"answer\": \"lfu zravumu\", \"matches_human_scoring\": false, \"fuzzy_matching\": false, \"manual_edit\": false}, {\"questionpart_n\": \"5.\", \"question\": \"the backpacks\", \"answer\": \"lfu siugu\", \"matches_human_scoring\": false, \"fuzzy_matching\": false, \"manual_edit\": false}, {\"questionpart_n\": \"6.\", \"question\": \"the success\", \"answer\": \"uf zemmozza\", \"matches_human_scoring\": false, \"fuzzy_matching\": false, \"manual_edit\": false}, {\"questionpart_n\": \"7.\", \"question\": \"the zones\", \"answer\": \"fo sago\", \"matches_human_scoring\": false, \"fuzzy_matching\": false, \"manual_edit\": false}]}]",
    "obfuscated": "True",
    "obf_num": "22",
    "mapping": {
        "s": "z",
        "z": "s",
        "l": "f",
        "r": "v",
        "m": "d",
        "n": "g",
        "f": "t",
        "v": "c",
        "d": "p",
        "g": "l",
        "t": "r",
        "c": "m",
        "p": "n",
        "a": "i",
        "e": "o",
        "i": "u",
        "o": "a",
        "u": "e",
        "spaghetti": "spaghetti",
        "\u2019": "\u2019"
    }
}