{
    "json_invalid": false,
    "preamble": "Problem 3. Definitely Langauge X (10 marks)",
    "context": "Langauge X has a number of different ways of saying \u2018the\u2019. Look at the following examples:\n\nLangauge X\tEnglish\nd\u2019agza\tthe bear\nu ngocu\tthe trains\nud minna\tthe cat\nud nilada\tthe table\nd\u2019icuti\tthe soul\nud mezna\tthe taste\nd\u2019imcodda\tthe lamb\nd\u2019iedi\tthe classroom\ndi pigpiddi\tthe butterfly\ndi migi\tthe race\nu meznu\tthe tastes\ndo pigpiddo\tthe butterflies\ndo racco\tthe women\ndo icuto\tthe souls\nmdu ideccu\tthe pupils\n\nNow look at this further set of Langauge X words\n\nda zfava\tthe purpose\ndi zfavi\tthe broom\nud zigna\tthe tailor\nda zpagsa\tthe effort\nda siuca\tthe backpack\nu zizzu\tthe stones\ndi zidi\tthe room\ndi saci\tthe zone\nda znagufa\tthe historian\nu zeffozzu\tthe successes\nud zeaca\tthe sound\ndo zfodno\tthe choices\nmdu spaghetti\tthe spaghetti\nmdu suu\tthe uncles\nmdu zfotu\tthe fools\ndo suo\tthe aunts\ndi znagui\thistory\n\n\n\n\n\n\n\n\n\n",
    "questions": "[{\"question_n\": \"Q 3.1\", \"prompt\": \"How would you translate the following into Langauge X?\", \"subprompts\": [{\"questionpart_n\": \"1.\", \"question\": \"the woman\", \"answer\": \"di racci\", \"matches_human_scoring\": false, \"fuzzy_matching\": false, \"manual_edit\": false}, {\"questionpart_n\": \"2.\", \"question\": \"the train\", \"answer\": \"ud ngoca\", \"matches_human_scoring\": false, \"fuzzy_matching\": false, \"manual_edit\": false}, {\"questionpart_n\": \"3.\", \"question\": \"the tables\", \"answer\": \"u niladu\", \"matches_human_scoring\": false, \"fuzzy_matching\": false, \"manual_edit\": false}, {\"questionpart_n\": \"4.\", \"question\": \"the cats\", \"answer\": \"u minnu\", \"matches_human_scoring\": false, \"fuzzy_matching\": false, \"manual_edit\": false}, {\"questionpart_n\": \"5.\", \"question\": \"the classrooms\", \"answer\": \"do iedo\", \"matches_human_scoring\": false, \"fuzzy_matching\": false, \"manual_edit\": false}, {\"questionpart_n\": \"6.\", \"question\": \"the pupil\", \"answer\": \"d\u2019idecca\", \"matches_human_scoring\": false, \"fuzzy_matching\": false, \"manual_edit\": false}, {\"questionpart_n\": \"7.\", \"question\": \"the bears\", \"answer\": \"mdu agzu\", \"matches_human_scoring\": false, \"fuzzy_matching\": false, \"manual_edit\": false}]}, {\"question_n\": \"Q 3.2\", \"prompt\": \"Translate the following into Langauge X:\", \"subprompts\": [{\"questionpart_n\": \"1.\", \"question\": \"the aunt\", \"answer\": \"di sui\", \"matches_human_scoring\": false, \"fuzzy_matching\": false, \"manual_edit\": false}, {\"questionpart_n\": \"2.\", \"question\": \"the uncle\", \"answer\": \"da sua\", \"matches_human_scoring\": false, \"fuzzy_matching\": false, \"manual_edit\": false}, {\"questionpart_n\": \"3.\", \"question\": \"the stone\", \"answer\": \"ud zizza\", \"matches_human_scoring\": false, \"fuzzy_matching\": false, \"manual_edit\": false}, {\"questionpart_n\": \"4.\", \"question\": \"the historians\", \"answer\": \"mdu znagufu\", \"matches_human_scoring\": false, \"fuzzy_matching\": false, \"manual_edit\": false}, {\"questionpart_n\": \"5.\", \"question\": \"the backpacks\", \"answer\": \"mdu siucu\", \"matches_human_scoring\": false, \"fuzzy_matching\": false, \"manual_edit\": false}, {\"questionpart_n\": \"6.\", \"question\": \"the success\", \"answer\": \"ud zeffozza\", \"matches_human_scoring\": false, \"fuzzy_matching\": false, \"manual_edit\": false}, {\"questionpart_n\": \"7.\", \"question\": \"the zones\", \"answer\": \"do saco\", \"matches_human_scoring\": false, \"fuzzy_matching\": false, \"manual_edit\": false}]}]",
    "obfuscated": "True",
    "obf_num": "3",
    "mapping": {
        "s": "z",
        "z": "s",
        "l": "d",
        "r": "g",
        "m": "t",
        "n": "c",
        "f": "p",
        "v": "l",
        "d": "r",
        "g": "m",
        "t": "n",
        "c": "f",
        "p": "v",
        "a": "i",
        "e": "o",
        "i": "u",
        "o": "a",
        "u": "e",
        "spaghetti": "spaghetti",
        "\u2019": "\u2019"
    }
}