{
    "json_invalid": false,
    "preamble": "Problem 3. Definitely Langauge X (10 marks)",
    "context": "Langauge X has a number of different ways of saying \u2018the\u2019. Look at the following examples:\n\nLangauge X\tEnglish\np\u2019ilzi\tthe bear\ne glame\tthe trains\nep duggi\tthe cat\nep gufipi\tthe table\np\u2019umeru\tthe soul\nep dozgi\tthe taste\np\u2019udmappi\tthe lamb\np\u2019uopu\tthe classroom\npu nulnuppu\tthe butterfly\npu dulu\tthe race\ne dozge\tthe tastes\npa nulnuppa\tthe butterflies\npa vimma\tthe women\npa umera\tthe souls\ndpe upomme\tthe pupils\n\nNow look at this further set of Langauge X words\n\npi ztici\tthe purpose\npu zticu\tthe broom\nep zulgi\tthe tailor\npi znilsi\tthe effort\npi suemi\tthe backpack\ne zuzze\tthe stones\npu zupu\tthe room\npu simu\tthe zone\npi zgileti\tthe historian\ne zottazze\tthe successes\nep zoimi\tthe sound\npa ztapga\tthe choices\ndpe spaghetti\tthe spaghetti\ndpe see\tthe uncles\ndpe ztare\tthe fools\npa sea\tthe aunts\npu zgileu\thistory\n\n\n\n\n\n\n\n\n\n",
    "questions": "[{\"question_n\": \"Q 3.1\", \"prompt\": \"How would you translate the following into Langauge X?\", \"subprompts\": [{\"questionpart_n\": \"1.\", \"question\": \"the woman\", \"answer\": \"pu vimmu\", \"matches_human_scoring\": false, \"fuzzy_matching\": false, \"manual_edit\": false}, {\"questionpart_n\": \"2.\", \"question\": \"the train\", \"answer\": \"ep glami\", \"matches_human_scoring\": false, \"fuzzy_matching\": false, \"manual_edit\": false}, {\"questionpart_n\": \"3.\", \"question\": \"the tables\", \"answer\": \"e gufipe\", \"matches_human_scoring\": false, \"fuzzy_matching\": false, \"manual_edit\": false}, {\"questionpart_n\": \"4.\", \"question\": \"the cats\", \"answer\": \"e dugge\", \"matches_human_scoring\": false, \"fuzzy_matching\": false, \"manual_edit\": false}, {\"questionpart_n\": \"5.\", \"question\": \"the classrooms\", \"answer\": \"pa uopa\", \"matches_human_scoring\": false, \"fuzzy_matching\": false, \"manual_edit\": false}, {\"questionpart_n\": \"6.\", \"question\": \"the pupil\", \"answer\": \"p\u2019upommi\", \"matches_human_scoring\": false, \"fuzzy_matching\": false, \"manual_edit\": false}, {\"questionpart_n\": \"7.\", \"question\": \"the bears\", \"answer\": \"dpe ilze\", \"matches_human_scoring\": false, \"fuzzy_matching\": false, \"manual_edit\": false}]}, {\"question_n\": \"Q 3.2\", \"prompt\": \"Translate the following into Langauge X:\", \"subprompts\": [{\"questionpart_n\": \"1.\", \"question\": \"the aunt\", \"answer\": \"pu seu\", \"matches_human_scoring\": false, \"fuzzy_matching\": false, \"manual_edit\": false}, {\"questionpart_n\": \"2.\", \"question\": \"the uncle\", \"answer\": \"pi sei\", \"matches_human_scoring\": false, \"fuzzy_matching\": false, \"manual_edit\": false}, {\"questionpart_n\": \"3.\", \"question\": \"the stone\", \"answer\": \"ep zuzzi\", \"matches_human_scoring\": false, \"fuzzy_matching\": false, \"manual_edit\": false}, {\"questionpart_n\": \"4.\", \"question\": \"the historians\", \"answer\": \"dpe zgilete\", \"matches_human_scoring\": false, \"fuzzy_matching\": false, \"manual_edit\": false}, {\"questionpart_n\": \"5.\", \"question\": \"the backpacks\", \"answer\": \"dpe sueme\", \"matches_human_scoring\": false, \"fuzzy_matching\": false, \"manual_edit\": false}, {\"questionpart_n\": \"6.\", \"question\": \"the success\", \"answer\": \"ep zottazzi\", \"matches_human_scoring\": false, \"fuzzy_matching\": false, \"manual_edit\": false}, {\"questionpart_n\": \"7.\", \"question\": \"the zones\", \"answer\": \"pa sima\", \"matches_human_scoring\": false, \"fuzzy_matching\": false, \"manual_edit\": false}]}]",
    "obfuscated": "True",
    "obf_num": "15",
    "mapping": {
        "s": "z",
        "z": "s",
        "l": "p",
        "r": "l",
        "m": "r",
        "n": "m",
        "f": "n",
        "v": "f",
        "d": "v",
        "g": "d",
        "t": "g",
        "c": "t",
        "p": "c",
        "a": "u",
        "e": "a",
        "i": "e",
        "o": "i",
        "u": "o",
        "spaghetti": "spaghetti",
        "\u2019": "\u2019"
    }
}