{
    "json_invalid": false,
    "preamble": "Problem 3. Definitely Langauge X (10 marks)",
    "context": "Langauge X has a number of different ways of saying \u2018the\u2019. Look at the following examples:\n\nLangauge X\tEnglish\nn\u2019ifzi\tthe bear\ne lfade\tthe trains\nen pulli\tthe cat\nen lutini\tthe table\nn\u2019udevu\tthe soul\nen pozli\tthe taste\nn\u2019updanni\tthe lamb\nn\u2019uonu\tthe classroom\nnu gufgunnu\tthe butterfly\nnu pufu\tthe race\ne pozle\tthe tastes\nna gufgunna\tthe butterflies\nna cidda\tthe women\nna udeva\tthe souls\npne unodde\tthe pupils\n\nNow look at this further set of Langauge X words\n\nni zrimi\tthe purpose\nnu zrimu\tthe broom\nen zufli\tthe tailor\nni zgifsi\tthe effort\nni suedi\tthe backpack\ne zuzze\tthe stones\nnu zunu\tthe room\nnu sidu\tthe zone\nni zliferi\tthe historian\ne zorrazze\tthe successes\nen zoidi\tthe sound\nna zranla\tthe choices\npne spaghetti\tthe spaghetti\npne see\tthe uncles\npne zrave\tthe fools\nna sea\tthe aunts\nnu zlifeu\thistory\n\n\n\n\n\n\n\n\n\n",
    "questions": "[{\"question_n\": \"Q 3.1\", \"prompt\": \"How would you translate the following into Langauge X?\", \"subprompts\": [{\"questionpart_n\": \"1.\", \"question\": \"the woman\", \"answer\": \"nu ciddu\", \"matches_human_scoring\": false, \"fuzzy_matching\": false, \"manual_edit\": false}, {\"questionpart_n\": \"2.\", \"question\": \"the train\", \"answer\": \"en lfadi\", \"matches_human_scoring\": false, \"fuzzy_matching\": false, \"manual_edit\": false}, {\"questionpart_n\": \"3.\", \"question\": \"the tables\", \"answer\": \"e lutine\", \"matches_human_scoring\": false, \"fuzzy_matching\": false, \"manual_edit\": false}, {\"questionpart_n\": \"4.\", \"question\": \"the cats\", \"answer\": \"e pulle\", \"matches_human_scoring\": false, \"fuzzy_matching\": false, \"manual_edit\": false}, {\"questionpart_n\": \"5.\", \"question\": \"the classrooms\", \"answer\": \"na uona\", \"matches_human_scoring\": false, \"fuzzy_matching\": false, \"manual_edit\": false}, {\"questionpart_n\": \"6.\", \"question\": \"the pupil\", \"answer\": \"n\u2019unoddi\", \"matches_human_scoring\": false, \"fuzzy_matching\": false, \"manual_edit\": false}, {\"questionpart_n\": \"7.\", \"question\": \"the bears\", \"answer\": \"pne ifze\", \"matches_human_scoring\": false, \"fuzzy_matching\": false, \"manual_edit\": false}]}, {\"question_n\": \"Q 3.2\", \"prompt\": \"Translate the following into Langauge X:\", \"subprompts\": [{\"questionpart_n\": \"1.\", \"question\": \"the aunt\", \"answer\": \"nu seu\", \"matches_human_scoring\": false, \"fuzzy_matching\": false, \"manual_edit\": false}, {\"questionpart_n\": \"2.\", \"question\": \"the uncle\", \"answer\": \"ni sei\", \"matches_human_scoring\": false, \"fuzzy_matching\": false, \"manual_edit\": false}, {\"questionpart_n\": \"3.\", \"question\": \"the stone\", \"answer\": \"en zuzzi\", \"matches_human_scoring\": false, \"fuzzy_matching\": false, \"manual_edit\": false}, {\"questionpart_n\": \"4.\", \"question\": \"the historians\", \"answer\": \"pne zlifere\", \"matches_human_scoring\": false, \"fuzzy_matching\": false, \"manual_edit\": false}, {\"questionpart_n\": \"5.\", \"question\": \"the backpacks\", \"answer\": \"pne suede\", \"matches_human_scoring\": false, \"fuzzy_matching\": false, \"manual_edit\": false}, {\"questionpart_n\": \"6.\", \"question\": \"the success\", \"answer\": \"en zorrazzi\", \"matches_human_scoring\": false, \"fuzzy_matching\": false, \"manual_edit\": false}, {\"questionpart_n\": \"7.\", \"question\": \"the zones\", \"answer\": \"na sida\", \"matches_human_scoring\": false, \"fuzzy_matching\": false, \"manual_edit\": false}]}]",
    "obfuscated": "True",
    "obf_num": "18",
    "mapping": {
        "s": "z",
        "z": "s",
        "l": "n",
        "r": "f",
        "m": "v",
        "n": "d",
        "f": "g",
        "v": "t",
        "d": "c",
        "g": "p",
        "t": "l",
        "c": "r",
        "p": "m",
        "a": "u",
        "e": "a",
        "i": "e",
        "o": "i",
        "u": "o",
        "spaghetti": "spaghetti",
        "\u2019": "\u2019"
    }
}