{
    "json_invalid": false,
    "preamble": "Problem 3. Definitely Langauge X (10 marks)",
    "context": "Langauge X has a number of different ways of saying \u2018the\u2019. Look at the following examples:\n\nLangauge X\tEnglish\nc\u2019upzu\tthe bear\no dpiro\tthe trains\noc veddu\tthe cat\noc denucu\tthe table\nc\u2019erole\tthe soul\noc vazdu\tthe taste\nc\u2019evriccu\tthe lamb\nc\u2019eace\tthe classroom\nce mepmecce\tthe butterfly\nce vepe\tthe race\no vazdo\tthe tastes\nci mepmecci\tthe butterflies\nci furri\tthe women\nci eroli\tthe souls\nvco ecarro\tthe pupils\n\nNow look at this further set of Langauge X words\n\ncu zgutu\tthe purpose\nce zgute\tthe broom\noc zepdu\tthe tailor\ncu zmupsu\tthe effort\ncu seoru\tthe backpack\no zezzo\tthe stones\nce zece\tthe room\nce sure\tthe zone\ncu zdupogu\tthe historian\no zaggizzo\tthe successes\noc zauru\tthe sound\nci zgicdi\tthe choices\nvco spaghetti\tthe spaghetti\nvco soo\tthe uncles\nvco zgilo\tthe fools\nci soi\tthe aunts\nce zdupoe\thistory\n\n\n\n\n\n\n\n\n\n",
    "questions": "[{\"question_n\": \"Q 3.1\", \"prompt\": \"How would you translate the following into Langauge X?\", \"subprompts\": [{\"questionpart_n\": \"1.\", \"question\": \"the woman\", \"answer\": \"ce furre\", \"matches_human_scoring\": false, \"fuzzy_matching\": false, \"manual_edit\": false}, {\"questionpart_n\": \"2.\", \"question\": \"the train\", \"answer\": \"oc dpiru\", \"matches_human_scoring\": false, \"fuzzy_matching\": false, \"manual_edit\": false}, {\"questionpart_n\": \"3.\", \"question\": \"the tables\", \"answer\": \"o denuco\", \"matches_human_scoring\": false, \"fuzzy_matching\": false, \"manual_edit\": false}, {\"questionpart_n\": \"4.\", \"question\": \"the cats\", \"answer\": \"o veddo\", \"matches_human_scoring\": false, \"fuzzy_matching\": false, \"manual_edit\": false}, {\"questionpart_n\": \"5.\", \"question\": \"the classrooms\", \"answer\": \"ci eaci\", \"matches_human_scoring\": false, \"fuzzy_matching\": false, \"manual_edit\": false}, {\"questionpart_n\": \"6.\", \"question\": \"the pupil\", \"answer\": \"c\u2019ecarru\", \"matches_human_scoring\": false, \"fuzzy_matching\": false, \"manual_edit\": false}, {\"questionpart_n\": \"7.\", \"question\": \"the bears\", \"answer\": \"vco upzo\", \"matches_human_scoring\": false, \"fuzzy_matching\": false, \"manual_edit\": false}]}, {\"question_n\": \"Q 3.2\", \"prompt\": \"Translate the following into Langauge X:\", \"subprompts\": [{\"questionpart_n\": \"1.\", \"question\": \"the aunt\", \"answer\": \"ce soe\", \"matches_human_scoring\": false, \"fuzzy_matching\": false, \"manual_edit\": false}, {\"questionpart_n\": \"2.\", \"question\": \"the uncle\", \"answer\": \"cu sou\", \"matches_human_scoring\": false, \"fuzzy_matching\": false, \"manual_edit\": false}, {\"questionpart_n\": \"3.\", \"question\": \"the stone\", \"answer\": \"oc zezzu\", \"matches_human_scoring\": false, \"fuzzy_matching\": false, \"manual_edit\": false}, {\"questionpart_n\": \"4.\", \"question\": \"the historians\", \"answer\": \"vco zdupogo\", \"matches_human_scoring\": false, \"fuzzy_matching\": false, \"manual_edit\": false}, {\"questionpart_n\": \"5.\", \"question\": \"the backpacks\", \"answer\": \"vco seoro\", \"matches_human_scoring\": false, \"fuzzy_matching\": false, \"manual_edit\": false}, {\"questionpart_n\": \"6.\", \"question\": \"the success\", \"answer\": \"oc zaggizzu\", \"matches_human_scoring\": false, \"fuzzy_matching\": false, \"manual_edit\": false}, {\"questionpart_n\": \"7.\", \"question\": \"the zones\", \"answer\": \"ci suri\", \"matches_human_scoring\": false, \"fuzzy_matching\": false, \"manual_edit\": false}]}]",
    "obfuscated": "True",
    "obf_num": "23",
    "mapping": {
        "s": "z",
        "z": "s",
        "l": "c",
        "r": "p",
        "m": "l",
        "n": "r",
        "f": "m",
        "v": "n",
        "d": "f",
        "g": "v",
        "t": "d",
        "c": "g",
        "p": "t",
        "a": "e",
        "e": "i",
        "i": "o",
        "o": "u",
        "u": "a",
        "spaghetti": "spaghetti",
        "\u2019": "\u2019"
    }
}