{
    "json_invalid": false,
    "preamble": "Problem 4. A Dog\u2019s Breakfast (10 marks)",
    "context": "Below are some sentences in the Language X, followed by their English translations:\n\nOr-robik ojezre k-jezxazirre.\tThe boy sings the song.\nOr-robik le goznakres ok-fedz\u0307ozed.\tThe boy doesn't insult the gardener\nOk-jik\u0127 rer-robik waqe olmedi\u0127.\tThe boy's dog is naughty.\nOk-jroi\u0127 rez-zig\u0307uxgezr hezo waqe leg\u0127laf.\tThe rich merchant's book is dirty.\nOk-jukexxguz rek-jik\u0127 waqe reggi\u0127.\tThe dog's breakfast is good.\nOr-robke rek-fedz\u0307ozed gonle k-merran olmedi\u0127.\tThe gardener\u2019s daughter hears the naughty cat.\nOn-neggoiz\u0307 thod gede k-jroi\u0127.\tThe small fisherman sees the book.\nOk-jezrezr le gonles or-robke.\tThe singer doesn\u2019t hear the girl.\nOk-bedl rek-\u0127oz\u0307qo waqe j\u0127od.\tThe farmer\u2019s farm is big.\n\nBelow are ten more Language X words, and their English translations on the right in random order.\nTable 2.\n(a) \u0127oiz\u0307ge\t(i) canine (adjective)\n(b) zig\u0307uxga\t(ii) fishing\n(c) mrerin\t(iii) wealth\n(d) rgoi\u0127e\t(iv) dirt, grime\n(e) jor\u0127e\t(v) vastness, immensity\n(f) negz\u0307\t(vi) writing, literature\n(g) heze\t(vii) agriculture\n(h) j\u0127ed\t(viii) business\n(i) g\u0127loif\t(ix) virtue, goodness\n(j) jkoi\u0127\t(x) kitten\n\n",
    "questions": "[{\"question_n\": \"Q 4.1\", \"prompt\": \"Q 4.1 Translate the following sentences into Language X:\", \"subprompts\": [{\"questionpart_n\": \"(a)\", \"question\": \"The girl\\u2019s book is small.\", \"answer\": \"Ok-jroi\u0127 rer-robke waqe thod.\", \"matches_human_scoring\": false, \"fuzzy_matching\": false, \"manual_edit\": false}, {\"questionpart_n\": \"(b)\", \"question\": \"The dirty dog doesn\\u2019t see the gardener\\u2019s son.\", \"answer\": \"Ok-jik\u0127 leg\u0127laf le gedes or-robik rek-fedz\u0307ozed.\", \"matches_human_scoring\": false, \"fuzzy_matching\": false, \"manual_edit\": false}, {\"questionpart_n\": \"(c)\", \"question\": \"The big farmer\\u2019s cat is good.\", \"answer\": \"Ok-merran rek-\u0127oz\u0307qo j\u0127od waqe reggi\u0127.\", \"matches_human_scoring\": false, \"fuzzy_matching\": false, \"manual_edit\": false}, {\"questionpart_n\": \"(d)\", \"question\": \"The girl sees the rich boy\\u2019s breakfast.\", \"answer\": \"Or-robke gede k-jukexxguz rer-robik hezo.\", \"matches_human_scoring\": false, \"fuzzy_matching\": false, \"manual_edit\": false}]}, {\"question_n\": \"Q 4.2\", \"prompt\": \"Q 4.2 Table 2 shows ten Language X words, and their English translations on the right in random order. Determine the correct correspondences. Please write the corresponding roman numeral of the word that matches the numbered item.\", \"subprompts\": [{\"questionpart_n\": \"(a)\", \"question\": \"\u0127oiz\u0307ge\", \"answer\": \"vii\", \"matches_human_scoring\": false, \"fuzzy_matching\": false, \"manual_edit\": false}, {\"questionpart_n\": \"(b)\", \"question\": \"zig\u0307uxga\", \"answer\": \"viii\", \"matches_human_scoring\": false, \"fuzzy_matching\": false, \"manual_edit\": false}, {\"questionpart_n\": \"(c)\", \"question\": \"mrerin\", \"answer\": \"x\", \"matches_human_scoring\": false, \"fuzzy_matching\": false, \"manual_edit\": false}, {\"questionpart_n\": \"(d)\", \"question\": \"rgoi\u0127e\", \"answer\": \"ix\", \"matches_human_scoring\": false, \"fuzzy_matching\": false, \"manual_edit\": false}, {\"questionpart_n\": \"(e)\", \"question\": \"jor\u0127e\", \"answer\": \"vi\", \"matches_human_scoring\": false, \"fuzzy_matching\": false, \"manual_edit\": false}, {\"questionpart_n\": \"(f)\", \"question\": \"negz\u0307\", \"answer\": \"ii\", \"matches_human_scoring\": false, \"fuzzy_matching\": false, \"manual_edit\": false}, {\"questionpart_n\": \"(g)\", \"question\": \"heze\", \"answer\": \"iii\", \"matches_human_scoring\": false, \"fuzzy_matching\": false, \"manual_edit\": false}, {\"questionpart_n\": \"(h)\", \"question\": \"j\u0127ed\", \"answer\": \"v\", \"matches_human_scoring\": false, \"fuzzy_matching\": false, \"manual_edit\": false}, {\"questionpart_n\": \"(i)\", \"question\": \"g\u0127loif\", \"answer\": \"iv\", \"matches_human_scoring\": false, \"fuzzy_matching\": false, \"manual_edit\": false}, {\"questionpart_n\": \"(j)\", \"question\": \"jkoi\u0127\", \"answer\": \"i\", \"matches_human_scoring\": false, \"fuzzy_matching\": false, \"manual_edit\": false}]}]",
    "obfuscated": "True",
    "obf_num": "13",
    "mapping": {
        "b": "\u0127",
        "f": "b",
        "g\u0307": "f",
        "g": "g\u0307",
        "j": "g",
        "k": "j",
        "l": "k",
        "m": "l",
        "q": "m",
        "w": "q",
        "h": "w",
        "g\u0127": "h",
        "\u0127": "g\u0127",
        "d": "z\u0307",
        "n": "z",
        "r": "d",
        "s": "n",
        "t": "r",
        "x": "s",
        "z\u0307": "t",
        "z": "x",
        "a": "e",
        "e": "i",
        "i": "o",
        "o": "u",
        "u": "a"
    }
}