{
    "json_invalid": false,
    "preamble": "Problem 4. A Dog\u2019s Breakfast (10 marks)",
    "context": "Below are some sentences in the Language X, followed by their English translations:\n\nUz\u0307-z\u0307ug\u0127og ug\u0307isz\u0307i g-g\u0307isnesoz\u0307z\u0307i.\tThe boy sings the song.\nUz\u0307-z\u0307ug\u0127og ji fusxegz\u0307iz ug-\u0127itrusit.\tThe boy doesn't insult the gardener\nUg-g\u0307ogh z\u0307iz\u0307-z\u0307ug\u0127og meli ujkitoh.\tThe boy's dog is naughty.\nUg-g\u0307z\u0307uoh z\u0307is-sobanfisz\u0307 qisu meli jiwje\u0127.\tThe rich merchant's book is dirty.\nUg-g\u0307aginnfas z\u0307ig-g\u0307ogh meli z\u0307iffoh.\tThe dog's breakfast is good.\nUz\u0307-z\u0307ug\u0127gi z\u0307ig-\u0127itrusit fuxji g-kiz\u0307z\u0307ex ujkitoh.\tThe gardener\u2019s daughter hears the naughty cat.\nUx-xiffuor dqut fiti g-g\u0307z\u0307uoh.\tThe small fisherman sees the book.\nUg-g\u0307isz\u0307isz\u0307 ji fuxjiz uz\u0307-z\u0307ug\u0127gi.\tThe singer doesn\u2019t hear the girl.\nUg-g\u0127itj z\u0307ig-hurlu meli g\u0307hut.\tThe farmer\u2019s farm is big.\n\nBelow are ten more Language X words, and their English translations on the right in random order.\nTable 2.\n(a) huorfi\t(i) canine (adjective)\n(b) sobanfe\t(ii) fishing\n(c) kz\u0307iz\u0307ox\t(iii) wealth\n(d) z\u0307fuohi\t(iv) dirt, grime\n(e) g\u0307uz\u0307hi\t(v) vastness, immensity\n(f) xifr\t(vi) writing, literature\n(g) qisi\t(vii) agriculture\n(h) g\u0307hit\t(viii) business\n(i) wjuo\u0127\t(ix) virtue, goodness\n(j) g\u0307guoh\t(x) kitten\n\n",
    "questions": "[{\"question_n\": \"Q 4.1\", \"prompt\": \"Q 4.1 Translate the following sentences into Language X:\", \"subprompts\": [{\"questionpart_n\": \"(a)\", \"question\": \"The girl\\u2019s book is small.\", \"answer\": \"Ug-g\u0307z\u0307uoh z\u0307iz\u0307-z\u0307ug\u0127gi meli dqut.\", \"matches_human_scoring\": false, \"fuzzy_matching\": false, \"manual_edit\": false}, {\"questionpart_n\": \"(b)\", \"question\": \"The dirty dog doesn\\u2019t see the gardener\\u2019s son.\", \"answer\": \"Ug-g\u0307ogh jiwje\u0127 ji fitiz uz\u0307-z\u0307ug\u0127og z\u0307ig-\u0127itrusit.\", \"matches_human_scoring\": false, \"fuzzy_matching\": false, \"manual_edit\": false}, {\"questionpart_n\": \"(c)\", \"question\": \"The big farmer\\u2019s cat is good.\", \"answer\": \"Ug-kiz\u0307z\u0307ex z\u0307ig-hurlu g\u0307hut meli z\u0307iffoh.\", \"matches_human_scoring\": false, \"fuzzy_matching\": false, \"manual_edit\": false}, {\"questionpart_n\": \"(d)\", \"question\": \"The girl sees the rich boy\\u2019s breakfast.\", \"answer\": \"Uz\u0307-z\u0307ug\u0127gi fiti g-g\u0307aginnfas z\u0307iz\u0307-z\u0307ug\u0127og qisu.\", \"matches_human_scoring\": false, \"fuzzy_matching\": false, \"manual_edit\": false}]}, {\"question_n\": \"Q 4.2\", \"prompt\": \"Q 4.2 Table 2 shows ten Language X words, and their English translations on the right in random order. Determine the correct correspondences. Please write the corresponding roman numeral of the word that matches the numbered item.\", \"subprompts\": [{\"questionpart_n\": \"(a)\", \"question\": \"huorfi\", \"answer\": \"vii\", \"matches_human_scoring\": false, \"fuzzy_matching\": false, \"manual_edit\": false}, {\"questionpart_n\": \"(b)\", \"question\": \"sobanfe\", \"answer\": \"viii\", \"matches_human_scoring\": false, \"fuzzy_matching\": false, \"manual_edit\": false}, {\"questionpart_n\": \"(c)\", \"question\": \"kz\u0307iz\u0307ox\", \"answer\": \"x\", \"matches_human_scoring\": false, \"fuzzy_matching\": false, \"manual_edit\": false}, {\"questionpart_n\": \"(d)\", \"question\": \"z\u0307fuohi\", \"answer\": \"ix\", \"matches_human_scoring\": false, \"fuzzy_matching\": false, \"manual_edit\": false}, {\"questionpart_n\": \"(e)\", \"question\": \"g\u0307uz\u0307hi\", \"answer\": \"vi\", \"matches_human_scoring\": false, \"fuzzy_matching\": false, \"manual_edit\": false}, {\"questionpart_n\": \"(f)\", \"question\": \"xifr\", \"answer\": \"ii\", \"matches_human_scoring\": false, \"fuzzy_matching\": false, \"manual_edit\": false}, {\"questionpart_n\": \"(g)\", \"question\": \"qisi\", \"answer\": \"iii\", \"matches_human_scoring\": false, \"fuzzy_matching\": false, \"manual_edit\": false}, {\"questionpart_n\": \"(h)\", \"question\": \"g\u0307hit\", \"answer\": \"v\", \"matches_human_scoring\": false, \"fuzzy_matching\": false, \"manual_edit\": false}, {\"questionpart_n\": \"(i)\", \"question\": \"wjuo\u0127\", \"answer\": \"iv\", \"matches_human_scoring\": false, \"fuzzy_matching\": false, \"manual_edit\": false}, {\"questionpart_n\": \"(j)\", \"question\": \"g\u0307guoh\", \"answer\": \"i\", \"matches_human_scoring\": false, \"fuzzy_matching\": false, \"manual_edit\": false}]}]",
    "obfuscated": "True",
    "obf_num": "5",
    "mapping": {
        "b": "h",
        "f": "g\u0127",
        "g\u0307": "\u0127",
        "g": "b",
        "j": "f",
        "k": "g\u0307",
        "l": "g",
        "m": "j",
        "q": "k",
        "w": "l",
        "h": "m",
        "g\u0127": "q",
        "\u0127": "w",
        "d": "r",
        "n": "s",
        "r": "t",
        "s": "x",
        "t": "z\u0307",
        "x": "z",
        "z\u0307": "d",
        "z": "n",
        "a": "i",
        "e": "o",
        "i": "u",
        "o": "a",
        "u": "e"
    }
}