{
    "json_invalid": false,
    "preamble": "Problem 4. A Dog\u2019s Breakfast (10 marks)",
    "context": "Below are some sentences in the Language X, followed by their English translations:\n\nAs-sajuw aqodso w-qodz\u0307idusso.\tThe boy sings the song.\nAs-sajuw ho madriwsot aw-konzadon.\tThe boy doesn't insult the gardener\nAw-quwg sos-sajuw bi\u0127o ahg\u0127onug.\tThe boy's dog is naughty.\nAw-qsaug sod-dulez\u0307mods foda bi\u0127o hog\u0307hik.\tThe rich merchant's book is dirty.\nAw-qewoz\u0307z\u0307med sow-quwg bi\u0127o sommug.\tThe dog's breakfast is good.\nAs-sajwo sow-konzadon marho w-g\u0127ossir ahg\u0127onug.\tThe gardener\u2019s daughter hears the naughty cat.\nAr-rommauz xfan mono w-qsaug.\tThe small fisherman sees the book.\nAw-qodsods ho marhot as-sajwo.\tThe singer doesn\u2019t hear the girl.\nAw-jonh sow-gaz\u0127a bi\u0127o qgan.\tThe farmer\u2019s farm is big.\n\nBelow are ten more Language X words, and their English translations on the right in random order.\nTable 2.\n(a) gauzmo\t(i) canine (adjective)\n(b) dulez\u0307mi\t(ii) fishing\n(c) g\u0127sosur\t(iii) wealth\n(d) smaugo\t(iv) dirt, grime\n(e) qasgo\t(v) vastness, immensity\n(f) romz\t(vi) writing, literature\n(g) fodo\t(vii) agriculture\n(h) qgon\t(viii) business\n(i) g\u0307hauk\t(ix) virtue, goodness\n(j) qwaug\t(x) kitten\n\n",
    "questions": "[{\"question_n\": \"Q 4.1\", \"prompt\": \"Q 4.1 Translate the following sentences into Language X:\", \"subprompts\": [{\"questionpart_n\": \"(a)\", \"question\": \"The girl\\u2019s book is small.\", \"answer\": \"Aw-qsaug sos-sajwo bi\u0127o xfan.\", \"matches_human_scoring\": false, \"fuzzy_matching\": false, \"manual_edit\": false}, {\"questionpart_n\": \"(b)\", \"question\": \"The dirty dog doesn\\u2019t see the gardener\\u2019s son.\", \"answer\": \"Aw-quwg hog\u0307hik ho monot as-sajuw sow-konzadon.\", \"matches_human_scoring\": false, \"fuzzy_matching\": false, \"manual_edit\": false}, {\"questionpart_n\": \"(c)\", \"question\": \"The big farmer\\u2019s cat is good.\", \"answer\": \"Aw-g\u0127ossir sow-gaz\u0127a qgan bi\u0127o sommug.\", \"matches_human_scoring\": false, \"fuzzy_matching\": false, \"manual_edit\": false}, {\"questionpart_n\": \"(d)\", \"question\": \"The girl sees the rich boy\\u2019s breakfast.\", \"answer\": \"As-sajwo mono w-qewoz\u0307z\u0307med sos-sajuw foda.\", \"matches_human_scoring\": false, \"fuzzy_matching\": false, \"manual_edit\": false}]}, {\"question_n\": \"Q 4.2\", \"prompt\": \"Q 4.2 Table 2 shows ten Language X words, and their English translations on the right in random order. Determine the correct correspondences. Please write the corresponding roman numeral of the word that matches the numbered item.\", \"subprompts\": [{\"questionpart_n\": \"(a)\", \"question\": \"gauzmo\", \"answer\": \"vii\", \"matches_human_scoring\": false, \"fuzzy_matching\": false, \"manual_edit\": false}, {\"questionpart_n\": \"(b)\", \"question\": \"dulez\u0307mi\", \"answer\": \"viii\", \"matches_human_scoring\": false, \"fuzzy_matching\": false, \"manual_edit\": false}, {\"questionpart_n\": \"(c)\", \"question\": \"g\u0127sosur\", \"answer\": \"x\", \"matches_human_scoring\": false, \"fuzzy_matching\": false, \"manual_edit\": false}, {\"questionpart_n\": \"(d)\", \"question\": \"smaugo\", \"answer\": \"ix\", \"matches_human_scoring\": false, \"fuzzy_matching\": false, \"manual_edit\": false}, {\"questionpart_n\": \"(e)\", \"question\": \"qasgo\", \"answer\": \"vi\", \"matches_human_scoring\": false, \"fuzzy_matching\": false, \"manual_edit\": false}, {\"questionpart_n\": \"(f)\", \"question\": \"romz\", \"answer\": \"ii\", \"matches_human_scoring\": false, \"fuzzy_matching\": false, \"manual_edit\": false}, {\"questionpart_n\": \"(g)\", \"question\": \"fodo\", \"answer\": \"iii\", \"matches_human_scoring\": false, \"fuzzy_matching\": false, \"manual_edit\": false}, {\"questionpart_n\": \"(h)\", \"question\": \"qgon\", \"answer\": \"v\", \"matches_human_scoring\": false, \"fuzzy_matching\": false, \"manual_edit\": false}, {\"questionpart_n\": \"(i)\", \"question\": \"g\u0307hauk\", \"answer\": \"iv\", \"matches_human_scoring\": false, \"fuzzy_matching\": false, \"manual_edit\": false}, {\"questionpart_n\": \"(j)\", \"question\": \"qwaug\", \"answer\": \"i\", \"matches_human_scoring\": false, \"fuzzy_matching\": false, \"manual_edit\": false}]}]",
    "obfuscated": "True",
    "obf_num": "4",
    "mapping": {
        "b": "g",
        "f": "j",
        "g\u0307": "k",
        "g": "l",
        "j": "m",
        "k": "q",
        "l": "w",
        "m": "h",
        "q": "g\u0127",
        "w": "\u0127",
        "h": "b",
        "g\u0127": "f",
        "\u0127": "g\u0307",
        "d": "z",
        "n": "d",
        "r": "n",
        "s": "r",
        "t": "s",
        "x": "t",
        "z\u0307": "x",
        "z": "z\u0307",
        "a": "o",
        "e": "u",
        "i": "a",
        "o": "e",
        "u": "i"
    }
}