{
    "json_invalid": false,
    "preamble": "Problem 4. A Dog\u2019s Breakfast (10 marks)",
    "context": "Below are some sentences in the Language X, followed by their English translations:\n\nUr-rulog\u0127 uhizri g\u0127-hizxezorri.\tThe boy sings the song.\nUr-rulog\u0127 \u0127i wuzneg\u0127ris ug\u0127-midz\u0307uzid.\tThe boy doesn't insult the gardener\nUg\u0127-hog\u0127k rir-rulog\u0127 g\u0307efi u\u0127bidok.\tThe boy's dog is naughty.\nUg\u0127-hruok riz-zoqaxwizr gizu g\u0307efi \u0127ij\u0127em.\tThe rich merchant's book is dirty.\nUg\u0127-hag\u0127ixxwaz rig\u0127-hog\u0127k g\u0307efi riwwok.\tThe dog's breakfast is good.\nUr-rulg\u0127i rig\u0127-midz\u0307uzid wun\u0127i g\u0127-birren u\u0127bidok.\tThe gardener\u2019s daughter hears the naughty cat.\nUn-niwwuoz\u0307 tgud widi g\u0127-hruok.\tThe small fisherman sees the book.\nUg\u0127-hizrizr \u0127i wun\u0127is ur-rulg\u0127i.\tThe singer doesn\u2019t hear the girl.\nUg\u0127-lid\u0127 rig\u0127-kuz\u0307fu g\u0307efi hkud.\tThe farmer\u2019s farm is big.\n\nBelow are ten more Language X words, and their English translations on the right in random order.\nTable 2.\n(a) kuoz\u0307wi\t(i) canine (adjective)\n(b) zoqaxwe\t(ii) fishing\n(c) briron\t(iii) wealth\n(d) rwuoki\t(iv) dirt, grime\n(e) hurki\t(v) vastness, immensity\n(f) niwz\u0307\t(vi) writing, literature\n(g) gizi\t(vii) agriculture\n(h) hkid\t(viii) business\n(i) j\u0127uom\t(ix) virtue, goodness\n(j) hg\u0127uok\t(x) kitten\n\n",
    "questions": "[{\"question_n\": \"Q 4.1\", \"prompt\": \"Q 4.1 Translate the following sentences into Language X:\", \"subprompts\": [{\"questionpart_n\": \"(a)\", \"question\": \"The girl\\u2019s book is small.\", \"answer\": \"Ug\u0127-hruok rir-rulg\u0127i g\u0307efi tgud.\", \"matches_human_scoring\": false, \"fuzzy_matching\": false, \"manual_edit\": false}, {\"questionpart_n\": \"(b)\", \"question\": \"The dirty dog doesn\\u2019t see the gardener\\u2019s son.\", \"answer\": \"Ug\u0127-hog\u0127k \u0127ij\u0127em \u0127i widis ur-rulog\u0127 rig\u0127-midz\u0307uzid.\", \"matches_human_scoring\": false, \"fuzzy_matching\": false, \"manual_edit\": false}, {\"questionpart_n\": \"(c)\", \"question\": \"The big farmer\\u2019s cat is good.\", \"answer\": \"Ug\u0127-birren rig\u0127-kuz\u0307fu hkud g\u0307efi riwwok.\", \"matches_human_scoring\": false, \"fuzzy_matching\": false, \"manual_edit\": false}, {\"questionpart_n\": \"(d)\", \"question\": \"The girl sees the rich boy\\u2019s breakfast.\", \"answer\": \"Ur-rulg\u0127i widi g\u0127-hag\u0127ixxwaz rir-rulog\u0127 gizu.\", \"matches_human_scoring\": false, \"fuzzy_matching\": false, \"manual_edit\": false}]}, {\"question_n\": \"Q 4.2\", \"prompt\": \"Q 4.2 Table 2 shows ten Language X words, and their English translations on the right in random order. Determine the correct correspondences. Please write the corresponding roman numeral of the word that matches the numbered item.\", \"subprompts\": [{\"questionpart_n\": \"(a)\", \"question\": \"kuoz\u0307wi\", \"answer\": \"vii\", \"matches_human_scoring\": false, \"fuzzy_matching\": false, \"manual_edit\": false}, {\"questionpart_n\": \"(b)\", \"question\": \"zoqaxwe\", \"answer\": \"viii\", \"matches_human_scoring\": false, \"fuzzy_matching\": false, \"manual_edit\": false}, {\"questionpart_n\": \"(c)\", \"question\": \"briron\", \"answer\": \"x\", \"matches_human_scoring\": false, \"fuzzy_matching\": false, \"manual_edit\": false}, {\"questionpart_n\": \"(d)\", \"question\": \"rwuoki\", \"answer\": \"ix\", \"matches_human_scoring\": false, \"fuzzy_matching\": false, \"manual_edit\": false}, {\"questionpart_n\": \"(e)\", \"question\": \"hurki\", \"answer\": \"vi\", \"matches_human_scoring\": false, \"fuzzy_matching\": false, \"manual_edit\": false}, {\"questionpart_n\": \"(f)\", \"question\": \"niwz\u0307\", \"answer\": \"ii\", \"matches_human_scoring\": false, \"fuzzy_matching\": false, \"manual_edit\": false}, {\"questionpart_n\": \"(g)\", \"question\": \"gizi\", \"answer\": \"iii\", \"matches_human_scoring\": false, \"fuzzy_matching\": false, \"manual_edit\": false}, {\"questionpart_n\": \"(h)\", \"question\": \"hkid\", \"answer\": \"v\", \"matches_human_scoring\": false, \"fuzzy_matching\": false, \"manual_edit\": false}, {\"questionpart_n\": \"(i)\", \"question\": \"j\u0127uom\", \"answer\": \"iv\", \"matches_human_scoring\": false, \"fuzzy_matching\": false, \"manual_edit\": false}, {\"questionpart_n\": \"(j)\", \"question\": \"hg\u0127uok\", \"answer\": \"i\", \"matches_human_scoring\": false, \"fuzzy_matching\": false, \"manual_edit\": false}]}]",
    "obfuscated": "True",
    "obf_num": "12",
    "mapping": {
        "b": "k",
        "f": "l",
        "g\u0307": "m",
        "g": "q",
        "j": "w",
        "k": "h",
        "l": "g\u0127",
        "m": "\u0127",
        "q": "b",
        "w": "f",
        "h": "g\u0307",
        "g\u0127": "g",
        "\u0127": "j",
        "d": "z\u0307",
        "n": "z",
        "r": "d",
        "s": "n",
        "t": "r",
        "x": "s",
        "z\u0307": "t",
        "z": "x",
        "a": "i",
        "e": "o",
        "i": "u",
        "o": "a",
        "u": "e"
    }
}