{
    "json_invalid": false,
    "preamble": "Problem 4. A Dog\u2019s Breakfast (10 marks)",
    "context": "Below are some sentences in the Language X, followed by their English translations:\n\nUz\u0307-z\u0307ugoq umisz\u0307i q-misnesoz\u0307z\u0307i.\tThe boy sings the song.\nUz\u0307-z\u0307ugoq wi lusxeqz\u0307iz uq-jitrusit.\tThe boy doesn't insult the gardener\nUq-moqg\u0307 z\u0307iz\u0307-z\u0307ugoq \u0127eg\u0127i uwhitog\u0307.\tThe boy's dog is naughty.\nUq-mz\u0307uog\u0307 z\u0307is-sokanlisz\u0307 bisu \u0127eg\u0127i wifwej.\tThe rich merchant's book is dirty.\nUq-maqinnlas z\u0307iq-moqg\u0307 \u0127eg\u0127i z\u0307illog\u0307.\tThe dog's breakfast is good.\nUz\u0307-z\u0307ugqi z\u0307iq-jitrusit luxwi q-hiz\u0307z\u0307ex uwhitog\u0307.\tThe gardener\u2019s daughter hears the naughty cat.\nUx-xilluor dbut liti q-mz\u0307uog\u0307.\tThe small fisherman sees the book.\nUq-misz\u0307isz\u0307 wi luxwiz uz\u0307-z\u0307ugqi.\tThe singer doesn\u2019t hear the girl.\nUq-gitw z\u0307iq-g\u0307urg\u0127u \u0127eg\u0127i mg\u0307ut.\tThe farmer\u2019s farm is big.\n\nBelow are ten more Language X words, and their English translations on the right in random order.\nTable 2.\n(a) g\u0307uorli\t(i) canine (adjective)\n(b) sokanle\t(ii) fishing\n(c) hz\u0307iz\u0307ox\t(iii) wealth\n(d) z\u0307luog\u0307i\t(iv) dirt, grime\n(e) muz\u0307g\u0307i\t(v) vastness, immensity\n(f) xilr\t(vi) writing, literature\n(g) bisi\t(vii) agriculture\n(h) mg\u0307it\t(viii) business\n(i) fwuoj\t(ix) virtue, goodness\n(j) mquog\u0307\t(x) kitten\n\n",
    "questions": "[{\"question_n\": \"Q 4.1\", \"prompt\": \"Q 4.1 Translate the following sentences into Language X:\", \"subprompts\": [{\"questionpart_n\": \"(a)\", \"question\": \"The girl\\u2019s book is small.\", \"answer\": \"Uq-mz\u0307uog\u0307 z\u0307iz\u0307-z\u0307ugqi \u0127eg\u0127i dbut.\", \"matches_human_scoring\": false, \"fuzzy_matching\": false, \"manual_edit\": false}, {\"questionpart_n\": \"(b)\", \"question\": \"The dirty dog doesn\\u2019t see the gardener\\u2019s son.\", \"answer\": \"Uq-moqg\u0307 wifwej wi litiz uz\u0307-z\u0307ugoq z\u0307iq-jitrusit.\", \"matches_human_scoring\": false, \"fuzzy_matching\": false, \"manual_edit\": false}, {\"questionpart_n\": \"(c)\", \"question\": \"The big farmer\\u2019s cat is good.\", \"answer\": \"Uq-hiz\u0307z\u0307ex z\u0307iq-g\u0307urg\u0127u mg\u0307ut \u0127eg\u0127i z\u0307illog\u0307.\", \"matches_human_scoring\": false, \"fuzzy_matching\": false, \"manual_edit\": false}, {\"questionpart_n\": \"(d)\", \"question\": \"The girl sees the rich boy\\u2019s breakfast.\", \"answer\": \"Uz\u0307-z\u0307ugqi liti q-maqinnlas z\u0307iz\u0307-z\u0307ugoq bisu.\", \"matches_human_scoring\": false, \"fuzzy_matching\": false, \"manual_edit\": false}]}, {\"question_n\": \"Q 4.2\", \"prompt\": \"Q 4.2 Table 2 shows ten Language X words, and their English translations on the right in random order. Determine the correct correspondences. Please write the corresponding roman numeral of the word that matches the numbered item.\", \"subprompts\": [{\"questionpart_n\": \"(a)\", \"question\": \"g\u0307uorli\", \"answer\": \"vii\", \"matches_human_scoring\": false, \"fuzzy_matching\": false, \"manual_edit\": false}, {\"questionpart_n\": \"(b)\", \"question\": \"sokanle\", \"answer\": \"viii\", \"matches_human_scoring\": false, \"fuzzy_matching\": false, \"manual_edit\": false}, {\"questionpart_n\": \"(c)\", \"question\": \"hz\u0307iz\u0307ox\", \"answer\": \"x\", \"matches_human_scoring\": false, \"fuzzy_matching\": false, \"manual_edit\": false}, {\"questionpart_n\": \"(d)\", \"question\": \"z\u0307luog\u0307i\", \"answer\": \"ix\", \"matches_human_scoring\": false, \"fuzzy_matching\": false, \"manual_edit\": false}, {\"questionpart_n\": \"(e)\", \"question\": \"muz\u0307g\u0307i\", \"answer\": \"vi\", \"matches_human_scoring\": false, \"fuzzy_matching\": false, \"manual_edit\": false}, {\"questionpart_n\": \"(f)\", \"question\": \"xilr\", \"answer\": \"ii\", \"matches_human_scoring\": false, \"fuzzy_matching\": false, \"manual_edit\": false}, {\"questionpart_n\": \"(g)\", \"question\": \"bisi\", \"answer\": \"iii\", \"matches_human_scoring\": false, \"fuzzy_matching\": false, \"manual_edit\": false}, {\"questionpart_n\": \"(h)\", \"question\": \"mg\u0307it\", \"answer\": \"v\", \"matches_human_scoring\": false, \"fuzzy_matching\": false, \"manual_edit\": false}, {\"questionpart_n\": \"(i)\", \"question\": \"fwuoj\", \"answer\": \"iv\", \"matches_human_scoring\": false, \"fuzzy_matching\": false, \"manual_edit\": false}, {\"questionpart_n\": \"(j)\", \"question\": \"mquog\u0307\", \"answer\": \"i\", \"matches_human_scoring\": false, \"fuzzy_matching\": false, \"manual_edit\": false}]}]",
    "obfuscated": "True",
    "obf_num": "9",
    "mapping": {
        "b": "g\u0307",
        "f": "g",
        "g\u0307": "j",
        "g": "k",
        "j": "l",
        "k": "m",
        "l": "q",
        "m": "w",
        "q": "h",
        "w": "g\u0127",
        "h": "\u0127",
        "g\u0127": "b",
        "\u0127": "f",
        "d": "r",
        "n": "s",
        "r": "t",
        "s": "x",
        "t": "z\u0307",
        "x": "z",
        "z\u0307": "d",
        "z": "n",
        "a": "i",
        "e": "o",
        "i": "u",
        "o": "a",
        "u": "e"
    }
}