{
    "json_invalid": false,
    "preamble": "Problem 4. A Dog\u2019s Breakfast (10 marks)",
    "context": "Below are some sentences in the Language X, followed by their English translations:\n\nOx-xowif oberxe f-berdarixxe.\tThe boy sings the song.\nOx-xowif g\u0307e \u0127ortafxez\u0307 of-hesnores.\tThe boy doesn't insult the gardener\nOf-bifq xex-xowif kaje og\u0307gesiq.\tThe boy's dog is naughty.\nOf-bxoiq xer-rig\u0127ud\u0127erx lero kaje g\u0307emg\u0307ah.\tThe rich merchant's book is dirty.\nOf-bufedd\u0127ur xef-bifq kaje xe\u0127\u0127iq.\tThe dog's breakfast is good.\nOx-xowfe xef-hesnores \u0127otg\u0307e f-gexxat og\u0307gesiq.\tThe gardener\u2019s daughter hears the naughty cat.\nOt-te\u0127\u0127oin zlos \u0127ese f-bxoiq.\tThe small fisherman sees the book.\nOf-berxerx g\u0307e \u0127otg\u0307ez\u0307 ox-xowfe.\tThe singer doesn\u2019t hear the girl.\nOf-wesg\u0307 xef-qonjo kaje bqos.\tThe farmer\u2019s farm is big.\n\nBelow are ten more Language X words, and their English translations on the right in random order.\nTable 2.\n(a) qoin\u0127e\t(i) canine (adjective)\n(b) rig\u0127ud\u0127a\t(ii) fishing\n(c) gxexit\t(iii) wealth\n(d) x\u0127oiqe\t(iv) dirt, grime\n(e) boxqe\t(v) vastness, immensity\n(f) te\u0127n\t(vi) writing, literature\n(g) lere\t(vii) agriculture\n(h) bqes\t(viii) business\n(i) mg\u0307oih\t(ix) virtue, goodness\n(j) bfoiq\t(x) kitten\n\n",
    "questions": "[{\"question_n\": \"Q 4.1\", \"prompt\": \"Q 4.1 Translate the following sentences into Language X:\", \"subprompts\": [{\"questionpart_n\": \"(a)\", \"question\": \"The girl\\u2019s book is small.\", \"answer\": \"Of-bxoiq xex-xowfe kaje zlos.\", \"matches_human_scoring\": false, \"fuzzy_matching\": false, \"manual_edit\": false}, {\"questionpart_n\": \"(b)\", \"question\": \"The dirty dog doesn\\u2019t see the gardener\\u2019s son.\", \"answer\": \"Of-bifq g\u0307emg\u0307ah g\u0307e \u0127esez\u0307 ox-xowif xef-hesnores.\", \"matches_human_scoring\": false, \"fuzzy_matching\": false, \"manual_edit\": false}, {\"questionpart_n\": \"(c)\", \"question\": \"The big farmer\\u2019s cat is good.\", \"answer\": \"Of-gexxat xef-qonjo bqos kaje xe\u0127\u0127iq.\", \"matches_human_scoring\": false, \"fuzzy_matching\": false, \"manual_edit\": false}, {\"questionpart_n\": \"(d)\", \"question\": \"The girl sees the rich boy\\u2019s breakfast.\", \"answer\": \"Ox-xowfe \u0127ese f-bufedd\u0127ur xex-xowif lero.\", \"matches_human_scoring\": false, \"fuzzy_matching\": false, \"manual_edit\": false}]}, {\"question_n\": \"Q 4.2\", \"prompt\": \"Q 4.2 Table 2 shows ten Language X words, and their English translations on the right in random order. Determine the correct correspondences. Please write the corresponding roman numeral of the word that matches the numbered item.\", \"subprompts\": [{\"questionpart_n\": \"(a)\", \"question\": \"qoin\u0127e\", \"answer\": \"vii\", \"matches_human_scoring\": false, \"fuzzy_matching\": false, \"manual_edit\": false}, {\"questionpart_n\": \"(b)\", \"question\": \"rig\u0127ud\u0127a\", \"answer\": \"viii\", \"matches_human_scoring\": false, \"fuzzy_matching\": false, \"manual_edit\": false}, {\"questionpart_n\": \"(c)\", \"question\": \"gxexit\", \"answer\": \"x\", \"matches_human_scoring\": false, \"fuzzy_matching\": false, \"manual_edit\": false}, {\"questionpart_n\": \"(d)\", \"question\": \"x\u0127oiqe\", \"answer\": \"ix\", \"matches_human_scoring\": false, \"fuzzy_matching\": false, \"manual_edit\": false}, {\"questionpart_n\": \"(e)\", \"question\": \"boxqe\", \"answer\": \"vi\", \"matches_human_scoring\": false, \"fuzzy_matching\": false, \"manual_edit\": false}, {\"questionpart_n\": \"(f)\", \"question\": \"te\u0127n\", \"answer\": \"ii\", \"matches_human_scoring\": false, \"fuzzy_matching\": false, \"manual_edit\": false}, {\"questionpart_n\": \"(g)\", \"question\": \"lere\", \"answer\": \"iii\", \"matches_human_scoring\": false, \"fuzzy_matching\": false, \"manual_edit\": false}, {\"questionpart_n\": \"(h)\", \"question\": \"bqes\", \"answer\": \"v\", \"matches_human_scoring\": false, \"fuzzy_matching\": false, \"manual_edit\": false}, {\"questionpart_n\": \"(i)\", \"question\": \"mg\u0307oih\", \"answer\": \"iv\", \"matches_human_scoring\": false, \"fuzzy_matching\": false, \"manual_edit\": false}, {\"questionpart_n\": \"(j)\", \"question\": \"bfoiq\", \"answer\": \"i\", \"matches_human_scoring\": false, \"fuzzy_matching\": false, \"manual_edit\": false}]}]",
    "obfuscated": "True",
    "obf_num": "28",
    "mapping": {
        "b": "q",
        "f": "w",
        "g\u0307": "h",
        "g": "g\u0127",
        "j": "\u0127",
        "k": "b",
        "l": "f",
        "m": "g\u0307",
        "q": "g",
        "w": "j",
        "h": "k",
        "g\u0127": "l",
        "\u0127": "m",
        "d": "n",
        "n": "r",
        "r": "s",
        "s": "t",
        "t": "x",
        "x": "z\u0307",
        "z\u0307": "z",
        "z": "d",
        "a": "e",
        "e": "i",
        "i": "o",
        "o": "u",
        "u": "a"
    }
}