{
    "json_invalid": false,
    "preamble": "Problem 4. A Dog\u2019s Breakfast (10 marks)",
    "context": "Below are some sentences in the Language X, followed by their English translations:\n\nOd-do\u0127ij ogexde j-gexsaxidde.\tThe boy sings the song.\nOd-do\u0127ij ke g\u0307oxzajden oj-bez\u0307toxez\u0307.\tThe boy doesn't insult the gardener\nOj-gijg\u0127 ded-do\u0127ij qame oklez\u0307ig\u0127.\tThe boy's dog is naughty.\nOj-gdoig\u0127 dex-xifusg\u0307exd wexo qame kehkab.\tThe rich merchant's book is dirty.\nOj-gujessg\u0307ux dej-gijg\u0127 qame deg\u0307g\u0307ig\u0127.\tThe dog's breakfast is good.\nOd-do\u0127je dej-bez\u0307toxez\u0307 g\u0307ozke j-leddaz oklez\u0307ig\u0127.\tThe gardener\u2019s daughter hears the naughty cat.\nOz-zeg\u0307g\u0307oit rwoz\u0307 g\u0307ez\u0307e j-gdoig\u0127.\tThe small fisherman sees the book.\nOj-gexdexd ke g\u0307ozken od-do\u0127je.\tThe singer doesn\u2019t hear the girl.\nOj-\u0127ez\u0307k dej-g\u0127otmo qame gg\u0127oz\u0307.\tThe farmer\u2019s farm is big.\n\nBelow are ten more Language X words, and their English translations on the right in random order.\nTable 2.\n(a) g\u0127oitg\u0307e\t(i) canine (adjective)\n(b) xifusg\u0307a\t(ii) fishing\n(c) ldediz\t(iii) wealth\n(d) dg\u0307oig\u0127e\t(iv) dirt, grime\n(e) godg\u0127e\t(v) vastness, immensity\n(f) zeg\u0307t\t(vi) writing, literature\n(g) wexe\t(vii) agriculture\n(h) gg\u0127ez\u0307\t(viii) business\n(i) hkoib\t(ix) virtue, goodness\n(j) gjoig\u0127\t(x) kitten\n\n",
    "questions": "[{\"question_n\": \"Q 4.1\", \"prompt\": \"Q 4.1 Translate the following sentences into Language X:\", \"subprompts\": [{\"questionpart_n\": \"(a)\", \"question\": \"The girl\\u2019s book is small.\", \"answer\": \"Oj-gdoig\u0127 ded-do\u0127je qame rwoz\u0307.\", \"matches_human_scoring\": false, \"fuzzy_matching\": false, \"manual_edit\": false}, {\"questionpart_n\": \"(b)\", \"question\": \"The dirty dog doesn\\u2019t see the gardener\\u2019s son.\", \"answer\": \"Oj-gijg\u0127 kehkab ke g\u0307ez\u0307en od-do\u0127ij dej-bez\u0307toxez\u0307.\", \"matches_human_scoring\": false, \"fuzzy_matching\": false, \"manual_edit\": false}, {\"questionpart_n\": \"(c)\", \"question\": \"The big farmer\\u2019s cat is good.\", \"answer\": \"Oj-leddaz dej-g\u0127otmo gg\u0127oz\u0307 qame deg\u0307g\u0307ig\u0127.\", \"matches_human_scoring\": false, \"fuzzy_matching\": false, \"manual_edit\": false}, {\"questionpart_n\": \"(d)\", \"question\": \"The girl sees the rich boy\\u2019s breakfast.\", \"answer\": \"Od-do\u0127je g\u0307ez\u0307e j-gujessg\u0307ux ded-do\u0127ij wexo.\", \"matches_human_scoring\": false, \"fuzzy_matching\": false, \"manual_edit\": false}]}, {\"question_n\": \"Q 4.2\", \"prompt\": \"Q 4.2 Table 2 shows ten Language X words, and their English translations on the right in random order. Determine the correct correspondences. Please write the corresponding roman numeral of the word that matches the numbered item.\", \"subprompts\": [{\"questionpart_n\": \"(a)\", \"question\": \"g\u0127oitg\u0307e\", \"answer\": \"vii\", \"matches_human_scoring\": false, \"fuzzy_matching\": false, \"manual_edit\": false}, {\"questionpart_n\": \"(b)\", \"question\": \"xifusg\u0307a\", \"answer\": \"viii\", \"matches_human_scoring\": false, \"fuzzy_matching\": false, \"manual_edit\": false}, {\"questionpart_n\": \"(c)\", \"question\": \"ldediz\", \"answer\": \"x\", \"matches_human_scoring\": false, \"fuzzy_matching\": false, \"manual_edit\": false}, {\"questionpart_n\": \"(d)\", \"question\": \"dg\u0307oig\u0127e\", \"answer\": \"ix\", \"matches_human_scoring\": false, \"fuzzy_matching\": false, \"manual_edit\": false}, {\"questionpart_n\": \"(e)\", \"question\": \"godg\u0127e\", \"answer\": \"vi\", \"matches_human_scoring\": false, \"fuzzy_matching\": false, \"manual_edit\": false}, {\"questionpart_n\": \"(f)\", \"question\": \"zeg\u0307t\", \"answer\": \"ii\", \"matches_human_scoring\": false, \"fuzzy_matching\": false, \"manual_edit\": false}, {\"questionpart_n\": \"(g)\", \"question\": \"wexe\", \"answer\": \"iii\", \"matches_human_scoring\": false, \"fuzzy_matching\": false, \"manual_edit\": false}, {\"questionpart_n\": \"(h)\", \"question\": \"gg\u0127ez\u0307\", \"answer\": \"v\", \"matches_human_scoring\": false, \"fuzzy_matching\": false, \"manual_edit\": false}, {\"questionpart_n\": \"(i)\", \"question\": \"hkoib\", \"answer\": \"iv\", \"matches_human_scoring\": false, \"fuzzy_matching\": false, \"manual_edit\": false}, {\"questionpart_n\": \"(j)\", \"question\": \"gjoig\u0127\", \"answer\": \"i\", \"matches_human_scoring\": false, \"fuzzy_matching\": false, \"manual_edit\": false}]}]",
    "obfuscated": "True",
    "obf_num": "24",
    "mapping": {
        "b": "g\u0127",
        "f": "\u0127",
        "g\u0307": "b",
        "g": "f",
        "j": "g\u0307",
        "k": "g",
        "l": "j",
        "m": "k",
        "q": "l",
        "w": "m",
        "h": "q",
        "g\u0127": "w",
        "\u0127": "h",
        "d": "t",
        "n": "x",
        "r": "z\u0307",
        "s": "z",
        "t": "d",
        "x": "n",
        "z\u0307": "r",
        "z": "s",
        "a": "e",
        "e": "i",
        "i": "o",
        "o": "u",
        "u": "a"
    }
}