{
    "json_invalid": false,
    "preamble": "Problem 4. A Dog\u2019s Breakfast (10 marks)",
    "context": "Below are some sentences in the Language X, followed by their English translations:\n\nOs-sowif obedse f-bedz\u0307adisse.\tThe boy sings the song.\nOs-sowif g\u0307e \u0127odrafset of-henzoden.\tThe boy doesn't insult the gardener\nOf-bifq ses-sowif kaje og\u0307geniq.\tThe boy's dog is naughty.\nOf-bsoiq sed-dig\u0127uz\u0307\u0127eds ledo kaje g\u0307emg\u0307ah.\tThe rich merchant's book is dirty.\nOf-bufez\u0307z\u0307\u0127ud sef-bifq kaje se\u0127\u0127iq.\tThe dog's breakfast is good.\nOs-sowfe sef-henzoden \u0127org\u0307e f-gessar og\u0307geniq.\tThe gardener\u2019s daughter hears the naughty cat.\nOr-re\u0127\u0127oiz xlon \u0127ene f-bsoiq.\tThe small fisherman sees the book.\nOf-bedseds g\u0307e \u0127org\u0307et os-sowfe.\tThe singer doesn\u2019t hear the girl.\nOf-weng\u0307 sef-qozjo kaje bqon.\tThe farmer\u2019s farm is big.\n\nBelow are ten more Language X words, and their English translations on the right in random order.\nTable 2.\n(a) qoiz\u0127e\t(i) canine (adjective)\n(b) dig\u0127uz\u0307\u0127a\t(ii) fishing\n(c) gsesir\t(iii) wealth\n(d) s\u0127oiqe\t(iv) dirt, grime\n(e) bosqe\t(v) vastness, immensity\n(f) re\u0127z\t(vi) writing, literature\n(g) lede\t(vii) agriculture\n(h) bqen\t(viii) business\n(i) mg\u0307oih\t(ix) virtue, goodness\n(j) bfoiq\t(x) kitten\n\n",
    "questions": "[{\"question_n\": \"Q 4.1\", \"prompt\": \"Q 4.1 Translate the following sentences into Language X:\", \"subprompts\": [{\"questionpart_n\": \"(a)\", \"question\": \"The girl\\u2019s book is small.\", \"answer\": \"Of-bsoiq ses-sowfe kaje xlon.\", \"matches_human_scoring\": false, \"fuzzy_matching\": false, \"manual_edit\": false}, {\"questionpart_n\": \"(b)\", \"question\": \"The dirty dog doesn\\u2019t see the gardener\\u2019s son.\", \"answer\": \"Of-bifq g\u0307emg\u0307ah g\u0307e \u0127enet os-sowif sef-henzoden.\", \"matches_human_scoring\": false, \"fuzzy_matching\": false, \"manual_edit\": false}, {\"questionpart_n\": \"(c)\", \"question\": \"The big farmer\\u2019s cat is good.\", \"answer\": \"Of-gessar sef-qozjo bqon kaje se\u0127\u0127iq.\", \"matches_human_scoring\": false, \"fuzzy_matching\": false, \"manual_edit\": false}, {\"questionpart_n\": \"(d)\", \"question\": \"The girl sees the rich boy\\u2019s breakfast.\", \"answer\": \"Os-sowfe \u0127ene f-bufez\u0307z\u0307\u0127ud ses-sowif ledo.\", \"matches_human_scoring\": false, \"fuzzy_matching\": false, \"manual_edit\": false}]}, {\"question_n\": \"Q 4.2\", \"prompt\": \"Q 4.2 Table 2 shows ten Language X words, and their English translations on the right in random order. Determine the correct correspondences. Please write the corresponding roman numeral of the word that matches the numbered item.\", \"subprompts\": [{\"questionpart_n\": \"(a)\", \"question\": \"qoiz\u0127e\", \"answer\": \"vii\", \"matches_human_scoring\": false, \"fuzzy_matching\": false, \"manual_edit\": false}, {\"questionpart_n\": \"(b)\", \"question\": \"dig\u0127uz\u0307\u0127a\", \"answer\": \"viii\", \"matches_human_scoring\": false, \"fuzzy_matching\": false, \"manual_edit\": false}, {\"questionpart_n\": \"(c)\", \"question\": \"gsesir\", \"answer\": \"x\", \"matches_human_scoring\": false, \"fuzzy_matching\": false, \"manual_edit\": false}, {\"questionpart_n\": \"(d)\", \"question\": \"s\u0127oiqe\", \"answer\": \"ix\", \"matches_human_scoring\": false, \"fuzzy_matching\": false, \"manual_edit\": false}, {\"questionpart_n\": \"(e)\", \"question\": \"bosqe\", \"answer\": \"vi\", \"matches_human_scoring\": false, \"fuzzy_matching\": false, \"manual_edit\": false}, {\"questionpart_n\": \"(f)\", \"question\": \"re\u0127z\", \"answer\": \"ii\", \"matches_human_scoring\": false, \"fuzzy_matching\": false, \"manual_edit\": false}, {\"questionpart_n\": \"(g)\", \"question\": \"lede\", \"answer\": \"iii\", \"matches_human_scoring\": false, \"fuzzy_matching\": false, \"manual_edit\": false}, {\"questionpart_n\": \"(h)\", \"question\": \"bqen\", \"answer\": \"v\", \"matches_human_scoring\": false, \"fuzzy_matching\": false, \"manual_edit\": false}, {\"questionpart_n\": \"(i)\", \"question\": \"mg\u0307oih\", \"answer\": \"iv\", \"matches_human_scoring\": false, \"fuzzy_matching\": false, \"manual_edit\": false}, {\"questionpart_n\": \"(j)\", \"question\": \"bfoiq\", \"answer\": \"i\", \"matches_human_scoring\": false, \"fuzzy_matching\": false, \"manual_edit\": false}]}]",
    "obfuscated": "True",
    "obf_num": "25",
    "mapping": {
        "b": "q",
        "f": "w",
        "g\u0307": "h",
        "g": "g\u0127",
        "j": "\u0127",
        "k": "b",
        "l": "f",
        "m": "g\u0307",
        "q": "g",
        "w": "j",
        "h": "k",
        "g\u0127": "l",
        "\u0127": "m",
        "d": "z",
        "n": "d",
        "r": "n",
        "s": "r",
        "t": "s",
        "x": "t",
        "z\u0307": "x",
        "z": "z\u0307",
        "a": "e",
        "e": "i",
        "i": "o",
        "o": "u",
        "u": "a"
    }
}