{
    "json_invalid": false,
    "preamble": "Problem 4. A Dog\u2019s Breakfast (10 marks)",
    "context": "Below are some sentences in the Language X, followed by their English translations:\n\nUz-zug\u0127og ug\u0307itzi g-g\u0307itretozzi.\tThe boy sings the song.\nUz-zug\u0127og ji futz\u0307egzid ug-\u0127ixsutix.\tThe boy doesn't insult the gardener\nUg-g\u0307ogh ziz-zug\u0127og meli ujkixoh.\tThe boy's dog is naughty.\nUg-g\u0307zuoh zit-tobarfitz qitu meli jiwje\u0127.\tThe rich merchant's book is dirty.\nUg-g\u0307agirrfat zig-g\u0307ogh meli ziffoh.\tThe dog's breakfast is good.\nUz-zug\u0127gi zig-\u0127ixsutix fuz\u0307ji g-kizzez\u0307 ujkixoh.\tThe gardener\u2019s daughter hears the naughty cat.\nUz\u0307-z\u0307iffuos nqux fixi g-g\u0307zuoh.\tThe small fisherman sees the book.\nUg-g\u0307itzitz ji fuz\u0307jid uz-zug\u0127gi.\tThe singer doesn\u2019t hear the girl.\nUg-g\u0127ixj zig-huslu meli g\u0307hux.\tThe farmer\u2019s farm is big.\n\nBelow are ten more Language X words, and their English translations on the right in random order.\nTable 2.\n(a) huosfi\t(i) canine (adjective)\n(b) tobarfe\t(ii) fishing\n(c) kzizoz\u0307\t(iii) wealth\n(d) zfuohi\t(iv) dirt, grime\n(e) g\u0307uzhi\t(v) vastness, immensity\n(f) z\u0307ifs\t(vi) writing, literature\n(g) qiti\t(vii) agriculture\n(h) g\u0307hix\t(viii) business\n(i) wjuo\u0127\t(ix) virtue, goodness\n(j) g\u0307guoh\t(x) kitten\n\n",
    "questions": "[{\"question_n\": \"Q 4.1\", \"prompt\": \"Q 4.1 Translate the following sentences into Language X:\", \"subprompts\": [{\"questionpart_n\": \"(a)\", \"question\": \"The girl\\u2019s book is small.\", \"answer\": \"Ug-g\u0307zuoh ziz-zug\u0127gi meli nqux.\", \"matches_human_scoring\": false, \"fuzzy_matching\": false, \"manual_edit\": false}, {\"questionpart_n\": \"(b)\", \"question\": \"The dirty dog doesn\\u2019t see the gardener\\u2019s son.\", \"answer\": \"Ug-g\u0307ogh jiwje\u0127 ji fixid uz-zug\u0127og zig-\u0127ixsutix.\", \"matches_human_scoring\": false, \"fuzzy_matching\": false, \"manual_edit\": false}, {\"questionpart_n\": \"(c)\", \"question\": \"The big farmer\\u2019s cat is good.\", \"answer\": \"Ug-kizzez\u0307 zig-huslu g\u0307hux meli ziffoh.\", \"matches_human_scoring\": false, \"fuzzy_matching\": false, \"manual_edit\": false}, {\"questionpart_n\": \"(d)\", \"question\": \"The girl sees the rich boy\\u2019s breakfast.\", \"answer\": \"Uz-zug\u0127gi fixi g-g\u0307agirrfat ziz-zug\u0127og qitu.\", \"matches_human_scoring\": false, \"fuzzy_matching\": false, \"manual_edit\": false}]}, {\"question_n\": \"Q 4.2\", \"prompt\": \"Q 4.2 Table 2 shows ten Language X words, and their English translations on the right in random order. Determine the correct correspondences. Please write the corresponding roman numeral of the word that matches the numbered item.\", \"subprompts\": [{\"questionpart_n\": \"(a)\", \"question\": \"huosfi\", \"answer\": \"vii\", \"matches_human_scoring\": false, \"fuzzy_matching\": false, \"manual_edit\": false}, {\"questionpart_n\": \"(b)\", \"question\": \"tobarfe\", \"answer\": \"viii\", \"matches_human_scoring\": false, \"fuzzy_matching\": false, \"manual_edit\": false}, {\"questionpart_n\": \"(c)\", \"question\": \"kzizoz\u0307\", \"answer\": \"x\", \"matches_human_scoring\": false, \"fuzzy_matching\": false, \"manual_edit\": false}, {\"questionpart_n\": \"(d)\", \"question\": \"zfuohi\", \"answer\": \"ix\", \"matches_human_scoring\": false, \"fuzzy_matching\": false, \"manual_edit\": false}, {\"questionpart_n\": \"(e)\", \"question\": \"g\u0307uzhi\", \"answer\": \"vi\", \"matches_human_scoring\": false, \"fuzzy_matching\": false, \"manual_edit\": false}, {\"questionpart_n\": \"(f)\", \"question\": \"z\u0307ifs\", \"answer\": \"ii\", \"matches_human_scoring\": false, \"fuzzy_matching\": false, \"manual_edit\": false}, {\"questionpart_n\": \"(g)\", \"question\": \"qiti\", \"answer\": \"iii\", \"matches_human_scoring\": false, \"fuzzy_matching\": false, \"manual_edit\": false}, {\"questionpart_n\": \"(h)\", \"question\": \"g\u0307hix\", \"answer\": \"v\", \"matches_human_scoring\": false, \"fuzzy_matching\": false, \"manual_edit\": false}, {\"questionpart_n\": \"(i)\", \"question\": \"wjuo\u0127\", \"answer\": \"iv\", \"matches_human_scoring\": false, \"fuzzy_matching\": false, \"manual_edit\": false}, {\"questionpart_n\": \"(j)\", \"question\": \"g\u0307guoh\", \"answer\": \"i\", \"matches_human_scoring\": false, \"fuzzy_matching\": false, \"manual_edit\": false}]}]",
    "obfuscated": "True",
    "obf_num": "29",
    "mapping": {
        "b": "h",
        "f": "g\u0127",
        "g\u0307": "\u0127",
        "g": "b",
        "j": "f",
        "k": "g\u0307",
        "l": "g",
        "m": "j",
        "q": "k",
        "w": "l",
        "h": "m",
        "g\u0127": "q",
        "\u0127": "w",
        "d": "s",
        "n": "t",
        "r": "x",
        "s": "z\u0307",
        "t": "z",
        "x": "d",
        "z\u0307": "n",
        "z": "r",
        "a": "i",
        "e": "o",
        "i": "u",
        "o": "a",
        "u": "e"
    }
}