{
    "json_invalid": false,
    "preamble": "Problem 7. Language X and Language Y (20 marks)\n Language X is a   language spoken by about\n3,500 people in Country X. Language Y is a  \nlanguage spoken by about 2,000 in Country Y.\nDespite the languages not being closely related, their\nnumeral systems share many features.",
    "context": "Below are some Language X/Language Y phrases and their English translations (English-Language X as the first table, Language Y-English as the second table).\n\nEnglish\tLanguage X\n3 wrists\tbu\u0308ging sambisonges\n5 shoulders\tngoang yoweonges\n6 thumbs\tyowe bu\u0308gingonges\n8 ears\tfetefol gembisonges\n9 index fingers\tyowokho\u0308l logilonges\n10 index fingers\tyowokho\u0308l ngoangonges\n12 heads\tfogu\u0308ong fetefolonges\n13 heads\tfogu\u0308ong fogu\u0308ongonges\n16 shoulders\tngoang ngu\u0308ngoangonges\n17 elbows\tgembis ngu\u0308ngtogilonges\n18 ears\tfetefol ngu\u0308nggembisonges\n19 middle fingers\tsambis ngu\u0308ngtokhelonges\n22 thumbs\tyowe ngu\u0308yowokho\u0308longes\n23 thumbs\tyowe ngu\u0308ngsambisonges\n25 ears\tfetefol ngu\u0308ngkungongonges\n\nLanguage Y\tEnglish\n\u014bobsg obln\u0303\t1 shoulder\nnge\u0301ngg obje\u0301ge\u0301 \u014belwe\u0301ge\u0301\t2 thumbs\nngr pe\u0301je\u0301 mg\t4 forearms\nnge\u0301ngg wn\u0303e\u0301ky\t6 thumbs\nwn\u0303e\u0301ky ngr\t7 bracelets\nwn\u0303e\u0301ky \u014bobsg\t10 bracelets\nobln\u0303 nge\u0301l\t12 little fingers\n\u014bobsg bogle\u0301w\t13 shoulders\nbogle\u0301w \u014bobsg\t14 collar bones\nnge\u0301l ongjog\t16 holes\nongjog ngr\t17 elbows\nbogle\u0301w obln\u0303\t19 collar bones\nngr obje\u0301ge\u0301 \u014belwe\u0301ge\u0301\t20 forearms\nnge\u0301l ye\u0301le\u0301ngl\t21 holes\nbogle\u0301w pe\u0301je\u0301 mg\t22 collar bones\n",
    "questions": "[{\"question_n\": \"Q7.1\", \"prompt\": \"Translate the following into Language X:\", \"subprompts\": [{\"questionpart_n\": \"a.\", \"question\": \"little finger\", \"answer\": \"kungong\", \"matches_human_scoring\": false, \"fuzzy_matching\": false, \"manual_edit\": false}, {\"questionpart_n\": \"b.\", \"question\": \"21\", \"answer\": \"ngu\u0308yoweonges\", \"matches_human_scoring\": false, \"fuzzy_matching\": false, \"manual_edit\": false}, {\"questionpart_n\": \"c.\", \"question\": \"4 index fingers\", \"answer\": \"yowokho\u0308l yowokho\u0308longes\", \"matches_human_scoring\": false, \"fuzzy_matching\": false, \"manual_edit\": false}]}, {\"question_n\": \"Q7.2\", \"prompt\": \"Translate into Language Y:\", \"subprompts\": [{\"questionpart_n\": \"a.\", \"question\": \"index finger\", \"answer\": \"pe\u0301je\u0301 mg\", \"matches_human_scoring\": false, \"fuzzy_matching\": false, \"manual_edit\": false}, {\"questionpart_n\": \"b.\", \"question\": \"5\", \"answer\": \"nge\u0301ngg\", \"matches_human_scoring\": false, \"fuzzy_matching\": false, \"manual_edit\": false}, {\"questionpart_n\": \"c.\", \"question\": \"23 ring fingers\", \"answer\": \"obje\u0301ge\u0301 \u014belwe\u0301ge\u0301 nge\u0301ngg\", \"matches_human_scoring\": false, \"fuzzy_matching\": false, \"manual_edit\": false}]}, {\"question_n\": \"Q7.3\", \"prompt\": \"Translate into English, from either Language X or Language Y (if you think multiple translations are possible, give all)\", \"subprompts\": [{\"questionpart_n\": \"a.\", \"question\": \"lokhel\", \"answer\": \"forearm\", \"matches_human_scoring\": false, \"fuzzy_matching\": false, \"manual_edit\": false}, {\"questionpart_n\": \"b.\", \"question\": \"obje\u0301ge\u0301 \u014belwe\u0301ge\u0301\", \"answer\": \"[\\\"ring finger\\\", \\\"2\\\", \\\"20\\\"]\", \"matches_human_scoring\": false, \"fuzzy_matching\": false, \"manual_edit\": true}, {\"questionpart_n\": \"c.\", \"question\": \"yowe ngu\u0308mbu\u0308gingonges\", \"answer\": \"20 thumbs\", \"matches_human_scoring\": false, \"fuzzy_matching\": false, \"manual_edit\": false}, {\"questionpart_n\": \"d.\", \"question\": \"nge\u0301ngg\", \"answer\": \"[\\\"thumb\\\", \\\"5\\\", \\\"23\\\"]\", \"matches_human_scoring\": false, \"fuzzy_matching\": false, \"manual_edit\": true}, {\"questionpart_n\": \"e.\", \"question\": \"wn\u0303e\u0301ky wn\u0303e\u0301ky\", \"answer\": \"[\\\"6 bracelets\\\", \\\"18 bracelets\\\", \\\"24 bracelets\\\"]\", \"matches_human_scoring\": false, \"fuzzy_matching\": false, \"manual_edit\": false}]}]",
    "obfuscated": "True",
    "obf_num": "18",
    "mapping": {
        "m": "ng",
        "n": "ng",
        "b": "g",
        "d": "g",
        "ng": "m",
        "g": "b",
        "o\u0308": "e\u0301",
        "e\u0301": "u\u0308",
        "u\u0308": "o\u0308",
        "a": "o",
        "e": "u",
        "i": "a",
        "o": "e",
        "u": "i",
        "p": "s",
        "k": "p",
        "s": "k",
        "\u014b": "n\u0303",
        "n\u0303": "j",
        "j": "r",
        "r": "\u014b",
        "kh": "f",
        "f": "kh",
        "y": "w",
        "w": "y",
        "l": "l",
        "t": "t"
    }
}