{
    "json_invalid": false,
    "preamble": "Problem 7. Language X and Language Y (20 marks)\n Language X is a   language spoken by about\n3,500 people in Country X. Language Y is a  \nlanguage spoken by about 2,000 in Country Y.\nDespite the languages not being closely related, their\nnumeral systems share many features.",
    "context": "Below are some Language X/Language Y phrases and their English translations (English-Language X as the first table, Language Y-English as the second table).\n\nEnglish\tLanguage X\n3 wrists\tdu\u0308ging sandisonges\n5 shoulders\tnoang yoweonges\n6 thumbs\tyowe du\u0308gingonges\n8 ears\tfetefol dendisonges\n9 index fingers\tyowokho\u0308l lodilonges\n10 index fingers\tyowokho\u0308l noangonges\n12 heads\tfodu\u0308ong fetefolonges\n13 heads\tfodu\u0308ong fodu\u0308ongonges\n16 shoulders\tnoang nu\u0308noangonges\n17 elbows\tdendis nu\u0308ngtodilonges\n18 ears\tfetefol nu\u0308ndendisonges\n19 middle fingers\tsandis nu\u0308ngtokhelonges\n22 thumbs\tyowe nu\u0308yowokho\u0308longes\n23 thumbs\tyowe nu\u0308ngsandisonges\n25 ears\tfetefol nu\u0308ngkungongonges\n\nLanguage Y\tEnglish\n\u014bodsd odln\u0303\t1 shoulder\nne\u0301ng odje\u0301de\u0301 \u014belwe\u0301de\u0301\t2 thumbs\nnr pe\u0301je\u0301 nd\t4 forearms\nne\u0301ng wn\u0303e\u0301ky\t6 thumbs\nwn\u0303e\u0301ky nr\t7 bracelets\nwn\u0303e\u0301ky \u014bodsd\t10 bracelets\nodln\u0303 ne\u0301l\t12 little fingers\n\u014bodsd dogle\u0301w\t13 shoulders\ndogle\u0301w \u014bodsd\t14 collar bones\nne\u0301l onjod\t16 holes\nonjod nr\t17 elbows\ndogle\u0301w odln\u0303\t19 collar bones\nnr odje\u0301de\u0301 \u014belwe\u0301de\u0301\t20 forearms\nne\u0301l ye\u0301le\u0301nl\t21 holes\ndogle\u0301w pe\u0301je\u0301 nd\t22 collar bones\n",
    "questions": "[{\"question_n\": \"Q7.1\", \"prompt\": \"Translate the following into Language X:\", \"subprompts\": [{\"questionpart_n\": \"a.\", \"question\": \"little finger\", \"answer\": \"kungong\", \"matches_human_scoring\": false, \"fuzzy_matching\": false, \"manual_edit\": false}, {\"questionpart_n\": \"b.\", \"question\": \"21\", \"answer\": \"nu\u0308yoweonges\", \"matches_human_scoring\": false, \"fuzzy_matching\": false, \"manual_edit\": false}, {\"questionpart_n\": \"c.\", \"question\": \"4 index fingers\", \"answer\": \"yowokho\u0308l yowokho\u0308longes\", \"matches_human_scoring\": false, \"fuzzy_matching\": false, \"manual_edit\": false}]}, {\"question_n\": \"Q7.2\", \"prompt\": \"Translate into Language Y:\", \"subprompts\": [{\"questionpart_n\": \"a.\", \"question\": \"index finger\", \"answer\": \"pe\u0301je\u0301 nd\", \"matches_human_scoring\": false, \"fuzzy_matching\": false, \"manual_edit\": false}, {\"questionpart_n\": \"b.\", \"question\": \"5\", \"answer\": \"ne\u0301ng\", \"matches_human_scoring\": false, \"fuzzy_matching\": false, \"manual_edit\": false}, {\"questionpart_n\": \"c.\", \"question\": \"23 ring fingers\", \"answer\": \"odje\u0301de\u0301 \u014belwe\u0301de\u0301 ne\u0301ng\", \"matches_human_scoring\": false, \"fuzzy_matching\": false, \"manual_edit\": false}]}, {\"question_n\": \"Q7.3\", \"prompt\": \"Translate into English, from either Language X or Language Y (if you think multiple translations are possible, give all)\", \"subprompts\": [{\"questionpart_n\": \"a.\", \"question\": \"lokhel\", \"answer\": \"forearm\", \"matches_human_scoring\": false, \"fuzzy_matching\": false, \"manual_edit\": false}, {\"questionpart_n\": \"b.\", \"question\": \"odje\u0301de\u0301 \u014belwe\u0301de\u0301\", \"answer\": \"[\\\"ring finger\\\", \\\"2\\\", \\\"20\\\"]\", \"matches_human_scoring\": false, \"fuzzy_matching\": false, \"manual_edit\": true}, {\"questionpart_n\": \"c.\", \"question\": \"yowe nu\u0308ndu\u0308gingonges\", \"answer\": \"20 thumbs\", \"matches_human_scoring\": false, \"fuzzy_matching\": false, \"manual_edit\": false}, {\"questionpart_n\": \"d.\", \"question\": \"ne\u0301ng\", \"answer\": \"[\\\"thumb\\\", \\\"5\\\", \\\"23\\\"]\", \"matches_human_scoring\": false, \"fuzzy_matching\": false, \"manual_edit\": true}, {\"questionpart_n\": \"e.\", \"question\": \"wn\u0303e\u0301ky wn\u0303e\u0301ky\", \"answer\": \"[\\\"6 bracelets\\\", \\\"18 bracelets\\\", \\\"24 bracelets\\\"]\", \"matches_human_scoring\": false, \"fuzzy_matching\": false, \"manual_edit\": false}]}]",
    "obfuscated": "True",
    "obf_num": "3",
    "mapping": {
        "m": "n",
        "ng": "n",
        "b": "d",
        "g": "d",
        "n": "ng",
        "d": "g",
        "o\u0308": "e\u0301",
        "e\u0301": "u\u0308",
        "u\u0308": "o\u0308",
        "a": "o",
        "e": "u",
        "i": "a",
        "o": "e",
        "u": "i",
        "p": "s",
        "k": "p",
        "s": "k",
        "\u014b": "n\u0303",
        "n\u0303": "j",
        "j": "r",
        "r": "\u014b",
        "kh": "f",
        "f": "kh",
        "y": "w",
        "w": "y",
        "l": "l",
        "t": "t"
    }
}