{
    "json_invalid": false,
    "preamble": "Problem 7. Language X and Language Y (20 marks)\n Language X is a   language spoken by about\n3,500 people in Country X. Language Y is a  \nlanguage spoken by about 2,000 in Country Y.\nDespite the languages not being closely related, their\nnumeral systems share many features.",
    "context": "Below are some Language X/Language Y phrases and their English translations (English-Language X as the first table, Language Y-English as the second table).\n\nEnglish\tLanguage X\n3 wrists\tbu\u0308gang sombasengus\n5 shoulders\tngeong yewuengus\n6 thumbs\tyewu bu\u0308gangengus\n8 ears\tfutufel gumbasengus\n9 index fingers\tyewekho\u0308l legalengus\n10 index fingers\tyewekho\u0308l ngeongengus\n12 heads\tfegu\u0308eng futufelengus\n13 heads\tfegu\u0308eng fegu\u0308engengus\n16 shoulders\tngeong ngu\u0308ngeongengus\n17 elbows\tgumbas ngu\u0308ngtegalengus\n18 ears\tfutufel ngu\u0308nggumbasengus\n19 middle fingers\tsombas ngu\u0308ngtekhulengus\n22 thumbs\tyewu ngu\u0308yewekho\u0308lengus\n23 thumbs\tyewu ngu\u0308ngsombasengus\n25 ears\tfutufel ngu\u0308ngkingengengus\n\nLanguage Y\tEnglish\n\u014bebsg ebln\u0303\t1 shoulder\nnge\u0301ngg ebje\u0301ge\u0301 \u014bulwe\u0301ge\u0301\t2 thumbs\nngr pe\u0301je\u0301 mg\t4 forearms\nnge\u0301ngg wn\u0303e\u0301ky\t6 thumbs\nwn\u0303e\u0301ky ngr\t7 bracelets\nwn\u0303e\u0301ky \u014bebsg\t10 bracelets\nebln\u0303 nge\u0301l\t12 little fingers\n\u014bebsg begle\u0301w\t13 shoulders\nbegle\u0301w \u014bebsg\t14 collar bones\nnge\u0301l engjeg\t16 holes\nengjeg ngr\t17 elbows\nbegle\u0301w ebln\u0303\t19 collar bones\nngr ebje\u0301ge\u0301 \u014bulwe\u0301ge\u0301\t20 forearms\nnge\u0301l ye\u0301le\u0301ngl\t21 holes\nbegle\u0301w pe\u0301je\u0301 mg\t22 collar bones\n",
    "questions": "[{\"question_n\": \"Q7.1\", \"prompt\": \"Translate the following into Language X:\", \"subprompts\": [{\"questionpart_n\": \"a.\", \"question\": \"little finger\", \"answer\": \"kingeng\", \"matches_human_scoring\": false, \"fuzzy_matching\": false, \"manual_edit\": false}, {\"questionpart_n\": \"b.\", \"question\": \"21\", \"answer\": \"ngu\u0308yewuengus\", \"matches_human_scoring\": false, \"fuzzy_matching\": false, \"manual_edit\": false}, {\"questionpart_n\": \"c.\", \"question\": \"4 index fingers\", \"answer\": \"yewekho\u0308l yewekho\u0308lengus\", \"matches_human_scoring\": false, \"fuzzy_matching\": false, \"manual_edit\": false}]}, {\"question_n\": \"Q7.2\", \"prompt\": \"Translate into Language Y:\", \"subprompts\": [{\"questionpart_n\": \"a.\", \"question\": \"index finger\", \"answer\": \"pe\u0301je\u0301 mg\", \"matches_human_scoring\": false, \"fuzzy_matching\": false, \"manual_edit\": false}, {\"questionpart_n\": \"b.\", \"question\": \"5\", \"answer\": \"nge\u0301ngg\", \"matches_human_scoring\": false, \"fuzzy_matching\": false, \"manual_edit\": false}, {\"questionpart_n\": \"c.\", \"question\": \"23 ring fingers\", \"answer\": \"ebje\u0301ge\u0301 \u014bulwe\u0301ge\u0301 nge\u0301ngg\", \"matches_human_scoring\": false, \"fuzzy_matching\": false, \"manual_edit\": false}]}, {\"question_n\": \"Q7.3\", \"prompt\": \"Translate into English, from either Language X or Language Y (if you think multiple translations are possible, give all)\", \"subprompts\": [{\"questionpart_n\": \"a.\", \"question\": \"lekhul\", \"answer\": \"forearm\", \"matches_human_scoring\": false, \"fuzzy_matching\": false, \"manual_edit\": false}, {\"questionpart_n\": \"b.\", \"question\": \"ebje\u0301ge\u0301 \u014bulwe\u0301ge\u0301\", \"answer\": \"[\\\"ring finger\\\", \\\"2\\\", \\\"20\\\"]\", \"matches_human_scoring\": false, \"fuzzy_matching\": false, \"manual_edit\": true}, {\"questionpart_n\": \"c.\", \"question\": \"yewu ngu\u0308mbu\u0308gangengus\", \"answer\": \"20 thumbs\", \"matches_human_scoring\": false, \"fuzzy_matching\": false, \"manual_edit\": false}, {\"questionpart_n\": \"d.\", \"question\": \"nge\u0301ngg\", \"answer\": \"[\\\"thumb\\\", \\\"5\\\", \\\"23\\\"]\", \"matches_human_scoring\": false, \"fuzzy_matching\": false, \"manual_edit\": true}, {\"questionpart_n\": \"e.\", \"question\": \"wn\u0303e\u0301ky wn\u0303e\u0301ky\", \"answer\": \"[\\\"6 bracelets\\\", \\\"18 bracelets\\\", \\\"24 bracelets\\\"]\", \"matches_human_scoring\": false, \"fuzzy_matching\": false, \"manual_edit\": false}]}]",
    "obfuscated": "True",
    "obf_num": "14",
    "mapping": {
        "m": "ng",
        "n": "ng",
        "b": "g",
        "d": "g",
        "ng": "m",
        "g": "b",
        "o\u0308": "e\u0301",
        "e\u0301": "u\u0308",
        "u\u0308": "o\u0308",
        "a": "e",
        "e": "i",
        "i": "o",
        "o": "u",
        "u": "a",
        "p": "s",
        "k": "p",
        "s": "k",
        "\u014b": "n\u0303",
        "n\u0303": "j",
        "j": "r",
        "r": "\u014b",
        "kh": "f",
        "f": "kh",
        "y": "w",
        "w": "y",
        "l": "l",
        "t": "t"
    }
}