{
    "json_invalid": false,
    "preamble": "Problem 7. Language X and Language Y (20 marks)\n Language X is a   language spoken by about\n3,500 people in Country X. Language Y is a  \nlanguage spoken by about 2,000 in Country Y.\nDespite the languages not being closely related, their\nnumeral systems share many features.",
    "context": "Below are some Language X/Language Y phrases and their English translations (English-Language X as the first table, Language Y-English as the second table).\n\nEnglish\tLanguage X\n3 wrists\tdo\u0308ging kandikongek\n5 shoulders\tnoang yoweongek\n6 thumbs\tyowe do\u0308gingongek\n8 ears\tfetefol dendikongek\n9 index fingers\tyowokhe\u0301l lodilongek\n10 index fingers\tyowokhe\u0301l noangongek\n12 heads\tfodo\u0308ong fetefolongek\n13 heads\tfodo\u0308ong fodo\u0308ongongek\n16 shoulders\tnoang no\u0308noangongek\n17 elbows\tdendik no\u0308ngtodilongek\n18 ears\tfetefol no\u0308ndendikongek\n19 middle fingers\tkandik no\u0308ngtokhelongek\n22 thumbs\tyowe no\u0308yowokhe\u0301longek\n23 thumbs\tyowe no\u0308ngkandikongek\n25 ears\tfetefol no\u0308ngpungongongek\n\nLanguage Y\tEnglish\njodkd odlr\t1 shoulder\nnu\u0308ng od\u014bu\u0308du\u0308 jelwu\u0308du\u0308\t2 thumbs\nnn\u0303 su\u0308\u014bu\u0308 nd\t4 forearms\nnu\u0308ng wru\u0308py\t6 thumbs\nwru\u0308py nn\u0303\t7 bracelets\nwru\u0308py jodkd\t10 bracelets\nodlr nu\u0308l\t12 little fingers\njodkd doglu\u0308w\t13 shoulders\ndoglu\u0308w jodkd\t14 collar bones\nnu\u0308l on\u014bod\t16 holes\non\u014bod nn\u0303\t17 elbows\ndoglu\u0308w odlr\t19 collar bones\nnn\u0303 od\u014bu\u0308du\u0308 jelwu\u0308du\u0308\t20 forearms\nnu\u0308l yu\u0308lu\u0308nl\t21 holes\ndoglu\u0308w su\u0308\u014bu\u0308 nd\t22 collar bones\n",
    "questions": "[{\"question_n\": \"Q7.1\", \"prompt\": \"Translate the following into Language X:\", \"subprompts\": [{\"questionpart_n\": \"a.\", \"question\": \"little finger\", \"answer\": \"pungong\", \"matches_human_scoring\": false, \"fuzzy_matching\": false, \"manual_edit\": false}, {\"questionpart_n\": \"b.\", \"question\": \"21\", \"answer\": \"no\u0308yoweongek\", \"matches_human_scoring\": false, \"fuzzy_matching\": false, \"manual_edit\": false}, {\"questionpart_n\": \"c.\", \"question\": \"4 index fingers\", \"answer\": \"yowokhe\u0301l yowokhe\u0301longek\", \"matches_human_scoring\": false, \"fuzzy_matching\": false, \"manual_edit\": false}]}, {\"question_n\": \"Q7.2\", \"prompt\": \"Translate into Language Y:\", \"subprompts\": [{\"questionpart_n\": \"a.\", \"question\": \"index finger\", \"answer\": \"su\u0308\u014bu\u0308 nd\", \"matches_human_scoring\": false, \"fuzzy_matching\": false, \"manual_edit\": false}, {\"questionpart_n\": \"b.\", \"question\": \"5\", \"answer\": \"nu\u0308ng\", \"matches_human_scoring\": false, \"fuzzy_matching\": false, \"manual_edit\": false}, {\"questionpart_n\": \"c.\", \"question\": \"23 ring fingers\", \"answer\": \"od\u014bu\u0308du\u0308 jelwu\u0308du\u0308 nu\u0308ng\", \"matches_human_scoring\": false, \"fuzzy_matching\": false, \"manual_edit\": false}]}, {\"question_n\": \"Q7.3\", \"prompt\": \"Translate into English, from either Language X or Language Y (if you think multiple translations are possible, give all)\", \"subprompts\": [{\"questionpart_n\": \"a.\", \"question\": \"lokhel\", \"answer\": \"forearm\", \"matches_human_scoring\": false, \"fuzzy_matching\": false, \"manual_edit\": false}, {\"questionpart_n\": \"b.\", \"question\": \"od\u014bu\u0308du\u0308 jelwu\u0308du\u0308\", \"answer\": \"[\\\"ring finger\\\", \\\"2\\\", \\\"20\\\"]\", \"matches_human_scoring\": false, \"fuzzy_matching\": false, \"manual_edit\": true}, {\"questionpart_n\": \"c.\", \"question\": \"yowe no\u0308ndo\u0308gingongek\", \"answer\": \"20 thumbs\", \"matches_human_scoring\": false, \"fuzzy_matching\": false, \"manual_edit\": false}, {\"questionpart_n\": \"d.\", \"question\": \"nu\u0308ng\", \"answer\": \"[\\\"thumb\\\", \\\"5\\\", \\\"23\\\"]\", \"matches_human_scoring\": false, \"fuzzy_matching\": false, \"manual_edit\": true}, {\"questionpart_n\": \"e.\", \"question\": \"wru\u0308py wru\u0308py\", \"answer\": \"[\\\"6 bracelets\\\", \\\"18 bracelets\\\", \\\"24 bracelets\\\"]\", \"matches_human_scoring\": false, \"fuzzy_matching\": false, \"manual_edit\": false}]}]",
    "obfuscated": "True",
    "obf_num": "23",
    "mapping": {
        "m": "n",
        "ng": "n",
        "b": "d",
        "g": "d",
        "n": "ng",
        "d": "g",
        "o\u0308": "u\u0308",
        "e\u0301": "o\u0308",
        "u\u0308": "e\u0301",
        "a": "o",
        "e": "u",
        "i": "a",
        "o": "e",
        "u": "i",
        "p": "k",
        "k": "s",
        "s": "p",
        "\u014b": "r",
        "n\u0303": "\u014b",
        "j": "n\u0303",
        "r": "j",
        "kh": "f",
        "f": "kh",
        "y": "w",
        "w": "y",
        "l": "l",
        "t": "t"
    }
}