{
    "json_invalid": false,
    "preamble": "Problem 7. Language X and Language Y (20 marks)\n Language X is a   language spoken by about\n3,500 people in Country X. Language Y is a  \nlanguage spoken by about 2,000 in Country Y.\nDespite the languages not being closely related, their\nnumeral systems share many features.",
    "context": "Below are some Language X/Language Y phrases and their English translations (English-Language X as the first table, Language Y-English as the second table).\n\nEnglish\tLanguage X\n3 wrists\tdu\u0308gong sendosungis\n5 shoulders\tnueng yuwiungis\n6 thumbs\tyuwi du\u0308gongungis\n8 ears\tfitiful dindosungis\n9 index fingers\tyuwukho\u0308l ludolungis\n10 index fingers\tyuwukho\u0308l nuengungis\n12 heads\tfudu\u0308ung fitifulungis\n13 heads\tfudu\u0308ung fudu\u0308ungungis\n16 shoulders\tnueng nu\u0308nuengungis\n17 elbows\tdindos nu\u0308ngtudolungis\n18 ears\tfitiful nu\u0308ndindosungis\n19 middle fingers\tsendos nu\u0308ngtukhilungis\n22 thumbs\tyuwi nu\u0308yuwukho\u0308lungis\n23 thumbs\tyuwi nu\u0308ngsendosungis\n25 ears\tfitiful nu\u0308ngkangungungis\n\nLanguage Y\tEnglish\njudsd udlr\t1 shoulder\nne\u0301ng ud\u014be\u0301de\u0301 jilwe\u0301de\u0301\t2 thumbs\nnn\u0303 pe\u0301\u014be\u0301 nd\t4 forearms\nne\u0301ng wre\u0301ky\t6 thumbs\nwre\u0301ky nn\u0303\t7 bracelets\nwre\u0301ky judsd\t10 bracelets\nudlr ne\u0301l\t12 little fingers\njudsd dugle\u0301w\t13 shoulders\ndugle\u0301w judsd\t14 collar bones\nne\u0301l un\u014bud\t16 holes\nun\u014bud nn\u0303\t17 elbows\ndugle\u0301w udlr\t19 collar bones\nnn\u0303 ud\u014be\u0301de\u0301 jilwe\u0301de\u0301\t20 forearms\nne\u0301l ye\u0301le\u0301nl\t21 holes\ndugle\u0301w pe\u0301\u014be\u0301 nd\t22 collar bones\n",
    "questions": "[{\"question_n\": \"Q7.1\", \"prompt\": \"Translate the following into Language X:\", \"subprompts\": [{\"questionpart_n\": \"a.\", \"question\": \"little finger\", \"answer\": \"kangung\", \"matches_human_scoring\": false, \"fuzzy_matching\": false, \"manual_edit\": false}, {\"questionpart_n\": \"b.\", \"question\": \"21\", \"answer\": \"nu\u0308yuwiungis\", \"matches_human_scoring\": false, \"fuzzy_matching\": false, \"manual_edit\": false}, {\"questionpart_n\": \"c.\", \"question\": \"4 index fingers\", \"answer\": \"yuwukho\u0308l yuwukho\u0308lungis\", \"matches_human_scoring\": false, \"fuzzy_matching\": false, \"manual_edit\": false}]}, {\"question_n\": \"Q7.2\", \"prompt\": \"Translate into Language Y:\", \"subprompts\": [{\"questionpart_n\": \"a.\", \"question\": \"index finger\", \"answer\": \"pe\u0301\u014be\u0301 nd\", \"matches_human_scoring\": false, \"fuzzy_matching\": false, \"manual_edit\": false}, {\"questionpart_n\": \"b.\", \"question\": \"5\", \"answer\": \"ne\u0301ng\", \"matches_human_scoring\": false, \"fuzzy_matching\": false, \"manual_edit\": false}, {\"questionpart_n\": \"c.\", \"question\": \"23 ring fingers\", \"answer\": \"ud\u014be\u0301de\u0301 jilwe\u0301de\u0301 ne\u0301ng\", \"matches_human_scoring\": false, \"fuzzy_matching\": false, \"manual_edit\": false}]}, {\"question_n\": \"Q7.3\", \"prompt\": \"Translate into English, from either Language X or Language Y (if you think multiple translations are possible, give all)\", \"subprompts\": [{\"questionpart_n\": \"a.\", \"question\": \"lukhil\", \"answer\": \"forearm\", \"matches_human_scoring\": false, \"fuzzy_matching\": false, \"manual_edit\": false}, {\"questionpart_n\": \"b.\", \"question\": \"ud\u014be\u0301de\u0301 jilwe\u0301de\u0301\", \"answer\": \"[\\\"ring finger\\\", \\\"2\\\", \\\"20\\\"]\", \"matches_human_scoring\": false, \"fuzzy_matching\": false, \"manual_edit\": true}, {\"questionpart_n\": \"c.\", \"question\": \"yuwi nu\u0308ndu\u0308gongungis\", \"answer\": \"20 thumbs\", \"matches_human_scoring\": false, \"fuzzy_matching\": false, \"manual_edit\": false}, {\"questionpart_n\": \"d.\", \"question\": \"ne\u0301ng\", \"answer\": \"[\\\"thumb\\\", \\\"5\\\", \\\"23\\\"]\", \"matches_human_scoring\": false, \"fuzzy_matching\": false, \"manual_edit\": true}, {\"questionpart_n\": \"e.\", \"question\": \"wre\u0301ky wre\u0301ky\", \"answer\": \"[\\\"6 bracelets\\\", \\\"18 bracelets\\\", \\\"24 bracelets\\\"]\", \"matches_human_scoring\": false, \"fuzzy_matching\": false, \"manual_edit\": false}]}]",
    "obfuscated": "True",
    "obf_num": "15",
    "mapping": {
        "m": "n",
        "ng": "n",
        "b": "d",
        "g": "d",
        "n": "ng",
        "d": "g",
        "o\u0308": "e\u0301",
        "e\u0301": "u\u0308",
        "u\u0308": "o\u0308",
        "a": "u",
        "e": "a",
        "i": "e",
        "o": "i",
        "u": "o",
        "p": "s",
        "k": "p",
        "s": "k",
        "\u014b": "r",
        "n\u0303": "\u014b",
        "j": "n\u0303",
        "r": "j",
        "kh": "f",
        "f": "kh",
        "y": "w",
        "w": "y",
        "l": "l",
        "t": "t"
    }
}