{
    "json_invalid": false,
    "preamble": "Problem 7. Language X and Language Y (20 marks)\n Language X is a   language spoken by about\n3,500 people in Country X. Language Y is a  \nlanguage spoken by about 2,000 in Country Y.\nDespite the languages not being closely related, their\nnumeral systems share many features.",
    "context": "Below are some Language X/Language Y phrases and their English translations (English-Language X as the first table, Language Y-English as the second table).\n\nEnglish\tLanguage X\n3 wrists\tbo\u0308gong sembosungis\n5 shoulders\tngueng yuwiungis\n6 thumbs\tyuwi bo\u0308gongungis\n8 ears\tfitiful gimbosungis\n9 index fingers\tyuwukhe\u0301l lugolungis\n10 index fingers\tyuwukhe\u0301l nguengungis\n12 heads\tfugo\u0308ung fitifulungis\n13 heads\tfugo\u0308ung fugo\u0308ungungis\n16 shoulders\tngueng ngo\u0308nguengungis\n17 elbows\tgimbos ngo\u0308ngtugolungis\n18 ears\tfitiful ngo\u0308nggimbosungis\n19 middle fingers\tsembos ngo\u0308ngtukhilungis\n22 thumbs\tyuwi ngo\u0308yuwukhe\u0301lungis\n23 thumbs\tyuwi ngo\u0308ngsembosungis\n25 ears\tfitiful ngo\u0308ngkangungungis\n\nLanguage Y\tEnglish\n\u014bubsg ubln\u0303\t1 shoulder\nngu\u0308ngg ubju\u0308gu\u0308 \u014bilwu\u0308gu\u0308\t2 thumbs\nngr pu\u0308ju\u0308 mg\t4 forearms\nngu\u0308ngg wn\u0303u\u0308ky\t6 thumbs\nwn\u0303u\u0308ky ngr\t7 bracelets\nwn\u0303u\u0308ky \u014bubsg\t10 bracelets\nubln\u0303 ngu\u0308l\t12 little fingers\n\u014bubsg buglu\u0308w\t13 shoulders\nbuglu\u0308w \u014bubsg\t14 collar bones\nngu\u0308l ungjug\t16 holes\nungjug ngr\t17 elbows\nbuglu\u0308w ubln\u0303\t19 collar bones\nngr ubju\u0308gu\u0308 \u014bilwu\u0308gu\u0308\t20 forearms\nngu\u0308l yu\u0308lu\u0308ngl\t21 holes\nbuglu\u0308w pu\u0308ju\u0308 mg\t22 collar bones\n",
    "questions": "[{\"question_n\": \"Q7.1\", \"prompt\": \"Translate the following into Language X:\", \"subprompts\": [{\"questionpart_n\": \"a.\", \"question\": \"little finger\", \"answer\": \"kangung\", \"matches_human_scoring\": false, \"fuzzy_matching\": false, \"manual_edit\": false}, {\"questionpart_n\": \"b.\", \"question\": \"21\", \"answer\": \"ngo\u0308yuwiungis\", \"matches_human_scoring\": false, \"fuzzy_matching\": false, \"manual_edit\": false}, {\"questionpart_n\": \"c.\", \"question\": \"4 index fingers\", \"answer\": \"yuwukhe\u0301l yuwukhe\u0301lungis\", \"matches_human_scoring\": false, \"fuzzy_matching\": false, \"manual_edit\": false}]}, {\"question_n\": \"Q7.2\", \"prompt\": \"Translate into Language Y:\", \"subprompts\": [{\"questionpart_n\": \"a.\", \"question\": \"index finger\", \"answer\": \"pu\u0308ju\u0308 mg\", \"matches_human_scoring\": false, \"fuzzy_matching\": false, \"manual_edit\": false}, {\"questionpart_n\": \"b.\", \"question\": \"5\", \"answer\": \"ngu\u0308ngg\", \"matches_human_scoring\": false, \"fuzzy_matching\": false, \"manual_edit\": false}, {\"questionpart_n\": \"c.\", \"question\": \"23 ring fingers\", \"answer\": \"ubju\u0308gu\u0308 \u014bilwu\u0308gu\u0308 ngu\u0308ngg\", \"matches_human_scoring\": false, \"fuzzy_matching\": false, \"manual_edit\": false}]}, {\"question_n\": \"Q7.3\", \"prompt\": \"Translate into English, from either Language X or Language Y (if you think multiple translations are possible, give all)\", \"subprompts\": [{\"questionpart_n\": \"a.\", \"question\": \"lukhil\", \"answer\": \"forearm\", \"matches_human_scoring\": false, \"fuzzy_matching\": false, \"manual_edit\": false}, {\"questionpart_n\": \"b.\", \"question\": \"ubju\u0308gu\u0308 \u014bilwu\u0308gu\u0308\", \"answer\": \"[\\\"ring finger\\\", \\\"2\\\", \\\"20\\\"]\", \"matches_human_scoring\": false, \"fuzzy_matching\": false, \"manual_edit\": true}, {\"questionpart_n\": \"c.\", \"question\": \"yuwi ngo\u0308mbo\u0308gongungis\", \"answer\": \"20 thumbs\", \"matches_human_scoring\": false, \"fuzzy_matching\": false, \"manual_edit\": false}, {\"questionpart_n\": \"d.\", \"question\": \"ngu\u0308ngg\", \"answer\": \"[\\\"thumb\\\", \\\"5\\\", \\\"23\\\"]\", \"matches_human_scoring\": false, \"fuzzy_matching\": false, \"manual_edit\": true}, {\"questionpart_n\": \"e.\", \"question\": \"wn\u0303u\u0308ky wn\u0303u\u0308ky\", \"answer\": \"[\\\"6 bracelets\\\", \\\"18 bracelets\\\", \\\"24 bracelets\\\"]\", \"matches_human_scoring\": false, \"fuzzy_matching\": false, \"manual_edit\": false}]}]",
    "obfuscated": "True",
    "obf_num": "2",
    "mapping": {
        "m": "ng",
        "n": "ng",
        "b": "g",
        "d": "g",
        "ng": "m",
        "g": "b",
        "o\u0308": "u\u0308",
        "e\u0301": "o\u0308",
        "u\u0308": "e\u0301",
        "a": "u",
        "e": "a",
        "i": "e",
        "o": "i",
        "u": "o",
        "p": "s",
        "k": "p",
        "s": "k",
        "\u014b": "n\u0303",
        "n\u0303": "j",
        "j": "r",
        "r": "\u014b",
        "kh": "f",
        "f": "kh",
        "y": "w",
        "w": "y",
        "l": "l",
        "t": "t"
    }
}