{
    "json_invalid": false,
    "preamble": "Problem 7. Language X and Language Y (20 marks)\n Language X is a   language spoken by about\n3,500 people in Country X. Language Y is a  \nlanguage spoken by about 2,000 in Country Y.\nDespite the languages not being closely related, their\nnumeral systems share many features.",
    "context": "Below are some Language X/Language Y phrases and their English translations (English-Language X as the first table, Language Y-English as the second table).\n\nEnglish\tLanguage X\n3 wrists\tbo\u0308gong kembokungik\n5 shoulders\tngueng yuwiungik\n6 thumbs\tyuwi bo\u0308gongungik\n8 ears\tfitiful gimbokungik\n9 index fingers\tyuwukhe\u0301l lugolungik\n10 index fingers\tyuwukhe\u0301l nguengungik\n12 heads\tfugo\u0308ung fitifulungik\n13 heads\tfugo\u0308ung fugo\u0308ungungik\n16 shoulders\tngueng ngo\u0308nguengungik\n17 elbows\tgimbok ngo\u0308ngtugolungik\n18 ears\tfitiful ngo\u0308nggimbokungik\n19 middle fingers\tkembok ngo\u0308ngtukhilungik\n22 thumbs\tyuwi ngo\u0308yuwukhe\u0301lungik\n23 thumbs\tyuwi ngo\u0308ngkembokungik\n25 ears\tfitiful ngo\u0308ngpangungungik\n\nLanguage Y\tEnglish\njubkg ublr\t1 shoulder\nngu\u0308ngg ub\u014bu\u0308gu\u0308 jilwu\u0308gu\u0308\t2 thumbs\nngn\u0303 su\u0308\u014bu\u0308 mg\t4 forearms\nngu\u0308ngg wru\u0308py\t6 thumbs\nwru\u0308py ngn\u0303\t7 bracelets\nwru\u0308py jubkg\t10 bracelets\nublr ngu\u0308l\t12 little fingers\njubkg buglu\u0308w\t13 shoulders\nbuglu\u0308w jubkg\t14 collar bones\nngu\u0308l ung\u014bug\t16 holes\nung\u014bug ngn\u0303\t17 elbows\nbuglu\u0308w ublr\t19 collar bones\nngn\u0303 ub\u014bu\u0308gu\u0308 jilwu\u0308gu\u0308\t20 forearms\nngu\u0308l yu\u0308lu\u0308ngl\t21 holes\nbuglu\u0308w su\u0308\u014bu\u0308 mg\t22 collar bones\n",
    "questions": "[{\"question_n\": \"Q7.1\", \"prompt\": \"Translate the following into Language X:\", \"subprompts\": [{\"questionpart_n\": \"a.\", \"question\": \"little finger\", \"answer\": \"pangung\", \"matches_human_scoring\": false, \"fuzzy_matching\": false, \"manual_edit\": false}, {\"questionpart_n\": \"b.\", \"question\": \"21\", \"answer\": \"ngo\u0308yuwiungik\", \"matches_human_scoring\": false, \"fuzzy_matching\": false, \"manual_edit\": false}, {\"questionpart_n\": \"c.\", \"question\": \"4 index fingers\", \"answer\": \"yuwukhe\u0301l yuwukhe\u0301lungik\", \"matches_human_scoring\": false, \"fuzzy_matching\": false, \"manual_edit\": false}]}, {\"question_n\": \"Q7.2\", \"prompt\": \"Translate into Language Y:\", \"subprompts\": [{\"questionpart_n\": \"a.\", \"question\": \"index finger\", \"answer\": \"su\u0308\u014bu\u0308 mg\", \"matches_human_scoring\": false, \"fuzzy_matching\": false, \"manual_edit\": false}, {\"questionpart_n\": \"b.\", \"question\": \"5\", \"answer\": \"ngu\u0308ngg\", \"matches_human_scoring\": false, \"fuzzy_matching\": false, \"manual_edit\": false}, {\"questionpart_n\": \"c.\", \"question\": \"23 ring fingers\", \"answer\": \"ub\u014bu\u0308gu\u0308 jilwu\u0308gu\u0308 ngu\u0308ngg\", \"matches_human_scoring\": false, \"fuzzy_matching\": false, \"manual_edit\": false}]}, {\"question_n\": \"Q7.3\", \"prompt\": \"Translate into English, from either Language X or Language Y (if you think multiple translations are possible, give all)\", \"subprompts\": [{\"questionpart_n\": \"a.\", \"question\": \"lukhil\", \"answer\": \"forearm\", \"matches_human_scoring\": false, \"fuzzy_matching\": false, \"manual_edit\": false}, {\"questionpart_n\": \"b.\", \"question\": \"ub\u014bu\u0308gu\u0308 jilwu\u0308gu\u0308\", \"answer\": \"[\\\"ring finger\\\", \\\"2\\\", \\\"20\\\"]\", \"matches_human_scoring\": false, \"fuzzy_matching\": false, \"manual_edit\": true}, {\"questionpart_n\": \"c.\", \"question\": \"yuwi ngo\u0308mbo\u0308gongungik\", \"answer\": \"20 thumbs\", \"matches_human_scoring\": false, \"fuzzy_matching\": false, \"manual_edit\": false}, {\"questionpart_n\": \"d.\", \"question\": \"ngu\u0308ngg\", \"answer\": \"[\\\"thumb\\\", \\\"5\\\", \\\"23\\\"]\", \"matches_human_scoring\": false, \"fuzzy_matching\": false, \"manual_edit\": true}, {\"questionpart_n\": \"e.\", \"question\": \"wru\u0308py wru\u0308py\", \"answer\": \"[\\\"6 bracelets\\\", \\\"18 bracelets\\\", \\\"24 bracelets\\\"]\", \"matches_human_scoring\": false, \"fuzzy_matching\": false, \"manual_edit\": false}]}]",
    "obfuscated": "True",
    "obf_num": "22",
    "mapping": {
        "m": "ng",
        "n": "ng",
        "b": "g",
        "d": "g",
        "ng": "m",
        "g": "b",
        "o\u0308": "u\u0308",
        "e\u0301": "o\u0308",
        "u\u0308": "e\u0301",
        "a": "u",
        "e": "a",
        "i": "e",
        "o": "i",
        "u": "o",
        "p": "k",
        "k": "s",
        "s": "p",
        "\u014b": "r",
        "n\u0303": "\u014b",
        "j": "n\u0303",
        "r": "j",
        "kh": "f",
        "f": "kh",
        "y": "w",
        "w": "y",
        "l": "l",
        "t": "t"
    }
}