{
    "json_invalid": false,
    "preamble": "Problem 8. Language X Tunes (20 marks)",
    "context": "Below are some verbs from the Language X  :\n\npew \u0254:t\u0254cna\tI chop them\npew \u0254cna\tI chop it\n\u0254:ca\u0308pa\u0308w\u0254\the is tying them up\nca\u0308pa\u0308w\u0254l\u0254cmu\tthey were tying it up\n\u0254:p\u0254ltsamu\the stole them\np\u0254ltsamu\the stole it\n\u0254:t\u0254lp\u0254\u2019a\u0254t\u0254\tlisten to them!\n\u0254lp\u0254\u2019a\u0254t\u0254\tlisten to him!\npew \u0254:ta\u2019ha\u0308y\u0254\tI love them\ni\u2019\u2019a\u0308l\u0254cmu\tthey bit it\n\u0254:ta\u0308w\u0254\tthey are sick\nta\u0308w\u0254\the is sick\n\u0254:cwo\u2019il\u0254:ta\u0308\tthey fill them\n\u0254:cw\u0254tse\the buries them\ncw\u0254tsel\u0254:ta\u0308\tthey bury it\nts\u0254w\u0254\the grows\ncwak\u0254l\u0254:ta\u0308\tthey hang it\n\u0254:ta\u0308ts\u0254\u2019a\u0308l\u0254cmu\tthey overtook them\na\u0308ts\u0254\u2019a\u0308mu\the overtook him\n\u0254:la\u0308\the goes\n\u0254:t\u0254:la\u0308\tthey go\n\u0254:t\u0254:mu\tthey went\npew \u0254:mu\tI went\n",
    "questions": "[{\"question_n\": \"Q 8.1\", \"prompt\": \"On your answer sheet, translate the following into English. (If you think multiple translations are possible, only give one.)\", \"subprompts\": [{\"questionpart_n\": \"(a)\", \"question\": \"pew a\u0308ts\u0254\u2019a\u0308\", \"answer\": \"[\\\"I overtake him\\\", \\\"I overtake it\\\", \\\"I am overtaking him\\\", \\\"I am overtaking it\\\"]\", \"matches_human_scoring\": false, \"fuzzy_matching\": false, \"manual_edit\": false}, {\"questionpart_n\": \"(b)\", \"question\": \"\u0254:cw\u0254tsemu\", \"answer\": \"he buried them\", \"matches_human_scoring\": false, \"fuzzy_matching\": false, \"manual_edit\": false}, {\"questionpart_n\": \"(c)\", \"question\": \"p\u0254ltsal\u0254:ta\u0308\", \"answer\": \"[\\\"they steal him\\\", \\\"they steal it\\\", \\\"they are stealing him\\\", \\\"they are stealing it\\\"]\", \"matches_human_scoring\": false, \"fuzzy_matching\": false, \"manual_edit\": false}]}, {\"question_n\": \"Q 8.2\", \"prompt\": \"Translate into Language X:\", \"subprompts\": [{\"questionpart_n\": \"(a)\", \"question\": \"he went\", \"answer\": \"\u0254:mu\", \"matches_human_scoring\": false, \"fuzzy_matching\": false, \"manual_edit\": false}, {\"questionpart_n\": \"(b)\", \"question\": \"they chopped it\", \"answer\": \"\u0254cnal\u0254cmu\", \"matches_human_scoring\": false, \"fuzzy_matching\": false, \"manual_edit\": false}, {\"questionpart_n\": \"(c)\", \"question\": \"they grew\", \"answer\": \"\u0254:ts\u0254w\u0254mu\", \"matches_human_scoring\": false, \"fuzzy_matching\": false, \"manual_edit\": false}, {\"questionpart_n\": \"(d)\", \"question\": \"I bite them\", \"answer\": \"pew \u0254:ti\u2019\u2019a\u0308\", \"matches_human_scoring\": false, \"fuzzy_matching\": false, \"manual_edit\": false}, {\"questionpart_n\": \"(e)\", \"question\": \"they are tying it up\", \"answer\": \"ca\u0308pa\u0308w\u0254l\u0254:ta\u0308\", \"matches_human_scoring\": false, \"fuzzy_matching\": false, \"manual_edit\": false}]}, {\"question_n\": \"Q 8.3\", \"prompt\": \"Which of the Language X verbs above could be considered \\u201cirregular\\u201d? Give the English translation.\", \"subprompts\": [{\"questionpart_n\": \"(f)\", \"question\": \"\", \"answer\": \"[\\\"go\\\", \\\"to go\\\"]\", \"matches_human_scoring\": false, \"fuzzy_matching\": false, \"manual_edit\": false}]}, {\"question_n\": \"Q 8.4\", \"prompt\": \"The data above allow for two possible translations of \\u201che loves it\\u201d into Language X. What are they? Give your answers separated by a comma.\", \"subprompts\": [{\"questionpart_n\": \"(g)\", \"question\": \"\", \"answer\": \"[\\\"a\u2019ha\u0308y\u0254, ta\u2019ha\u0308y\u0254\\\", \\\"ta\u2019ha\u0308y\u0254, a\u2019ha\u0308y\u0254\\\"]\", \"matches_human_scoring\": false, \"fuzzy_matching\": false, \"manual_edit\": false}]}]",
    "obfuscated": "True",
    "obf_num": "24",
    "mapping": {
        "a": "\u0254",
        "e": "a\u0308",
        "i": "a",
        "o": "e",
        "u": "i",
        "\u0254": "o",
        "a\u0308": "u",
        "p": "c",
        "t": "\u2019",
        "k": "m",
        "ts": "n",
        "c": "h",
        "\u2019": "w",
        "m": "y",
        "n": "l",
        "h": "p",
        "w": "t",
        "y": "k",
        "l": "ts",
        ":": ":"
    }
}