{
    "json_invalid": false,
    "preamble": "Problem 8. Language X Tunes (20 marks)",
    "context": "Below are some verbs from the Language X  :\n\nyen \u0254:l\u0254k\u2019a\tI chop them\nyen \u0254k\u2019a\tI chop it\n\u0254:ka\u0308ya\u0308n\u0254\the is tying them up\nka\u0308ya\u0308n\u0254w\u0254kcu\tthey were tying it up\n\u0254:y\u0254wtacu\the stole them\ny\u0254wtacu\the stole it\n\u0254:l\u0254wy\u0254tsa\u0254l\u0254\tlisten to them!\n\u0254wy\u0254tsa\u0254l\u0254\tlisten to him!\nyen \u0254:latsma\u0308h\u0254\tI love them\nitstsa\u0308w\u0254kcu\tthey bit it\n\u0254:la\u0308n\u0254\tthey are sick\nla\u0308n\u0254\the is sick\n\u0254:knotsiw\u0254:la\u0308\tthey fill them\n\u0254:kn\u0254te\the buries them\nkn\u0254tew\u0254:la\u0308\tthey bury it\nt\u0254n\u0254\the grows\nknap\u0254w\u0254:la\u0308\tthey hang it\n\u0254:la\u0308t\u0254tsa\u0308w\u0254kcu\tthey overtook them\na\u0308t\u0254tsa\u0308cu\the overtook him\n\u0254:wa\u0308\the goes\n\u0254:l\u0254:wa\u0308\tthey go\n\u0254:l\u0254:cu\tthey went\nyen \u0254:cu\tI went\n",
    "questions": "[{\"question_n\": \"Q 8.1\", \"prompt\": \"On your answer sheet, translate the following into English. (If you think multiple translations are possible, only give one.)\", \"subprompts\": [{\"questionpart_n\": \"(a)\", \"question\": \"yen a\u0308t\u0254tsa\u0308\", \"answer\": \"[\\\"I overtake him\\\", \\\"I overtake it\\\", \\\"I am overtaking him\\\", \\\"I am overtaking it\\\"]\", \"matches_human_scoring\": false, \"fuzzy_matching\": false, \"manual_edit\": false}, {\"questionpart_n\": \"(b)\", \"question\": \"\u0254:kn\u0254tecu\", \"answer\": \"he buried them\", \"matches_human_scoring\": false, \"fuzzy_matching\": false, \"manual_edit\": false}, {\"questionpart_n\": \"(c)\", \"question\": \"y\u0254wtaw\u0254:la\u0308\", \"answer\": \"[\\\"they steal him\\\", \\\"they steal it\\\", \\\"they are stealing him\\\", \\\"they are stealing it\\\"]\", \"matches_human_scoring\": false, \"fuzzy_matching\": false, \"manual_edit\": false}]}, {\"question_n\": \"Q 8.2\", \"prompt\": \"Translate into Language X:\", \"subprompts\": [{\"questionpart_n\": \"(a)\", \"question\": \"he went\", \"answer\": \"\u0254:cu\", \"matches_human_scoring\": false, \"fuzzy_matching\": false, \"manual_edit\": false}, {\"questionpart_n\": \"(b)\", \"question\": \"they chopped it\", \"answer\": \"\u0254k\u2019aw\u0254kcu\", \"matches_human_scoring\": false, \"fuzzy_matching\": false, \"manual_edit\": false}, {\"questionpart_n\": \"(c)\", \"question\": \"they grew\", \"answer\": \"\u0254:t\u0254n\u0254cu\", \"matches_human_scoring\": false, \"fuzzy_matching\": false, \"manual_edit\": false}, {\"questionpart_n\": \"(d)\", \"question\": \"I bite them\", \"answer\": \"yen \u0254:litstsa\u0308\", \"matches_human_scoring\": false, \"fuzzy_matching\": false, \"manual_edit\": false}, {\"questionpart_n\": \"(e)\", \"question\": \"they are tying it up\", \"answer\": \"ka\u0308ya\u0308n\u0254w\u0254:la\u0308\", \"matches_human_scoring\": false, \"fuzzy_matching\": false, \"manual_edit\": false}]}, {\"question_n\": \"Q 8.3\", \"prompt\": \"Which of the Language X verbs above could be considered \\u201cirregular\\u201d? Give the English translation.\", \"subprompts\": [{\"questionpart_n\": \"(f)\", \"question\": \"\", \"answer\": \"[\\\"go\\\", \\\"to go\\\"]\", \"matches_human_scoring\": false, \"fuzzy_matching\": false, \"manual_edit\": false}]}, {\"question_n\": \"Q 8.4\", \"prompt\": \"The data above allow for two possible translations of \\u201che loves it\\u201d into Language X. What are they? Give your answers separated by a comma.\", \"subprompts\": [{\"questionpart_n\": \"(g)\", \"question\": \"\", \"answer\": \"[\\\"atsma\u0308h\u0254, latsma\u0308h\u0254\\\", \\\"latsma\u0308h\u0254, atsma\u0308h\u0254\\\"]\", \"matches_human_scoring\": false, \"fuzzy_matching\": false, \"manual_edit\": false}]}]",
    "obfuscated": "True",
    "obf_num": "9",
    "mapping": {
        "a": "\u0254",
        "e": "a\u0308",
        "i": "a",
        "o": "e",
        "u": "i",
        "\u0254": "o",
        "a\u0308": "u",
        "p": "k",
        "t": "ts",
        "k": "c",
        "ts": "\u2019",
        "c": "m",
        "\u2019": "n",
        "m": "h",
        "n": "w",
        "h": "y",
        "w": "l",
        "y": "p",
        "l": "t",
        ":": ":"
    }
}