{
    "json_invalid": false,
    "preamble": "Problem 8. Language X Tunes (20 marks)",
    "context": "Below are some verbs from the Language X  :\n\nyun e:lek\u2019o\tI chop them\nyun ek\u2019o\tI chop it\ne:kiyine\the is tying them up\nkiyinewekca\tthey were tying it up\ne:yewtoca\the stole them\nyewtoca\the stole it\ne:lewyetsoele\tlisten to them!\newyetsoele\tlisten to him!\nyun e:lotsmihe\tI love them\n\u0254tstsiwekca\tthey bit it\ne:line\tthey are sick\nline\the is sick\ne:kna\u0308ts\u0254we:li\tthey fill them\ne:knetu\the buries them\nknetuwe:li\tthey bury it\ntene\the grows\nknopewe:li\tthey hang it\ne:litetsiwekca\tthey overtook them\nitetsica\the overtook him\ne:wi\the goes\ne:le:wi\tthey go\ne:le:ca\tthey went\nyun e:ca\tI went\n",
    "questions": "[{\"question_n\": \"Q 8.1\", \"prompt\": \"On your answer sheet, translate the following into English. (If you think multiple translations are possible, only give one.)\", \"subprompts\": [{\"questionpart_n\": \"(a)\", \"question\": \"yun itetsi\", \"answer\": \"[\\\"I overtake him\\\", \\\"I overtake it\\\", \\\"I am overtaking him\\\", \\\"I am overtaking it\\\"]\", \"matches_human_scoring\": false, \"fuzzy_matching\": false, \"manual_edit\": false}, {\"questionpart_n\": \"(b)\", \"question\": \"e:knetuca\", \"answer\": \"he buried them\", \"matches_human_scoring\": false, \"fuzzy_matching\": false, \"manual_edit\": false}, {\"questionpart_n\": \"(c)\", \"question\": \"yewtowe:li\", \"answer\": \"[\\\"they steal him\\\", \\\"they steal it\\\", \\\"they are stealing him\\\", \\\"they are stealing it\\\"]\", \"matches_human_scoring\": false, \"fuzzy_matching\": false, \"manual_edit\": false}]}, {\"question_n\": \"Q 8.2\", \"prompt\": \"Translate into Language X:\", \"subprompts\": [{\"questionpart_n\": \"(a)\", \"question\": \"he went\", \"answer\": \"e:ca\", \"matches_human_scoring\": false, \"fuzzy_matching\": false, \"manual_edit\": false}, {\"questionpart_n\": \"(b)\", \"question\": \"they chopped it\", \"answer\": \"ek\u2019owekca\", \"matches_human_scoring\": false, \"fuzzy_matching\": false, \"manual_edit\": false}, {\"questionpart_n\": \"(c)\", \"question\": \"they grew\", \"answer\": \"e:teneca\", \"matches_human_scoring\": false, \"fuzzy_matching\": false, \"manual_edit\": false}, {\"questionpart_n\": \"(d)\", \"question\": \"I bite them\", \"answer\": \"yun e:l\u0254tstsi\", \"matches_human_scoring\": false, \"fuzzy_matching\": false, \"manual_edit\": false}, {\"questionpart_n\": \"(e)\", \"question\": \"they are tying it up\", \"answer\": \"kiyinewe:li\", \"matches_human_scoring\": false, \"fuzzy_matching\": false, \"manual_edit\": false}]}, {\"question_n\": \"Q 8.3\", \"prompt\": \"Which of the Language X verbs above could be considered \\u201cirregular\\u201d? Give the English translation.\", \"subprompts\": [{\"questionpart_n\": \"(f)\", \"question\": \"\", \"answer\": \"[\\\"go\\\", \\\"to go\\\"]\", \"matches_human_scoring\": false, \"fuzzy_matching\": false, \"manual_edit\": false}]}, {\"question_n\": \"Q 8.4\", \"prompt\": \"The data above allow for two possible translations of \\u201che loves it\\u201d into Language X. What are they? Give your answers separated by a comma.\", \"subprompts\": [{\"questionpart_n\": \"(g)\", \"question\": \"\", \"answer\": \"[\\\"otsmihe, lotsmihe\\\", \\\"lotsmihe, otsmihe\\\"]\", \"matches_human_scoring\": false, \"fuzzy_matching\": false, \"manual_edit\": false}]}]",
    "obfuscated": "True",
    "obf_num": "12",
    "mapping": {
        "a": "e",
        "e": "i",
        "i": "o",
        "o": "u",
        "u": "\u0254",
        "\u0254": "a\u0308",
        "a\u0308": "a",
        "p": "k",
        "t": "ts",
        "k": "c",
        "ts": "\u2019",
        "c": "m",
        "\u2019": "n",
        "m": "h",
        "n": "w",
        "h": "y",
        "w": "l",
        "y": "p",
        "l": "t",
        ":": ":"
    }
}