{
    "json_invalid": false,
    "preamble": "Problem 8. Language X Tunes (20 marks)",
    "context": "Below are some verbs from the Language X  :\n\nca\u0308t o:\u2019ohl\u0254\tI chop them\nca\u0308t ohl\u0254\tI chop it\no:hucuto\the is tying them up\nhucutotsohyi\tthey were tying it up\no:cotsn\u0254yi\the stole them\ncotsn\u0254yi\the stole it\no:\u2019otscow\u0254o\u2019o\tlisten to them!\notscow\u0254o\u2019o\tlisten to him!\nca\u0308t o:\u2019\u0254wpuko\tI love them\nawwutsohyi\tthey bit it\no:\u2019uto\tthey are sick\n\u2019uto\the is sick\no:htewatso:\u2019u\tthey fill them\no:htona\u0308\the buries them\nhtona\u0308tso:\u2019u\tthey bury it\nnoto\the grows\nht\u0254motso:\u2019u\tthey hang it\no:\u2019unowutsohyi\tthey overtook them\nunowuyi\the overtook him\no:tsu\the goes\no:\u2019o:tsu\tthey go\no:\u2019o:yi\tthey went\nca\u0308t o:yi\tI went\n",
    "questions": "[{\"question_n\": \"Q 8.1\", \"prompt\": \"On your answer sheet, translate the following into English. (If you think multiple translations are possible, only give one.)\", \"subprompts\": [{\"questionpart_n\": \"(a)\", \"question\": \"ca\u0308t unowu\", \"answer\": \"[\\\"I overtake him\\\", \\\"I overtake it\\\", \\\"I am overtaking him\\\", \\\"I am overtaking it\\\"]\", \"matches_human_scoring\": false, \"fuzzy_matching\": false, \"manual_edit\": false}, {\"questionpart_n\": \"(b)\", \"question\": \"o:htona\u0308yi\", \"answer\": \"he buried them\", \"matches_human_scoring\": false, \"fuzzy_matching\": false, \"manual_edit\": false}, {\"questionpart_n\": \"(c)\", \"question\": \"cotsn\u0254tso:\u2019u\", \"answer\": \"[\\\"they steal him\\\", \\\"they steal it\\\", \\\"they are stealing him\\\", \\\"they are stealing it\\\"]\", \"matches_human_scoring\": false, \"fuzzy_matching\": false, \"manual_edit\": false}]}, {\"question_n\": \"Q 8.2\", \"prompt\": \"Translate into Language X:\", \"subprompts\": [{\"questionpart_n\": \"(a)\", \"question\": \"he went\", \"answer\": \"o:yi\", \"matches_human_scoring\": false, \"fuzzy_matching\": false, \"manual_edit\": false}, {\"questionpart_n\": \"(b)\", \"question\": \"they chopped it\", \"answer\": \"ohl\u0254tsohyi\", \"matches_human_scoring\": false, \"fuzzy_matching\": false, \"manual_edit\": false}, {\"questionpart_n\": \"(c)\", \"question\": \"they grew\", \"answer\": \"o:notoyi\", \"matches_human_scoring\": false, \"fuzzy_matching\": false, \"manual_edit\": false}, {\"questionpart_n\": \"(d)\", \"question\": \"I bite them\", \"answer\": \"ca\u0308t o:\u2019awwu\", \"matches_human_scoring\": false, \"fuzzy_matching\": false, \"manual_edit\": false}, {\"questionpart_n\": \"(e)\", \"question\": \"they are tying it up\", \"answer\": \"hucutotso:\u2019u\", \"matches_human_scoring\": false, \"fuzzy_matching\": false, \"manual_edit\": false}]}, {\"question_n\": \"Q 8.3\", \"prompt\": \"Which of the Language X verbs above could be considered \\u201cirregular\\u201d? Give the English translation.\", \"subprompts\": [{\"questionpart_n\": \"(f)\", \"question\": \"\", \"answer\": \"[\\\"go\\\", \\\"to go\\\"]\", \"matches_human_scoring\": false, \"fuzzy_matching\": false, \"manual_edit\": false}]}, {\"question_n\": \"Q 8.4\", \"prompt\": \"The data above allow for two possible translations of \\u201che loves it\\u201d into Language X. What are they? Give your answers separated by a comma.\", \"subprompts\": [{\"questionpart_n\": \"(g)\", \"question\": \"\", \"answer\": \"[\\\"\u0254wpuko, \u2019\u0254wpuko\\\", \\\"\u2019\u0254wpuko, \u0254wpuko\\\"]\", \"matches_human_scoring\": false, \"fuzzy_matching\": false, \"manual_edit\": false}]}]",
    "obfuscated": "True",
    "obf_num": "4",
    "mapping": {
        "a": "o",
        "e": "u",
        "i": "\u0254",
        "o": "a\u0308",
        "u": "a",
        "\u0254": "e",
        "a\u0308": "i",
        "p": "h",
        "t": "w",
        "k": "y",
        "ts": "l",
        "c": "p",
        "\u2019": "t",
        "m": "k",
        "n": "ts",
        "h": "c",
        "w": "\u2019",
        "y": "m",
        "l": "n",
        ":": ":"
    }
}