{
    "json_invalid": false,
    "preamble": "Problem 8. Language X Tunes (20 marks)",
    "context": "Below are some verbs from the Language X  :\n\ntuy e:ke\u2019ho\tI chop them\ntuy e\u2019ho\tI chop it\ne:\u2019itiye\the is tying them up\n\u2019itiyepe\u2019na\tthey were tying it up\ne:tepcona\the stole them\ntepcona\the stole it\ne:keptemoeke\tlisten to them!\neptemoeke\tlisten to him!\ntuy e:komwile\tI love them\n\u0254mmipe\u2019na\tthey bit it\ne:kiye\tthey are sick\nkiye\the is sick\ne:\u2019ya\u0308m\u0254pe:ki\tthey fill them\ne:\u2019yecu\the buries them\n\u2019yecupe:ki\tthey bury it\nceye\the grows\n\u2019yotsepe:ki\tthey hang it\ne:kicemipe\u2019na\tthey overtook them\nicemina\the overtook him\ne:pi\the goes\ne:ke:pi\tthey go\ne:ke:na\tthey went\ntuy e:na\tI went\n",
    "questions": "[{\"question_n\": \"Q 8.1\", \"prompt\": \"On your answer sheet, translate the following into English. (If you think multiple translations are possible, only give one.)\", \"subprompts\": [{\"questionpart_n\": \"(a)\", \"question\": \"tuy icemi\", \"answer\": \"[\\\"I overtake him\\\", \\\"I overtake it\\\", \\\"I am overtaking him\\\", \\\"I am overtaking it\\\"]\", \"matches_human_scoring\": false, \"fuzzy_matching\": false, \"manual_edit\": false}, {\"questionpart_n\": \"(b)\", \"question\": \"e:\u2019yecuna\", \"answer\": \"he buried them\", \"matches_human_scoring\": false, \"fuzzy_matching\": false, \"manual_edit\": false}, {\"questionpart_n\": \"(c)\", \"question\": \"tepcope:ki\", \"answer\": \"[\\\"they steal him\\\", \\\"they steal it\\\", \\\"they are stealing him\\\", \\\"they are stealing it\\\"]\", \"matches_human_scoring\": false, \"fuzzy_matching\": false, \"manual_edit\": false}]}, {\"question_n\": \"Q 8.2\", \"prompt\": \"Translate into Language X:\", \"subprompts\": [{\"questionpart_n\": \"(a)\", \"question\": \"he went\", \"answer\": \"e:na\", \"matches_human_scoring\": false, \"fuzzy_matching\": false, \"manual_edit\": false}, {\"questionpart_n\": \"(b)\", \"question\": \"they chopped it\", \"answer\": \"e\u2019hope\u2019na\", \"matches_human_scoring\": false, \"fuzzy_matching\": false, \"manual_edit\": false}, {\"questionpart_n\": \"(c)\", \"question\": \"they grew\", \"answer\": \"e:ceyena\", \"matches_human_scoring\": false, \"fuzzy_matching\": false, \"manual_edit\": false}, {\"questionpart_n\": \"(d)\", \"question\": \"I bite them\", \"answer\": \"tuy e:k\u0254mmi\", \"matches_human_scoring\": false, \"fuzzy_matching\": false, \"manual_edit\": false}, {\"questionpart_n\": \"(e)\", \"question\": \"they are tying it up\", \"answer\": \"\u2019itiyepe:ki\", \"matches_human_scoring\": false, \"fuzzy_matching\": false, \"manual_edit\": false}]}, {\"question_n\": \"Q 8.3\", \"prompt\": \"Which of the Language X verbs above could be considered \\u201cirregular\\u201d? Give the English translation.\", \"subprompts\": [{\"questionpart_n\": \"(f)\", \"question\": \"\", \"answer\": \"[\\\"go\\\", \\\"to go\\\"]\", \"matches_human_scoring\": false, \"fuzzy_matching\": false, \"manual_edit\": false}]}, {\"question_n\": \"Q 8.4\", \"prompt\": \"The data above allow for two possible translations of \\u201che loves it\\u201d into Language X. What are they? Give your answers separated by a comma.\", \"subprompts\": [{\"questionpart_n\": \"(g)\", \"question\": \"\", \"answer\": \"[\\\"omwile, komwile\\\", \\\"komwile, omwile\\\"]\", \"matches_human_scoring\": false, \"fuzzy_matching\": false, \"manual_edit\": false}]}]",
    "obfuscated": "True",
    "obf_num": "13",
    "mapping": {
        "a": "e",
        "e": "i",
        "i": "o",
        "o": "u",
        "u": "\u0254",
        "\u0254": "a\u0308",
        "a\u0308": "a",
        "p": "\u2019",
        "t": "m",
        "k": "n",
        "ts": "h",
        "c": "w",
        "\u2019": "y",
        "m": "l",
        "n": "p",
        "h": "t",
        "w": "k",
        "y": "ts",
        "l": "c",
        ":": ":"
    }
}