{
    "json_invalid": false,
    "preamble": "Problem 8. Language X Tunes (20 marks)",
    "context": "Below are some verbs from the Language X  :\n\n\u2019ak u:muwpa\u0308\tI chop them\n\u2019ak uwpa\u0308\tI chop it\nu:w\u0254\u2019\u0254ku\the is tying them up\nw\u0254\u2019\u0254kucuwlo\tthey were tying it up\nu:\u2019ucha\u0308lo\the stole them\n\u2019ucha\u0308lo\the stole it\nu:muc\u2019uya\u0308umu\tlisten to them!\nuc\u2019uya\u0308umu\tlisten to him!\n\u2019ak u:ma\u0308yt\u0254tsu\tI love them\neyy\u0254cuwlo\tthey bit it\nu:m\u0254ku\tthey are sick\nm\u0254ku\the is sick\nu:wkiyecu:m\u0254\tthey fill them\nu:wkuha\the buries them\nwkuhacu:m\u0254\tthey bury it\nhuku\the grows\nwka\u0308nucu:m\u0254\tthey hang it\nu:m\u0254huy\u0254cuwlo\tthey overtook them\n\u0254huy\u0254lo\the overtook him\nu:c\u0254\the goes\nu:mu:c\u0254\tthey go\nu:mu:lo\tthey went\n\u2019ak u:lo\tI went\n",
    "questions": "[{\"question_n\": \"Q 8.1\", \"prompt\": \"On your answer sheet, translate the following into English. (If you think multiple translations are possible, only give one.)\", \"subprompts\": [{\"questionpart_n\": \"(a)\", \"question\": \"\u2019ak \u0254huy\u0254\", \"answer\": \"[\\\"I overtake him\\\", \\\"I overtake it\\\", \\\"I am overtaking him\\\", \\\"I am overtaking it\\\"]\", \"matches_human_scoring\": false, \"fuzzy_matching\": false, \"manual_edit\": false}, {\"questionpart_n\": \"(b)\", \"question\": \"u:wkuhalo\", \"answer\": \"he buried them\", \"matches_human_scoring\": false, \"fuzzy_matching\": false, \"manual_edit\": false}, {\"questionpart_n\": \"(c)\", \"question\": \"\u2019ucha\u0308cu:m\u0254\", \"answer\": \"[\\\"they steal him\\\", \\\"they steal it\\\", \\\"they are stealing him\\\", \\\"they are stealing it\\\"]\", \"matches_human_scoring\": false, \"fuzzy_matching\": false, \"manual_edit\": false}]}, {\"question_n\": \"Q 8.2\", \"prompt\": \"Translate into Language X:\", \"subprompts\": [{\"questionpart_n\": \"(a)\", \"question\": \"he went\", \"answer\": \"u:lo\", \"matches_human_scoring\": false, \"fuzzy_matching\": false, \"manual_edit\": false}, {\"questionpart_n\": \"(b)\", \"question\": \"they chopped it\", \"answer\": \"uwpa\u0308cuwlo\", \"matches_human_scoring\": false, \"fuzzy_matching\": false, \"manual_edit\": false}, {\"questionpart_n\": \"(c)\", \"question\": \"they grew\", \"answer\": \"u:hukulo\", \"matches_human_scoring\": false, \"fuzzy_matching\": false, \"manual_edit\": false}, {\"questionpart_n\": \"(d)\", \"question\": \"I bite them\", \"answer\": \"\u2019ak u:meyy\u0254\", \"matches_human_scoring\": false, \"fuzzy_matching\": false, \"manual_edit\": false}, {\"questionpart_n\": \"(e)\", \"question\": \"they are tying it up\", \"answer\": \"w\u0254\u2019\u0254kucu:m\u0254\", \"matches_human_scoring\": false, \"fuzzy_matching\": false, \"manual_edit\": false}]}, {\"question_n\": \"Q 8.3\", \"prompt\": \"Which of the Language X verbs above could be considered \\u201cirregular\\u201d? Give the English translation.\", \"subprompts\": [{\"questionpart_n\": \"(f)\", \"question\": \"\", \"answer\": \"[\\\"go\\\", \\\"to go\\\"]\", \"matches_human_scoring\": false, \"fuzzy_matching\": false, \"manual_edit\": false}]}, {\"question_n\": \"Q 8.4\", \"prompt\": \"The data above allow for two possible translations of \\u201che loves it\\u201d into Language X. What are they? Give your answers separated by a comma.\", \"subprompts\": [{\"questionpart_n\": \"(g)\", \"question\": \"\", \"answer\": \"[\\\"a\u0308yt\u0254tsu, ma\u0308yt\u0254tsu\\\", \\\"ma\u0308yt\u0254tsu, a\u0308yt\u0254tsu\\\"]\", \"matches_human_scoring\": false, \"fuzzy_matching\": false, \"manual_edit\": false}]}]",
    "obfuscated": "True",
    "obf_num": "5",
    "mapping": {
        "a": "u",
        "e": "\u0254",
        "i": "a\u0308",
        "o": "a",
        "u": "e",
        "\u0254": "i",
        "a\u0308": "o",
        "p": "w",
        "t": "y",
        "k": "l",
        "ts": "p",
        "c": "t",
        "\u2019": "k",
        "m": "ts",
        "n": "c",
        "h": "\u2019",
        "w": "m",
        "y": "n",
        "l": "h",
        ":": ":"
    }
}