{
    "json_invalid": false,
    "preamble": "Problem 8. Language X Tunes (20 marks)",
    "context": "Below are some verbs from the Language X  :\n\nts\u0254p i:cinyu\tI chop them\nts\u0254p inyu\tI chop it\ni:notsopi\the is tying them up\nnotsopikinwe\tthey were tying it up\ni:tsikmuwe\the stole them\ntsikmuwe\the stole it\ni:ciktsihuici\tlisten to them!\niktsihuici\tlisten to him!\nts\u0254p i:cuhloti\tI love them\na\u0308hhokinwe\tthey bit it\ni:copi\tthey are sick\ncopi\the is sick\ni:npaha\u0308ki:co\tthey fill them\ni:npim\u0254\the buries them\nnpim\u0254ki:co\tthey bury it\nmipi\the grows\nnpu\u2019iki:co\tthey hang it\ni:comihokinwe\tthey overtook them\nomihowe\the overtook him\ni:ko\the goes\ni:ci:ko\tthey go\ni:ci:we\tthey went\nts\u0254p i:we\tI went\n",
    "questions": "[{\"question_n\": \"Q 8.1\", \"prompt\": \"On your answer sheet, translate the following into English. (If you think multiple translations are possible, only give one.)\", \"subprompts\": [{\"questionpart_n\": \"(a)\", \"question\": \"ts\u0254p omiho\", \"answer\": \"[\\\"I overtake him\\\", \\\"I overtake it\\\", \\\"I am overtaking him\\\", \\\"I am overtaking it\\\"]\", \"matches_human_scoring\": false, \"fuzzy_matching\": false, \"manual_edit\": false}, {\"questionpart_n\": \"(b)\", \"question\": \"i:npim\u0254we\", \"answer\": \"he buried them\", \"matches_human_scoring\": false, \"fuzzy_matching\": false, \"manual_edit\": false}, {\"questionpart_n\": \"(c)\", \"question\": \"tsikmuki:co\", \"answer\": \"[\\\"they steal him\\\", \\\"they steal it\\\", \\\"they are stealing him\\\", \\\"they are stealing it\\\"]\", \"matches_human_scoring\": false, \"fuzzy_matching\": false, \"manual_edit\": false}]}, {\"question_n\": \"Q 8.2\", \"prompt\": \"Translate into Language X:\", \"subprompts\": [{\"questionpart_n\": \"(a)\", \"question\": \"he went\", \"answer\": \"i:we\", \"matches_human_scoring\": false, \"fuzzy_matching\": false, \"manual_edit\": false}, {\"questionpart_n\": \"(b)\", \"question\": \"they chopped it\", \"answer\": \"inyukinwe\", \"matches_human_scoring\": false, \"fuzzy_matching\": false, \"manual_edit\": false}, {\"questionpart_n\": \"(c)\", \"question\": \"they grew\", \"answer\": \"i:mipiwe\", \"matches_human_scoring\": false, \"fuzzy_matching\": false, \"manual_edit\": false}, {\"questionpart_n\": \"(d)\", \"question\": \"I bite them\", \"answer\": \"ts\u0254p i:ca\u0308hho\", \"matches_human_scoring\": false, \"fuzzy_matching\": false, \"manual_edit\": false}, {\"questionpart_n\": \"(e)\", \"question\": \"they are tying it up\", \"answer\": \"notsopiki:co\", \"matches_human_scoring\": false, \"fuzzy_matching\": false, \"manual_edit\": false}]}, {\"question_n\": \"Q 8.3\", \"prompt\": \"Which of the Language X verbs above could be considered \\u201cirregular\\u201d? Give the English translation.\", \"subprompts\": [{\"questionpart_n\": \"(f)\", \"question\": \"\", \"answer\": \"[\\\"go\\\", \\\"to go\\\"]\", \"matches_human_scoring\": false, \"fuzzy_matching\": false, \"manual_edit\": false}]}, {\"question_n\": \"Q 8.4\", \"prompt\": \"The data above allow for two possible translations of \\u201che loves it\\u201d into Language X. What are they? Give your answers separated by a comma.\", \"subprompts\": [{\"questionpart_n\": \"(g)\", \"question\": \"\", \"answer\": \"[\\\"uhloti, cuhloti\\\", \\\"cuhloti, uhloti\\\"]\", \"matches_human_scoring\": false, \"fuzzy_matching\": false, \"manual_edit\": false}]}]",
    "obfuscated": "True",
    "obf_num": "28",
    "mapping": {
        "a": "i",
        "e": "o",
        "i": "u",
        "o": "\u0254",
        "u": "a\u0308",
        "\u0254": "a",
        "a\u0308": "e",
        "p": "n",
        "t": "h",
        "k": "w",
        "ts": "y",
        "c": "l",
        "\u2019": "p",
        "m": "t",
        "n": "k",
        "h": "ts",
        "w": "c",
        "y": "\u2019",
        "l": "m",
        ":": ":"
    }
}