{
    "json_invalid": false,
    "preamble": "Problem 8. Language X Tunes (20 marks)",
    "context": "Below are some verbs from the Language X  :\n\npaw u:tucna\u0308\tI chop them\npaw ucna\u0308\tI chop it\nu:c\u0254p\u0254wu\the is tying them up\nc\u0254p\u0254wulucmo\tthey were tying it up\nu:pultsa\u0308mo\the stole them\npultsa\u0308mo\the stole it\nu:tulpu\u2019a\u0308utu\tlisten to them!\nulpu\u2019a\u0308utu\tlisten to him!\npaw u:ta\u0308\u2019h\u0254yu\tI love them\ne\u2019\u2019\u0254lucmo\tthey bit it\nu:t\u0254wu\tthey are sick\nt\u0254wu\the is sick\nu:cwi\u2019elu:t\u0254\tthey fill them\nu:cwutsa\the buries them\ncwutsalu:t\u0254\tthey bury it\ntsuwu\the grows\ncwa\u0308kulu:t\u0254\tthey hang it\nu:t\u0254tsu\u2019\u0254lucmo\tthey overtook them\n\u0254tsu\u2019\u0254mo\the overtook him\nu:l\u0254\the goes\nu:tu:l\u0254\tthey go\nu:tu:mo\tthey went\npaw u:mo\tI went\n",
    "questions": "[{\"question_n\": \"Q 8.1\", \"prompt\": \"On your answer sheet, translate the following into English. (If you think multiple translations are possible, only give one.)\", \"subprompts\": [{\"questionpart_n\": \"(a)\", \"question\": \"paw \u0254tsu\u2019\u0254\", \"answer\": \"[\\\"I overtake him\\\", \\\"I overtake it\\\", \\\"I am overtaking him\\\", \\\"I am overtaking it\\\"]\", \"matches_human_scoring\": false, \"fuzzy_matching\": false, \"manual_edit\": false}, {\"questionpart_n\": \"(b)\", \"question\": \"u:cwutsamo\", \"answer\": \"he buried them\", \"matches_human_scoring\": false, \"fuzzy_matching\": false, \"manual_edit\": false}, {\"questionpart_n\": \"(c)\", \"question\": \"pultsa\u0308lu:t\u0254\", \"answer\": \"[\\\"they steal him\\\", \\\"they steal it\\\", \\\"they are stealing him\\\", \\\"they are stealing it\\\"]\", \"matches_human_scoring\": false, \"fuzzy_matching\": false, \"manual_edit\": false}]}, {\"question_n\": \"Q 8.2\", \"prompt\": \"Translate into Language X:\", \"subprompts\": [{\"questionpart_n\": \"(a)\", \"question\": \"he went\", \"answer\": \"u:mo\", \"matches_human_scoring\": false, \"fuzzy_matching\": false, \"manual_edit\": false}, {\"questionpart_n\": \"(b)\", \"question\": \"they chopped it\", \"answer\": \"ucna\u0308lucmo\", \"matches_human_scoring\": false, \"fuzzy_matching\": false, \"manual_edit\": false}, {\"questionpart_n\": \"(c)\", \"question\": \"they grew\", \"answer\": \"u:tsuwumo\", \"matches_human_scoring\": false, \"fuzzy_matching\": false, \"manual_edit\": false}, {\"questionpart_n\": \"(d)\", \"question\": \"I bite them\", \"answer\": \"paw u:te\u2019\u2019\u0254\", \"matches_human_scoring\": false, \"fuzzy_matching\": false, \"manual_edit\": false}, {\"questionpart_n\": \"(e)\", \"question\": \"they are tying it up\", \"answer\": \"c\u0254p\u0254wulu:t\u0254\", \"matches_human_scoring\": false, \"fuzzy_matching\": false, \"manual_edit\": false}]}, {\"question_n\": \"Q 8.3\", \"prompt\": \"Which of the Language X verbs above could be considered \\u201cirregular\\u201d? Give the English translation.\", \"subprompts\": [{\"questionpart_n\": \"(f)\", \"question\": \"\", \"answer\": \"[\\\"go\\\", \\\"to go\\\"]\", \"matches_human_scoring\": false, \"fuzzy_matching\": false, \"manual_edit\": false}]}, {\"question_n\": \"Q 8.4\", \"prompt\": \"The data above allow for two possible translations of \\u201che loves it\\u201d into Language X. What are they? Give your answers separated by a comma.\", \"subprompts\": [{\"questionpart_n\": \"(g)\", \"question\": \"\", \"answer\": \"[\\\"a\u0308\u2019h\u0254yu, ta\u0308\u2019h\u0254yu\\\", \\\"ta\u0308\u2019h\u0254yu, a\u0308\u2019h\u0254yu\\\"]\", \"matches_human_scoring\": false, \"fuzzy_matching\": false, \"manual_edit\": false}]}]",
    "obfuscated": "True",
    "obf_num": "25",
    "mapping": {
        "a": "u",
        "e": "\u0254",
        "i": "a\u0308",
        "o": "a",
        "u": "e",
        "\u0254": "i",
        "a\u0308": "o",
        "p": "c",
        "t": "\u2019",
        "k": "m",
        "ts": "n",
        "c": "h",
        "\u2019": "w",
        "m": "y",
        "n": "l",
        "h": "p",
        "w": "t",
        "y": "k",
        "l": "ts",
        ":": ":"
    }
}