{
    "json_invalid": false,
    "preamble": "Problem 8. Language X Tunes (20 marks)",
    "context": "Below are some verbs from the Language X  :\n\n\u2019a\u0308k o:mowp\u0254\tI chop them\n\u2019a\u0308k owp\u0254\tI chop it\no:wu\u2019uko\the is tying them up\nwu\u2019ukocowli\tthey were tying it up\no:\u2019och\u0254li\the stole them\n\u2019och\u0254li\the stole it\no:moc\u2019oy\u0254omo\tlisten to them!\noc\u2019oy\u0254omo\tlisten to him!\n\u2019a\u0308k o:m\u0254ytutso\tI love them\nayyucowli\tthey bit it\no:muko\tthey are sick\nmuko\the is sick\no:wkeyaco:mu\tthey fill them\no:wkoha\u0308\the buries them\nwkoha\u0308co:mu\tthey bury it\nhoko\the grows\nwk\u0254noco:mu\tthey hang it\no:muhoyucowli\tthey overtook them\nuhoyuli\the overtook him\no:cu\the goes\no:mo:cu\tthey go\no:mo:li\tthey went\n\u2019a\u0308k o:li\tI went\n",
    "questions": "[{\"question_n\": \"Q 8.1\", \"prompt\": \"On your answer sheet, translate the following into English. (If you think multiple translations are possible, only give one.)\", \"subprompts\": [{\"questionpart_n\": \"(a)\", \"question\": \"\u2019a\u0308k uhoyu\", \"answer\": \"[\\\"I overtake him\\\", \\\"I overtake it\\\", \\\"I am overtaking him\\\", \\\"I am overtaking it\\\"]\", \"matches_human_scoring\": false, \"fuzzy_matching\": false, \"manual_edit\": false}, {\"questionpart_n\": \"(b)\", \"question\": \"o:wkoha\u0308li\", \"answer\": \"he buried them\", \"matches_human_scoring\": false, \"fuzzy_matching\": false, \"manual_edit\": false}, {\"questionpart_n\": \"(c)\", \"question\": \"\u2019och\u0254co:mu\", \"answer\": \"[\\\"they steal him\\\", \\\"they steal it\\\", \\\"they are stealing him\\\", \\\"they are stealing it\\\"]\", \"matches_human_scoring\": false, \"fuzzy_matching\": false, \"manual_edit\": false}]}, {\"question_n\": \"Q 8.2\", \"prompt\": \"Translate into Language X:\", \"subprompts\": [{\"questionpart_n\": \"(a)\", \"question\": \"he went\", \"answer\": \"o:li\", \"matches_human_scoring\": false, \"fuzzy_matching\": false, \"manual_edit\": false}, {\"questionpart_n\": \"(b)\", \"question\": \"they chopped it\", \"answer\": \"owp\u0254cowli\", \"matches_human_scoring\": false, \"fuzzy_matching\": false, \"manual_edit\": false}, {\"questionpart_n\": \"(c)\", \"question\": \"they grew\", \"answer\": \"o:hokoli\", \"matches_human_scoring\": false, \"fuzzy_matching\": false, \"manual_edit\": false}, {\"questionpart_n\": \"(d)\", \"question\": \"I bite them\", \"answer\": \"\u2019a\u0308k o:mayyu\", \"matches_human_scoring\": false, \"fuzzy_matching\": false, \"manual_edit\": false}, {\"questionpart_n\": \"(e)\", \"question\": \"they are tying it up\", \"answer\": \"wu\u2019ukoco:mu\", \"matches_human_scoring\": false, \"fuzzy_matching\": false, \"manual_edit\": false}]}, {\"question_n\": \"Q 8.3\", \"prompt\": \"Which of the Language X verbs above could be considered \\u201cirregular\\u201d? Give the English translation.\", \"subprompts\": [{\"questionpart_n\": \"(f)\", \"question\": \"\", \"answer\": \"[\\\"go\\\", \\\"to go\\\"]\", \"matches_human_scoring\": false, \"fuzzy_matching\": false, \"manual_edit\": false}]}, {\"question_n\": \"Q 8.4\", \"prompt\": \"The data above allow for two possible translations of \\u201che loves it\\u201d into Language X. What are they? Give your answers separated by a comma.\", \"subprompts\": [{\"questionpart_n\": \"(g)\", \"question\": \"\", \"answer\": \"[\\\"\u0254ytutso, m\u0254ytutso\\\", \\\"m\u0254ytutso, \u0254ytutso\\\"]\", \"matches_human_scoring\": false, \"fuzzy_matching\": false, \"manual_edit\": false}]}]",
    "obfuscated": "True",
    "obf_num": "8",
    "mapping": {
        "a": "o",
        "e": "u",
        "i": "\u0254",
        "o": "a\u0308",
        "u": "a",
        "\u0254": "e",
        "a\u0308": "i",
        "p": "w",
        "t": "y",
        "k": "l",
        "ts": "p",
        "c": "t",
        "\u2019": "k",
        "m": "ts",
        "n": "c",
        "h": "\u2019",
        "w": "m",
        "y": "n",
        "l": "h",
        ":": ":"
    }
}