{
    "json_invalid": false,
    "preamble": "Problem 9. Language X (25 marks)\n\n \n",
    "context": "Below are some Language X sentences about what people ate, along with their loose English translations. Sg. and pl. are short for singular and plural.\n\nNote: A chicken comb is the crest on top of a chicken\u2019s head. A tamale is a traditional  dish, made of dough that is steamed in a corn husk or banana leaf. An avocado is a fruit that has a large seed and green flesh with green to purple or black skin. As an avocado ripens, it becomes significantly softer; unlike other fruits, however, it does not become sweet. Panela is a block of unprocessed brown sugar. A tortilla is a thin, circular flatbread usually made from maize rather than wheat, as many other breads are. A radish is a crunchy vegetable with a sharp flavour often used in salads. Marrow is a fatty substance found inside bones, sometimes spread over bread or vegetables. Greens refers to green leafy vegetables that cook down into a mushy mass.\n\n\n\nNumber \t Language X \t English\n\n 1 \t je lko\u0242 ki sts\u2019ejan p\u2019aki\tI ate the chicken comb.\n\n 2 \t je lli\u0242 texjets lel \t I ate bread.\n\n 3 \t je echob texjets lel ke telti \t You (sg.) ate bread soaked in coffee.\n\n 4 \t je sju\u0242ot chen \t They ate honey.\n\n 5 \t je eko\u0242 \u0242och \t You (sg.) ate chili peppers.\n\n 6 \t je ebax telets \t You (sg.) ate my corncob.\n\n 7 \t je lli\u0242kot llelkot \t We ate our tortillas.\n\n 8 \t je sbax chitsit\u2019 \t She ate beans.\n\n 9 \t je sju\u0242 p\u2019etstu \t She ate a ripe mango.\n\n 10 \t je lbax ki p\u2019etstui \t I ate the unripe mango.\n\n 11 \t je sju\u0242ot lju\u0242nejkot \t They ate our bananas.\n\n 12 \t je eko\u0242 ki p\u2019aki \t You (sg.) ate the chicken.\n\n 13 \t je ebax tejletsixkot \t You (sg.) ate our radishes.\n\n 14 \t je sli\u0242ot ki temi \t They ate the tamales.\n\n 15 \t je sbax yestej \t She ate her panela chunks.\n\n 16 \t je lchobkot ki ye\u0242jij ko\u0242neji \t We ate the meat soup.\n\n 17 \t je lbaxkot eleletsot \t We ate your (pl.) corncob.\n\n 18 \t je eli\u0242 ki leli \t You (sg.) ate the tortillas.\n\n 19 \t je sbax nut \t She ate raw greens.\n\n 20 \t je lko\u0242 eloch \t I ate your (sg.) chili peppers.\n\n 21 \t je lju\u0242 ki \u0242utsi \t I ate the ripe avocados.\n\n 22 \t je sko\u0242ot ki yu\u0242kets p\u2019aki \t They ate the chicken heart.\n\n 23 \t je st'ax yutsot \t She ate their unripe avocados.\n\n 24 \t je eju\u0242 echen \t You (sg.) ate your (sg.) honey.\n\n 25 \t je sko\u0242 siltan letex \t She ate cow liver.\n\n 26 \t je sbax sk\u2019ujot \t She ate their popcorn.\n\n 27 \t je eko\u0242 sko\u0242nej p\u2019ak \t You (sg.) ate chicken meat.\n\n 28 \t bots \t kidney\n\n 29 \t ts\u2019atap\u2019 \t stomach\n\n 30 \t chots net \t marrow\n\n 31 \t buxux \t toasted tortillas\n\n\n\n",
    "questions": "[{\"question_n\": \"Q 9.1 \", \"prompt\": \"One of the foods above is an exception: the phrase(s) with this food do not follow the normal rules that determine the rest of Language X phrases. Which food is it? Write your answer in English.\", \"subprompts\": [{\"questionpart_n\": \"1.\", \"question\": \"\", \"answer\": \"[\\\"chili pepper\\\", \\\"pepper\\\", \\\"peppers\\\", \\\"chili peppers\\\"] \", \"matches_human_scoring\": false, \"fuzzy_matching\": true, \"manual_edit\": false}]}, {\"question_n\": \"Q 9.2\", \"prompt\": \"Translate the following sentence into English: je lko\u0242 sbots letex\", \"subprompts\": [{\"questionpart_n\": \"1.\", \"question\": \"\", \"answer\": \"[\\\"I ate cow kidney.\\\", \\\"I ate cow kidneys.\\\", \\\"I ate cow's kidney.\\\", \\\"I ate cows' kidney.\\\"]\", \"matches_human_scoring\": false, \"fuzzy_matching\": true, \"manual_edit\": false}]}, {\"question_n\": \"Q 9.3\", \"prompt\": \"Translate the following sentences into Language X:\", \"subprompts\": [{\"questionpart_n\": \"a) \", \"question\": \"You (pl.) ate cow stomach.\", \"answer\": \"je eko\u0242ot sts\u2019atap\u2019 letex\", \"matches_human_scoring\": true, \"fuzzy_matching\": false, \"manual_edit\": false}, {\"questionpart_n\": \"b)\", \"question\": \"They ate her meat.\", \"answer\": \"je sko\u0242ot sko\u0242nej\", \"matches_human_scoring\": true, \"fuzzy_matching\": false, \"manual_edit\": false}, {\"questionpart_n\": \"c)\", \"question\": \"You (sg.) ate your (pl.) ripe avocados.\", \"answer\": \"je eju\u0242 elutsot\", \"matches_human_scoring\": true, \"fuzzy_matching\": false, \"manual_edit\": false}, {\"questionpart_n\": \"d)\", \"question\": \"I ate the panela chunks.\", \"answer\": \"je lbax ki \u0242esteji\", \"matches_human_scoring\": true, \"fuzzy_matching\": false, \"manual_edit\": false}, {\"questionpart_n\": \"e) \", \"question\": \"She ate my cooked greens.\", \"answer\": \"e sju\u0242 lnut\", \"matches_human_scoring\": true, \"fuzzy_matching\": false, \"manual_edit\": false}, {\"questionpart_n\": \"f) \", \"question\": \"You (pl.) ate the bean soup.\", \"answer\": \"je echobot ki ye\u0242jij chitsibi\", \"matches_human_scoring\": true, \"fuzzy_matching\": false, \"manual_edit\": false}, {\"questionpart_n\": \"g)\", \"question\": \"We ate the dough\", \"answer\": \"je lli\u0242kot ki li\u0242neji\", \"matches_human_scoring\": true, \"fuzzy_matching\": false, \"manual_edit\": false}]}, {\"question_n\": \"Q 9.4\", \"prompt\": \"One of your friends is learning Language X. He translates \\u201cI ate marrow\\u201d as je lko\u0242 chots net, and he is told that this one is not correct: the correct form has a different word instead of lko\u0242. What is this other word?\", \"subprompts\": [{\"questionpart_n\": \"1.\", \"question\": \"\", \"answer\": \"lju\u0242\", \"matches_human_scoring\": true, \"fuzzy_matching\": false, \"manual_edit\": false}]}, {\"question_n\": \"Q 9.5\", \"prompt\": \"Another Language X learner translates \\u201cShe ate your (sg.) toasted tortillas\\u201d as je sli\u0242 ebuxux, but it turns out that this translation is incorrect: the correct form has a different word instead of sli\u0242. What is this other word?\", \"subprompts\": [{\"questionpart_n\": \"1.\", \"question\": \"\", \"answer\": \"sbax\", \"matches_human_scoring\": true, \"fuzzy_matching\": false, \"manual_edit\": false}]}, {\"question_n\": \"Q 9.6\", \"prompt\": \"Given that oxop\u2019 means \\u201cmaize,\\u201d what plant does texjets oxop\u2019 translate to in English?\", \"subprompts\": [{\"questionpart_n\": \"1.\", \"question\": \"\", \"answer\": \"wheat\", \"matches_human_scoring\": true, \"fuzzy_matching\": false, \"manual_edit\": false}]}]",
    "obfuscated": "True",
    "obf_num": "3",
    "mapping": {
        "j": "l",
        "w": "l",
        "k": "t",
        "p": "t",
        "l": "j",
        "t": "k",
        "ts": "ts\u2019",
        "k\u2019": "b",
        "ts\u2019": "m",
        "b": "n",
        "m": "p\u2019",
        "n": "ts",
        "p\u2019": "k\u2019",
        "a": "e",
        "e": "i",
        "i": "o",
        "o": "u",
        "u": "a",
        "\u0242": "\u0242",
        "s": "s",
        "x": "x",
        "ch": "ch",
        "y": "y"
    }
}