{
    "json_invalid": false,
    "preamble": "Problem 9. Language X (25 marks)\n\n \n",
    "context": "Below are some Language X sentences about what people ate, along with their loose English translations. Sg. and pl. are short for singular and plural.\n\nNote: A chicken comb is the crest on top of a chicken\u2019s head. A tamale is a traditional  dish, made of dough that is steamed in a corn husk or banana leaf. An avocado is a fruit that has a large seed and green flesh with green to purple or black skin. As an avocado ripens, it becomes significantly softer; unlike other fruits, however, it does not become sweet. Panela is a block of unprocessed brown sugar. A tortilla is a thin, circular flatbread usually made from maize rather than wheat, as many other breads are. A radish is a crunchy vegetable with a sharp flavour often used in salads. Marrow is a fatty substance found inside bones, sometimes spread over bread or vegetables. Greens refers to green leafy vegetables that cook down into a mushy mass.\n\n\n\nNumber \t Language X \t English\n\n 1 \t we wpo\u0242 pi sbewap\u2019 tsapi\tI ate the chicken comb.\n\n 2 \t we wli\u0242 pexwek\u2019 lew \t I ate bread.\n\n 3 \t we echom pexwek\u2019 lew pe pewti \t You (sg.) ate bread soaked in coffee.\n\n 4 \t we swu\u0242op chep\u2019 \t They ate honey.\n\n 5 \t we epo\u0242 \u0242och \t You (sg.) ate chili peppers.\n\n 6 \t we emax pewek\u2019 \t You (sg.) ate my corncob.\n\n 7 \t we wli\u0242pop wlewpop \t We ate our tortillas.\n\n 8 \t we smax chik\u2019ip\u2019 \t She ate beans.\n\n 9 \t we swu\u0242 tsek\u2019pu \t She ate a ripe mango.\n\n 10 \t we wmax pi tsek\u2019pui \t I ate the unripe mango.\n\n 11 \t we swu\u0242op wwu\u0242p\u2019ewpop \t They ate our bananas.\n\n 12 \t we epo\u0242 pi tsapi \t You (sg.) ate the chicken.\n\n 13 \t we emax pewlek\u2019ixpop \t You (sg.) ate our radishes.\n\n 14 \t we sli\u0242op pi teni \t They ate the tamales.\n\n 15 \t we smax yespew \t She ate her panela chunks.\n\n 16 \t we wchompop pi ye\u0242wiw po\u0242p\u2019ewi \t We ate the meat soup.\n\n 17 \t we wmaxpop elewek\u2019op \t We ate your (pl.) corncob.\n\n 18 \t we eli\u0242 pi lewi \t You (sg.) ate the tortillas.\n\n 19 \t we smax p\u2019up \t She ate raw greens.\n\n 20 \t we wpo\u0242 eloch \t I ate your (sg.) chili peppers.\n\n 21 \t we wwu\u0242 pi \u0242uk\u2019i \t I ate the ripe avocados.\n\n 22 \t we spo\u0242op pi yu\u0242pek\u2019 tsapi \t They ate the chicken heart.\n\n 23 \t we sp'ax yuk\u2019op \t She ate their unripe avocados.\n\n 24 \t we ewu\u0242 echep\u2019 \t You (sg.) ate your (sg.) honey.\n\n 25 \t we spo\u0242 siwpap\u2019 lepex \t She ate cow liver.\n\n 26 \t we smax sts\u2019uwop \t She ate their popcorn.\n\n 27 \t we epo\u0242 spo\u0242p\u2019ew tsap \t You (sg.) ate chicken meat.\n\n 28 \t mok\u2019 \t kidney\n\n 29 \t bapats \t stomach\n\n 30 \t chok\u2019 p\u2019ep \t marrow\n\n 31 \t muxux \t toasted tortillas\n\n\n\n",
    "questions": "[{\"question_n\": \"Q 9.1 \", \"prompt\": \"One of the foods above is an exception: the phrase(s) with this food do not follow the normal rules that determine the rest of Language X phrases. Which food is it? Write your answer in English.\", \"subprompts\": [{\"questionpart_n\": \"1.\", \"question\": \"\", \"answer\": \"[\\\"chili pepper\\\", \\\"pepper\\\", \\\"peppers\\\", \\\"chili peppers\\\"] \", \"matches_human_scoring\": false, \"fuzzy_matching\": true, \"manual_edit\": false}]}, {\"question_n\": \"Q 9.2\", \"prompt\": \"Translate the following sentence into English: we wpo\u0242 smok\u2019 lepex\", \"subprompts\": [{\"questionpart_n\": \"1.\", \"question\": \"\", \"answer\": \"[\\\"I ate cow kidney.\\\", \\\"I ate cow kidneys.\\\", \\\"I ate cow's kidney.\\\", \\\"I ate cows' kidney.\\\"]\", \"matches_human_scoring\": false, \"fuzzy_matching\": true, \"manual_edit\": false}]}, {\"question_n\": \"Q 9.3\", \"prompt\": \"Translate the following sentences into Language X:\", \"subprompts\": [{\"questionpart_n\": \"a) \", \"question\": \"You (pl.) ate cow stomach.\", \"answer\": \"we epo\u0242op sbapats lepex\", \"matches_human_scoring\": true, \"fuzzy_matching\": false, \"manual_edit\": false}, {\"questionpart_n\": \"b)\", \"question\": \"They ate her meat.\", \"answer\": \"we spo\u0242op spo\u0242p\u2019ew\", \"matches_human_scoring\": true, \"fuzzy_matching\": false, \"manual_edit\": false}, {\"questionpart_n\": \"c)\", \"question\": \"You (sg.) ate your (pl.) ripe avocados.\", \"answer\": \"we ewu\u0242 eluk\u2019op\", \"matches_human_scoring\": true, \"fuzzy_matching\": false, \"manual_edit\": false}, {\"questionpart_n\": \"d)\", \"question\": \"I ate the panela chunks.\", \"answer\": \"we wmax pi \u0242espewi\", \"matches_human_scoring\": true, \"fuzzy_matching\": false, \"manual_edit\": false}, {\"questionpart_n\": \"e) \", \"question\": \"She ate my cooked greens.\", \"answer\": \"e swu\u0242 wp\u2019up\", \"matches_human_scoring\": true, \"fuzzy_matching\": false, \"manual_edit\": false}, {\"questionpart_n\": \"f) \", \"question\": \"You (pl.) ate the bean soup.\", \"answer\": \"we echomop pi ye\u0242wiw chik\u2019imi\", \"matches_human_scoring\": true, \"fuzzy_matching\": false, \"manual_edit\": false}, {\"questionpart_n\": \"g)\", \"question\": \"We ate the dough\", \"answer\": \"we wli\u0242pop pi li\u0242p\u2019ewi\", \"matches_human_scoring\": true, \"fuzzy_matching\": false, \"manual_edit\": false}]}, {\"question_n\": \"Q 9.4\", \"prompt\": \"One of your friends is learning Language X. He translates \\u201cI ate marrow\\u201d as we wpo\u0242 chok\u2019 p\u2019ep, and he is told that this one is not correct: the correct form has a different word instead of wpo\u0242. What is this other word?\", \"subprompts\": [{\"questionpart_n\": \"1.\", \"question\": \"\", \"answer\": \"wwu\u0242\", \"matches_human_scoring\": true, \"fuzzy_matching\": false, \"manual_edit\": false}]}, {\"question_n\": \"Q 9.5\", \"prompt\": \"Another Language X learner translates \\u201cShe ate your (sg.) toasted tortillas\\u201d as we sli\u0242 emuxux, but it turns out that this translation is incorrect: the correct form has a different word instead of sli\u0242. What is this other word?\", \"subprompts\": [{\"questionpart_n\": \"1.\", \"question\": \"\", \"answer\": \"smax\", \"matches_human_scoring\": true, \"fuzzy_matching\": false, \"manual_edit\": false}]}, {\"question_n\": \"Q 9.6\", \"prompt\": \"Given that oxots means \\u201cmaize,\\u201d what plant does pexwek\u2019 oxots translate to in English?\", \"subprompts\": [{\"questionpart_n\": \"1.\", \"question\": \"\", \"answer\": \"wheat\", \"matches_human_scoring\": true, \"fuzzy_matching\": false, \"manual_edit\": false}]}]",
    "obfuscated": "True",
    "obf_num": "18",
    "mapping": {
        "j": "w",
        "l": "w",
        "k": "p",
        "t": "p",
        "w": "l",
        "p": "t",
        "ts": "b",
        "k\u2019": "m",
        "ts\u2019": "n",
        "b": "p\u2019",
        "m": "ts",
        "n": "k\u2019",
        "p\u2019": "ts\u2019",
        "a": "e",
        "e": "i",
        "i": "o",
        "o": "u",
        "u": "a",
        "\u0242": "\u0242",
        "s": "s",
        "x": "x",
        "ch": "ch",
        "y": "y"
    }
}