{
    "json_invalid": false,
    "preamble": "Problem 9. Language X (25 marks)\n\n \n",
    "context": "Below are some Language X sentences about what people ate, along with their loose English translations. Sg. and pl. are short for singular and plural.\n\nNote: A chicken comb is the crest on top of a chicken\u2019s head. A tamale is a traditional  dish, made of dough that is steamed in a corn husk or banana leaf. An avocado is a fruit that has a large seed and green flesh with green to purple or black skin. As an avocado ripens, it becomes significantly softer; unlike other fruits, however, it does not become sweet. Panela is a block of unprocessed brown sugar. A tortilla is a thin, circular flatbread usually made from maize rather than wheat, as many other breads are. A radish is a crunchy vegetable with a sharp flavour often used in salads. Marrow is a fatty substance found inside bones, sometimes spread over bread or vegetables. Greens refers to green leafy vegetables that cook down into a mushy mass.\n\n\n\nNumber \t Language X \t English\n\n 1 \t wi wpu\u0242 po sts\u2019iwen p\u2019epo\tI ate the chicken comb.\n\n 2 \t wi wlo\u0242 pixwits liw \t I ate bread.\n\n 3 \t wi ichub pixwits liw pi piwto \t You (sg.) ate bread soaked in coffee.\n\n 4 \t wi swa\u0242up chin \t They ate honey.\n\n 5 \t wi ipu\u0242 \u0242uch \t You (sg.) ate chili peppers.\n\n 6 \t wi ibex piwits \t You (sg.) ate my corncob.\n\n 7 \t wi wlo\u0242pup wliwpup \t We ate our tortillas.\n\n 8 \t wi sbex chotsop\u2019 \t She ate beans.\n\n 9 \t wi swa\u0242 p\u2019itspa \t She ate a ripe mango.\n\n 10 \t wi wbex po p\u2019itspao \t I ate the unripe mango.\n\n 11 \t wi swa\u0242up wwa\u0242niwpup \t They ate our bananas.\n\n 12 \t wi ipu\u0242 po p\u2019epo \t You (sg.) ate the chicken.\n\n 13 \t wi ibex piwlitsoxpup \t You (sg.) ate our radishes.\n\n 14 \t wi slo\u0242up po timo \t They ate the tamales.\n\n 15 \t wi sbex yispiw \t She ate her panela chunks.\n\n 16 \t wi wchubpup po yi\u0242wow pu\u0242niwo \t We ate the meat soup.\n\n 17 \t wi wbexpup iliwitsup \t We ate your (pl.) corncob.\n\n 18 \t wi ilo\u0242 po liwo \t You (sg.) ate the tortillas.\n\n 19 \t wi sbex nap \t She ate raw greens.\n\n 20 \t wi wpu\u0242 iluch \t I ate your (sg.) chili peppers.\n\n 21 \t wi wwa\u0242 po \u0242atso \t I ate the ripe avocados.\n\n 22 \t wi spu\u0242up po ya\u0242pits p\u2019epo \t They ate the chicken heart.\n\n 23 \t wi sp'ex yatsup \t She ate their unripe avocados.\n\n 24 \t wi iwa\u0242 ichin \t You (sg.) ate your (sg.) honey.\n\n 25 \t wi spu\u0242 sowpen lipix \t She ate cow liver.\n\n 26 \t wi sbex sk\u2019awup \t She ate their popcorn.\n\n 27 \t wi ipu\u0242 spu\u0242niw p\u2019ep \t You (sg.) ate chicken meat.\n\n 28 \t buts \t kidney\n\n 29 \t ts\u2019epep\u2019 \t stomach\n\n 30 \t chuts nip \t marrow\n\n 31 \t baxax \t toasted tortillas\n\n\n\n",
    "questions": "[{\"question_n\": \"Q 9.1 \", \"prompt\": \"One of the foods above is an exception: the phrase(s) with this food do not follow the normal rules that determine the rest of Language X phrases. Which food is it? Write your answer in English.\", \"subprompts\": [{\"questionpart_n\": \"1.\", \"question\": \"\", \"answer\": \"[\\\"chili pepper\\\", \\\"pepper\\\", \\\"peppers\\\", \\\"chili peppers\\\"] \", \"matches_human_scoring\": false, \"fuzzy_matching\": true, \"manual_edit\": false}]}, {\"question_n\": \"Q 9.2\", \"prompt\": \"Translate the following sentence into English: wi wpu\u0242 sbuts lipix\", \"subprompts\": [{\"questionpart_n\": \"1.\", \"question\": \"\", \"answer\": \"[\\\"I ate cow kidney.\\\", \\\"I ate cow kidneys.\\\", \\\"I ate cow's kidney.\\\", \\\"I ate cows' kidney.\\\"]\", \"matches_human_scoring\": false, \"fuzzy_matching\": true, \"manual_edit\": false}]}, {\"question_n\": \"Q 9.3\", \"prompt\": \"Translate the following sentences into Language X:\", \"subprompts\": [{\"questionpart_n\": \"a) \", \"question\": \"You (pl.) ate cow stomach.\", \"answer\": \"wi ipu\u0242up sts\u2019epep\u2019 lipix\", \"matches_human_scoring\": true, \"fuzzy_matching\": false, \"manual_edit\": false}, {\"questionpart_n\": \"b)\", \"question\": \"They ate her meat.\", \"answer\": \"wi spu\u0242up spu\u0242niw\", \"matches_human_scoring\": true, \"fuzzy_matching\": false, \"manual_edit\": false}, {\"questionpart_n\": \"c)\", \"question\": \"You (sg.) ate your (pl.) ripe avocados.\", \"answer\": \"wi iwa\u0242 ilatsup\", \"matches_human_scoring\": true, \"fuzzy_matching\": false, \"manual_edit\": false}, {\"questionpart_n\": \"d)\", \"question\": \"I ate the panela chunks.\", \"answer\": \"wi wbex po \u0242ispiwo\", \"matches_human_scoring\": true, \"fuzzy_matching\": false, \"manual_edit\": false}, {\"questionpart_n\": \"e) \", \"question\": \"She ate my cooked greens.\", \"answer\": \"i swa\u0242 wnap\", \"matches_human_scoring\": true, \"fuzzy_matching\": false, \"manual_edit\": false}, {\"questionpart_n\": \"f) \", \"question\": \"You (pl.) ate the bean soup.\", \"answer\": \"wi ichubup po yi\u0242wow chotsobo\", \"matches_human_scoring\": true, \"fuzzy_matching\": false, \"manual_edit\": false}, {\"questionpart_n\": \"g)\", \"question\": \"We ate the dough\", \"answer\": \"wi wlo\u0242pup po lo\u0242niwo\", \"matches_human_scoring\": true, \"fuzzy_matching\": false, \"manual_edit\": false}]}, {\"question_n\": \"Q 9.4\", \"prompt\": \"One of your friends is learning Language X. He translates \\u201cI ate marrow\\u201d as wi wpu\u0242 chuts nip, and he is told that this one is not correct: the correct form has a different word instead of wpu\u0242. What is this other word?\", \"subprompts\": [{\"questionpart_n\": \"1.\", \"question\": \"\", \"answer\": \"wwa\u0242\", \"matches_human_scoring\": true, \"fuzzy_matching\": false, \"manual_edit\": false}]}, {\"question_n\": \"Q 9.5\", \"prompt\": \"Another Language X learner translates \\u201cShe ate your (sg.) toasted tortillas\\u201d as wi slo\u0242 ibaxax, but it turns out that this translation is incorrect: the correct form has a different word instead of slo\u0242. What is this other word?\", \"subprompts\": [{\"questionpart_n\": \"1.\", \"question\": \"\", \"answer\": \"sbex\", \"matches_human_scoring\": true, \"fuzzy_matching\": false, \"manual_edit\": false}]}, {\"question_n\": \"Q 9.6\", \"prompt\": \"Given that uxup\u2019 means \\u201cmaize,\\u201d what plant does pixwits uxup\u2019 translate to in English?\", \"subprompts\": [{\"questionpart_n\": \"1.\", \"question\": \"\", \"answer\": \"wheat\", \"matches_human_scoring\": true, \"fuzzy_matching\": false, \"manual_edit\": false}]}]",
    "obfuscated": "True",
    "obf_num": "15",
    "mapping": {
        "j": "w",
        "l": "w",
        "k": "p",
        "t": "p",
        "w": "l",
        "p": "t",
        "ts": "ts\u2019",
        "k\u2019": "b",
        "ts\u2019": "m",
        "b": "n",
        "m": "p\u2019",
        "n": "ts",
        "p\u2019": "k\u2019",
        "a": "i",
        "e": "o",
        "i": "u",
        "o": "a",
        "u": "e",
        "\u0242": "\u0242",
        "s": "s",
        "x": "x",
        "ch": "ch",
        "y": "y"
    }
}