{
    "json_invalid": false,
    "preamble": "Problem 9. Language X (25 marks)\n\n \n",
    "context": "Below are some Language X sentences about what people ate, along with their loose English translations. Sg. and pl. are short for singular and plural.\n\nNote: A chicken comb is the crest on top of a chicken\u2019s head. A tamale is a traditional  dish, made of dough that is steamed in a corn husk or banana leaf. An avocado is a fruit that has a large seed and green flesh with green to purple or black skin. As an avocado ripens, it becomes significantly softer; unlike other fruits, however, it does not become sweet. Panela is a block of unprocessed brown sugar. A tortilla is a thin, circular flatbread usually made from maize rather than wheat, as many other breads are. A radish is a crunchy vegetable with a sharp flavour often used in salads. Marrow is a fatty substance found inside bones, sometimes spread over bread or vegetables. Greens refers to green leafy vegetables that cook down into a mushy mass.\n\n\n\nNumber \t Language X \t English\n\n 1 \t ji lku\u0242 ko sbijep\u2019 tseko\tI ate the chicken comb.\n\n 2 \t ji llo\u0242 tixjik\u2019 lil \t I ate bread.\n\n 3 \t ji ichum tixjik\u2019 lil ki tilto \t You (sg.) ate bread soaked in coffee.\n\n 4 \t ji sja\u0242ut chip\u2019 \t They ate honey.\n\n 5 \t ji iku\u0242 \u0242uch \t You (sg.) ate chili peppers.\n\n 6 \t ji imex tilik\u2019 \t You (sg.) ate my corncob.\n\n 7 \t ji llo\u0242kut llilkut \t We ate our tortillas.\n\n 8 \t ji smex chok\u2019ot\u2019 \t She ate beans.\n\n 9 \t ji sja\u0242 tsik\u2019ta \t She ate a ripe mango.\n\n 10 \t ji lmex ko tsik\u2019tao \t I ate the unripe mango.\n\n 11 \t ji sja\u0242ut lja\u0242p\u2019ijkut \t They ate our bananas.\n\n 12 \t ji iku\u0242 ko tseko \t You (sg.) ate the chicken.\n\n 13 \t ji imex tijlik\u2019oxkut \t You (sg.) ate our radishes.\n\n 14 \t ji slo\u0242ut ko tino \t They ate the tamales.\n\n 15 \t ji smex yistij \t She ate her panela chunks.\n\n 16 \t ji lchumkut ko yi\u0242joj ku\u0242p\u2019ijo \t We ate the meat soup.\n\n 17 \t ji lmexkut ililik\u2019ut \t We ate your (pl.) corncob.\n\n 18 \t ji ilo\u0242 ko lilo \t You (sg.) ate the tortillas.\n\n 19 \t ji smex p\u2019at \t She ate raw greens.\n\n 20 \t ji lku\u0242 iluch \t I ate your (sg.) chili peppers.\n\n 21 \t ji lja\u0242 ko \u0242ak\u2019o \t I ate the ripe avocados.\n\n 22 \t ji sku\u0242ut ko ya\u0242kik\u2019 tseko \t They ate the chicken heart.\n\n 23 \t ji st'ex yak\u2019ut \t She ate their unripe avocados.\n\n 24 \t ji ija\u0242 ichip\u2019 \t You (sg.) ate your (sg.) honey.\n\n 25 \t ji sku\u0242 soltep\u2019 litix \t She ate cow liver.\n\n 26 \t ji smex sts\u2019ajut \t She ate their popcorn.\n\n 27 \t ji iku\u0242 sku\u0242p\u2019ij tsek \t You (sg.) ate chicken meat.\n\n 28 \t muk\u2019 \t kidney\n\n 29 \t betets \t stomach\n\n 30 \t chuk\u2019 p\u2019it \t marrow\n\n 31 \t maxax \t toasted tortillas\n\n\n\n",
    "questions": "[{\"question_n\": \"Q 9.1 \", \"prompt\": \"One of the foods above is an exception: the phrase(s) with this food do not follow the normal rules that determine the rest of Language X phrases. Which food is it? Write your answer in English.\", \"subprompts\": [{\"questionpart_n\": \"1.\", \"question\": \"\", \"answer\": \"[\\\"chili pepper\\\", \\\"pepper\\\", \\\"peppers\\\", \\\"chili peppers\\\"] \", \"matches_human_scoring\": false, \"fuzzy_matching\": true, \"manual_edit\": false}]}, {\"question_n\": \"Q 9.2\", \"prompt\": \"Translate the following sentence into English: ji lku\u0242 smuk\u2019 litix\", \"subprompts\": [{\"questionpart_n\": \"1.\", \"question\": \"\", \"answer\": \"[\\\"I ate cow kidney.\\\", \\\"I ate cow kidneys.\\\", \\\"I ate cow's kidney.\\\", \\\"I ate cows' kidney.\\\"]\", \"matches_human_scoring\": false, \"fuzzy_matching\": true, \"manual_edit\": false}]}, {\"question_n\": \"Q 9.3\", \"prompt\": \"Translate the following sentences into Language X:\", \"subprompts\": [{\"questionpart_n\": \"a) \", \"question\": \"You (pl.) ate cow stomach.\", \"answer\": \"ji iku\u0242ut sbetets litix\", \"matches_human_scoring\": true, \"fuzzy_matching\": false, \"manual_edit\": false}, {\"questionpart_n\": \"b)\", \"question\": \"They ate her meat.\", \"answer\": \"ji sku\u0242ut sku\u0242p\u2019ij\", \"matches_human_scoring\": true, \"fuzzy_matching\": false, \"manual_edit\": false}, {\"questionpart_n\": \"c)\", \"question\": \"You (sg.) ate your (pl.) ripe avocados.\", \"answer\": \"ji ija\u0242 ilak\u2019ut\", \"matches_human_scoring\": true, \"fuzzy_matching\": false, \"manual_edit\": false}, {\"questionpart_n\": \"d)\", \"question\": \"I ate the panela chunks.\", \"answer\": \"ji lmex ko \u0242istijo\", \"matches_human_scoring\": true, \"fuzzy_matching\": false, \"manual_edit\": false}, {\"questionpart_n\": \"e) \", \"question\": \"She ate my cooked greens.\", \"answer\": \"i sja\u0242 lp\u2019at\", \"matches_human_scoring\": true, \"fuzzy_matching\": false, \"manual_edit\": false}, {\"questionpart_n\": \"f) \", \"question\": \"You (pl.) ate the bean soup.\", \"answer\": \"ji ichumut ko yi\u0242joj chok\u2019omo\", \"matches_human_scoring\": true, \"fuzzy_matching\": false, \"manual_edit\": false}, {\"questionpart_n\": \"g)\", \"question\": \"We ate the dough\", \"answer\": \"ji llo\u0242kut ko lo\u0242p\u2019ijo\", \"matches_human_scoring\": true, \"fuzzy_matching\": false, \"manual_edit\": false}]}, {\"question_n\": \"Q 9.4\", \"prompt\": \"One of your friends is learning Language X. He translates \\u201cI ate marrow\\u201d as ji lku\u0242 chuk\u2019 p\u2019it, and he is told that this one is not correct: the correct form has a different word instead of lku\u0242. What is this other word?\", \"subprompts\": [{\"questionpart_n\": \"1.\", \"question\": \"\", \"answer\": \"lja\u0242\", \"matches_human_scoring\": true, \"fuzzy_matching\": false, \"manual_edit\": false}]}, {\"question_n\": \"Q 9.5\", \"prompt\": \"Another Language X learner translates \\u201cShe ate your (sg.) toasted tortillas\\u201d as ji slo\u0242 imaxax, but it turns out that this translation is incorrect: the correct form has a different word instead of slo\u0242. What is this other word?\", \"subprompts\": [{\"questionpart_n\": \"1.\", \"question\": \"\", \"answer\": \"smex\", \"matches_human_scoring\": true, \"fuzzy_matching\": false, \"manual_edit\": false}]}, {\"question_n\": \"Q 9.6\", \"prompt\": \"Given that uxuts means \\u201cmaize,\\u201d what plant does tixjik\u2019 uxuts translate to in English?\", \"subprompts\": [{\"questionpart_n\": \"1.\", \"question\": \"\", \"answer\": \"wheat\", \"matches_human_scoring\": true, \"fuzzy_matching\": false, \"manual_edit\": false}]}]",
    "obfuscated": "True",
    "obf_num": "22",
    "mapping": {
        "j": "l",
        "w": "l",
        "k": "t",
        "p": "t",
        "l": "j",
        "t": "k",
        "ts": "b",
        "k\u2019": "m",
        "ts\u2019": "n",
        "b": "p\u2019",
        "m": "ts",
        "n": "k\u2019",
        "p\u2019": "ts\u2019",
        "a": "i",
        "e": "o",
        "i": "u",
        "o": "a",
        "u": "e",
        "\u0242": "\u0242",
        "s": "s",
        "x": "x",
        "ch": "ch",
        "y": "y"
    }
}