{
    "json_invalid": false,
    "preamble": "Problem 10. You Know How To Whistle, Don\u2019t You? (25 marks)\n  ",
    "context": "Below are several Language X whistle-sentences, with the tones of the whistles given in order, followed by their English meanings in a shuffled order. Language X has four distinct tones, and a hyphen between two tones in the whistle-sentences indicates a sliding tone (which indicates a similar sliding tone in the matching word from the language).\n\nLanguage X (whistle)\tEnglish\n4, 1, 4, 1\tI am going nowhere.\n3, 4, 2, 1\tWhere are you coming from?\n1, 1, 2, 4, 2\tI\u2019ll probably come at noon.\n1, 4, 4, 1, 3-1\tI am gathering coffee.\n1, 3, 4, 1, 2-1\tI am going to get firewood.\n3, 1, 4, 2, 1, 2\tWhat time this afternoon will you come?\n1, 3, 1, 3, 2, 2\tIs there firewood there?\n1, 4, 2, 4, 1, 2\tI am taking it to Tenango.\n3, 1, 4, 2, 1, 1-4\tWhat time tomorrow will you come?\n4, 1, 1, 3, 4, 1, 1\tNothing, I am cutting firewood.\n4, 1, 2, 4, 2, 1, 1-4, 2, 4, 2\tI will probably not come until tomorrow, probably *.\n\n* \u201cprobably\u201d is repeated in Language X sentence.\n\nBelow are some of the actual Language X words for which the whistles above have been substituted, followed by their English meanings in random order. The tones of the syllables in the Language X words are provided in superscript after each syllable.\n\nLanguage X\tEnglish\n(a) tsi\u00b3\t(i) nothing\n(b) knia\u00b2\t(ii) Tenango\n(c) ma\u00b9va\u00b3\t(iii) gather\n(d) ka\u00b3vhe\u00b2\t(iv) where?\n(e) vtea\u2074no\u00b2\t(v) later\n(f) n\u0303a\u2074tlo\u00b9\t(vi) firewood\n(g) n\u0303a\u2074tsi\u00b9\t(vii) you will come\n(h) hma\u00b9ko\u00b9\t(viii) coffee\n(i) \u0242ta\u00b9vni\u00b2\u02c9\u00b9\t(ix) nowhere\n(j) \u0242no\u00b9c\u030cvei\u00b3\u02c9\u00b9\t(x) noon\n(k) vtei\u2074nia\u00b2ha\u00b9\t(xi) go to get\n(l) te\u00b3na\u00b2nko\u2074\t(xii) probably\n\n",
    "questions": "[{\"question_n\": \"Q 10.1\", \"prompt\": \"Determine the correct correspondences. For each letter, give the roman numeral of the corresponding English translation.\", \"subprompts\": [{\"questionpart_n\": \"(a)\", \"question\": \"tsi\u00b3\", \"answer\": \"iv\", \"matches_human_scoring\": false, \"fuzzy_matching\": false, \"manual_edit\": false}, {\"questionpart_n\": \"(b)\", \"question\": \"knia\u00b2\", \"answer\": \"v\", \"matches_human_scoring\": false, \"fuzzy_matching\": false, \"manual_edit\": false}, {\"questionpart_n\": \"(c)\", \"question\": \"ma\u00b9va\u00b3\", \"answer\": \"vi\", \"matches_human_scoring\": false, \"fuzzy_matching\": false, \"manual_edit\": false}, {\"questionpart_n\": \"(d)\", \"question\": \"ka\u00b3vhe\u00b2\", \"answer\": \"viii\", \"matches_human_scoring\": false, \"fuzzy_matching\": false, \"manual_edit\": false}, {\"questionpart_n\": \"(e)\", \"question\": \"vtea\u2074no\u00b2\", \"answer\": \"xii\", \"matches_human_scoring\": false, \"fuzzy_matching\": false, \"manual_edit\": false}, {\"questionpart_n\": \"(f)\", \"question\": \"n\u0303a\u2074tlo\u00b9\", \"answer\": \"i\", \"matches_human_scoring\": false, \"fuzzy_matching\": false, \"manual_edit\": false}, {\"questionpart_n\": \"(g)\", \"question\": \"n\u0303a\u2074tsi\u00b9\", \"answer\": \"ix\", \"matches_human_scoring\": false, \"fuzzy_matching\": false, \"manual_edit\": false}, {\"questionpart_n\": \"(h)\", \"question\": \"hma\u00b9ko\u00b9\", \"answer\": \"x\", \"matches_human_scoring\": false, \"fuzzy_matching\": false, \"manual_edit\": false}, {\"questionpart_n\": \"(i)\", \"question\": \"\u0242ta\u00b9vni\u00b2\u02c9\u00b9\", \"answer\": \"xi\", \"matches_human_scoring\": false, \"fuzzy_matching\": false, \"manual_edit\": false}, {\"questionpart_n\": \"(j)\", \"question\": \"\u0242no\u00b9c\u030cvei\u00b3\u02c9\u00b9\", \"answer\": \"iii\", \"matches_human_scoring\": false, \"fuzzy_matching\": false, \"manual_edit\": false}, {\"questionpart_n\": \"(k)\", \"question\": \"vtei\u2074nia\u00b2ha\u00b9\", \"answer\": \"vii\", \"matches_human_scoring\": false, \"fuzzy_matching\": false, \"manual_edit\": false}, {\"questionpart_n\": \"(l)\", \"question\": \"te\u00b3na\u00b2nko\u2074\", \"answer\": \"ii\", \"matches_human_scoring\": false, \"fuzzy_matching\": false, \"manual_edit\": false}]}, {\"question_n\": \"Q 10.2\", \"prompt\": \"tlo\u00b3 is a question-word (e.g. who, what, when, why) in Language X Which one is it?\", \"subprompts\": [{\"questionpart_n\": \"(a)\", \"question\": \"\", \"answer\": \"what\", \"matches_human_scoring\": false, \"fuzzy_matching\": false, \"manual_edit\": false}]}, {\"question_n\": \"Q 10.3\", \"prompt\": \"A syllable s\u030ca\u2074 is attached to several of the verbs in the sentences which are conveyed by the whistles shown above. What does it mean?\", \"subprompts\": [{\"questionpart_n\": \"(a)\", \"question\": \"\", \"answer\": \"[\\\"I\\\",\\\"me\\\"]\", \"matches_human_scoring\": false, \"fuzzy_matching\": false, \"manual_edit\": false}]}, {\"question_n\": \"Q 10.4\", \"prompt\": \"Give the meaning of the following Language X words:\", \"subprompts\": [{\"questionpart_n\": \"(a)\", \"question\": \"hmie\u00b9\u02c9\u2074\", \"answer\": \"tomorrow\", \"matches_human_scoring\": false, \"fuzzy_matching\": false, \"manual_edit\": false}, {\"questionpart_n\": \"(b)\", \"question\": \"\u0242i\u00b9s\u030co\u00b9\", \"answer\": \"cut\", \"matches_human_scoring\": false, \"fuzzy_matching\": false, \"manual_edit\": false}]}, {\"question_n\": \"Q 10.5\", \"prompt\": \"What tonal pattern does the verb \\u201ctake (it)\\u201d have?\", \"subprompts\": [{\"questionpart_n\": \"(a)\", \"question\": \"\", \"answer\": \"1, 2\", \"matches_human_scoring\": false, \"fuzzy_matching\": false, \"manual_edit\": false}]}]",
    "obfuscated": "True",
    "obf_num": "4",
    "mapping": {
        "1": "3",
        "3": "1",
        "\u00b9": "\u00b3",
        "\u00b3": "\u00b9",
        "2": "4",
        "4": "2",
        "\u00b2": "\u2074",
        "\u2074": "\u00b2",
        "h": "t",
        "s": "k",
        "s\u030c": "c\u030c",
        "v": "\u0242",
        "m": "l",
        "n": "h",
        "n\u0303": "s",
        "t": "s\u030c",
        "k": "v",
        "c\u030c": "m",
        "\u0242": "n",
        "l": "n\u0303",
        "a": "i",
        "e": "o",
        "i": "a",
        "o": "e",
        "te\u00b3na\u00b2nko\u2074": "te\u00b3na\u00b2nko\u2074",
        "ka\u00b3vhe\u00b2": "ka\u00b3vhe\u00b2",
        "\u02c9": "\u02c9",
        "-": "-"
    }
}