{
    "json_invalid": false,
    "preamble": "Problem 2. Puw-Tha\u2019wek (15 marks)\n",
    "context": "Puw-Tha\u2019wek (literally: \"to swallow one's words\") is a   language spoken   by around 1,650 Puw-Tha\u2019wek people. During the dry season, fresh water is often in short supply and is considered valuable.\n\n1.\twiw waniw\tA.\talcohol\n2.\twaniw yengek\tB.\tbrave\n3.\tthe' iw\tC.\tcrab\n4.\tthe' chaw chu'ek\tD.\tcrab shell\n5.\tthe' chaang\tE.\tfingernail\n6.\tthe' yengek\tF.\tfresh water\n7.\tthuk\tG.\tgood\n8.\t\u2019ew\tH.\thandcuffs\n9.\t\u2019ew thuk\tI.\thappy\n10.\t\u2019ew peng\tJ.\theart\n11.\t\u2019e\u2019w\tK.\tlaw\n12.\t\u2019e\u2019w iw\tL.\tsad\n13.\t\u2019e\u2019w thuk\tM.\tshoulder blade\n14.\t\u2019e\u2019w yengek\tN.\tstrong, firm\n15.\t\u2019e\u2019w peng\tO.\tstubborn\n16.\tchaang\tP.\tthumb\n17.\tchaang iw\tQ.\ttop of spear\n18.\tyengek\tR.\ttrustworthy (with things)\n19.\tpuw yengek\tS.\twater",
    "questions": "[{\"question_n\": \"Q 2.1\", \"prompt\": \"Determine the correct correspondences. Write the corresponding letter of the word that matches the numbered item.\", \"subprompts\": [{\"questionpart_n\": \"1.\", \"question\": \"1. wiw waniw\", \"answer\": \"Q\", \"matches_human_scoring\": false, \"fuzzy_matching\": false, \"manual_edit\": false}, {\"questionpart_n\": \"2.\", \"question\": \"2. waniw yengek\", \"answer\": \"O\", \"matches_human_scoring\": false, \"fuzzy_matching\": false, \"manual_edit\": false}, {\"questionpart_n\": \"3.\", \"question\": \"3. the' iw\", \"answer\": \"E\", \"matches_human_scoring\": false, \"fuzzy_matching\": false, \"manual_edit\": false}, {\"questionpart_n\": \"4.\", \"question\": \"4. the' chaw chu'ek\", \"answer\": \"P\", \"matches_human_scoring\": false, \"fuzzy_matching\": false, \"manual_edit\": false}, {\"questionpart_n\": \"5.\", \"question\": \"5. the' chaang\", \"answer\": \"H\", \"matches_human_scoring\": false, \"fuzzy_matching\": false, \"manual_edit\": false}, {\"questionpart_n\": \"6.\", \"question\": \"6. the' yengek\", \"answer\": \"R\", \"matches_human_scoring\": false, \"fuzzy_matching\": false, \"manual_edit\": false}, {\"questionpart_n\": \"7.\", \"question\": \"7. thuk\", \"answer\": \"G\", \"matches_human_scoring\": false, \"fuzzy_matching\": false, \"manual_edit\": false}, {\"questionpart_n\": \"8.\", \"question\": \"8. \u2019ew\", \"answer\": \"S\", \"matches_human_scoring\": false, \"fuzzy_matching\": false, \"manual_edit\": false}, {\"questionpart_n\": \"9.\", \"question\": \"9. \u2019ew thuk\", \"answer\": \"F\", \"matches_human_scoring\": false, \"fuzzy_matching\": false, \"manual_edit\": false}, {\"questionpart_n\": \"10.\", \"question\": \"10. \u2019ew peng\", \"answer\": \"A\", \"matches_human_scoring\": false, \"fuzzy_matching\": false, \"manual_edit\": false}, {\"questionpart_n\": \"11.\", \"question\": \"11. \u2019e\u2019w\", \"answer\": \"J\", \"matches_human_scoring\": false, \"fuzzy_matching\": false, \"manual_edit\": false}, {\"questionpart_n\": \"12.\", \"question\": \"12. \u2019e\u2019w iw\", \"answer\": \"M\", \"matches_human_scoring\": false, \"fuzzy_matching\": false, \"manual_edit\": false}, {\"questionpart_n\": \"13.\", \"question\": \"13. \u2019e\u2019w thuk\", \"answer\": \"I\", \"matches_human_scoring\": false, \"fuzzy_matching\": false, \"manual_edit\": false}, {\"questionpart_n\": \"14.\", \"question\": \"14. \u2019e\u2019w yengek\", \"answer\": \"B\", \"matches_human_scoring\": false, \"fuzzy_matching\": false, \"manual_edit\": false}, {\"questionpart_n\": \"15.\", \"question\": \"15. \u2019e\u2019w peng\", \"answer\": \"L\", \"matches_human_scoring\": false, \"fuzzy_matching\": false, \"manual_edit\": false}, {\"questionpart_n\": \"16.\", \"question\": \"16. chaang\", \"answer\": \"C\", \"matches_human_scoring\": false, \"fuzzy_matching\": false, \"manual_edit\": false}, {\"questionpart_n\": \"17.\", \"question\": \"17.chaang iw\", \"answer\": \"D\", \"matches_human_scoring\": false, \"fuzzy_matching\": false, \"manual_edit\": false}, {\"questionpart_n\": \"18.\", \"question\": \"18. yengek\", \"answer\": \"N\", \"matches_human_scoring\": false, \"fuzzy_matching\": false, \"manual_edit\": false}, {\"questionpart_n\": \"19.\", \"question\": \"19. puw yengek\", \"answer\": \"K\", \"matches_human_scoring\": false, \"fuzzy_matching\": false, \"manual_edit\": false}]}, {\"question_n\": \"Q 2.2\", \"prompt\": \"Translate into English:\", \"subprompts\": [{\"questionpart_n\": \"a.\", \"question\": \"wiw\", \"answer\": \"spear\", \"matches_human_scoring\": false, \"fuzzy_matching\": false, \"manual_edit\": false}, {\"questionpart_n\": \"b.\", \"question\": \"chaang \u2019e\u2019w\", \"answer\": \"[\\\"crab heart\\\", \\\"heart of the crab\\\"]\", \"matches_human_scoring\": false, \"fuzzy_matching\": false, \"manual_edit\": false}, {\"questionpart_n\": \"c.\", \"question\": \"peng\", \"answer\": \"bad\", \"matches_human_scoring\": false, \"fuzzy_matching\": false, \"manual_edit\": false}]}, {\"question_n\": \"Q 2.3\", \"prompt\": \"Translate into Puw-Tha\u2019wek:\", \"subprompts\": [{\"questionpart_n\": \"a.\", \"question\": \"shell\", \"answer\": \"iw\", \"matches_human_scoring\": false, \"fuzzy_matching\": false, \"manual_edit\": false}, {\"questionpart_n\": \"b.\", \"question\": \"hand\", \"answer\": \"them\", \"matches_human_scoring\": false, \"fuzzy_matching\": false, \"manual_edit\": false}, {\"questionpart_n\": \"c.\", \"question\": \"worried\", \"answer\": \"waniw peng\", \"matches_human_scoring\": false, \"fuzzy_matching\": false, \"manual_edit\": false}]}]",
    "obfuscated": "True",
    "obf_num": "1",
    "mapping": {
        "a": "e",
        "e": "i",
        "i": "u",
        "u": "a",
        "p": "ch",
        "th": "y",
        "k": "w",
        "\u2019": "m",
        "ch": "n",
        "y": "ng",
        "w": "p",
        "m": "th",
        "n": "k",
        "ng": "\u2019"
    }
}