{
    "json_invalid": false,
    "preamble": "Problem 2. \u2019ang-Chewngiy (15 marks)\n",
    "context": "\u2019ang-Chewngiy (literally: \"to swallow one's words\") is a   language spoken   by around 1,650 \u2019ang-Chewngiy people. During the dry season, fresh water is often in short supply and is considered valuable.\n\n1.\tngung ngethung\tA.\talcohol\n2.\tngethung nikiy\tB.\tbrave\n3.\tchi' ung\tC.\tcrab\n4.\tchi' meng ma'iy\tD.\tcrab shell\n5.\tchi' meek\tE.\tfingernail\n6.\tchi' nikiy\tF.\tfresh water\n7.\tchay\tG.\tgood\n8.\twing\tH.\thandcuffs\n9.\twing chay\tI.\thappy\n10.\twing \u2019ik\tJ.\theart\n11.\twiwng\tK.\tlaw\n12.\twiwng ung\tL.\tsad\n13.\twiwng chay\tM.\tshoulder blade\n14.\twiwng nikiy\tN.\tstrong, firm\n15.\twiwng \u2019ik\tO.\tstubborn\n16.\tmeek\tP.\tthumb\n17.\tmeek ung\tQ.\ttop of spear\n18.\tnikiy\tR.\ttrustworthy (with things)\n19.\t\u2019ang nikiy\tS.\twater",
    "questions": "[{\"question_n\": \"Q 2.1\", \"prompt\": \"Determine the correct correspondences. Write the corresponding letter of the word that matches the numbered item.\", \"subprompts\": [{\"questionpart_n\": \"1.\", \"question\": \"1. ngung ngethung\", \"answer\": \"Q\", \"matches_human_scoring\": false, \"fuzzy_matching\": false, \"manual_edit\": false}, {\"questionpart_n\": \"2.\", \"question\": \"2. ngethung nikiy\", \"answer\": \"O\", \"matches_human_scoring\": false, \"fuzzy_matching\": false, \"manual_edit\": false}, {\"questionpart_n\": \"3.\", \"question\": \"3. chi' ung\", \"answer\": \"E\", \"matches_human_scoring\": false, \"fuzzy_matching\": false, \"manual_edit\": false}, {\"questionpart_n\": \"4.\", \"question\": \"4. chi' meng ma'iy\", \"answer\": \"P\", \"matches_human_scoring\": false, \"fuzzy_matching\": false, \"manual_edit\": false}, {\"questionpart_n\": \"5.\", \"question\": \"5. chi' meek\", \"answer\": \"H\", \"matches_human_scoring\": false, \"fuzzy_matching\": false, \"manual_edit\": false}, {\"questionpart_n\": \"6.\", \"question\": \"6. chi' nikiy\", \"answer\": \"R\", \"matches_human_scoring\": false, \"fuzzy_matching\": false, \"manual_edit\": false}, {\"questionpart_n\": \"7.\", \"question\": \"7. chay\", \"answer\": \"G\", \"matches_human_scoring\": false, \"fuzzy_matching\": false, \"manual_edit\": false}, {\"questionpart_n\": \"8.\", \"question\": \"8. wing\", \"answer\": \"S\", \"matches_human_scoring\": false, \"fuzzy_matching\": false, \"manual_edit\": false}, {\"questionpart_n\": \"9.\", \"question\": \"9. wing chay\", \"answer\": \"F\", \"matches_human_scoring\": false, \"fuzzy_matching\": false, \"manual_edit\": false}, {\"questionpart_n\": \"10.\", \"question\": \"10. wing \u2019ik\", \"answer\": \"A\", \"matches_human_scoring\": false, \"fuzzy_matching\": false, \"manual_edit\": false}, {\"questionpart_n\": \"11.\", \"question\": \"11. wiwng\", \"answer\": \"J\", \"matches_human_scoring\": false, \"fuzzy_matching\": false, \"manual_edit\": false}, {\"questionpart_n\": \"12.\", \"question\": \"12. wiwng ung\", \"answer\": \"M\", \"matches_human_scoring\": false, \"fuzzy_matching\": false, \"manual_edit\": false}, {\"questionpart_n\": \"13.\", \"question\": \"13. wiwng chay\", \"answer\": \"I\", \"matches_human_scoring\": false, \"fuzzy_matching\": false, \"manual_edit\": false}, {\"questionpart_n\": \"14.\", \"question\": \"14. wiwng nikiy\", \"answer\": \"B\", \"matches_human_scoring\": false, \"fuzzy_matching\": false, \"manual_edit\": false}, {\"questionpart_n\": \"15.\", \"question\": \"15. wiwng \u2019ik\", \"answer\": \"L\", \"matches_human_scoring\": false, \"fuzzy_matching\": false, \"manual_edit\": false}, {\"questionpart_n\": \"16.\", \"question\": \"16. meek\", \"answer\": \"C\", \"matches_human_scoring\": false, \"fuzzy_matching\": false, \"manual_edit\": false}, {\"questionpart_n\": \"17.\", \"question\": \"17.meek ung\", \"answer\": \"D\", \"matches_human_scoring\": false, \"fuzzy_matching\": false, \"manual_edit\": false}, {\"questionpart_n\": \"18.\", \"question\": \"18. nikiy\", \"answer\": \"N\", \"matches_human_scoring\": false, \"fuzzy_matching\": false, \"manual_edit\": false}, {\"questionpart_n\": \"19.\", \"question\": \"19. \u2019ang nikiy\", \"answer\": \"K\", \"matches_human_scoring\": false, \"fuzzy_matching\": false, \"manual_edit\": false}]}, {\"question_n\": \"Q 2.2\", \"prompt\": \"Translate into English:\", \"subprompts\": [{\"questionpart_n\": \"a.\", \"question\": \"ngung\", \"answer\": \"spear\", \"matches_human_scoring\": false, \"fuzzy_matching\": false, \"manual_edit\": false}, {\"questionpart_n\": \"b.\", \"question\": \"meek wiwng\", \"answer\": \"[\\\"crab heart\\\", \\\"heart of the crab\\\"]\", \"matches_human_scoring\": false, \"fuzzy_matching\": false, \"manual_edit\": false}, {\"questionpart_n\": \"c.\", \"question\": \"\u2019ik\", \"answer\": \"bad\", \"matches_human_scoring\": false, \"fuzzy_matching\": false, \"manual_edit\": false}]}, {\"question_n\": \"Q 2.3\", \"prompt\": \"Translate into \u2019ang-Chewngiy:\", \"subprompts\": [{\"questionpart_n\": \"a.\", \"question\": \"shell\", \"answer\": \"ung\", \"matches_human_scoring\": false, \"fuzzy_matching\": false, \"manual_edit\": false}, {\"questionpart_n\": \"b.\", \"question\": \"hand\", \"answer\": \"chip\", \"matches_human_scoring\": false, \"fuzzy_matching\": false, \"manual_edit\": false}, {\"questionpart_n\": \"c.\", \"question\": \"worried\", \"answer\": \"ngethung \u2019ik\", \"matches_human_scoring\": false, \"fuzzy_matching\": false, \"manual_edit\": false}]}]",
    "obfuscated": "True",
    "obf_num": "20",
    "mapping": {
        "a": "i",
        "e": "u",
        "i": "a",
        "u": "e",
        "p": "m",
        "th": "n",
        "k": "ng",
        "\u2019": "p",
        "ch": "th",
        "y": "k",
        "w": "\u2019",
        "m": "ch",
        "n": "y",
        "ng": "w"
    }
}