{
    "json_invalid": false,
    "preamble": "Problem 2. Ngey-Pikyuth (15 marks)\n",
    "context": "Ngey-Pikyuth (literally: \"to swallow one's words\") is a   language spoken   by around 1,650 Ngey-Pikyuth people. During the dry season, fresh water is often in short supply and is considered valuable.\n\n1.\tyay yimay\tA.\talcohol\n2.\tyimay chunuth\tB.\tbrave\n3.\tpu' ay\tC.\tcrab\n4.\tpu' \u2019iy \u2019e'uth\tD.\tcrab shell\n5.\tpu' \u2019iin\tE.\tfingernail\n6.\tpu' chunuth\tF.\tfresh water\n7.\tpeth\tG.\tgood\n8.\tkuy\tH.\thandcuffs\n9.\tkuy peth\tI.\thappy\n10.\tkuy ngun\tJ.\theart\n11.\tkuky\tK.\tlaw\n12.\tkuky ay\tL.\tsad\n13.\tkuky peth\tM.\tshoulder blade\n14.\tkuky chunuth\tN.\tstrong, firm\n15.\tkuky ngun\tO.\tstubborn\n16.\t\u2019iin\tP.\tthumb\n17.\t\u2019iin ay\tQ.\ttop of spear\n18.\tchunuth\tR.\ttrustworthy (with things)\n19.\tngey chunuth\tS.\twater",
    "questions": "[{\"question_n\": \"Q 2.1\", \"prompt\": \"Determine the correct correspondences. Write the corresponding letter of the word that matches the numbered item.\", \"subprompts\": [{\"questionpart_n\": \"1.\", \"question\": \"1. yay yimay\", \"answer\": \"Q\", \"matches_human_scoring\": false, \"fuzzy_matching\": false, \"manual_edit\": false}, {\"questionpart_n\": \"2.\", \"question\": \"2. yimay chunuth\", \"answer\": \"O\", \"matches_human_scoring\": false, \"fuzzy_matching\": false, \"manual_edit\": false}, {\"questionpart_n\": \"3.\", \"question\": \"3. pu' ay\", \"answer\": \"E\", \"matches_human_scoring\": false, \"fuzzy_matching\": false, \"manual_edit\": false}, {\"questionpart_n\": \"4.\", \"question\": \"4. pu' \u2019iy \u2019e'uth\", \"answer\": \"P\", \"matches_human_scoring\": false, \"fuzzy_matching\": false, \"manual_edit\": false}, {\"questionpart_n\": \"5.\", \"question\": \"5. pu' \u2019iin\", \"answer\": \"H\", \"matches_human_scoring\": false, \"fuzzy_matching\": false, \"manual_edit\": false}, {\"questionpart_n\": \"6.\", \"question\": \"6. pu' chunuth\", \"answer\": \"R\", \"matches_human_scoring\": false, \"fuzzy_matching\": false, \"manual_edit\": false}, {\"questionpart_n\": \"7.\", \"question\": \"7. peth\", \"answer\": \"G\", \"matches_human_scoring\": false, \"fuzzy_matching\": false, \"manual_edit\": false}, {\"questionpart_n\": \"8.\", \"question\": \"8. kuy\", \"answer\": \"S\", \"matches_human_scoring\": false, \"fuzzy_matching\": false, \"manual_edit\": false}, {\"questionpart_n\": \"9.\", \"question\": \"9. kuy peth\", \"answer\": \"F\", \"matches_human_scoring\": false, \"fuzzy_matching\": false, \"manual_edit\": false}, {\"questionpart_n\": \"10.\", \"question\": \"10. kuy ngun\", \"answer\": \"A\", \"matches_human_scoring\": false, \"fuzzy_matching\": false, \"manual_edit\": false}, {\"questionpart_n\": \"11.\", \"question\": \"11. kuky\", \"answer\": \"J\", \"matches_human_scoring\": false, \"fuzzy_matching\": false, \"manual_edit\": false}, {\"questionpart_n\": \"12.\", \"question\": \"12. kuky ay\", \"answer\": \"M\", \"matches_human_scoring\": false, \"fuzzy_matching\": false, \"manual_edit\": false}, {\"questionpart_n\": \"13.\", \"question\": \"13. kuky peth\", \"answer\": \"I\", \"matches_human_scoring\": false, \"fuzzy_matching\": false, \"manual_edit\": false}, {\"questionpart_n\": \"14.\", \"question\": \"14. kuky chunuth\", \"answer\": \"B\", \"matches_human_scoring\": false, \"fuzzy_matching\": false, \"manual_edit\": false}, {\"questionpart_n\": \"15.\", \"question\": \"15. kuky ngun\", \"answer\": \"L\", \"matches_human_scoring\": false, \"fuzzy_matching\": false, \"manual_edit\": false}, {\"questionpart_n\": \"16.\", \"question\": \"16. \u2019iin\", \"answer\": \"C\", \"matches_human_scoring\": false, \"fuzzy_matching\": false, \"manual_edit\": false}, {\"questionpart_n\": \"17.\", \"question\": \"17.\u2019iin ay\", \"answer\": \"D\", \"matches_human_scoring\": false, \"fuzzy_matching\": false, \"manual_edit\": false}, {\"questionpart_n\": \"18.\", \"question\": \"18. chunuth\", \"answer\": \"N\", \"matches_human_scoring\": false, \"fuzzy_matching\": false, \"manual_edit\": false}, {\"questionpart_n\": \"19.\", \"question\": \"19. ngey chunuth\", \"answer\": \"K\", \"matches_human_scoring\": false, \"fuzzy_matching\": false, \"manual_edit\": false}]}, {\"question_n\": \"Q 2.2\", \"prompt\": \"Translate into English:\", \"subprompts\": [{\"questionpart_n\": \"a.\", \"question\": \"yay\", \"answer\": \"spear\", \"matches_human_scoring\": false, \"fuzzy_matching\": false, \"manual_edit\": false}, {\"questionpart_n\": \"b.\", \"question\": \"\u2019iin kuky\", \"answer\": \"[\\\"crab heart\\\", \\\"heart of the crab\\\"]\", \"matches_human_scoring\": false, \"fuzzy_matching\": false, \"manual_edit\": false}, {\"questionpart_n\": \"c.\", \"question\": \"ngun\", \"answer\": \"bad\", \"matches_human_scoring\": false, \"fuzzy_matching\": false, \"manual_edit\": false}]}, {\"question_n\": \"Q 2.3\", \"prompt\": \"Translate into Ngey-Pikyuth:\", \"subprompts\": [{\"questionpart_n\": \"a.\", \"question\": \"shell\", \"answer\": \"ay\", \"matches_human_scoring\": false, \"fuzzy_matching\": false, \"manual_edit\": false}, {\"questionpart_n\": \"b.\", \"question\": \"hand\", \"answer\": \"puw\", \"matches_human_scoring\": false, \"fuzzy_matching\": false, \"manual_edit\": false}, {\"questionpart_n\": \"c.\", \"question\": \"worried\", \"answer\": \"yimay ngun\", \"matches_human_scoring\": false, \"fuzzy_matching\": false, \"manual_edit\": false}]}]",
    "obfuscated": "True",
    "obf_num": "16",
    "mapping": {
        "a": "u",
        "e": "a",
        "i": "e",
        "u": "i",
        "p": "\u2019",
        "th": "ch",
        "k": "y",
        "\u2019": "w",
        "ch": "m",
        "y": "n",
        "w": "ng",
        "m": "p",
        "n": "th",
        "ng": "k"
    }
}