{
    "json_invalid": false,
    "preamble": "Problem 3. Language X (20 marks)\n  Language X is a  language spoken by nearly 8,000 people around the world. It is the official language of Country X, although most of its speakers live in other countries .",
    "context": "Below are some sentences in Language X with a possible translation into English. Note that a\u0304 and u\u0304 are long vowels, and that g represents the ng sound in \u201csing\u201d.\n\nLanguage X\tEnglish\nLa\u0304e leo kue e ea\u0304.\tI have only eaten.\nLa\u0304e neo nelevoku nulo ki vu\u0304 i oe.\tThere have also been pictures that he drew.\nTa\u0304ga\u0304 tue vatea\u0304.\tThere are always plenty of birds.\nKi neo neoeume i lu\u0304ta\u0304ve.\tThe carpenter had teachers.\nLa\u0304e lovoe i oe e ea\u0304.\tHe has seen me.\nVu leo gi tue le guhuguhu i ea\u0304 i ole.\tThe bird that I will wash will eat the fish.\nKi vuvua\u0304 e Sione.\tSione read.\nVu\u0304 vatea\u0304 i Mele i nelevoku.\tMele is always drawing the picture.\nKi leo i ole ki veleneme gi vete.\tThe fish that the child caught ate.\nVu guhuguhu nulo gi vete i fele ki vu\u0304 gi lu\u0304ta\u0304ve.\tThe child will also wash the canoe that the carpenter built.\nVu ta\u0304ga\u0304 ole e Mele.\tMele will have plenty of fish.\nTa\u0304ga\u0304 vete nulo i neoeume le lovoe gi tue.\tThe teacher also has plenty of children that the bird will see.\nNeo fele e Sione ki guhuguhu i ea\u0304.\tSione has canoes that I washed.",
    "questions": "[{\"question_n\": \"Q3.1\", \"prompt\": \" Translate the following sentences into English. If there are multiple possible translations, give only one.\", \"subprompts\": [{\"questionpart_n\": \"a.\", \"question\": \"Neo tue kue.\", \"answer\": \"There are only birds.\", \"matches_human_scoring\": false, \"fuzzy_matching\": false, \"manual_edit\": false}, {\"questionpart_n\": \"b.\", \"question\": \"La\u0304e guhuguhu nulo gi neoeume ki veleneme i ea\u0304 e oe.\", \"answer\": \"The teacher that I caught has also washed him.\", \"matches_human_scoring\": false, \"fuzzy_matching\": false, \"manual_edit\": false}, {\"questionpart_n\": \"c.\", \"question\": \"Vu ta\u0304ga\u0304 fele i vete ki lovoe gi tue le guhuguhu i Sione.\", \"answer\": \"[\\\"The child that the bird saw will have plenty of canoes that Sione will wash.\\\", \\\"The child that the bird that Sione will wash saw will have plenty of canoes.\\\", \\\"The child will have plenty of canoes that the bird that Sione will wash saw.\\\"]\", \"matches_human_scoring\": false, \"fuzzy_matching\": false, \"manual_edit\": false}]}, {\"question_n\": \"Q3.2\", \"prompt\": \"Translate the following sentences into Language X.\", \"subprompts\": [{\"questionpart_n\": \"a.\", \"question\": \"He will also read.\", \"answer\": \"Vu vuvua\u0304 nulo e oe.\", \"matches_human_scoring\": false, \"fuzzy_matching\": false, \"manual_edit\": false}, {\"questionpart_n\": \"b.\", \"question\": \"Sione has only had fish that the teacher will eat.\", \"answer\": \"La\u0304e neo ole kue e Sione le leo gi neoeume.\", \"matches_human_scoring\": false, \"fuzzy_matching\": false, \"manual_edit\": false}, {\"questionpart_n\": \"c.\", \"question\": \"The teacher that Mele saw built the canoe.\", \"answer\": \"Ki vu\u0304 gi neoeume ki lovoe i Mele i fele.\", \"matches_human_scoring\": false, \"fuzzy_matching\": false, \"manual_edit\": false}, {\"questionpart_n\": \"d.\", \"question\": \"There have always been plenty of carpenters.\", \"answer\": \"La\u0304e ta\u0304ga\u0304 lu\u0304ta\u0304ve vatea\u0304.\", \"matches_human_scoring\": false, \"fuzzy_matching\": false, \"manual_edit\": false}]}]",
    "obfuscated": "True",
    "obf_num": "8",
    "mapping": {
        "a": "e",
        "e": "i",
        "i": "o",
        "o": "u",
        "u": "a\u0304",
        "a\u0304": "u\u0304",
        "u\u0304": "a",
        "t": "v",
        "k": "l",
        "m": "t",
        "n": "k",
        "g": "m",
        "f": "n",
        "h": "g",
        "v": "f",
        "l": "h",
        "mele": "mele",
        "sione": "sione"
    }
}