{
    "json_invalid": false,
    "preamble": "Problem 3. Language X (20 marks)\n  Language X is a  language spoken by nearly 8,000 people around the world. It is the official language of Country X, although most of its speakers live in other countries .",
    "context": "Below are some sentences in Language X with a possible translation into English. Note that a\u0304 and u\u0304 are long vowels, and that g represents the ng sound in \u201csing\u201d.\n\nLanguage X\tEnglish\nGu\u0304i giu ha\u0304i i iu\u0304.\tI have only eaten.\nGu\u0304i liu liginuha\u0304 la\u0304gu ho na o ui.\tThere have also been pictures that he drew.\nFu\u0304tu\u0304 fa\u0304i nefiu\u0304.\tThere are always plenty of birds.\nHo liu liuia\u0304vi o gafu\u0304ni.\tThe carpenter had teachers.\nGu\u0304i gunui o ui i iu\u0304.\tHe has seen me.\nNa\u0304 giu to fa\u0304i gi ta\u0304ma\u0304ta\u0304ma\u0304 o iu\u0304 o ugi.\tThe bird that I will wash will eat the fish.\nHo na\u0304na\u0304u\u0304 i Sione.\tSione read.\nNa nefiu\u0304 o Mele o liginuha\u0304.\tMele is always drawing the picture.\nHo giu o ugi ho nigilivi to nifi.\tThe fish that the child caught ate.\nNa\u0304 ta\u0304ma\u0304ta\u0304ma\u0304 la\u0304gu to nifi o kigi ho na to gafu\u0304ni.\tThe child will also wash the canoe that the carpenter built.\nNa\u0304 fu\u0304tu\u0304 ugi i Mele.\tMele will have plenty of fish.\nFu\u0304tu\u0304 nifi la\u0304gu o liuia\u0304vi gi gunui to fa\u0304i.\tThe teacher also has plenty of children that the bird will see.\nLiu kigi i Sione ho ta\u0304ma\u0304ta\u0304ma\u0304 o iu\u0304.\tSione has canoes that I washed.",
    "questions": "[{\"question_n\": \"Q3.1\", \"prompt\": \" Translate the following sentences into English. If there are multiple possible translations, give only one.\", \"subprompts\": [{\"questionpart_n\": \"a.\", \"question\": \"Liu fa\u0304i ha\u0304i.\", \"answer\": \"There are only birds.\", \"matches_human_scoring\": false, \"fuzzy_matching\": false, \"manual_edit\": false}, {\"questionpart_n\": \"b.\", \"question\": \"Gu\u0304i ta\u0304ma\u0304ta\u0304ma\u0304 la\u0304gu to liuia\u0304vi ho nigilivi o iu\u0304 i ui.\", \"answer\": \"The teacher that I caught has also washed him.\", \"matches_human_scoring\": false, \"fuzzy_matching\": false, \"manual_edit\": false}, {\"questionpart_n\": \"c.\", \"question\": \"Na\u0304 fu\u0304tu\u0304 kigi o nifi ho gunui to fa\u0304i gi ta\u0304ma\u0304ta\u0304ma\u0304 o Sione.\", \"answer\": \"[\\\"The child that the bird saw will have plenty of canoes that Sione will wash.\\\", \\\"The child that the bird that Sione will wash saw will have plenty of canoes.\\\", \\\"The child will have plenty of canoes that the bird that Sione will wash saw.\\\"]\", \"matches_human_scoring\": false, \"fuzzy_matching\": false, \"manual_edit\": false}]}, {\"question_n\": \"Q3.2\", \"prompt\": \"Translate the following sentences into Language X.\", \"subprompts\": [{\"questionpart_n\": \"a.\", \"question\": \"He will also read.\", \"answer\": \"Na\u0304 na\u0304na\u0304u\u0304 la\u0304gu i ui.\", \"matches_human_scoring\": false, \"fuzzy_matching\": false, \"manual_edit\": false}, {\"questionpart_n\": \"b.\", \"question\": \"Sione has only had fish that the teacher will eat.\", \"answer\": \"Gu\u0304i liu ugi ha\u0304i i Sione gi giu to liuia\u0304vi.\", \"matches_human_scoring\": false, \"fuzzy_matching\": false, \"manual_edit\": false}, {\"questionpart_n\": \"c.\", \"question\": \"The teacher that Mele saw built the canoe.\", \"answer\": \"Ho na to liuia\u0304vi ho gunui o Mele o kigi.\", \"matches_human_scoring\": false, \"fuzzy_matching\": false, \"manual_edit\": false}, {\"questionpart_n\": \"d.\", \"question\": \"There have always been plenty of carpenters.\", \"answer\": \"Gu\u0304i fu\u0304tu\u0304 gafu\u0304ni nefiu\u0304.\", \"matches_human_scoring\": false, \"fuzzy_matching\": false, \"manual_edit\": false}]}]",
    "obfuscated": "True",
    "obf_num": "5",
    "mapping": {
        "a": "i",
        "e": "o",
        "i": "u",
        "o": "a\u0304",
        "u": "u\u0304",
        "a\u0304": "a",
        "u\u0304": "e",
        "t": "n",
        "k": "g",
        "m": "f",
        "n": "h",
        "g": "v",
        "f": "l",
        "h": "t",
        "v": "k",
        "l": "m",
        "mele": "mele",
        "sione": "sione"
    }
}