{
    "json_invalid": false,
    "preamble": "Problem 3. Language X (20 marks)\n  Language X is a  language spoken by nearly 8,000 people around the world. It is the official language of Country X, although most of its speakers live in other countries .",
    "context": "Below are some sentences in Language X with a possible translation into English. Note that a\u0304 and u\u0304 are long vowels, and that g represents the ng sound in \u201csing\u201d.\n\nLanguage X\tEnglish\nTao toa\u0304 mu\u0304o o oa.\tI have only eaten.\nTao goa\u0304 gotola\u0304mu\u0304 gu\u0304ta\u0304 mu le u a\u0304o.\tThere have also been pictures that he drew.\nKafa ku\u0304o likoa.\tThere are always plenty of birds.\nMu goa\u0304 goa\u0304ou\u0304no u tekalo.\tThe carpenter had teachers.\nTao ta\u0304la\u0304o u a\u0304o o oa.\tHe has seen me.\nLu\u0304 toa\u0304 fu ku\u0304o to fu\u0304vu\u0304fu\u0304vu\u0304 u oa u a\u0304to.\tThe bird that I will wash will eat the fish.\nMu lu\u0304lu\u0304a o Sione.\tSione read.\nLe likoa u Mele u gotola\u0304mu\u0304.\tMele is always drawing the picture.\nMu toa\u0304 u a\u0304to mu lotogono fu loko.\tThe fish that the child caught ate.\nLu\u0304 fu\u0304vu\u0304fu\u0304vu\u0304 gu\u0304ta\u0304 fu loko u hoto mu le fu tekalo.\tThe child will also wash the canoe that the carpenter built.\nLu\u0304 kafa a\u0304to o Mele.\tMele will have plenty of fish.\nKafa loko gu\u0304ta\u0304 u goa\u0304ou\u0304no to ta\u0304la\u0304o fu ku\u0304o.\tThe teacher also has plenty of children that the bird will see.\nGoa\u0304 hoto o Sione mu fu\u0304vu\u0304fu\u0304vu\u0304 u oa.\tSione has canoes that I washed.",
    "questions": "[{\"question_n\": \"Q3.1\", \"prompt\": \" Translate the following sentences into English. If there are multiple possible translations, give only one.\", \"subprompts\": [{\"questionpart_n\": \"a.\", \"question\": \"Goa\u0304 ku\u0304o mu\u0304o.\", \"answer\": \"There are only birds.\", \"matches_human_scoring\": false, \"fuzzy_matching\": false, \"manual_edit\": false}, {\"questionpart_n\": \"b.\", \"question\": \"Tao fu\u0304vu\u0304fu\u0304vu\u0304 gu\u0304ta\u0304 fu goa\u0304ou\u0304no mu lotogono u oa o a\u0304o.\", \"answer\": \"The teacher that I caught has also washed him.\", \"matches_human_scoring\": false, \"fuzzy_matching\": false, \"manual_edit\": false}, {\"questionpart_n\": \"c.\", \"question\": \"Lu\u0304 kafa hoto u loko mu ta\u0304la\u0304o fu ku\u0304o to fu\u0304vu\u0304fu\u0304vu\u0304 u Sione.\", \"answer\": \"[\\\"The child that the bird saw will have plenty of canoes that Sione will wash.\\\", \\\"The child that the bird that Sione will wash saw will have plenty of canoes.\\\", \\\"The child will have plenty of canoes that the bird that Sione will wash saw.\\\"]\", \"matches_human_scoring\": false, \"fuzzy_matching\": false, \"manual_edit\": false}]}, {\"question_n\": \"Q3.2\", \"prompt\": \"Translate the following sentences into Language X.\", \"subprompts\": [{\"questionpart_n\": \"a.\", \"question\": \"He will also read.\", \"answer\": \"Lu\u0304 lu\u0304lu\u0304a gu\u0304ta\u0304 o a\u0304o.\", \"matches_human_scoring\": false, \"fuzzy_matching\": false, \"manual_edit\": false}, {\"questionpart_n\": \"b.\", \"question\": \"Sione has only had fish that the teacher will eat.\", \"answer\": \"Tao goa\u0304 a\u0304to mu\u0304o o Sione to toa\u0304 fu goa\u0304ou\u0304no.\", \"matches_human_scoring\": false, \"fuzzy_matching\": false, \"manual_edit\": false}, {\"questionpart_n\": \"c.\", \"question\": \"The teacher that Mele saw built the canoe.\", \"answer\": \"Mu le fu goa\u0304ou\u0304no mu ta\u0304la\u0304o u Mele u hoto.\", \"matches_human_scoring\": false, \"fuzzy_matching\": false, \"manual_edit\": false}, {\"questionpart_n\": \"d.\", \"question\": \"There have always been plenty of carpenters.\", \"answer\": \"Tao kafa tekalo likoa.\", \"matches_human_scoring\": false, \"fuzzy_matching\": false, \"manual_edit\": false}]}]",
    "obfuscated": "True",
    "obf_num": "12",
    "mapping": {
        "a": "o",
        "e": "u",
        "i": "a\u0304",
        "o": "u\u0304",
        "u": "a",
        "a\u0304": "e",
        "u\u0304": "i",
        "t": "l",
        "k": "t",
        "m": "k",
        "n": "m",
        "g": "n",
        "f": "g",
        "h": "f",
        "v": "h",
        "l": "v",
        "mele": "mele",
        "sione": "sione"
    }
}