{
    "json_invalid": false,
    "preamble": "Problem 3. Language X (20 marks)\n  Language X is a  language spoken by nearly 8,000 people around the world. It is the official language of Country X, although most of its speakers live in other countries .",
    "context": "Below are some sentences in Language X with a possible translation into English. Note that a\u0304 and u\u0304 are long vowels, and that g represents the ng sound in \u201csing\u201d.\n\nLanguage X\tEnglish\nVia\u0304 va\u0304a tea\u0304 a\u0304 a\u0304i.\tI have only eaten.\nVia\u0304 ma\u0304a ma\u0304va\u0304hate meva tu\u0304 ho u\u0304 aa\u0304.\tThere have also been pictures that he drew.\nLini lea\u0304 hula\u0304i.\tThere are always plenty of birds.\nTu\u0304 ma\u0304a ma\u0304aa\u0304eka\u0304 u\u0304 voliha\u0304.\tThe carpenter had teachers.\nVia\u0304 vahaa\u0304 u\u0304 aa\u0304 a\u0304 a\u0304i.\tHe has seen me.\nHe va\u0304a nu\u0304 lea\u0304 va\u0304 nefenefe u\u0304 a\u0304i u\u0304 ava\u0304.\tThe bird that I will wash will eat the fish.\nTu\u0304 hehei a\u0304 Sione.\tSione read.\nHo hula\u0304i u\u0304 Mele u\u0304 ma\u0304va\u0304hate.\tMele is always drawing the picture.\nTu\u0304 va\u0304a u\u0304 ava\u0304 tu\u0304 ha\u0304va\u0304ma\u0304ka\u0304 nu\u0304 ha\u0304la\u0304.\tThe fish that the child caught ate.\nHe nefenefe meva nu\u0304 ha\u0304la\u0304 u\u0304 ga\u0304va\u0304 tu\u0304 ho nu\u0304 voliha\u0304.\tThe child will also wash the canoe that the carpenter built.\nHe lini ava\u0304 a\u0304 Mele.\tMele will have plenty of fish.\nLini ha\u0304la\u0304 meva u\u0304 ma\u0304aa\u0304eka\u0304 va\u0304 vahaa\u0304 nu\u0304 lea\u0304.\tThe teacher also has plenty of children that the bird will see.\nMa\u0304a ga\u0304va\u0304 a\u0304 Sione tu\u0304 nefenefe u\u0304 a\u0304i.\tSione has canoes that I washed.",
    "questions": "[{\"question_n\": \"Q3.1\", \"prompt\": \" Translate the following sentences into English. If there are multiple possible translations, give only one.\", \"subprompts\": [{\"questionpart_n\": \"a.\", \"question\": \"Ma\u0304a lea\u0304 tea\u0304.\", \"answer\": \"There are only birds.\", \"matches_human_scoring\": false, \"fuzzy_matching\": false, \"manual_edit\": false}, {\"questionpart_n\": \"b.\", \"question\": \"Via\u0304 nefenefe meva nu\u0304 ma\u0304aa\u0304eka\u0304 tu\u0304 ha\u0304va\u0304ma\u0304ka\u0304 u\u0304 a\u0304i a\u0304 aa\u0304.\", \"answer\": \"The teacher that I caught has also washed him.\", \"matches_human_scoring\": false, \"fuzzy_matching\": false, \"manual_edit\": false}, {\"questionpart_n\": \"c.\", \"question\": \"He lini ga\u0304va\u0304 u\u0304 ha\u0304la\u0304 tu\u0304 vahaa\u0304 nu\u0304 lea\u0304 va\u0304 nefenefe u\u0304 Sione.\", \"answer\": \"[\\\"The child that the bird saw will have plenty of canoes that Sione will wash.\\\", \\\"The child that the bird that Sione will wash saw will have plenty of canoes.\\\", \\\"The child will have plenty of canoes that the bird that Sione will wash saw.\\\"]\", \"matches_human_scoring\": false, \"fuzzy_matching\": false, \"manual_edit\": false}]}, {\"question_n\": \"Q3.2\", \"prompt\": \"Translate the following sentences into Language X.\", \"subprompts\": [{\"questionpart_n\": \"a.\", \"question\": \"He will also read.\", \"answer\": \"He hehei meva a\u0304 aa\u0304.\", \"matches_human_scoring\": false, \"fuzzy_matching\": false, \"manual_edit\": false}, {\"questionpart_n\": \"b.\", \"question\": \"Sione has only had fish that the teacher will eat.\", \"answer\": \"Via\u0304 ma\u0304a ava\u0304 tea\u0304 a\u0304 Sione va\u0304 va\u0304a nu\u0304 ma\u0304aa\u0304eka\u0304.\", \"matches_human_scoring\": false, \"fuzzy_matching\": false, \"manual_edit\": false}, {\"questionpart_n\": \"c.\", \"question\": \"The teacher that Mele saw built the canoe.\", \"answer\": \"Tu\u0304 ho nu\u0304 ma\u0304aa\u0304eka\u0304 tu\u0304 vahaa\u0304 u\u0304 Mele u\u0304 ga\u0304va\u0304.\", \"matches_human_scoring\": false, \"fuzzy_matching\": false, \"manual_edit\": false}, {\"questionpart_n\": \"d.\", \"question\": \"There have always been plenty of carpenters.\", \"answer\": \"Via\u0304 lini voliha\u0304 hula\u0304i.\", \"matches_human_scoring\": false, \"fuzzy_matching\": false, \"manual_edit\": false}]}]",
    "obfuscated": "True",
    "obf_num": "25",
    "mapping": {
        "a": "a\u0304",
        "e": "u\u0304",
        "i": "a",
        "o": "e",
        "u": "i",
        "a\u0304": "o",
        "u\u0304": "u",
        "t": "h",
        "k": "v",
        "m": "l",
        "n": "t",
        "g": "k",
        "f": "m",
        "h": "n",
        "v": "g",
        "l": "f",
        "mele": "mele",
        "sione": "sione"
    }
}