{
    "json_invalid": false,
    "preamble": "Problem 3. Language X (20 marks)\n  Language X is a  language spoken by nearly 8,000 people around the world. It is the official language of Country X, although most of its speakers live in other countries .",
    "context": "Below are some sentences in Language X with a possible translation into English. Note that a\u0304 and u\u0304 are long vowels, and that g represents the ng sound in \u201csing\u201d.\n\nLanguage X\tEnglish\nFeu fuu\u0304 vau u ue.\tI have only eaten.\nFeu tuu\u0304 tufugu\u0304va tafu\u0304 va\u0304 gi a\u0304 u\u0304u.\tThere have also been pictures that he drew.\nHeke hau gohue.\tThere are always plenty of birds.\nVa\u0304 tuu\u0304 tuu\u0304ualu a\u0304 fihegu.\tThe carpenter had teachers.\nFeu fu\u0304gu\u0304u a\u0304 u\u0304u u ue.\tHe has seen me.\nGa fuu\u0304 ka\u0304 hau fu kanakana a\u0304 ue a\u0304 u\u0304fu.\tThe bird that I will wash will eat the fish.\nVa\u0304 gagae u Sione.\tSione read.\nGi gohue a\u0304 Mele a\u0304 tufugu\u0304va.\tMele is always drawing the picture.\nVa\u0304 fuu\u0304 a\u0304 u\u0304fu va\u0304 gufutulu ka\u0304 guhu.\tThe fish that the child caught ate.\nGa kanakana tafu\u0304 ka\u0304 guhu a\u0304 mufu va\u0304 gi ka\u0304 fihegu.\tThe child will also wash the canoe that the carpenter built.\nGa heke u\u0304fu u Mele.\tMele will have plenty of fish.\nHeke guhu tafu\u0304 a\u0304 tuu\u0304ualu fu fu\u0304gu\u0304u ka\u0304 hau.\tThe teacher also has plenty of children that the bird will see.\nTuu\u0304 mufu u Sione va\u0304 kanakana a\u0304 ue.\tSione has canoes that I washed.",
    "questions": "[{\"question_n\": \"Q3.1\", \"prompt\": \" Translate the following sentences into English. If there are multiple possible translations, give only one.\", \"subprompts\": [{\"questionpart_n\": \"a.\", \"question\": \"Tuu\u0304 hau vau.\", \"answer\": \"There are only birds.\", \"matches_human_scoring\": false, \"fuzzy_matching\": false, \"manual_edit\": false}, {\"questionpart_n\": \"b.\", \"question\": \"Feu kanakana tafu\u0304 ka\u0304 tuu\u0304ualu va\u0304 gufutulu a\u0304 ue u u\u0304u.\", \"answer\": \"The teacher that I caught has also washed him.\", \"matches_human_scoring\": false, \"fuzzy_matching\": false, \"manual_edit\": false}, {\"questionpart_n\": \"c.\", \"question\": \"Ga heke mufu a\u0304 guhu va\u0304 fu\u0304gu\u0304u ka\u0304 hau fu kanakana a\u0304 Sione.\", \"answer\": \"[\\\"The child that the bird saw will have plenty of canoes that Sione will wash.\\\", \\\"The child that the bird that Sione will wash saw will have plenty of canoes.\\\", \\\"The child will have plenty of canoes that the bird that Sione will wash saw.\\\"]\", \"matches_human_scoring\": false, \"fuzzy_matching\": false, \"manual_edit\": false}]}, {\"question_n\": \"Q3.2\", \"prompt\": \"Translate the following sentences into Language X.\", \"subprompts\": [{\"questionpart_n\": \"a.\", \"question\": \"He will also read.\", \"answer\": \"Ga gagae tafu\u0304 u u\u0304u.\", \"matches_human_scoring\": false, \"fuzzy_matching\": false, \"manual_edit\": false}, {\"questionpart_n\": \"b.\", \"question\": \"Sione has only had fish that the teacher will eat.\", \"answer\": \"Feu tuu\u0304 u\u0304fu vau u Sione fu fuu\u0304 ka\u0304 tuu\u0304ualu.\", \"matches_human_scoring\": false, \"fuzzy_matching\": false, \"manual_edit\": false}, {\"questionpart_n\": \"c.\", \"question\": \"The teacher that Mele saw built the canoe.\", \"answer\": \"Va\u0304 gi ka\u0304 tuu\u0304ualu va\u0304 fu\u0304gu\u0304u a\u0304 Mele a\u0304 mufu.\", \"matches_human_scoring\": false, \"fuzzy_matching\": false, \"manual_edit\": false}, {\"questionpart_n\": \"d.\", \"question\": \"There have always been plenty of carpenters.\", \"answer\": \"Feu heke fihegu gohue.\", \"matches_human_scoring\": false, \"fuzzy_matching\": false, \"manual_edit\": false}]}]",
    "obfuscated": "True",
    "obf_num": "9",
    "mapping": {
        "a": "u",
        "e": "a\u0304",
        "i": "u\u0304",
        "o": "a",
        "u": "e",
        "a\u0304": "i",
        "u\u0304": "o",
        "t": "g",
        "k": "f",
        "m": "h",
        "n": "v",
        "g": "l",
        "f": "t",
        "h": "k",
        "v": "m",
        "l": "n",
        "mele": "mele",
        "sione": "sione"
    }
}