{
    "json_invalid": false,
    "preamble": "Problem 3. Language X (20 marks)\n  Language X is a  language spoken by nearly 8,000 people around the world. It is the official language of Country X, although most of its speakers live in other countries .",
    "context": "Below are some sentences in Language X with a possible translation into English. Note that a\u0304 and u\u0304 are long vowels, and that g represents the ng sound in \u201csing\u201d.\n\nLanguage X\tEnglish\nHa\u0304e heo lue e ea\u0304.\tI have only eaten.\nHa\u0304e keo kehefolu kuho li fu\u0304 i oe.\tThere have also been pictures that he drew.\nVa\u0304ma\u0304 vue favea\u0304.\tThere are always plenty of birds.\nLi keo keoeute i hu\u0304va\u0304fe.\tThe carpenter had teachers.\nHa\u0304e hofoe i oe e ea\u0304.\tHe has seen me.\nFu heo mi vue he mugumugu i ea\u0304 i ohe.\tThe bird that I will wash will eat the fish.\nLi fufua\u0304 e Sione.\tSione read.\nFu\u0304 favea\u0304 i Mele i kehefolu.\tMele is always drawing the picture.\nLi heo i ohe li fehekete mi feve.\tThe fish that the child caught ate.\nFu mugumugu kuho mi feve i nehe li fu\u0304 mi hu\u0304va\u0304fe.\tThe child will also wash the canoe that the carpenter built.\nFu va\u0304ma\u0304 ohe e Mele.\tMele will have plenty of fish.\nVa\u0304ma\u0304 feve kuho i keoeute he hofoe mi vue.\tThe teacher also has plenty of children that the bird will see.\nKeo nehe e Sione li mugumugu i ea\u0304.\tSione has canoes that I washed.",
    "questions": "[{\"question_n\": \"Q3.1\", \"prompt\": \" Translate the following sentences into English. If there are multiple possible translations, give only one.\", \"subprompts\": [{\"questionpart_n\": \"a.\", \"question\": \"Keo vue lue.\", \"answer\": \"There are only birds.\", \"matches_human_scoring\": false, \"fuzzy_matching\": false, \"manual_edit\": false}, {\"questionpart_n\": \"b.\", \"question\": \"Ha\u0304e mugumugu kuho mi keoeute li fehekete i ea\u0304 e oe.\", \"answer\": \"The teacher that I caught has also washed him.\", \"matches_human_scoring\": false, \"fuzzy_matching\": false, \"manual_edit\": false}, {\"questionpart_n\": \"c.\", \"question\": \"Fu va\u0304ma\u0304 nehe i feve li hofoe mi vue he mugumugu i Sione.\", \"answer\": \"[\\\"The child that the bird saw will have plenty of canoes that Sione will wash.\\\", \\\"The child that the bird that Sione will wash saw will have plenty of canoes.\\\", \\\"The child will have plenty of canoes that the bird that Sione will wash saw.\\\"]\", \"matches_human_scoring\": false, \"fuzzy_matching\": false, \"manual_edit\": false}]}, {\"question_n\": \"Q3.2\", \"prompt\": \"Translate the following sentences into Language X.\", \"subprompts\": [{\"questionpart_n\": \"a.\", \"question\": \"He will also read.\", \"answer\": \"Fu fufua\u0304 kuho e oe.\", \"matches_human_scoring\": false, \"fuzzy_matching\": false, \"manual_edit\": false}, {\"questionpart_n\": \"b.\", \"question\": \"Sione has only had fish that the teacher will eat.\", \"answer\": \"Ha\u0304e keo ohe lue e Sione he heo mi keoeute.\", \"matches_human_scoring\": false, \"fuzzy_matching\": false, \"manual_edit\": false}, {\"questionpart_n\": \"c.\", \"question\": \"The teacher that Mele saw built the canoe.\", \"answer\": \"Li fu\u0304 mi keoeute li hofoe i Mele i nehe.\", \"matches_human_scoring\": false, \"fuzzy_matching\": false, \"manual_edit\": false}, {\"questionpart_n\": \"d.\", \"question\": \"There have always been plenty of carpenters.\", \"answer\": \"Ha\u0304e va\u0304ma\u0304 hu\u0304va\u0304fe favea\u0304.\", \"matches_human_scoring\": false, \"fuzzy_matching\": false, \"manual_edit\": false}]}]",
    "obfuscated": "True",
    "obf_num": "29",
    "mapping": {
        "a": "e",
        "e": "i",
        "i": "o",
        "o": "u",
        "u": "a\u0304",
        "a\u0304": "u\u0304",
        "u\u0304": "a",
        "t": "f",
        "k": "h",
        "m": "v",
        "n": "l",
        "g": "t",
        "f": "k",
        "h": "m",
        "v": "n",
        "l": "g",
        "mele": "mele",
        "sione": "sione"
    }
}