{
    "json_invalid": false,
    "preamble": "Problem 3. Language X (20 marks)\n  Language X is a  language spoken by nearly 8,000 people around the world. It is the official language of Country X, although most of its speakers live in other countries .",
    "context": "Below are some sentences in Language X with a possible translation into English. Note that a\u0304 and u\u0304 are long vowels, and that g represents the ng sound in \u201csing\u201d.\n\nLanguage X\tEnglish\nFou\u0304 fu\u0304e viu\u0304 u\u0304 u\u0304o.\tI have only eaten.\nFou\u0304 tu\u0304e tu\u0304fu\u0304gevi tife va gu a eu\u0304.\tThere have also been pictures that he drew.\nHoko hiu\u0304 ga\u0304hu\u0304o.\tThere are always plenty of birds.\nVa tu\u0304e tu\u0304eu\u0304ilu\u0304 a fuhogu\u0304.\tThe carpenter had teachers.\nFou\u0304 fegeu\u0304 a eu\u0304 u\u0304 u\u0304o.\tHe has seen me.\nGi fu\u0304e ka hiu\u0304 fu\u0304 kinikini a u\u0304o a efu\u0304.\tThe bird that I will wash will eat the fish.\nVa gigio u\u0304 Sione.\tSione read.\nGu ga\u0304hu\u0304o a Mele a tu\u0304fu\u0304gevi.\tMele is always drawing the picture.\nVa fu\u0304e a efu\u0304 va gu\u0304fu\u0304tu\u0304lu\u0304 ka gu\u0304hu\u0304.\tThe fish that the child caught ate.\nGi kinikini tife ka gu\u0304hu\u0304 a mu\u0304fu\u0304 va gu ka fuhogu\u0304.\tThe child will also wash the canoe that the carpenter built.\nGi hoko efu\u0304 u\u0304 Mele.\tMele will have plenty of fish.\nHoko gu\u0304hu\u0304 tife a tu\u0304eu\u0304ilu\u0304 fu\u0304 fegeu\u0304 ka hiu\u0304.\tThe teacher also has plenty of children that the bird will see.\nTu\u0304e mu\u0304fu\u0304 u\u0304 Sione va kinikini a u\u0304o.\tSione has canoes that I washed.",
    "questions": "[{\"question_n\": \"Q3.1\", \"prompt\": \" Translate the following sentences into English. If there are multiple possible translations, give only one.\", \"subprompts\": [{\"questionpart_n\": \"a.\", \"question\": \"Tu\u0304e hiu\u0304 viu\u0304.\", \"answer\": \"There are only birds.\", \"matches_human_scoring\": false, \"fuzzy_matching\": false, \"manual_edit\": false}, {\"questionpart_n\": \"b.\", \"question\": \"Fou\u0304 kinikini tife ka tu\u0304eu\u0304ilu\u0304 va gu\u0304fu\u0304tu\u0304lu\u0304 a u\u0304o u\u0304 eu\u0304.\", \"answer\": \"The teacher that I caught has also washed him.\", \"matches_human_scoring\": false, \"fuzzy_matching\": false, \"manual_edit\": false}, {\"questionpart_n\": \"c.\", \"question\": \"Gi hoko mu\u0304fu\u0304 a gu\u0304hu\u0304 va fegeu\u0304 ka hiu\u0304 fu\u0304 kinikini a Sione.\", \"answer\": \"[\\\"The child that the bird saw will have plenty of canoes that Sione will wash.\\\", \\\"The child that the bird that Sione will wash saw will have plenty of canoes.\\\", \\\"The child will have plenty of canoes that the bird that Sione will wash saw.\\\"]\", \"matches_human_scoring\": false, \"fuzzy_matching\": false, \"manual_edit\": false}]}, {\"question_n\": \"Q3.2\", \"prompt\": \"Translate the following sentences into Language X.\", \"subprompts\": [{\"questionpart_n\": \"a.\", \"question\": \"He will also read.\", \"answer\": \"Gi gigio tife u\u0304 eu\u0304.\", \"matches_human_scoring\": false, \"fuzzy_matching\": false, \"manual_edit\": false}, {\"questionpart_n\": \"b.\", \"question\": \"Sione has only had fish that the teacher will eat.\", \"answer\": \"Fou\u0304 tu\u0304e efu\u0304 viu\u0304 u\u0304 Sione fu\u0304 fu\u0304e ka tu\u0304eu\u0304ilu\u0304.\", \"matches_human_scoring\": false, \"fuzzy_matching\": false, \"manual_edit\": false}, {\"questionpart_n\": \"c.\", \"question\": \"The teacher that Mele saw built the canoe.\", \"answer\": \"Va gu ka tu\u0304eu\u0304ilu\u0304 va fegeu\u0304 a Mele a mu\u0304fu\u0304.\", \"matches_human_scoring\": false, \"fuzzy_matching\": false, \"manual_edit\": false}, {\"questionpart_n\": \"d.\", \"question\": \"There have always been plenty of carpenters.\", \"answer\": \"Fou\u0304 hoko fuhogu\u0304 ga\u0304hu\u0304o.\", \"matches_human_scoring\": false, \"fuzzy_matching\": false, \"manual_edit\": false}]}]",
    "obfuscated": "True",
    "obf_num": "4",
    "mapping": {
        "a": "u\u0304",
        "e": "a",
        "i": "e",
        "o": "i",
        "u": "o",
        "a\u0304": "u",
        "u\u0304": "a\u0304",
        "t": "g",
        "k": "f",
        "m": "h",
        "n": "v",
        "g": "l",
        "f": "t",
        "h": "k",
        "v": "m",
        "l": "n",
        "mele": "mele",
        "sione": "sione"
    }
}