{
    "json_invalid": false,
    "preamble": "Problem 4. Language X (25 marks)\n   When linguists first studied Language X, they believed that the singular and plural forms of Language X nouns were completely unpredictable. More recently, however, studying the way that verbs conjugate in Language X allowed linguists to find patterns in the singular and plural forms of nouns. This has allowed many nouns to be grouped according to declension patterns, although many remain unexplained.\n",
    "context": "Below are 22 Language X nouns, in both singular and plural forms, each of which follow a one of the common patterns. The translations have been provided only for interest: they have no bearing on the solution to the problem.\n\nNote: t\u032a, d\u032a, \u0272, \u025f and \u014b are consonants; \u025b is the vowel in bed, and \u0254 is the vowel in not. Language X has three vowel lengths: a short, aa medium, and aaa long; as well as three tones, a\u0301 high, a\u0300 low, and a\u0302 falling.\n\nSingular\tPlural\tTranslation\nna\u0300w\tna\u0302aw\tanimal\nd\u032aa\u0301aa\u0272\td\u032a\u0254\u0300\u0254\u0272\tankle bell\nma\u0302aa\u0272\tm\u025b\u0300\u025b\u0272\tbean\nru\u0300g\trw\u0254\u0302\u0254g\tbird\na\u0302bj\u025b\u0302\u025b\u025bm\ta\u0302be\u0300em\tblacksmith\nla\u0302am\tl\u0254\u0301\u0254m\tbow, gun\nd\u032a\u025b\u0300n\td\u032aa\u0302an\tcowdung fire\ngj\u025b\u0300\u025bm\tge\u0300m\tegg\nta\u0302ap\tt\u0254\u0301\u0254p\tfire\n\u0272i\u0300d\t\u0272je\u0302ed\tforest\na\u0302rw\u0254\u0300\u0254n\ta\u0302ru\u0300n\tgazelle\n\u014be\u0301eet\u032a\t\u014be\u0300et\u032a\thide\n\u0272e\u0302et\u032a\t\u0272e\u0301et\u032a\tkidney\nk\u025b\u0302\u025bt\u032a\tk\u025b\u0301\u025bt\u032a\tlouse\na\u0302d\u032aa\u0301aak\ta\u0302d\u032a\u0254\u0300\u0254k\tmonitor lizard\na\u0302d\u032a\u025b\u0301\u025b\u025bt\u032a\ta\u0302d\u032a\u025b\u0300\u025bt\u032a\tmonkey\nlo\u0300n\tl\u0254\u0302\u0254n\tpath\nja\u0300an\tja\u0300n\tplant\nko\u0301oon\tko\u0300on\tpython\nro\u0302om\tro\u0301om\train\na\u0302ta\u0302aan\ta\u0302t\u0254\u0300\u0254n\tsheep\na\u0302gje\u0302ee\u0272\ta\u0302gi\u0300i\u0272\tslime\n\nBelow are some forms of 4 regular Language X verbs.\n\nRoot\t1st person\t3rd person\tTranslation\nc\u025b\u0302m\tca\u0302am\tc\u025b\u0302\u025bm\tto have\nt\u032ai\u0302p\tt\u032aje\u0302ep\tt\u032ai\u0302ip\tto not know\nta\u0302ag\tta\u0302aag\tt\u0254\u0302\u0254\u0254g\tto smoke\nn\u025b\u0302\u025bt\u032a\tna\u0302aat\u032a\tn\u025b\u0302\u025b\u025bt\u032a\tto wash\n\nSome singular or plural forms of Language X nouns are given below. Only two of them follow one of the common patterns demonstrated above.\n\nSingular\tPlural\tTranslation\na\u0302r\u0254\u0302\u0254c\t-\tbeautiful one\ntu\u0302uug\t-\tfirefly\njo\u0302oog\t-\tmetal\n-\tge\u0301ek\tpot\n-\tba\u0301at\u032a\tevil spirit\n-\tgi\u0301im\thorn\n\nBelow are some more forms of Language X verbs.\n\nRoot\t1st person\t3rd person\tTranslation\n__(a)__\tnj\u025b\u0302\u025b\u025bw\t__(b)__\tto be different\n__(c)__\t__(d)__\tp\u0254\u0302\u0254t\tto eat\n__(e)__\td\u0254\u0302\u0254\u0254p\t__(f)__\tto loot\nju\u0302p\t__(g)__\tju\u0302up\tto need\n__(h)__\t__(i)__\t\u014be\u0302et\u032a\tto throw at\n\nBelow are the singular or plural forms of 10 more Language X nouns.\n\nSingular\tPlural\tTranslation\n\u0272a\u0302aac\t__(j)__\tperson\n__(k)__\tju\u0300un\tbristle\n\u0272\u0254\u0302\u0254\u0254p\t__(l)__\tfish\n__(m)__\tt\u032aa\u0302an\thole in ground\n__(n)__\t\u0272u\u0300t\tblood\nt\u032ae\u0300t\u032a\t__(o)__\thole in tree\n__(p)__\tno\u0300ot\u032a\tpestle\n\u0272e\u0300n\t__(q)__\tvoice\nwu\u0302u\u025f\t__(r)__\twell\na\u0302ka\u0301aa\u0272\t__(s)__\tbuffalo",
    "questions": "[{\"question_n\": \"Q 4.1\", \"prompt\": \"Which two of the six forms a\u0302r\u0254\u0302\u0254c, tu\u0302uug, jo\u0302oog, ge\u0301ek, ba\u0301at\u032a, gi\u0301im follow one of the common patterns above? Give the two words separated by a comma.\", \"subprompts\": [{\"questionpart_n\": \"1.\", \"question\": \"\", \"answer\": \"[\\\"ge\u0301ek, gi\u0301im\\\", \\\"gi\u0301im, ge\u0301ek\\\"]\", \"matches_human_scoring\": false, \"fuzzy_matching\": false, \"manual_edit\": false}]}, {\"question_n\": \"Q 4.2\", \"prompt\": \"Assuming that all of the verbs above conform to the same pattern, fill in the correct forms (a) - (i).\", \"subprompts\": [{\"questionpart_n\": \"(a)\", \"question\": \"__(a)__\", \"answer\": \"ne\u0302ew\", \"matches_human_scoring\": false, \"fuzzy_matching\": false, \"manual_edit\": false}, {\"questionpart_n\": \"(b)\", \"question\": \"__(b)__\", \"answer\": \"ne\u0302eew\", \"matches_human_scoring\": false, \"fuzzy_matching\": false, \"manual_edit\": false}, {\"questionpart_n\": \"(c)\", \"question\": \"__(c)__\", \"answer\": \"pa\u0302t\", \"matches_human_scoring\": false, \"fuzzy_matching\": false, \"manual_edit\": false}, {\"questionpart_n\": \"(d)\", \"question\": \"__(d)__\", \"answer\": \"pa\u0302at\", \"matches_human_scoring\": false, \"fuzzy_matching\": false, \"manual_edit\": false}, {\"questionpart_n\": \"(e)\", \"question\": \"__(e)__\", \"answer\": \"do\u0302op\", \"matches_human_scoring\": false, \"fuzzy_matching\": false, \"manual_edit\": false}, {\"questionpart_n\": \"(f)\", \"question\": \"__(f)__\", \"answer\": \"do\u0302oop\", \"matches_human_scoring\": false, \"fuzzy_matching\": false, \"manual_edit\": false}, {\"questionpart_n\": \"(g)\", \"question\": \"__(g)__\", \"answer\": \"jw\u0254\u0302\u0254p\", \"matches_human_scoring\": false, \"fuzzy_matching\": false, \"manual_edit\": false}, {\"questionpart_n\": \"(h)\", \"question\": \"__(h)__\", \"answer\": \"\u014be\u0302t\u032a\", \"matches_human_scoring\": false, \"fuzzy_matching\": false, \"manual_edit\": false}, {\"questionpart_n\": \"(i)\", \"question\": \"__(i)__\", \"answer\": \"\u014bj\u025b\u0302\u025bt\u032a\", \"matches_human_scoring\": false, \"fuzzy_matching\": false, \"manual_edit\": false}]}, {\"question_n\": \"Q 4.3\", \"prompt\": \"By using the common patterns demonstrated before, predict the missing forms (j) - (s). If there is more than one possible prediction, give them all, separated by commas.\", \"subprompts\": [{\"questionpart_n\": \"(j)\", \"question\": \"__(j)__\", \"answer\": \"[\\\"\u0272\u0254\u0300\u0254c, \u0272\u025b\u0300\u025bc\\\", \\\"\u0272\u025b\u0300\u025bc, \u0272\u0254\u0300\u0254c\\\"]\", \"matches_human_scoring\": false, \"fuzzy_matching\": false, \"manual_edit\": false}, {\"questionpart_n\": \"(k)\", \"question\": \"__(k)__\", \"answer\": \"[\\\"jw\u0254\u0302\u0254\u0254n, ju\u0301uun\\\", \\\"ju\u0301uun, jw\u0254\u0302\u0254\u0254n\\\"]\", \"matches_human_scoring\": false, \"fuzzy_matching\": false, \"manual_edit\": false}, {\"questionpart_n\": \"(l)\", \"question\": \"__(l)__\", \"answer\": \"\u0272o\u0300op\", \"matches_human_scoring\": false, \"fuzzy_matching\": false, \"manual_edit\": false}, {\"questionpart_n\": \"(m)\", \"question\": \"__(m)__\", \"answer\": \"[\\\"t\u032aa\u0300n, t\u032a\u025b\u0300n\\\", \\\"t\u032a\u025b\u0300n, t\u032aa\u0300n\\\"]\", \"matches_human_scoring\": false, \"fuzzy_matching\": false, \"manual_edit\": false}, {\"questionpart_n\": \"(n)\", \"question\": \"__(n)__\", \"answer\": \"\u0272w\u0254\u0300\u0254t\", \"matches_human_scoring\": false, \"fuzzy_matching\": false, \"manual_edit\": false}, {\"questionpart_n\": \"(o)\", \"question\": \"__(o)__\", \"answer\": \"t\u032aj\u025b\u0302\u025bt\u032a\", \"matches_human_scoring\": false, \"fuzzy_matching\": false, \"manual_edit\": false}, {\"questionpart_n\": \"(p)\", \"question\": \"__(p)__\", \"answer\": \"[\\\"n\u0254\u0302\u0254\u0254t\u032a, no\u0301oot\u032a\\\", \\\"no\u0301oot\u032a, n\u0254\u0302\u0254\u0254t\u032a\\\"]\", \"matches_human_scoring\": false, \"fuzzy_matching\": false, \"manual_edit\": false}, {\"questionpart_n\": \"(q)\", \"question\": \"__(q)__\", \"answer\": \"\u0272j\u025b\u0302\u025bn\", \"matches_human_scoring\": false, \"fuzzy_matching\": false, \"manual_edit\": false}, {\"questionpart_n\": \"(r)\", \"question\": \"__(r)__\", \"answer\": \"wu\u0301u\u025f\", \"matches_human_scoring\": false, \"fuzzy_matching\": false, \"manual_edit\": false}, {\"questionpart_n\": \"(s)\", \"question\": \"__(s)__\", \"answer\": \"a\u0302k\u0254\u0300\u0254\u0272\", \"matches_human_scoring\": false, \"fuzzy_matching\": false, \"manual_edit\": false}]}]",
    "obfuscated": "True",
    "obf_num": "2",
    "mapping": {
        "i": "u",
        "u": "i",
        "e": "o",
        "o": "e",
        "\u025b": "\u0254",
        "\u0254": "\u025b",
        "j": "w",
        "w": "j",
        "b": "\u014b",
        "d\u032a": "l",
        "d": "r",
        "\u025f": "b",
        "g": "d\u032a",
        "p": "d",
        "t\u032a": "\u025f",
        "t": "g",
        "c": "p",
        "k": "t\u032a",
        "m": "t",
        "n": "c",
        "\u0272": "k",
        "\u014b": "m",
        "l": "n",
        "r": "\u0272",
        "\u0300": "\u0302",
        "\u0301": "\u0300",
        "\u0302": "\u0301",
        "a": "a"
    }
}