{
    "json_invalid": false,
    "preamble": "Problem 4. Language X (25 marks)\n   When linguists first studied Language X, they believed that the singular and plural forms of Language X nouns were completely unpredictable. More recently, however, studying the way that verbs conjugate in Language X allowed linguists to find patterns in the singular and plural forms of nouns. This has allowed many nouns to be grouped according to declension patterns, although many remain unexplained.\n",
    "context": "Below are 22 Language X nouns, in both singular and plural forms, each of which follow a one of the common patterns. The translations have been provided only for interest: they have no bearing on the solution to the problem.\n\nNote: t\u032a, d\u032a, \u0272, \u025f and \u014b are consonants; \u025b is the vowel in bed, and \u0254 is the vowel in not. Language X has three vowel lengths: a short, aa medium, and aaa long; as well as three tones, a\u0301 high, a\u0300 low, and a\u0302 falling.\n\nSingular\tPlural\tTranslation\nga\u0300w\tga\u0302aw\tanimal\nma\u0301aap\tm\u0254\u0300\u0254p\tankle bell\n\u025fa\u0302aap\t\u025f\u025b\u0300\u025bp\tbean\ncu\u0300\u014b\tcw\u0254\u0302\u0254\u014b\tbird\na\u0302kj\u025b\u0302\u025b\u025b\u025f\ta\u0302ke\u0300e\u025f\tblacksmith\nta\u0302a\u025f\tt\u0254\u0301\u0254\u025f\tbow, gun\nm\u025b\u0300g\tma\u0302ag\tcowdung fire\n\u014bj\u025b\u0300\u025b\u025f\t\u014be\u0300\u025f\tegg\nba\u0302al\tb\u0254\u0301\u0254l\tfire\npi\u0300n\tpje\u0302en\tforest\na\u0302cw\u0254\u0300\u0254g\ta\u0302cu\u0300g\tgazelle\nt\u032ae\u0301eer\tt\u032ae\u0300er\thide\npe\u0302er\tpe\u0301er\tkidney\nd\u025b\u0302\u025br\td\u025b\u0301\u025br\tlouse\na\u0302ma\u0301aad\ta\u0302m\u0254\u0300\u0254d\tmonitor lizard\na\u0302m\u025b\u0301\u025b\u025br\ta\u0302m\u025b\u0300\u025br\tmonkey\nto\u0300g\tt\u0254\u0302\u0254g\tpath\nja\u0300ag\tja\u0300g\tplant\ndo\u0301oog\tdo\u0300og\tpython\nco\u0302o\u025f\tco\u0301o\u025f\train\na\u0302ba\u0302aag\ta\u0302b\u0254\u0300\u0254g\tsheep\na\u0302\u014bje\u0302eep\ta\u0302\u014bi\u0300ip\tslime\n\nBelow are some forms of 4 regular Language X verbs.\n\nRoot\t1st person\t3rd person\tTranslation\nd\u032a\u025b\u0302\u025f\td\u032aa\u0302a\u025f\td\u032a\u025b\u0302\u025b\u025f\tto have\nri\u0302l\trje\u0302el\tri\u0302il\tto not know\nba\u0302a\u014b\tba\u0302aa\u014b\tb\u0254\u0302\u0254\u0254\u014b\tto smoke\ng\u025b\u0302\u025br\tga\u0302aar\tg\u025b\u0302\u025b\u025br\tto wash\n\nSome singular or plural forms of Language X nouns are given below. Only two of them follow one of the common patterns demonstrated above.\n\nSingular\tPlural\tTranslation\na\u0302c\u0254\u0302\u0254d\u032a\t-\tbeautiful one\nbu\u0302uu\u014b\t-\tfirefly\njo\u0302oo\u014b\t-\tmetal\n-\t\u014be\u0301ed\tpot\n-\tka\u0301ar\tevil spirit\n-\t\u014bi\u0301i\u025f\thorn\n\nBelow are some more forms of Language X verbs.\n\nRoot\t1st person\t3rd person\tTranslation\n__(a)__\tgj\u025b\u0302\u025b\u025bw\t__(b)__\tto be different\n__(c)__\t__(d)__\tl\u0254\u0302\u0254b\tto eat\n__(e)__\tn\u0254\u0302\u0254\u0254l\t__(f)__\tto loot\nju\u0302l\t__(g)__\tju\u0302ul\tto need\n__(h)__\t__(i)__\tt\u032ae\u0302er\tto throw at\n\nBelow are the singular or plural forms of 10 more Language X nouns.\n\nSingular\tPlural\tTranslation\npa\u0302aad\u032a\t__(j)__\tperson\n__(k)__\tju\u0300ug\tbristle\np\u0254\u0302\u0254\u0254l\t__(l)__\tfish\n__(m)__\tra\u0302ag\thole in ground\n__(n)__\tpu\u0300b\tblood\nre\u0300r\t__(o)__\thole in tree\n__(p)__\tgo\u0300or\tpestle\npe\u0300g\t__(q)__\tvoice\nwu\u0302u\u0272\t__(r)__\twell\na\u0302da\u0301aap\t__(s)__\tbuffalo",
    "questions": "[{\"question_n\": \"Q 4.1\", \"prompt\": \"Which two of the six forms a\u0302c\u0254\u0302\u0254d\u032a, bu\u0302uu\u014b, jo\u0302oo\u014b, \u014be\u0301ed, ka\u0301ar, \u014bi\u0301i\u025f follow one of the common patterns above? Give the two words separated by a comma.\", \"subprompts\": [{\"questionpart_n\": \"1.\", \"question\": \"\", \"answer\": \"[\\\"\u014be\u0301ed, \u014bi\u0301i\u025f\\\", \\\"\u014bi\u0301i\u025f, \u014be\u0301ed\\\"]\", \"matches_human_scoring\": false, \"fuzzy_matching\": false, \"manual_edit\": false}]}, {\"question_n\": \"Q 4.2\", \"prompt\": \"Assuming that all of the verbs above conform to the same pattern, fill in the correct forms (a) - (i).\", \"subprompts\": [{\"questionpart_n\": \"(a)\", \"question\": \"__(a)__\", \"answer\": \"ge\u0302ew\", \"matches_human_scoring\": false, \"fuzzy_matching\": false, \"manual_edit\": false}, {\"questionpart_n\": \"(b)\", \"question\": \"__(b)__\", \"answer\": \"ge\u0302eew\", \"matches_human_scoring\": false, \"fuzzy_matching\": false, \"manual_edit\": false}, {\"questionpart_n\": \"(c)\", \"question\": \"__(c)__\", \"answer\": \"la\u0302b\", \"matches_human_scoring\": false, \"fuzzy_matching\": false, \"manual_edit\": false}, {\"questionpart_n\": \"(d)\", \"question\": \"__(d)__\", \"answer\": \"la\u0302ab\", \"matches_human_scoring\": false, \"fuzzy_matching\": false, \"manual_edit\": false}, {\"questionpart_n\": \"(e)\", \"question\": \"__(e)__\", \"answer\": \"no\u0302ol\", \"matches_human_scoring\": false, \"fuzzy_matching\": false, \"manual_edit\": false}, {\"questionpart_n\": \"(f)\", \"question\": \"__(f)__\", \"answer\": \"no\u0302ool\", \"matches_human_scoring\": false, \"fuzzy_matching\": false, \"manual_edit\": false}, {\"questionpart_n\": \"(g)\", \"question\": \"__(g)__\", \"answer\": \"jw\u0254\u0302\u0254l\", \"matches_human_scoring\": false, \"fuzzy_matching\": false, \"manual_edit\": false}, {\"questionpart_n\": \"(h)\", \"question\": \"__(h)__\", \"answer\": \"t\u032ae\u0302r\", \"matches_human_scoring\": false, \"fuzzy_matching\": false, \"manual_edit\": false}, {\"questionpart_n\": \"(i)\", \"question\": \"__(i)__\", \"answer\": \"t\u032aj\u025b\u0302\u025br\", \"matches_human_scoring\": false, \"fuzzy_matching\": false, \"manual_edit\": false}]}, {\"question_n\": \"Q 4.3\", \"prompt\": \"By using the common patterns demonstrated before, predict the missing forms (j) - (s). If there is more than one possible prediction, give them all, separated by commas.\", \"subprompts\": [{\"questionpart_n\": \"(j)\", \"question\": \"__(j)__\", \"answer\": \"[\\\"p\u0254\u0300\u0254d\u032a, p\u025b\u0300\u025bd\u032a\\\", \\\"p\u025b\u0300\u025bd\u032a, p\u0254\u0300\u0254d\u032a\\\"]\", \"matches_human_scoring\": false, \"fuzzy_matching\": false, \"manual_edit\": false}, {\"questionpart_n\": \"(k)\", \"question\": \"__(k)__\", \"answer\": \"[\\\"jw\u0254\u0302\u0254\u0254g, ju\u0301uug\\\", \\\"ju\u0301uug, jw\u0254\u0302\u0254\u0254g\\\"]\", \"matches_human_scoring\": false, \"fuzzy_matching\": false, \"manual_edit\": false}, {\"questionpart_n\": \"(l)\", \"question\": \"__(l)__\", \"answer\": \"po\u0300ol\", \"matches_human_scoring\": false, \"fuzzy_matching\": false, \"manual_edit\": false}, {\"questionpart_n\": \"(m)\", \"question\": \"__(m)__\", \"answer\": \"[\\\"ra\u0300g, r\u025b\u0300g\\\", \\\"r\u025b\u0300g, ra\u0300g\\\"]\", \"matches_human_scoring\": false, \"fuzzy_matching\": false, \"manual_edit\": false}, {\"questionpart_n\": \"(n)\", \"question\": \"__(n)__\", \"answer\": \"pw\u0254\u0300\u0254b\", \"matches_human_scoring\": false, \"fuzzy_matching\": false, \"manual_edit\": false}, {\"questionpart_n\": \"(o)\", \"question\": \"__(o)__\", \"answer\": \"rj\u025b\u0302\u025br\", \"matches_human_scoring\": false, \"fuzzy_matching\": false, \"manual_edit\": false}, {\"questionpart_n\": \"(p)\", \"question\": \"__(p)__\", \"answer\": \"[\\\"g\u0254\u0302\u0254\u0254r, go\u0301oor\\\", \\\"go\u0301oor, g\u0254\u0302\u0254\u0254r\\\"]\", \"matches_human_scoring\": false, \"fuzzy_matching\": false, \"manual_edit\": false}, {\"questionpart_n\": \"(q)\", \"question\": \"__(q)__\", \"answer\": \"pj\u025b\u0302\u025bg\", \"matches_human_scoring\": false, \"fuzzy_matching\": false, \"manual_edit\": false}, {\"questionpart_n\": \"(r)\", \"question\": \"__(r)__\", \"answer\": \"wu\u0301u\u0272\", \"matches_human_scoring\": false, \"fuzzy_matching\": false, \"manual_edit\": false}, {\"questionpart_n\": \"(s)\", \"question\": \"__(s)__\", \"answer\": \"a\u0302d\u0254\u0300\u0254p\", \"matches_human_scoring\": false, \"fuzzy_matching\": false, \"manual_edit\": false}]}]",
    "obfuscated": "True",
    "obf_num": "15",
    "mapping": {
        "i": "u",
        "u": "i",
        "e": "o",
        "o": "e",
        "\u025b": "\u0254",
        "\u0254": "\u025b",
        "j": "w",
        "w": "j",
        "b": "t\u032a",
        "d\u032a": "t",
        "d": "c",
        "\u025f": "k",
        "g": "m",
        "p": "n",
        "t\u032a": "\u0272",
        "t": "\u014b",
        "c": "l",
        "k": "r",
        "m": "b",
        "n": "d\u032a",
        "\u0272": "d",
        "\u014b": "\u025f",
        "l": "g",
        "r": "p",
        "\u0300": "\u0302",
        "\u0301": "\u0300",
        "\u0302": "\u0301",
        "a": "a"
    }
}