{
    "json_invalid": false,
    "preamble": "Problem 4. Language X (25 marks)\n   When linguists first studied Language X, they believed that the singular and plural forms of Language X nouns were completely unpredictable. More recently, however, studying the way that verbs conjugate in Language X allowed linguists to find patterns in the singular and plural forms of nouns. This has allowed many nouns to be grouped according to declension patterns, although many remain unexplained.\n",
    "context": "Below are 22 Language X nouns, in both singular and plural forms, each of which follow a one of the common patterns. The translations have been provided only for interest: they have no bearing on the solution to the problem.\n\nNote: t\u032a, d\u032a, \u0272, \u025f and \u014b are consonants; \u025b is the vowel in bed, and \u0254 is the vowel in not. Language X has three vowel lengths: a short, aa medium, and aaa long; as well as three tones, a\u0301 high, a\u0300 low, and a\u0302 falling.\n\nSingular\tPlural\tTranslation\n\u0272a\u0302w\t\u0272a\u0301aw\tanimal\nda\u0300aa\u014b\td\u0254\u0302\u0254\u014b\tankle bell\nna\u0301aa\u014b\tn\u025b\u0302\u025b\u014b\tbean\nbu\u0302p\tbw\u0254\u0301\u0254p\tbird\na\u0301d\u032aj\u025b\u0301\u025b\u025bn\ta\u0301d\u032ae\u0302en\tblacksmith\nra\u0301an\tr\u0254\u0300\u0254n\tbow, gun\nd\u025b\u0302\u0272\tda\u0301a\u0272\tcowdung fire\npj\u025b\u0302\u025bn\tpe\u0302n\tegg\nca\u0301at\u032a\tc\u0254\u0300\u0254t\u032a\tfire\n\u014bi\u0302\u025f\t\u014bje\u0301e\u025f\tforest\na\u0301bw\u0254\u0302\u0254\u0272\ta\u0301bu\u0302\u0272\tgazelle\nle\u0300eet\tle\u0302et\thide\n\u014be\u0301et\t\u014be\u0300et\tkidney\nm\u025b\u0301\u025bt\tm\u025b\u0300\u025bt\tlouse\na\u0301da\u0300aam\ta\u0301d\u0254\u0302\u0254m\tmonitor lizard\na\u0301d\u025b\u0300\u025b\u025bt\ta\u0301d\u025b\u0302\u025bt\tmonkey\nro\u0302\u0272\tr\u0254\u0301\u0254\u0272\tpath\nja\u0302a\u0272\tja\u0302\u0272\tplant\nmo\u0300oo\u0272\tmo\u0302o\u0272\tpython\nbo\u0301on\tbo\u0300on\train\na\u0301ca\u0301aa\u0272\ta\u0301c\u0254\u0302\u0254\u0272\tsheep\na\u0301pje\u0301ee\u014b\ta\u0301pi\u0302i\u014b\tslime\n\nBelow are some forms of 4 regular Language X verbs.\n\nRoot\t1st person\t3rd person\tTranslation\nk\u025b\u0301n\tka\u0301an\tk\u025b\u0301\u025bn\tto have\nti\u0301t\u032a\ttje\u0301et\u032a\tti\u0301it\u032a\tto not know\nca\u0301ap\tca\u0301aap\tc\u0254\u0301\u0254\u0254p\tto smoke\n\u0272\u025b\u0301\u025bt\t\u0272a\u0301aat\t\u0272\u025b\u0301\u025b\u025bt\tto wash\n\nSome singular or plural forms of Language X nouns are given below. Only two of them follow one of the common patterns demonstrated above.\n\nSingular\tPlural\tTranslation\na\u0301b\u0254\u0301\u0254k\t-\tbeautiful one\ncu\u0301uup\t-\tfirefly\njo\u0301oop\t-\tmetal\n-\tpe\u0300em\tpot\n-\td\u032aa\u0300at\tevil spirit\n-\tpi\u0300in\thorn\n\nBelow are some more forms of Language X verbs.\n\nRoot\t1st person\t3rd person\tTranslation\n__(a)__\t\u0272j\u025b\u0301\u025b\u025bw\t__(b)__\tto be different\n__(c)__\t__(d)__\tt\u032a\u0254\u0301\u0254c\tto eat\n__(e)__\t\u025f\u0254\u0301\u0254\u0254t\u032a\t__(f)__\tto loot\nju\u0301t\u032a\t__(g)__\tju\u0301ut\u032a\tto need\n__(h)__\t__(i)__\tle\u0301et\tto throw at\n\nBelow are the singular or plural forms of 10 more Language X nouns.\n\nSingular\tPlural\tTranslation\n\u014ba\u0301aak\t__(j)__\tperson\n__(k)__\tju\u0302u\u0272\tbristle\n\u014b\u0254\u0301\u0254\u0254t\u032a\t__(l)__\tfish\n__(m)__\tta\u0301a\u0272\thole in ground\n__(n)__\t\u014bu\u0302c\tblood\nte\u0302t\t__(o)__\thole in tree\n__(p)__\t\u0272o\u0302ot\tpestle\n\u014be\u0302\u0272\t__(q)__\tvoice\nwu\u0301ug\t__(r)__\twell\na\u0301ma\u0300aa\u014b\t__(s)__\tbuffalo",
    "questions": "[{\"question_n\": \"Q 4.1\", \"prompt\": \"Which two of the six forms a\u0301b\u0254\u0301\u0254k, cu\u0301uup, jo\u0301oop, pe\u0300em, d\u032aa\u0300at, pi\u0300in follow one of the common patterns above? Give the two words separated by a comma.\", \"subprompts\": [{\"questionpart_n\": \"1.\", \"question\": \"\", \"answer\": \"[\\\"pe\u0300em, pi\u0300in\\\", \\\"pi\u0300in, pe\u0300em\\\"]\", \"matches_human_scoring\": false, \"fuzzy_matching\": false, \"manual_edit\": false}]}, {\"question_n\": \"Q 4.2\", \"prompt\": \"Assuming that all of the verbs above conform to the same pattern, fill in the correct forms (a) - (i).\", \"subprompts\": [{\"questionpart_n\": \"(a)\", \"question\": \"__(a)__\", \"answer\": \"\u0272e\u0301ew\", \"matches_human_scoring\": false, \"fuzzy_matching\": false, \"manual_edit\": false}, {\"questionpart_n\": \"(b)\", \"question\": \"__(b)__\", \"answer\": \"\u0272e\u0301eew\", \"matches_human_scoring\": false, \"fuzzy_matching\": false, \"manual_edit\": false}, {\"questionpart_n\": \"(c)\", \"question\": \"__(c)__\", \"answer\": \"t\u032aa\u0301c\", \"matches_human_scoring\": false, \"fuzzy_matching\": false, \"manual_edit\": false}, {\"questionpart_n\": \"(d)\", \"question\": \"__(d)__\", \"answer\": \"t\u032aa\u0301ac\", \"matches_human_scoring\": false, \"fuzzy_matching\": false, \"manual_edit\": false}, {\"questionpart_n\": \"(e)\", \"question\": \"__(e)__\", \"answer\": \"\u025fo\u0301ot\u032a\", \"matches_human_scoring\": false, \"fuzzy_matching\": false, \"manual_edit\": false}, {\"questionpart_n\": \"(f)\", \"question\": \"__(f)__\", \"answer\": \"\u025fo\u0301oot\u032a\", \"matches_human_scoring\": false, \"fuzzy_matching\": false, \"manual_edit\": false}, {\"questionpart_n\": \"(g)\", \"question\": \"__(g)__\", \"answer\": \"jw\u0254\u0301\u0254t\u032a\", \"matches_human_scoring\": false, \"fuzzy_matching\": false, \"manual_edit\": false}, {\"questionpart_n\": \"(h)\", \"question\": \"__(h)__\", \"answer\": \"le\u0301t\", \"matches_human_scoring\": false, \"fuzzy_matching\": false, \"manual_edit\": false}, {\"questionpart_n\": \"(i)\", \"question\": \"__(i)__\", \"answer\": \"lj\u025b\u0301\u025bt\", \"matches_human_scoring\": false, \"fuzzy_matching\": false, \"manual_edit\": false}]}, {\"question_n\": \"Q 4.3\", \"prompt\": \"By using the common patterns demonstrated before, predict the missing forms (j) - (s). If there is more than one possible prediction, give them all, separated by commas.\", \"subprompts\": [{\"questionpart_n\": \"(j)\", \"question\": \"__(j)__\", \"answer\": \"[\\\"\u014b\u0254\u0302\u0254k, \u014b\u025b\u0302\u025bk\\\", \\\"\u014b\u025b\u0302\u025bk, \u014b\u0254\u0302\u0254k\\\"]\", \"matches_human_scoring\": false, \"fuzzy_matching\": false, \"manual_edit\": false}, {\"questionpart_n\": \"(k)\", \"question\": \"__(k)__\", \"answer\": \"[\\\"jw\u0254\u0301\u0254\u0254\u0272, ju\u0300uu\u0272\\\", \\\"ju\u0300uu\u0272, jw\u0254\u0301\u0254\u0254\u0272\\\"]\", \"matches_human_scoring\": false, \"fuzzy_matching\": false, \"manual_edit\": false}, {\"questionpart_n\": \"(l)\", \"question\": \"__(l)__\", \"answer\": \"\u014bo\u0302ot\u032a\", \"matches_human_scoring\": false, \"fuzzy_matching\": false, \"manual_edit\": false}, {\"questionpart_n\": \"(m)\", \"question\": \"__(m)__\", \"answer\": \"[\\\"ta\u0302\u0272, t\u025b\u0302\u0272\\\", \\\"t\u025b\u0302\u0272, ta\u0302\u0272\\\"]\", \"matches_human_scoring\": false, \"fuzzy_matching\": false, \"manual_edit\": false}, {\"questionpart_n\": \"(n)\", \"question\": \"__(n)__\", \"answer\": \"\u014bw\u0254\u0302\u0254c\", \"matches_human_scoring\": false, \"fuzzy_matching\": false, \"manual_edit\": false}, {\"questionpart_n\": \"(o)\", \"question\": \"__(o)__\", \"answer\": \"tj\u025b\u0301\u025bt\", \"matches_human_scoring\": false, \"fuzzy_matching\": false, \"manual_edit\": false}, {\"questionpart_n\": \"(p)\", \"question\": \"__(p)__\", \"answer\": \"[\\\"\u0272\u0254\u0301\u0254\u0254t, \u0272o\u0300oot\\\", \\\"\u0272o\u0300oot, \u0272\u0254\u0301\u0254\u0254t\\\"]\", \"matches_human_scoring\": false, \"fuzzy_matching\": false, \"manual_edit\": false}, {\"questionpart_n\": \"(q)\", \"question\": \"__(q)__\", \"answer\": \"\u014bj\u025b\u0301\u025b\u0272\", \"matches_human_scoring\": false, \"fuzzy_matching\": false, \"manual_edit\": false}, {\"questionpart_n\": \"(r)\", \"question\": \"__(r)__\", \"answer\": \"wu\u0300ug\", \"matches_human_scoring\": false, \"fuzzy_matching\": false, \"manual_edit\": false}, {\"questionpart_n\": \"(s)\", \"question\": \"__(s)__\", \"answer\": \"a\u0301m\u0254\u0302\u0254\u014b\", \"matches_human_scoring\": false, \"fuzzy_matching\": false, \"manual_edit\": false}]}]",
    "obfuscated": "True",
    "obf_num": "23",
    "mapping": {
        "i": "u",
        "u": "i",
        "e": "o",
        "o": "e",
        "\u025b": "\u0254",
        "\u0254": "\u025b",
        "j": "w",
        "w": "j",
        "b": "l",
        "d\u032a": "r",
        "d": "b",
        "\u025f": "d\u032a",
        "g": "d",
        "p": "\u025f",
        "t\u032a": "g",
        "t": "p",
        "c": "t\u032a",
        "k": "t",
        "m": "c",
        "n": "k",
        "\u0272": "m",
        "\u014b": "n",
        "l": "\u0272",
        "r": "\u014b",
        "\u0300": "\u0301",
        "\u0301": "\u0302",
        "\u0302": "\u0300",
        "a": "a"
    }
}