{
    "json_invalid": false,
    "preamble": "Problem 4. Language X (25 marks)\n   When linguists first studied Language X, they believed that the singular and plural forms of Language X nouns were completely unpredictable. More recently, however, studying the way that verbs conjugate in Language X allowed linguists to find patterns in the singular and plural forms of nouns. This has allowed many nouns to be grouped according to declension patterns, although many remain unexplained.\n",
    "context": "Below are 22 Language X nouns, in both singular and plural forms, each of which follow a one of the common patterns. The translations have been provided only for interest: they have no bearing on the solution to the problem.\n\nNote: t\u032a, d\u032a, \u0272, \u025f and \u014b are consonants; \u025b is the vowel in bed, and \u0254 is the vowel in not. Language X has three vowel lengths: a short, aa medium, and aaa long; as well as three tones, a\u0301 high, a\u0300 low, and a\u0302 falling.\n\nSingular\tPlural\tTranslation\nra\u0300w\tra\u0302aw\tanimal\npa\u0301aab\tp\u0254\u0300\u0254b\tankle bell\nla\u0302aab\tl\u025b\u0300\u025bb\tbean\n\u025fu\u0300c\t\u025fw\u0254\u0302\u0254c\tbird\na\u0302gj\u025b\u0302\u025b\u025bl\ta\u0302ge\u0300el\tblacksmith\nda\u0302al\td\u0254\u0301\u0254l\tbow, gun\np\u025b\u0300r\tpa\u0302ar\tcowdung fire\ncj\u025b\u0300\u025bl\tce\u0300l\tegg\nna\u0302ak\tn\u0254\u0301\u0254k\tfire\nbi\u0300t\u032a\tbje\u0302et\u032a\tforest\na\u0302\u025fw\u0254\u0300\u0254r\ta\u0302\u025fu\u0300r\tgazelle\nd\u032ae\u0301eem\td\u032ae\u0300em\thide\nbe\u0302em\tbe\u0301em\tkidney\n\u014b\u025b\u0302\u025bm\t\u014b\u025b\u0301\u025bm\tlouse\na\u0302pa\u0301aa\u014b\ta\u0302p\u0254\u0300\u0254\u014b\tmonitor lizard\na\u0302p\u025b\u0301\u025b\u025bm\ta\u0302p\u025b\u0300\u025bm\tmonkey\ndo\u0300r\td\u0254\u0302\u0254r\tpath\nja\u0300ar\tja\u0300r\tplant\n\u014bo\u0301oor\t\u014bo\u0300or\tpython\n\u025fo\u0302ol\t\u025fo\u0301ol\train\na\u0302na\u0302aar\ta\u0302n\u0254\u0300\u0254r\tsheep\na\u0302cje\u0302eeb\ta\u0302ci\u0300ib\tslime\n\nBelow are some forms of 4 regular Language X verbs.\n\nRoot\t1st person\t3rd person\tTranslation\n\u0272\u025b\u0302l\t\u0272a\u0302al\t\u0272\u025b\u0302\u025bl\tto have\nmi\u0302k\tmje\u0302ek\tmi\u0302ik\tto not know\nna\u0302ac\tna\u0302aac\tn\u0254\u0302\u0254\u0254c\tto smoke\nr\u025b\u0302\u025bm\tra\u0302aam\tr\u025b\u0302\u025b\u025bm\tto wash\n\nSome singular or plural forms of Language X nouns are given below. Only two of them follow one of the common patterns demonstrated above.\n\nSingular\tPlural\tTranslation\na\u0302\u025f\u0254\u0302\u0254\u0272\t-\tbeautiful one\nnu\u0302uuc\t-\tfirefly\njo\u0302ooc\t-\tmetal\n-\tce\u0301e\u014b\tpot\n-\tga\u0301am\tevil spirit\n-\tci\u0301il\thorn\n\nBelow are some more forms of Language X verbs.\n\nRoot\t1st person\t3rd person\tTranslation\n__(a)__\trj\u025b\u0302\u025b\u025bw\t__(b)__\tto be different\n__(c)__\t__(d)__\tk\u0254\u0302\u0254n\tto eat\n__(e)__\tt\u032a\u0254\u0302\u0254\u0254k\t__(f)__\tto loot\nju\u0302k\t__(g)__\tju\u0302uk\tto need\n__(h)__\t__(i)__\td\u032ae\u0302em\tto throw at\n\nBelow are the singular or plural forms of 10 more Language X nouns.\n\nSingular\tPlural\tTranslation\nba\u0302aa\u0272\t__(j)__\tperson\n__(k)__\tju\u0300ur\tbristle\nb\u0254\u0302\u0254\u0254k\t__(l)__\tfish\n__(m)__\tma\u0302ar\thole in ground\n__(n)__\tbu\u0300n\tblood\nme\u0300m\t__(o)__\thole in tree\n__(p)__\tro\u0300om\tpestle\nbe\u0300r\t__(q)__\tvoice\nwu\u0302ut\t__(r)__\twell\na\u0302\u014ba\u0301aab\t__(s)__\tbuffalo",
    "questions": "[{\"question_n\": \"Q 4.1\", \"prompt\": \"Which two of the six forms a\u0302\u025f\u0254\u0302\u0254\u0272, nu\u0302uuc, jo\u0302ooc, ce\u0301e\u014b, ga\u0301am, ci\u0301il follow one of the common patterns above? Give the two words separated by a comma.\", \"subprompts\": [{\"questionpart_n\": \"1.\", \"question\": \"\", \"answer\": \"[\\\"ce\u0301e\u014b, ci\u0301il\\\", \\\"ci\u0301il, ce\u0301e\u014b\\\"]\", \"matches_human_scoring\": false, \"fuzzy_matching\": false, \"manual_edit\": false}]}, {\"question_n\": \"Q 4.2\", \"prompt\": \"Assuming that all of the verbs above conform to the same pattern, fill in the correct forms (a) - (i).\", \"subprompts\": [{\"questionpart_n\": \"(a)\", \"question\": \"__(a)__\", \"answer\": \"re\u0302ew\", \"matches_human_scoring\": false, \"fuzzy_matching\": false, \"manual_edit\": false}, {\"questionpart_n\": \"(b)\", \"question\": \"__(b)__\", \"answer\": \"re\u0302eew\", \"matches_human_scoring\": false, \"fuzzy_matching\": false, \"manual_edit\": false}, {\"questionpart_n\": \"(c)\", \"question\": \"__(c)__\", \"answer\": \"ka\u0302n\", \"matches_human_scoring\": false, \"fuzzy_matching\": false, \"manual_edit\": false}, {\"questionpart_n\": \"(d)\", \"question\": \"__(d)__\", \"answer\": \"ka\u0302an\", \"matches_human_scoring\": false, \"fuzzy_matching\": false, \"manual_edit\": false}, {\"questionpart_n\": \"(e)\", \"question\": \"__(e)__\", \"answer\": \"t\u032ao\u0302ok\", \"matches_human_scoring\": false, \"fuzzy_matching\": false, \"manual_edit\": false}, {\"questionpart_n\": \"(f)\", \"question\": \"__(f)__\", \"answer\": \"t\u032ao\u0302ook\", \"matches_human_scoring\": false, \"fuzzy_matching\": false, \"manual_edit\": false}, {\"questionpart_n\": \"(g)\", \"question\": \"__(g)__\", \"answer\": \"jw\u0254\u0302\u0254k\", \"matches_human_scoring\": false, \"fuzzy_matching\": false, \"manual_edit\": false}, {\"questionpart_n\": \"(h)\", \"question\": \"__(h)__\", \"answer\": \"d\u032ae\u0302m\", \"matches_human_scoring\": false, \"fuzzy_matching\": false, \"manual_edit\": false}, {\"questionpart_n\": \"(i)\", \"question\": \"__(i)__\", \"answer\": \"d\u032aj\u025b\u0302\u025bm\", \"matches_human_scoring\": false, \"fuzzy_matching\": false, \"manual_edit\": false}]}, {\"question_n\": \"Q 4.3\", \"prompt\": \"By using the common patterns demonstrated before, predict the missing forms (j) - (s). If there is more than one possible prediction, give them all, separated by commas.\", \"subprompts\": [{\"questionpart_n\": \"(j)\", \"question\": \"__(j)__\", \"answer\": \"[\\\"b\u0254\u0300\u0254\u0272, b\u025b\u0300\u025b\u0272\\\", \\\"b\u025b\u0300\u025b\u0272, b\u0254\u0300\u0254\u0272\\\"]\", \"matches_human_scoring\": false, \"fuzzy_matching\": false, \"manual_edit\": false}, {\"questionpart_n\": \"(k)\", \"question\": \"__(k)__\", \"answer\": \"[\\\"jw\u0254\u0302\u0254\u0254r, ju\u0301uur\\\", \\\"ju\u0301uur, jw\u0254\u0302\u0254\u0254r\\\"]\", \"matches_human_scoring\": false, \"fuzzy_matching\": false, \"manual_edit\": false}, {\"questionpart_n\": \"(l)\", \"question\": \"__(l)__\", \"answer\": \"bo\u0300ok\", \"matches_human_scoring\": false, \"fuzzy_matching\": false, \"manual_edit\": false}, {\"questionpart_n\": \"(m)\", \"question\": \"__(m)__\", \"answer\": \"[\\\"ma\u0300r, m\u025b\u0300r\\\", \\\"m\u025b\u0300r, ma\u0300r\\\"]\", \"matches_human_scoring\": false, \"fuzzy_matching\": false, \"manual_edit\": false}, {\"questionpart_n\": \"(n)\", \"question\": \"__(n)__\", \"answer\": \"bw\u0254\u0300\u0254n\", \"matches_human_scoring\": false, \"fuzzy_matching\": false, \"manual_edit\": false}, {\"questionpart_n\": \"(o)\", \"question\": \"__(o)__\", \"answer\": \"mj\u025b\u0302\u025bm\", \"matches_human_scoring\": false, \"fuzzy_matching\": false, \"manual_edit\": false}, {\"questionpart_n\": \"(p)\", \"question\": \"__(p)__\", \"answer\": \"[\\\"r\u0254\u0302\u0254\u0254m, ro\u0301oom\\\", \\\"ro\u0301oom, r\u0254\u0302\u0254\u0254m\\\"]\", \"matches_human_scoring\": false, \"fuzzy_matching\": false, \"manual_edit\": false}, {\"questionpart_n\": \"(q)\", \"question\": \"__(q)__\", \"answer\": \"bj\u025b\u0302\u025br\", \"matches_human_scoring\": false, \"fuzzy_matching\": false, \"manual_edit\": false}, {\"questionpart_n\": \"(r)\", \"question\": \"__(r)__\", \"answer\": \"wu\u0301ut\", \"matches_human_scoring\": false, \"fuzzy_matching\": false, \"manual_edit\": false}, {\"questionpart_n\": \"(s)\", \"question\": \"__(s)__\", \"answer\": \"a\u0302\u014b\u0254\u0300\u0254b\", \"matches_human_scoring\": false, \"fuzzy_matching\": false, \"manual_edit\": false}]}]",
    "obfuscated": "True",
    "obf_num": "18",
    "mapping": {
        "i": "u",
        "u": "i",
        "e": "o",
        "o": "e",
        "\u025b": "\u0254",
        "\u0254": "\u025b",
        "j": "w",
        "w": "j",
        "b": "d\u032a",
        "d\u032a": "d",
        "d": "\u025f",
        "\u025f": "g",
        "g": "p",
        "p": "t\u032a",
        "t\u032a": "t",
        "t": "c",
        "c": "k",
        "k": "m",
        "m": "n",
        "n": "\u0272",
        "\u0272": "\u014b",
        "\u014b": "l",
        "l": "r",
        "r": "b",
        "\u0300": "\u0302",
        "\u0301": "\u0300",
        "\u0302": "\u0301",
        "a": "a"
    }
}