{
    "json_invalid": false,
    "preamble": "Problem 4. Language X (25 marks)\n   When linguists first studied Language X, they believed that the singular and plural forms of Language X nouns were completely unpredictable. More recently, however, studying the way that verbs conjugate in Language X allowed linguists to find patterns in the singular and plural forms of nouns. This has allowed many nouns to be grouped according to declension patterns, although many remain unexplained.\n",
    "context": "Below are 22 Language X nouns, in both singular and plural forms, each of which follow a one of the common patterns. The translations have been provided only for interest: they have no bearing on the solution to the problem.\n\nNote: t\u032a, d\u032a, \u0272, \u025f and \u014b are consonants; \u025b is the vowel in bed, and \u0254 is the vowel in not. Language X has three vowel lengths: a short, aa medium, and aaa long; as well as three tones, a\u0301 high, a\u0300 low, and a\u0302 falling.\n\nSingular\tPlural\tTranslation\nta\u0302w\tta\u0301aw\tanimal\n\u014ba\u0300aac\t\u014b\u0254\u0302\u0254c\tankle bell\nt\u032aa\u0301aac\tt\u032a\u025b\u0302\u025bc\tbean\nnu\u0302b\tnw\u0254\u0301\u0254b\tbird\na\u0301\u0272j\u025b\u0301\u025b\u025bt\u032a\ta\u0301\u0272e\u0302et\u032a\tblacksmith\nma\u0301at\u032a\tm\u0254\u0300\u0254t\u032a\tbow, gun\n\u014b\u025b\u0302t\t\u014ba\u0301at\tcowdung fire\nbj\u025b\u0302\u025bt\u032a\tbe\u0302t\u032a\tegg\n\u025fa\u0301ad\u032a\t\u025f\u0254\u0300\u0254d\u032a\tfire\nci\u0302l\tcje\u0301el\tforest\na\u0301nw\u0254\u0302\u0254t\ta\u0301nu\u0302t\tgazelle\nke\u0300eed\tke\u0302ed\thide\nce\u0301ed\tce\u0300ed\tkidney\np\u025b\u0301\u025bd\tp\u025b\u0300\u025bd\tlouse\na\u0301\u014ba\u0300aap\ta\u0301\u014b\u0254\u0302\u0254p\tmonitor lizard\na\u0301\u014b\u025b\u0300\u025b\u025bd\ta\u0301\u014b\u025b\u0302\u025bd\tmonkey\nmo\u0302t\tm\u0254\u0301\u0254t\tpath\nja\u0302at\tja\u0302t\tplant\npo\u0300oot\tpo\u0302ot\tpython\nno\u0301ot\u032a\tno\u0300ot\u032a\train\na\u0301\u025fa\u0301aat\ta\u0301\u025f\u0254\u0302\u0254t\tsheep\na\u0301bje\u0301eec\ta\u0301bi\u0302ic\tslime\n\nBelow are some forms of 4 regular Language X verbs.\n\nRoot\t1st person\t3rd person\tTranslation\ng\u025b\u0301t\u032a\tga\u0301at\u032a\tg\u025b\u0301\u025bt\u032a\tto have\ndi\u0301d\u032a\tdje\u0301ed\u032a\tdi\u0301id\u032a\tto not know\n\u025fa\u0301ab\t\u025fa\u0301aab\t\u025f\u0254\u0301\u0254\u0254b\tto smoke\nt\u025b\u0301\u025bd\tta\u0301aad\tt\u025b\u0301\u025b\u025bd\tto wash\n\nSome singular or plural forms of Language X nouns are given below. Only two of them follow one of the common patterns demonstrated above.\n\nSingular\tPlural\tTranslation\na\u0301n\u0254\u0301\u0254g\t-\tbeautiful one\n\u025fu\u0301uub\t-\tfirefly\njo\u0301oob\t-\tmetal\n-\tbe\u0300ep\tpot\n-\t\u0272a\u0300ad\tevil spirit\n-\tbi\u0300it\u032a\thorn\n\nBelow are some more forms of Language X verbs.\n\nRoot\t1st person\t3rd person\tTranslation\n__(a)__\ttj\u025b\u0301\u025b\u025bw\t__(b)__\tto be different\n__(c)__\t__(d)__\td\u032a\u0254\u0301\u0254\u025f\tto eat\n__(e)__\tl\u0254\u0301\u0254\u0254d\u032a\t__(f)__\tto loot\nju\u0301d\u032a\t__(g)__\tju\u0301ud\u032a\tto need\n__(h)__\t__(i)__\tke\u0301ed\tto throw at\n\nBelow are the singular or plural forms of 10 more Language X nouns.\n\nSingular\tPlural\tTranslation\nca\u0301aag\t__(j)__\tperson\n__(k)__\tju\u0302ut\tbristle\nc\u0254\u0301\u0254\u0254d\u032a\t__(l)__\tfish\n__(m)__\tda\u0301at\thole in ground\n__(n)__\tcu\u0302\u025f\tblood\nde\u0302d\t__(o)__\thole in tree\n__(p)__\tto\u0302od\tpestle\nce\u0302t\t__(q)__\tvoice\nwu\u0301ur\t__(r)__\twell\na\u0301pa\u0300aac\t__(s)__\tbuffalo",
    "questions": "[{\"question_n\": \"Q 4.1\", \"prompt\": \"Which two of the six forms a\u0301n\u0254\u0301\u0254g, \u025fu\u0301uub, jo\u0301oob, be\u0300ep, \u0272a\u0300ad, bi\u0300it\u032a follow one of the common patterns above? Give the two words separated by a comma.\", \"subprompts\": [{\"questionpart_n\": \"1.\", \"question\": \"\", \"answer\": \"[\\\"be\u0300ep, bi\u0300it\u032a\\\", \\\"bi\u0300it\u032a, be\u0300ep\\\"]\", \"matches_human_scoring\": false, \"fuzzy_matching\": false, \"manual_edit\": false}]}, {\"question_n\": \"Q 4.2\", \"prompt\": \"Assuming that all of the verbs above conform to the same pattern, fill in the correct forms (a) - (i).\", \"subprompts\": [{\"questionpart_n\": \"(a)\", \"question\": \"__(a)__\", \"answer\": \"te\u0301ew\", \"matches_human_scoring\": false, \"fuzzy_matching\": false, \"manual_edit\": false}, {\"questionpart_n\": \"(b)\", \"question\": \"__(b)__\", \"answer\": \"te\u0301eew\", \"matches_human_scoring\": false, \"fuzzy_matching\": false, \"manual_edit\": false}, {\"questionpart_n\": \"(c)\", \"question\": \"__(c)__\", \"answer\": \"d\u032aa\u0301\u025f\", \"matches_human_scoring\": false, \"fuzzy_matching\": false, \"manual_edit\": false}, {\"questionpart_n\": \"(d)\", \"question\": \"__(d)__\", \"answer\": \"d\u032aa\u0301a\u025f\", \"matches_human_scoring\": false, \"fuzzy_matching\": false, \"manual_edit\": false}, {\"questionpart_n\": \"(e)\", \"question\": \"__(e)__\", \"answer\": \"lo\u0301od\u032a\", \"matches_human_scoring\": false, \"fuzzy_matching\": false, \"manual_edit\": false}, {\"questionpart_n\": \"(f)\", \"question\": \"__(f)__\", \"answer\": \"lo\u0301ood\u032a\", \"matches_human_scoring\": false, \"fuzzy_matching\": false, \"manual_edit\": false}, {\"questionpart_n\": \"(g)\", \"question\": \"__(g)__\", \"answer\": \"jw\u0254\u0301\u0254d\u032a\", \"matches_human_scoring\": false, \"fuzzy_matching\": false, \"manual_edit\": false}, {\"questionpart_n\": \"(h)\", \"question\": \"__(h)__\", \"answer\": \"ke\u0301d\", \"matches_human_scoring\": false, \"fuzzy_matching\": false, \"manual_edit\": false}, {\"questionpart_n\": \"(i)\", \"question\": \"__(i)__\", \"answer\": \"kj\u025b\u0301\u025bd\", \"matches_human_scoring\": false, \"fuzzy_matching\": false, \"manual_edit\": false}]}, {\"question_n\": \"Q 4.3\", \"prompt\": \"By using the common patterns demonstrated before, predict the missing forms (j) - (s). If there is more than one possible prediction, give them all, separated by commas.\", \"subprompts\": [{\"questionpart_n\": \"(j)\", \"question\": \"__(j)__\", \"answer\": \"[\\\"c\u0254\u0302\u0254g, c\u025b\u0302\u025bg\\\", \\\"c\u025b\u0302\u025bg, c\u0254\u0302\u0254g\\\"]\", \"matches_human_scoring\": false, \"fuzzy_matching\": false, \"manual_edit\": false}, {\"questionpart_n\": \"(k)\", \"question\": \"__(k)__\", \"answer\": \"[\\\"jw\u0254\u0301\u0254\u0254t, ju\u0300uut\\\", \\\"ju\u0300uut, jw\u0254\u0301\u0254\u0254t\\\"]\", \"matches_human_scoring\": false, \"fuzzy_matching\": false, \"manual_edit\": false}, {\"questionpart_n\": \"(l)\", \"question\": \"__(l)__\", \"answer\": \"co\u0302od\u032a\", \"matches_human_scoring\": false, \"fuzzy_matching\": false, \"manual_edit\": false}, {\"questionpart_n\": \"(m)\", \"question\": \"__(m)__\", \"answer\": \"[\\\"da\u0302t, d\u025b\u0302t\\\", \\\"d\u025b\u0302t, da\u0302t\\\"]\", \"matches_human_scoring\": false, \"fuzzy_matching\": false, \"manual_edit\": false}, {\"questionpart_n\": \"(n)\", \"question\": \"__(n)__\", \"answer\": \"cw\u0254\u0302\u0254\u025f\", \"matches_human_scoring\": false, \"fuzzy_matching\": false, \"manual_edit\": false}, {\"questionpart_n\": \"(o)\", \"question\": \"__(o)__\", \"answer\": \"dj\u025b\u0301\u025bd\", \"matches_human_scoring\": false, \"fuzzy_matching\": false, \"manual_edit\": false}, {\"questionpart_n\": \"(p)\", \"question\": \"__(p)__\", \"answer\": \"[\\\"t\u0254\u0301\u0254\u0254d, to\u0300ood\\\", \\\"to\u0300ood, t\u0254\u0301\u0254\u0254d\\\"]\", \"matches_human_scoring\": false, \"fuzzy_matching\": false, \"manual_edit\": false}, {\"questionpart_n\": \"(q)\", \"question\": \"__(q)__\", \"answer\": \"cj\u025b\u0301\u025bt\", \"matches_human_scoring\": false, \"fuzzy_matching\": false, \"manual_edit\": false}, {\"questionpart_n\": \"(r)\", \"question\": \"__(r)__\", \"answer\": \"wu\u0300ur\", \"matches_human_scoring\": false, \"fuzzy_matching\": false, \"manual_edit\": false}, {\"questionpart_n\": \"(s)\", \"question\": \"__(s)__\", \"answer\": \"a\u0301p\u0254\u0302\u0254c\", \"matches_human_scoring\": false, \"fuzzy_matching\": false, \"manual_edit\": false}]}]",
    "obfuscated": "True",
    "obf_num": "19",
    "mapping": {
        "i": "u",
        "u": "i",
        "e": "o",
        "o": "e",
        "\u025b": "\u0254",
        "\u0254": "\u025b",
        "j": "w",
        "w": "j",
        "b": "k",
        "d\u032a": "m",
        "d": "n",
        "\u025f": "\u0272",
        "g": "\u014b",
        "p": "l",
        "t\u032a": "r",
        "t": "b",
        "c": "d\u032a",
        "k": "d",
        "m": "\u025f",
        "n": "g",
        "\u0272": "p",
        "\u014b": "t\u032a",
        "l": "t",
        "r": "c",
        "\u0300": "\u0301",
        "\u0301": "\u0302",
        "\u0302": "\u0300",
        "a": "a"
    }
}