{
    "json_invalid": false,
    "preamble": "Problem 4. Language X (25 marks)\n   When linguists first studied Language X, they believed that the singular and plural forms of Language X nouns were completely unpredictable. More recently, however, studying the way that verbs conjugate in Language X allowed linguists to find patterns in the singular and plural forms of nouns. This has allowed many nouns to be grouped according to declension patterns, although many remain unexplained.\n",
    "context": "Below are 22 Language X nouns, in both singular and plural forms, each of which follow a one of the common patterns. The translations have been provided only for interest: they have no bearing on the solution to the problem.\n\nNote: t\u032a, d\u032a, \u0272, \u025f and \u014b are consonants; \u025b is the vowel in bed, and \u0254 is the vowel in not. Language X has three vowel lengths: a short, aa medium, and aaa long; as well as three tones, a\u0301 high, a\u0300 low, and a\u0302 falling.\n\nSingular\tPlural\tTranslation\nma\u0300w\tma\u0302aw\tanimal\nba\u0301aan\tb\u0254\u0300\u0254n\tankle bell\nka\u0302aan\tk\u025b\u0300\u025bn\tbean\nlu\u0300\u025f\tlw\u0254\u0302\u0254\u025f\tbird\na\u0302rj\u025b\u0302\u025b\u025bk\ta\u0302re\u0300ek\tblacksmith\n\u014ba\u0302ak\t\u014b\u0254\u0301\u0254k\tbow, gun\nb\u025b\u0300m\tba\u0302am\tcowdung fire\n\u025fj\u025b\u0300\u025bk\t\u025fe\u0300k\tegg\nt\u032aa\u0302ag\tt\u032a\u0254\u0301\u0254g\tfire\nni\u0300d\u032a\tnje\u0302ed\u032a\tforest\na\u0302lw\u0254\u0300\u0254m\ta\u0302lu\u0300m\tgazelle\n\u0272e\u0301eep\t\u0272e\u0300ep\thide\nne\u0302ep\tne\u0301ep\tkidney\nc\u025b\u0302\u025bp\tc\u025b\u0301\u025bp\tlouse\na\u0302ba\u0301aac\ta\u0302b\u0254\u0300\u0254c\tmonitor lizard\na\u0302b\u025b\u0301\u025b\u025bp\ta\u0302b\u025b\u0300\u025bp\tmonkey\n\u014bo\u0300m\t\u014b\u0254\u0302\u0254m\tpath\nja\u0300am\tja\u0300m\tplant\nco\u0301oom\tco\u0300om\tpython\nlo\u0302ok\tlo\u0301ok\train\na\u0302t\u032aa\u0302aam\ta\u0302t\u032a\u0254\u0300\u0254m\tsheep\na\u0302\u025fje\u0302een\ta\u0302\u025fi\u0300in\tslime\n\nBelow are some forms of 4 regular Language X verbs.\n\nRoot\t1st person\t3rd person\tTranslation\nt\u025b\u0302k\tta\u0302ak\tt\u025b\u0302\u025bk\tto have\npi\u0302g\tpje\u0302eg\tpi\u0302ig\tto not know\nt\u032aa\u0302a\u025f\tt\u032aa\u0302aa\u025f\tt\u032a\u0254\u0302\u0254\u0254\u025f\tto smoke\nm\u025b\u0302\u025bp\tma\u0302aap\tm\u025b\u0302\u025b\u025bp\tto wash\n\nSome singular or plural forms of Language X nouns are given below. Only two of them follow one of the common patterns demonstrated above.\n\nSingular\tPlural\tTranslation\na\u0302l\u0254\u0302\u0254t\t-\tbeautiful one\nt\u032au\u0302uu\u025f\t-\tfirefly\njo\u0302oo\u025f\t-\tmetal\n-\t\u025fe\u0301ec\tpot\n-\tra\u0301ap\tevil spirit\n-\t\u025fi\u0301ik\thorn\n\nBelow are some more forms of Language X verbs.\n\nRoot\t1st person\t3rd person\tTranslation\n__(a)__\tmj\u025b\u0302\u025b\u025bw\t__(b)__\tto be different\n__(c)__\t__(d)__\tg\u0254\u0302\u0254t\u032a\tto eat\n__(e)__\td\u032a\u0254\u0302\u0254\u0254g\t__(f)__\tto loot\nju\u0302g\t__(g)__\tju\u0302ug\tto need\n__(h)__\t__(i)__\t\u0272e\u0302ep\tto throw at\n\nBelow are the singular or plural forms of 10 more Language X nouns.\n\nSingular\tPlural\tTranslation\nna\u0302aat\t__(j)__\tperson\n__(k)__\tju\u0300um\tbristle\nn\u0254\u0302\u0254\u0254g\t__(l)__\tfish\n__(m)__\tpa\u0302am\thole in ground\n__(n)__\tnu\u0300t\u032a\tblood\npe\u0300p\t__(o)__\thole in tree\n__(p)__\tmo\u0300op\tpestle\nne\u0300m\t__(q)__\tvoice\nwu\u0302ud\t__(r)__\twell\na\u0302ca\u0301aan\t__(s)__\tbuffalo",
    "questions": "[{\"question_n\": \"Q 4.1\", \"prompt\": \"Which two of the six forms a\u0302l\u0254\u0302\u0254t, t\u032au\u0302uu\u025f, jo\u0302oo\u025f, \u025fe\u0301ec, ra\u0301ap, \u025fi\u0301ik follow one of the common patterns above? Give the two words separated by a comma.\", \"subprompts\": [{\"questionpart_n\": \"1.\", \"question\": \"\", \"answer\": \"[\\\"\u025fe\u0301ec, \u025fi\u0301ik\\\", \\\"\u025fi\u0301ik, \u025fe\u0301ec\\\"]\", \"matches_human_scoring\": false, \"fuzzy_matching\": false, \"manual_edit\": false}]}, {\"question_n\": \"Q 4.2\", \"prompt\": \"Assuming that all of the verbs above conform to the same pattern, fill in the correct forms (a) - (i).\", \"subprompts\": [{\"questionpart_n\": \"(a)\", \"question\": \"__(a)__\", \"answer\": \"me\u0302ew\", \"matches_human_scoring\": false, \"fuzzy_matching\": false, \"manual_edit\": false}, {\"questionpart_n\": \"(b)\", \"question\": \"__(b)__\", \"answer\": \"me\u0302eew\", \"matches_human_scoring\": false, \"fuzzy_matching\": false, \"manual_edit\": false}, {\"questionpart_n\": \"(c)\", \"question\": \"__(c)__\", \"answer\": \"ga\u0302t\u032a\", \"matches_human_scoring\": false, \"fuzzy_matching\": false, \"manual_edit\": false}, {\"questionpart_n\": \"(d)\", \"question\": \"__(d)__\", \"answer\": \"ga\u0302at\u032a\", \"matches_human_scoring\": false, \"fuzzy_matching\": false, \"manual_edit\": false}, {\"questionpart_n\": \"(e)\", \"question\": \"__(e)__\", \"answer\": \"d\u032ao\u0302og\", \"matches_human_scoring\": false, \"fuzzy_matching\": false, \"manual_edit\": false}, {\"questionpart_n\": \"(f)\", \"question\": \"__(f)__\", \"answer\": \"d\u032ao\u0302oog\", \"matches_human_scoring\": false, \"fuzzy_matching\": false, \"manual_edit\": false}, {\"questionpart_n\": \"(g)\", \"question\": \"__(g)__\", \"answer\": \"jw\u0254\u0302\u0254g\", \"matches_human_scoring\": false, \"fuzzy_matching\": false, \"manual_edit\": false}, {\"questionpart_n\": \"(h)\", \"question\": \"__(h)__\", \"answer\": \"\u0272e\u0302p\", \"matches_human_scoring\": false, \"fuzzy_matching\": false, \"manual_edit\": false}, {\"questionpart_n\": \"(i)\", \"question\": \"__(i)__\", \"answer\": \"\u0272j\u025b\u0302\u025bp\", \"matches_human_scoring\": false, \"fuzzy_matching\": false, \"manual_edit\": false}]}, {\"question_n\": \"Q 4.3\", \"prompt\": \"By using the common patterns demonstrated before, predict the missing forms (j) - (s). If there is more than one possible prediction, give them all, separated by commas.\", \"subprompts\": [{\"questionpart_n\": \"(j)\", \"question\": \"__(j)__\", \"answer\": \"[\\\"n\u0254\u0300\u0254t, n\u025b\u0300\u025bt\\\", \\\"n\u025b\u0300\u025bt, n\u0254\u0300\u0254t\\\"]\", \"matches_human_scoring\": false, \"fuzzy_matching\": false, \"manual_edit\": false}, {\"questionpart_n\": \"(k)\", \"question\": \"__(k)__\", \"answer\": \"[\\\"jw\u0254\u0302\u0254\u0254m, ju\u0301uum\\\", \\\"ju\u0301uum, jw\u0254\u0302\u0254\u0254m\\\"]\", \"matches_human_scoring\": false, \"fuzzy_matching\": false, \"manual_edit\": false}, {\"questionpart_n\": \"(l)\", \"question\": \"__(l)__\", \"answer\": \"no\u0300og\", \"matches_human_scoring\": false, \"fuzzy_matching\": false, \"manual_edit\": false}, {\"questionpart_n\": \"(m)\", \"question\": \"__(m)__\", \"answer\": \"[\\\"pa\u0300m, p\u025b\u0300m\\\", \\\"p\u025b\u0300m, pa\u0300m\\\"]\", \"matches_human_scoring\": false, \"fuzzy_matching\": false, \"manual_edit\": false}, {\"questionpart_n\": \"(n)\", \"question\": \"__(n)__\", \"answer\": \"nw\u0254\u0300\u0254t\u032a\", \"matches_human_scoring\": false, \"fuzzy_matching\": false, \"manual_edit\": false}, {\"questionpart_n\": \"(o)\", \"question\": \"__(o)__\", \"answer\": \"pj\u025b\u0302\u025bp\", \"matches_human_scoring\": false, \"fuzzy_matching\": false, \"manual_edit\": false}, {\"questionpart_n\": \"(p)\", \"question\": \"__(p)__\", \"answer\": \"[\\\"m\u0254\u0302\u0254\u0254p, mo\u0301oop\\\", \\\"mo\u0301oop, m\u0254\u0302\u0254\u0254p\\\"]\", \"matches_human_scoring\": false, \"fuzzy_matching\": false, \"manual_edit\": false}, {\"questionpart_n\": \"(q)\", \"question\": \"__(q)__\", \"answer\": \"nj\u025b\u0302\u025bm\", \"matches_human_scoring\": false, \"fuzzy_matching\": false, \"manual_edit\": false}, {\"questionpart_n\": \"(r)\", \"question\": \"__(r)__\", \"answer\": \"wu\u0301ud\", \"matches_human_scoring\": false, \"fuzzy_matching\": false, \"manual_edit\": false}, {\"questionpart_n\": \"(s)\", \"question\": \"__(s)__\", \"answer\": \"a\u0302c\u0254\u0300\u0254n\", \"matches_human_scoring\": false, \"fuzzy_matching\": false, \"manual_edit\": false}]}]",
    "obfuscated": "True",
    "obf_num": "3",
    "mapping": {
        "i": "u",
        "u": "i",
        "e": "o",
        "o": "e",
        "\u025b": "\u0254",
        "\u0254": "\u025b",
        "j": "w",
        "w": "j",
        "b": "\u0272",
        "d\u032a": "\u014b",
        "d": "l",
        "\u025f": "r",
        "g": "b",
        "p": "d\u032a",
        "t\u032a": "d",
        "t": "\u025f",
        "c": "g",
        "k": "p",
        "m": "t\u032a",
        "n": "t",
        "\u0272": "c",
        "\u014b": "k",
        "l": "m",
        "r": "n",
        "\u0300": "\u0302",
        "\u0301": "\u0300",
        "\u0302": "\u0301",
        "a": "a"
    }
}