{
    "json_invalid": false,
    "preamble": "Problem 5. Language X (25 marks)\n  ",
    "context": "Below are some sentences in Language X and their English translations. Note that \u0105, \u0119, \u012f, \u01eb and \u0173 are nasal vowels, while p\u2019, t\u2019 and y are consonants. Language X is a tonal language, but here tones have been omitted for simplicity. Note also that here \u201cdeer\u201d is used exclusively to refer to one deer, while \u201cdeers\u201d is used to refer to multiple deers.\n\nLanguage X\tEnglish\nwect'o\u0328p'oci\u0328 et'epaca\tOur deers saw the cedar.\nwi\u0328wip'i t'o\u0328ke\tYour mother waited for the deer.\necpap'oci\u0328 xa\u0328nci\u0328xo\u0328\tTheir cedar hit the person.\nemwep'o emheci\u0328xo\u0328\tTheir blankets hit the heads.\nwehu\u0328np'i ehe\u0328mke\tOur brother waited for the sparrows.\nwi\u0328myep'o ehu\u0328nca\tYour eyes saw the brother.\nxa\u0328np'i eweke\tThe person waited for the blanket.\nwip'oci\u0328 ehe\u0328mci\u0328xo\u0328\tThe mothers hit the sparrow.\ni\u0328cyep'oci\u0328 ehu\u0328nca\tHis eye saw the brothers.\ni\u0328chu\u0328np'oci\u0328 emyeca\tHis brothers saw the eyes.\nwep'o et'et'o\u0328ci\u0328xo\u0328\tThe blankets hit the deers.\n\nNB: some of the Language X sentences above would be considered odd by a native Language X speaker, who would use a passive construction instead. For simplicity, an active construction has been used here in all cases.",
    "questions": "[{\"question_n\": \"Q5.1\", \"prompt\": \"Translate the following into English:\", \"subprompts\": [{\"questionpart_n\": \"a.\", \"question\": \"ecxa\u0328np'oci\u0328 empaca\", \"answer\": \"Their people saw the cedars.\", \"matches_human_scoring\": false, \"fuzzy_matching\": false, \"manual_edit\": false}, {\"questionpart_n\": \"b.\", \"question\": \"i\u0328t'o\u0328p'i wici\u0328xo\u0328\", \"answer\": \"His deer hit the mother.\", \"matches_human_scoring\": false, \"fuzzy_matching\": false, \"manual_edit\": false}, {\"questionpart_n\": \"c.\", \"question\": \"i\u0328mpap'o et'exa\u0328nci\u0328xo\u0328\", \"answer\": \"His cedars hit the people.\", \"matches_human_scoring\": false, \"fuzzy_matching\": false, \"manual_edit\": false}, {\"questionpart_n\": \"d.\", \"question\": \"he\u0328mp'oci\u0328 et'et'o\u0328ke\", \"answer\": \"The sparrows waited for the deers.\", \"matches_human_scoring\": false, \"fuzzy_matching\": false, \"manual_edit\": false}]}, {\"question_n\": \"Q5.2\", \"prompt\": \"Translate the following into Language X:\", \"subprompts\": [{\"questionpart_n\": \"a.\", \"question\": \"Your sparrows waited for the mothers.\", \"answer\": \"wi\u0328che\u0328mp'oci\u0328 et'ewike\", \"matches_human_scoring\": false, \"fuzzy_matching\": false, \"manual_edit\": false}, {\"questionpart_n\": \"b.\", \"question\": \"The heads saw the blanket.\", \"answer\": \"hep'o et'eweca\", \"matches_human_scoring\": false, \"fuzzy_matching\": false, \"manual_edit\": false}, {\"questionpart_n\": \"c.\", \"question\": \"Our eyes saw the heads.\", \"answer\": \"wemyep'o emheca\", \"matches_human_scoring\": false, \"fuzzy_matching\": false, \"manual_edit\": false}, {\"questionpart_n\": \"d.\", \"question\": \"Their deer waited for the brother.\", \"answer\": \"et'o\u0328p'i hu\u0328nke\", \"matches_human_scoring\": false, \"fuzzy_matching\": false, \"manual_edit\": false}]}]",
    "obfuscated": "True",
    "obf_num": "14",
    "mapping": {
        "a": "i",
        "i": "e",
        "e": "o",
        "o": "a\u0328",
        "a\u0328": "i\u0328",
        "i\u0328": "e\u0328",
        "e\u0328": "o\u0328",
        "o\u0328": "u\u0328",
        "u\u0328": "a",
        "p": "t'",
        "k": "w",
        "c": "y",
        "p'": "h",
        "t'": "x",
        "w": "m",
        "y": "n",
        "h": "p",
        "x": "k",
        "m": "c",
        "n": "p'"
    }
}