{
    "json_invalid": false,
    "preamble": "Problem 5. Language X (25 marks)\n  ",
    "context": "Below are some sentences in Language X and their English translations. Note that \u0105, \u0119, \u012f, \u01eb and \u0173 are nasal vowels, while p\u2019, t\u2019 and y are consonants. Language X is a tonal language, but here tones have been omitted for simplicity. Note also that here \u201cdeer\u201d is used exclusively to refer to one deer, while \u201cdeers\u201d is used to refer to multiple deers.\n\nLanguage X\tEnglish\nna\u0328hmaxi\u0328ho\u0328 a\u0328ma\u0328wehe\tOur deers saw the cedar.\nno\u0328noxo maya\u0328\tYour mother waited for the deer.\na\u0328hwexi\u0328ho\u0328 ce\u0328t'ho\u0328ca\tTheir cedar hit the person.\na\u0328p'na\u0328xi\u0328 a\u0328p'ka\u0328ho\u0328ca\tTheir blankets hit the heads.\nna\u0328kit'xo a\u0328ku\u0328p'ya\u0328\tOur brother waited for the sparrows.\nno\u0328p'pa\u0328xi\u0328 a\u0328kit'he\tYour eyes saw the brother.\nce\u0328t'xo a\u0328na\u0328ya\u0328\tThe person waited for the blanket.\nnoxi\u0328ho\u0328 a\u0328ku\u0328p'ho\u0328ca\tThe mothers hit the sparrow.\no\u0328hpa\u0328xi\u0328ho\u0328 a\u0328kit'he\tHis eye saw the brothers.\no\u0328hkit'xi\u0328ho\u0328 a\u0328p'pa\u0328he\tHis brothers saw the eyes.\nna\u0328xi\u0328 a\u0328ma\u0328maho\u0328ca\tThe blankets hit the deers.\n\nNB: some of the Language X sentences above would be considered odd by a native Language X speaker, who would use a passive construction instead. For simplicity, an active construction has been used here in all cases.",
    "questions": "[{\"question_n\": \"Q5.1\", \"prompt\": \"Translate the following into English:\", \"subprompts\": [{\"questionpart_n\": \"a.\", \"question\": \"a\u0328hce\u0328t'xi\u0328ho\u0328 a\u0328p'wehe\", \"answer\": \"Their people saw the cedars.\", \"matches_human_scoring\": false, \"fuzzy_matching\": false, \"manual_edit\": false}, {\"questionpart_n\": \"b.\", \"question\": \"o\u0328maxo noho\u0328ca\", \"answer\": \"His deer hit the mother.\", \"matches_human_scoring\": false, \"fuzzy_matching\": false, \"manual_edit\": false}, {\"questionpart_n\": \"c.\", \"question\": \"o\u0328p'wexi\u0328 a\u0328ma\u0328ce\u0328t'ho\u0328ca\", \"answer\": \"His cedars hit the people.\", \"matches_human_scoring\": false, \"fuzzy_matching\": false, \"manual_edit\": false}, {\"questionpart_n\": \"d.\", \"question\": \"ku\u0328p'xi\u0328ho\u0328 a\u0328ma\u0328maya\u0328\", \"answer\": \"The sparrows waited for the deers.\", \"matches_human_scoring\": false, \"fuzzy_matching\": false, \"manual_edit\": false}]}, {\"question_n\": \"Q5.2\", \"prompt\": \"Translate the following into Language X:\", \"subprompts\": [{\"questionpart_n\": \"a.\", \"question\": \"Your sparrows waited for the mothers.\", \"answer\": \"no\u0328hku\u0328p'xi\u0328ho\u0328 a\u0328ma\u0328noya\u0328\", \"matches_human_scoring\": false, \"fuzzy_matching\": false, \"manual_edit\": false}, {\"questionpart_n\": \"b.\", \"question\": \"The heads saw the blanket.\", \"answer\": \"ka\u0328xi\u0328 a\u0328ma\u0328na\u0328he\", \"matches_human_scoring\": false, \"fuzzy_matching\": false, \"manual_edit\": false}, {\"questionpart_n\": \"c.\", \"question\": \"Our eyes saw the heads.\", \"answer\": \"na\u0328p'pa\u0328xi\u0328 a\u0328p'ka\u0328he\", \"matches_human_scoring\": false, \"fuzzy_matching\": false, \"manual_edit\": false}, {\"questionpart_n\": \"d.\", \"question\": \"Their deer waited for the brother.\", \"answer\": \"a\u0328maxo kit'ya\u0328\", \"matches_human_scoring\": false, \"fuzzy_matching\": false, \"manual_edit\": false}]}]",
    "obfuscated": "True",
    "obf_num": "2",
    "mapping": {
        "a": "o",
        "i": "a\u0328",
        "e": "i\u0328",
        "o": "e\u0328",
        "a\u0328": "o\u0328",
        "i\u0328": "u\u0328",
        "e\u0328": "a",
        "o\u0328": "i",
        "u\u0328": "e",
        "p": "m",
        "k": "n",
        "c": "p",
        "p'": "k",
        "t'": "c",
        "w": "p'",
        "y": "t'",
        "h": "w",
        "x": "y",
        "m": "h",
        "n": "x"
    }
}