{
    "json_invalid": false,
    "preamble": "Problem 5. Language X (25 marks)\n  ",
    "context": "Below are some sentences in Language X and their English translations. Note that \u0105, \u0119, \u012f, \u01eb and \u0173 are nasal vowels, while p\u2019, t\u2019 and y are consonants. Language X is a tonal language, but here tones have been omitted for simplicity. Note also that here \u201cdeer\u201d is used exclusively to refer to one deer, while \u201cdeers\u201d is used to refer to multiple deers.\n\nLanguage X\tEnglish\nnahmi\u0328xiho amawo\u0328ho\u0328\tOur deers saw the cedar.\nnonu\u0328xu\u0328 mi\u0328ya\tYour mother waited for the deer.\nahwo\u0328xiho cet'hoci\u0328\tTheir cedar hit the person.\nap'naxi ap'kahoci\u0328\tTheir blankets hit the heads.\nnake\u0328t'xu\u0328 aka\u0328p'ya\tOur brother waited for the sparrows.\nnop'paxi ake\u0328t'ho\u0328\tYour eyes saw the brother.\ncet'xu\u0328 anaya\tThe person waited for the blanket.\nnu\u0328xiho aka\u0328p'hoci\u0328\tThe mothers hit the sparrow.\nohpaxiho ake\u0328t'ho\u0328\tHis eye saw the brothers.\nohke\u0328t'xiho ap'paho\u0328\tHis brothers saw the eyes.\nnaxi amami\u0328hoci\u0328\tThe blankets hit the deers.\n\nNB: some of the Language X sentences above would be considered odd by a native Language X speaker, who would use a passive construction instead. For simplicity, an active construction has been used here in all cases.",
    "questions": "[{\"question_n\": \"Q5.1\", \"prompt\": \"Translate the following into English:\", \"subprompts\": [{\"questionpart_n\": \"a.\", \"question\": \"ahcet'xiho ap'wo\u0328ho\u0328\", \"answer\": \"Their people saw the cedars.\", \"matches_human_scoring\": false, \"fuzzy_matching\": false, \"manual_edit\": false}, {\"questionpart_n\": \"b.\", \"question\": \"omi\u0328xu\u0328 nu\u0328hoci\u0328\", \"answer\": \"His deer hit the mother.\", \"matches_human_scoring\": false, \"fuzzy_matching\": false, \"manual_edit\": false}, {\"questionpart_n\": \"c.\", \"question\": \"op'wo\u0328xi amacet'hoci\u0328\", \"answer\": \"His cedars hit the people.\", \"matches_human_scoring\": false, \"fuzzy_matching\": false, \"manual_edit\": false}, {\"questionpart_n\": \"d.\", \"question\": \"ka\u0328p'xiho amami\u0328ya\", \"answer\": \"The sparrows waited for the deers.\", \"matches_human_scoring\": false, \"fuzzy_matching\": false, \"manual_edit\": false}]}, {\"question_n\": \"Q5.2\", \"prompt\": \"Translate the following into Language X:\", \"subprompts\": [{\"questionpart_n\": \"a.\", \"question\": \"Your sparrows waited for the mothers.\", \"answer\": \"nohka\u0328p'xiho amanu\u0328ya\", \"matches_human_scoring\": false, \"fuzzy_matching\": false, \"manual_edit\": false}, {\"questionpart_n\": \"b.\", \"question\": \"The heads saw the blanket.\", \"answer\": \"kaxi amanaho\u0328\", \"matches_human_scoring\": false, \"fuzzy_matching\": false, \"manual_edit\": false}, {\"questionpart_n\": \"c.\", \"question\": \"Our eyes saw the heads.\", \"answer\": \"nap'paxi ap'kaho\u0328\", \"matches_human_scoring\": false, \"fuzzy_matching\": false, \"manual_edit\": false}, {\"questionpart_n\": \"d.\", \"question\": \"Their deer waited for the brother.\", \"answer\": \"ami\u0328xu\u0328 ke\u0328t'ya\", \"matches_human_scoring\": false, \"fuzzy_matching\": false, \"manual_edit\": false}]}]",
    "obfuscated": "True",
    "obf_num": "18",
    "mapping": {
        "a": "u\u0328",
        "i": "a",
        "e": "i",
        "o": "e",
        "a\u0328": "o",
        "i\u0328": "a\u0328",
        "e\u0328": "i\u0328",
        "o\u0328": "e\u0328",
        "u\u0328": "o\u0328",
        "p": "m",
        "k": "n",
        "c": "p",
        "p'": "k",
        "t'": "c",
        "w": "p'",
        "y": "t'",
        "h": "w",
        "x": "y",
        "m": "h",
        "n": "x"
    }
}