{
    "json_invalid": false,
    "preamble": "Problem 5. Language X (25 marks)\n  ",
    "context": "Below are some sentences in Language X and their English translations. Note that \u0105, \u0119, \u012f, \u01eb and \u0173 are nasal vowels, while p\u2019, t\u2019 and y are consonants. Language X is a tonal language, but here tones have been omitted for simplicity. Note also that here \u201cdeer\u201d is used exclusively to refer to one deer, while \u201cdeers\u201d is used to refer to multiple deers.\n\nLanguage X\tEnglish\nyop'wu\u0328t'a\u0328p'e\u0328 owokip'i\tOur deers saw the cedar.\nye\u0328yet'e wu\u0328co\tYour mother waited for the deer.\nop'kit'a\u0328p'e\u0328 mi\u0328pp'e\u0328mu\u0328\tTheir cedar hit the person.\nonyot'a\u0328 onxop'e\u0328mu\u0328\tTheir blankets hit the heads.\nyoxapt'e oxo\u0328nco\tOur brother waited for the sparrows.\nye\u0328nhot'a\u0328 oxapp'i\tYour eyes saw the brother.\nmi\u0328pt'e oyoco\tThe person waited for the blanket.\nyet'a\u0328p'e\u0328 oxo\u0328np'e\u0328mu\u0328\tThe mothers hit the sparrow.\ne\u0328p'hot'a\u0328p'e\u0328 oxapp'i\tHis eye saw the brothers.\ne\u0328p'xapt'a\u0328p'e\u0328 onhop'i\tHis brothers saw the eyes.\nyot'a\u0328 owowu\u0328p'e\u0328mu\u0328\tThe blankets hit the deers.\n\nNB: some of the Language X sentences above would be considered odd by a native Language X speaker, who would use a passive construction instead. For simplicity, an active construction has been used here in all cases.",
    "questions": "[{\"question_n\": \"Q5.1\", \"prompt\": \"Translate the following into English:\", \"subprompts\": [{\"questionpart_n\": \"a.\", \"question\": \"op'mi\u0328pt'a\u0328p'e\u0328 onkip'i\", \"answer\": \"Their people saw the cedars.\", \"matches_human_scoring\": false, \"fuzzy_matching\": false, \"manual_edit\": false}, {\"questionpart_n\": \"b.\", \"question\": \"e\u0328wu\u0328t'e yep'e\u0328mu\u0328\", \"answer\": \"His deer hit the mother.\", \"matches_human_scoring\": false, \"fuzzy_matching\": false, \"manual_edit\": false}, {\"questionpart_n\": \"c.\", \"question\": \"e\u0328nkit'a\u0328 owomi\u0328pp'e\u0328mu\u0328\", \"answer\": \"His cedars hit the people.\", \"matches_human_scoring\": false, \"fuzzy_matching\": false, \"manual_edit\": false}, {\"questionpart_n\": \"d.\", \"question\": \"xo\u0328nt'a\u0328p'e\u0328 owowu\u0328co\", \"answer\": \"The sparrows waited for the deers.\", \"matches_human_scoring\": false, \"fuzzy_matching\": false, \"manual_edit\": false}]}, {\"question_n\": \"Q5.2\", \"prompt\": \"Translate the following into Language X:\", \"subprompts\": [{\"questionpart_n\": \"a.\", \"question\": \"Your sparrows waited for the mothers.\", \"answer\": \"ye\u0328p'xo\u0328nt'a\u0328p'e\u0328 owoyeco\", \"matches_human_scoring\": false, \"fuzzy_matching\": false, \"manual_edit\": false}, {\"questionpart_n\": \"b.\", \"question\": \"The heads saw the blanket.\", \"answer\": \"xot'a\u0328 owoyop'i\", \"matches_human_scoring\": false, \"fuzzy_matching\": false, \"manual_edit\": false}, {\"questionpart_n\": \"c.\", \"question\": \"Our eyes saw the heads.\", \"answer\": \"yonhot'a\u0328 onxop'i\", \"matches_human_scoring\": false, \"fuzzy_matching\": false, \"manual_edit\": false}, {\"questionpart_n\": \"d.\", \"question\": \"Their deer waited for the brother.\", \"answer\": \"owu\u0328t'e xapco\", \"matches_human_scoring\": false, \"fuzzy_matching\": false, \"manual_edit\": false}]}]",
    "obfuscated": "True",
    "obf_num": "19",
    "mapping": {
        "a": "e",
        "i": "o",
        "e": "a\u0328",
        "o": "i\u0328",
        "a\u0328": "e\u0328",
        "i\u0328": "o\u0328",
        "e\u0328": "u\u0328",
        "o\u0328": "a",
        "u\u0328": "i",
        "p": "w",
        "k": "y",
        "c": "h",
        "p'": "x",
        "t'": "m",
        "w": "n",
        "y": "p",
        "h": "k",
        "x": "c",
        "m": "p'",
        "n": "t'"
    }
}