{
    "json_invalid": false,
    "preamble": "Problem 5. Language X (20 marks)\n  ",
    "context": "Examine the following words in Language X and their translations\nPronunciation notes: \u0268 and \u0259 are special vowel sounds of Language X. The apostrophe \u2019 after a consonant means that the  consonant  slightly  changes  its  pronunciation:\nconsonants with and without the apostrophe are different in the language.\n\ntujzak\u2019ok \t towards the house\nvenollunesk\u2019il\tof your (sg.) desks\nv\u0259les\t your (sg.) dog\nvajsles\u2019\ttheir knife\nzi\u0268llunes\u2019\this wolves\nn\u2019ijik\u2019il\tof my forest\nvajsik\u2019o\tfor the sake of my knife\nseuneszis\twith your (sg.) lakes\ntujzaunk\u2019\u0268r\tfrom the houses\nparruni\tmy swans\nz\u0259zes\u2019zis\twith his foot\nt\u0268esk\u2019ok\ttowards your (sg.) hand",
    "questions": "[{\"question_n\": \"5.1 \", \"prompt\": \"Translate the following Language X words into English:\", \"subprompts\": [{\"questionpart_n\": \"a\", \"question\": \"venoles\u2019k\u2019\u0268r\", \"answer\": \"from his desk\", \"matches_human_scoring\": false, \"fuzzy_matching\": false, \"manual_edit\": false}, {\"questionpart_n\": \"b\", \"question\": \"n\u2019ijjunk\u2019il\", \"answer\": \"of the forests\", \"matches_human_scoring\": false, \"fuzzy_matching\": false, \"manual_edit\": false}, {\"questionpart_n\": \"c\", \"question\": \"v\u0259lles\", \"answer\": \"your (pl.) dog\", \"matches_human_scoring\": false, \"fuzzy_matching\": false, \"manual_edit\": false}, {\"questionpart_n\": \"d\", \"question\": \"park\u2019o\", \"answer\": \"for the sake of the swan\", \"matches_human_scoring\": false, \"fuzzy_matching\": false, \"manual_edit\": false}]}, {\"question_n\": \"5.2\", \"prompt\": \"Translate the following English phrases into Language X:\", \"subprompts\": [{\"questionpart_n\": \"a\", \"question\": \"his hands\", \"answer\": \"t\u0268unes\u2019\", \"matches_human_scoring\": false, \"fuzzy_matching\": false, \"manual_edit\": false}, {\"questionpart_n\": \"b\", \"question\": \"my knives\", \"answer\": \"vajssuni\", \"matches_human_scoring\": false, \"fuzzy_matching\": false, \"manual_edit\": false}, {\"questionpart_n\": \"c\", \"question\": \"of your (pl.) feet\", \"answer\": \"z\u0259zzunlesk\u2019il\", \"matches_human_scoring\": false, \"fuzzy_matching\": false, \"manual_edit\": false}, {\"questionpart_n\": \"d\", \"question\": \"for the sake of their house\", \"answer\": \"tujzales\u2019k\u2019o\", \"matches_human_scoring\": false, \"fuzzy_matching\": false, \"manual_edit\": false}]}]",
    "obfuscated": "True",
    "obf_num": "1",
    "mapping": {
        "a": "o",
        "e": "u",
        "i": "\u0268",
        "o": "\u0259",
        "u": "a",
        "\u0268": "e",
        "\u0259": "i",
        "n": "l",
        "p": "v",
        "t": "s",
        "k": "z",
        "r": "j",
        "l": "k\u2019",
        "v": "n\u2019",
        "s": "s\u2019",
        "z": "n",
        "j": "p",
        "k\u2019": "t",
        "n\u2019": "k",
        "s\u2019": "r"
    }
}