{
    "json_invalid": false,
    "preamble": "Problem 5. Language X (20 marks)\n  ",
    "context": "Examine the following words in Language X and their translations\nPronunciation notes: \u0268 and \u0259 are special vowel sounds of Language X. The apostrophe \u2019 after a consonant means that the  consonant  slightly  changes  its  pronunciation:\nconsonants with and without the apostrophe are different in the language.\n\nvins\u2019\u0268pes \t towards the house\nk\u2019\u0259rejjir\u0259n\u2019paj\tof your (sg.) desks\nk\u2019uj\u0259n\u2019\t your (sg.) dog\nk\u2019\u0268nn\u2019j\u0259k\ttheir knife\ns\u2019aojjir\u0259k\this wolves\ntanapaj\tof my forest\nk\u2019\u0268nn\u2019ape\tfor the sake of my knife\nn\u2019\u0259ir\u0259n\u2019s\u2019an\u2019\twith your (sg.) lakes\nvins\u2019\u0268irpoz\tfrom the houses\nl\u0268zzira\tmy swans\ns\u2019us\u2019\u0259ks\u2019an\u2019\twith his foot\nvo\u0259n\u2019pes\ttowards your (sg.) hand",
    "questions": "[{\"question_n\": \"5.1 \", \"prompt\": \"Translate the following Language X words into English:\", \"subprompts\": [{\"questionpart_n\": \"a\", \"question\": \"k\u2019\u0259rej\u0259kpoz\", \"answer\": \"from his desk\", \"matches_human_scoring\": false, \"fuzzy_matching\": false, \"manual_edit\": false}, {\"questionpart_n\": \"b\", \"question\": \"tannirpaj\", \"answer\": \"of the forests\", \"matches_human_scoring\": false, \"fuzzy_matching\": false, \"manual_edit\": false}, {\"questionpart_n\": \"c\", \"question\": \"k\u2019ujj\u0259n\u2019\", \"answer\": \"your (pl.) dog\", \"matches_human_scoring\": false, \"fuzzy_matching\": false, \"manual_edit\": false}, {\"questionpart_n\": \"d\", \"question\": \"l\u0268zpe\", \"answer\": \"for the sake of the swan\", \"matches_human_scoring\": false, \"fuzzy_matching\": false, \"manual_edit\": false}]}, {\"question_n\": \"5.2\", \"prompt\": \"Translate the following English phrases into Language X:\", \"subprompts\": [{\"questionpart_n\": \"a\", \"question\": \"his hands\", \"answer\": \"voir\u0259k\", \"matches_human_scoring\": false, \"fuzzy_matching\": false, \"manual_edit\": false}, {\"questionpart_n\": \"b\", \"question\": \"my knives\", \"answer\": \"k\u2019\u0268nn\u2019n\u2019ira\", \"matches_human_scoring\": false, \"fuzzy_matching\": false, \"manual_edit\": false}, {\"questionpart_n\": \"c\", \"question\": \"of your (pl.) feet\", \"answer\": \"s\u2019us\u2019s\u2019irj\u0259n\u2019paj\", \"matches_human_scoring\": false, \"fuzzy_matching\": false, \"manual_edit\": false}, {\"questionpart_n\": \"d\", \"question\": \"for the sake of their house\", \"answer\": \"vins\u2019\u0268j\u0259kpe\", \"matches_human_scoring\": false, \"fuzzy_matching\": false, \"manual_edit\": false}]}]",
    "obfuscated": "True",
    "obf_num": "16",
    "mapping": {
        "a": "e",
        "e": "i",
        "i": "o",
        "o": "u",
        "u": "\u0268",
        "\u0268": "\u0259",
        "\u0259": "a",
        "n": "j",
        "p": "k\u2019",
        "t": "n\u2019",
        "k": "s\u2019",
        "r": "n",
        "l": "p",
        "v": "t",
        "s": "k",
        "z": "r",
        "j": "l",
        "k\u2019": "v",
        "n\u2019": "s",
        "s\u2019": "z"
    }
}