{
    "json_invalid": false,
    "preamble": "Problem 6. Language X (15 marks)\n",
    "context": "Below are some questions in Language X, in a random order, and their English translations, in alphabetical order. Note that \u00eb is a vowel and \u00e7 is a consonant.\n\n1.\tBfi ajda ka Angli?\ta)\tDid you drink anything?\n2.\tGe\u0308ld oe jodo?\tb)\tDid you kill someone?\n3.\tGa rmee\u0308?\tc)\tHow did you dance?\n4.\tBfi oe jodi?\td)\tHow much did he cut?\n5.\tGe\u0308m enodo ka Angli?\te)\tWhat did he buy?\n6.\tGe\u0308j ajda qedo?\tf)\tWhat did you drink?\n7.\tGe\u0308m tafuri jshob?\tg)\tWhat is this?\n8.\tFe bmie\u0308?\th)\tWhen did he sell it to him?\n9.\tGe\u0308 ajda o edo?\ti)\tWhen did he arrive in England?\n10.\tSrrema cpie\u0308?\tj)\tWhen did you learn Language X?\n11.\tGe\u0308j ajda ka Angli?\tk)\tWhere is his father?\n12.\tFo gamgjiri?\tl)\tWhere did the cat go?\n13.\tSrrema ajda glu?\tm)\tWho did he wash?\n14.\tGe\u0308 reldo tegjle?\tn)\tWho did he sell it to?\n15.\tGa pee\u0308?\to)\tWho did he kill?\n16.\tE rmeri c\u0327oga?\tp)\tWho is in England?\n17.\tSrrema bori?\tq)\tWho is ready?\n18.\tGe\u0308m oe jodo?\tr)\tWho is this?\n19.\tGe\u0308j ajda glu?\ts)\tWhy did you sell it to him?\n20.\tE bori va?\tt)\tWhy did you learn Language X?\n21.\tBfi tafuri jshob?\tu)\tWhy is he in England?",
    "questions": "[{\"question_n\": \"Q 6.1\", \"prompt\": \"Match the Language X sentences to their English translations. Write the corresponding letter of the word that matches the numbered item.\", \"subprompts\": [{\"questionpart_n\": \"1.\", \"question\": \"1. Bfi ajda ka Angli?\", \"answer\": \"U\", \"matches_human_scoring\": false, \"fuzzy_matching\": false, \"manual_edit\": false}, {\"questionpart_n\": \"2.\", \"question\": \"2. Ge\u0308ld oe jodo?\", \"answer\": \"N\", \"matches_human_scoring\": false, \"fuzzy_matching\": false, \"manual_edit\": false}, {\"questionpart_n\": \"3.\", \"question\": \"3. Ga rmee\u0308?\", \"answer\": \"O\", \"matches_human_scoring\": false, \"fuzzy_matching\": false, \"manual_edit\": false}, {\"questionpart_n\": \"4.\", \"question\": \"4. Bfi oe jodi?\", \"answer\": \"S\", \"matches_human_scoring\": false, \"fuzzy_matching\": false, \"manual_edit\": false}, {\"questionpart_n\": \"5.\", \"question\": \"5. Ge\u0308m enodo ka Angli?\", \"answer\": \"I\", \"matches_human_scoring\": false, \"fuzzy_matching\": false, \"manual_edit\": false}, {\"questionpart_n\": \"6.\", \"question\": \"6. Ge\u0308j ajda qedo?\", \"answer\": \"Q\", \"matches_human_scoring\": false, \"fuzzy_matching\": false, \"manual_edit\": false}, {\"questionpart_n\": \"7.\", \"question\": \"7. Ge\u0308m tafuri jshob?\", \"answer\": \"J\", \"matches_human_scoring\": false, \"fuzzy_matching\": false, \"manual_edit\": false}, {\"questionpart_n\": \"8.\", \"question\": \"8. Fe bmie\u0308?\", \"answer\": \"D\", \"matches_human_scoring\": false, \"fuzzy_matching\": false, \"manual_edit\": false}, {\"questionpart_n\": \"9.\", \"question\": \"9. Ge\u0308 ajda o edo?\", \"answer\": \"K\", \"matches_human_scoring\": false, \"fuzzy_matching\": false, \"manual_edit\": false}, {\"questionpart_n\": \"10.\", \"question\": \"10. Srrema cpie\u0308?\", \"answer\": \"E\", \"matches_human_scoring\": false, \"fuzzy_matching\": false, \"manual_edit\": false}, {\"questionpart_n\": \"11.\", \"question\": \"11. Ge\u0308j ajda ka Angli?\", \"answer\": \"P\", \"matches_human_scoring\": false, \"fuzzy_matching\": false, \"manual_edit\": false}, {\"questionpart_n\": \"12.\", \"question\": \"12. Fo gamgjiri?\", \"answer\": \"C\", \"matches_human_scoring\": false, \"fuzzy_matching\": false, \"manual_edit\": false}, {\"questionpart_n\": \"13.\", \"question\": \"13. Srrema ajda glu?\", \"answer\": \"G\", \"matches_human_scoring\": false, \"fuzzy_matching\": false, \"manual_edit\": false}, {\"questionpart_n\": \"14.\", \"question\": \"14. Ge\u0308 reldo tegjle?\", \"answer\": \"L\", \"matches_human_scoring\": false, \"fuzzy_matching\": false, \"manual_edit\": false}, {\"questionpart_n\": \"15.\", \"question\": \"15. Ga pee\u0308?\", \"answer\": \"M\", \"matches_human_scoring\": false, \"fuzzy_matching\": false, \"manual_edit\": false}, {\"questionpart_n\": \"16.\", \"question\": \"16. E rmeri c\u0327oga?\", \"answer\": \"B\", \"matches_human_scoring\": false, \"fuzzy_matching\": false, \"manual_edit\": false}, {\"questionpart_n\": \"17.\", \"question\": \"17. Srrema bori?\", \"answer\": \"F\", \"matches_human_scoring\": false, \"fuzzy_matching\": false, \"manual_edit\": false}, {\"questionpart_n\": \"18.\", \"question\": \"18. Ge\u0308m oe jodo?\", \"answer\": \"H\", \"matches_human_scoring\": false, \"fuzzy_matching\": false, \"manual_edit\": false}, {\"questionpart_n\": \"19.\", \"question\": \"19. Ge\u0308j ajda glu?\", \"answer\": \"R\", \"matches_human_scoring\": false, \"fuzzy_matching\": false, \"manual_edit\": false}, {\"questionpart_n\": \"20.\", \"question\": \"20. E bori va?\", \"answer\": \"A\", \"matches_human_scoring\": false, \"fuzzy_matching\": false, \"manual_edit\": false}, {\"questionpart_n\": \"21.\", \"question\": \"21. Bfi tafuri jshob?\", \"answer\": \"T\", \"matches_human_scoring\": false, \"fuzzy_matching\": false, \"manual_edit\": false}]}, {\"question_n\": \"Q 6.2\", \"prompt\": \"Translate to English:\", \"subprompts\": [{\"questionpart_n\": \"a.\", \"question\": \"Ge\u0308 gamgjie\u0308?\", \"answer\": \"Where did he dance?\", \"matches_human_scoring\": false, \"fuzzy_matching\": false, \"manual_edit\": false}, {\"questionpart_n\": \"b.\", \"question\": \"E ajda tegjle qedo?\", \"answer\": \"Is the cat ready?\", \"matches_human_scoring\": false, \"fuzzy_matching\": false, \"manual_edit\": false}, {\"questionpart_n\": \"c.\", \"question\": \"Srrema bmiri?\", \"answer\": \"What did you cut?\", \"matches_human_scoring\": false, \"fuzzy_matching\": false, \"manual_edit\": false}, {\"questionpart_n\": \"d.\", \"question\": \"E jodo va?\", \"answer\": \"Did he sell anything?\", \"matches_human_scoring\": false, \"fuzzy_matching\": false, \"manual_edit\": false}]}, {\"question_n\": \"Q 6.3\", \"prompt\": \"Translate to Language X:\", \"subprompts\": [{\"questionpart_n\": \"a.\", \"question\": \"How much did his father drink?\", \"answer\": \"Fe boe\u0308 o edo?\", \"matches_human_scoring\": false, \"fuzzy_matching\": false, \"manual_edit\": false}, {\"questionpart_n\": \"b.\", \"question\": \"Who sold it to him?\", \"answer\": \"Ge\u0308j oe jodo?\", \"matches_human_scoring\": false, \"fuzzy_matching\": false, \"manual_edit\": false}, {\"questionpart_n\": \"c.\", \"question\": \"How did the cat dance?\", \"answer\": \"Fo gamgjie\u0308 tegjle?\", \"matches_human_scoring\": false, \"fuzzy_matching\": false, \"manual_edit\": false}, {\"questionpart_n\": \"d.\", \"question\": \"Where did you arrive?\", \"answer\": \"Ge\u0308 enodi?\", \"matches_human_scoring\": false, \"fuzzy_matching\": false, \"manual_edit\": false}]}]",
    "obfuscated": "True",
    "obf_num": "2",
    "mapping": {
        "a": "e",
        "e": "i",
        "i": "o",
        "o": "u",
        "u": "e\u0308",
        "e\u0308": "a",
        "m": "t",
        "n": "k",
        "p": "b",
        "t": "d",
        "k": "g",
        "b": "c",
        "d": "c\u0327",
        "g": "q",
        "c": "gj",
        "c\u0327": "s",
        "q": "sh",
        "gj": "v",
        "s": "f",
        "sh": "j",
        "v": "r",
        "f": "rr",
        "j": "l",
        "r": "m",
        "rr": "n",
        "l": "p",
        "angli": "angli"
    }
}