{
    "json_invalid": false,
    "preamble": "Problem 6. Language X (15 marks)\n",
    "context": "Below are some questions in Language X, in a random order, and their English translations, in alphabetical order. Note that \u00eb is a vowel and \u00e7 is a consonant.\n\n1.\tMqa ugjnu lu Angli?\ta)\tDid you drink anything?\n2.\tPovn ee\u0308 gjene?\tb)\tDid you kill someone?\n3.\tPu sfe\u0308o?\tc)\tHow did you dance?\n4.\tMqa ee\u0308 gjena?\td)\tHow much did he cut?\n5.\tPof e\u0308jene lu Angli?\te)\tWhat did he buy?\n6.\tPogj ugjnu be\u0308ne?\tf)\tWhat did you drink?\n7.\tPof rruqisa gjcem?\tg)\tWhat is this?\n8.\tQe\u0308 mfao?\th)\tWhen did he sell it to him?\n9.\tPo ugjnu e e\u0308ne?\ti)\tWhen did he arrive in England?\n10.\tGshe\u0308fu trao?\tj)\tWhen did you learn Language X?\n11.\tPogj ugjnu lu Angli?\tk)\tWhere is his father?\n12.\tQe pufdasa?\tl)\tWhere did the cat go?\n13.\tGshe\u0308fu ugjnu pvi?\tm)\tWho did he wash?\n14.\tPo se\u0308vne rre\u0308dve\u0308?\tn)\tWho did he sell it to?\n15.\tPu re\u0308o?\to)\tWho did he kill?\n16.\tE\u0308 sfe\u0308sa kepu?\tp)\tWho is in England?\n17.\tGshe\u0308fu mesa?\tq)\tWho is ready?\n18.\tPof ee\u0308 gjene?\tr)\tWho is this?\n19.\tPogj ugjnu pvi?\ts)\tWhy did you sell it to him?\n20.\tE\u0308 mesa c\u0327u?\tt)\tWhy did you learn Language X?\n21.\tMqa rruqisa gjcem?\tu)\tWhy is he in England?",
    "questions": "[{\"question_n\": \"Q 6.1\", \"prompt\": \"Match the Language X sentences to their English translations. Write the corresponding letter of the word that matches the numbered item.\", \"subprompts\": [{\"questionpart_n\": \"1.\", \"question\": \"1. Mqa ugjnu lu Angli?\", \"answer\": \"U\", \"matches_human_scoring\": false, \"fuzzy_matching\": false, \"manual_edit\": false}, {\"questionpart_n\": \"2.\", \"question\": \"2. Povn ee\u0308 gjene?\", \"answer\": \"N\", \"matches_human_scoring\": false, \"fuzzy_matching\": false, \"manual_edit\": false}, {\"questionpart_n\": \"3.\", \"question\": \"3. Pu sfe\u0308o?\", \"answer\": \"O\", \"matches_human_scoring\": false, \"fuzzy_matching\": false, \"manual_edit\": false}, {\"questionpart_n\": \"4.\", \"question\": \"4. Mqa ee\u0308 gjena?\", \"answer\": \"S\", \"matches_human_scoring\": false, \"fuzzy_matching\": false, \"manual_edit\": false}, {\"questionpart_n\": \"5.\", \"question\": \"5. Pof e\u0308jene lu Angli?\", \"answer\": \"I\", \"matches_human_scoring\": false, \"fuzzy_matching\": false, \"manual_edit\": false}, {\"questionpart_n\": \"6.\", \"question\": \"6. Pogj ugjnu be\u0308ne?\", \"answer\": \"Q\", \"matches_human_scoring\": false, \"fuzzy_matching\": false, \"manual_edit\": false}, {\"questionpart_n\": \"7.\", \"question\": \"7. Pof rruqisa gjcem?\", \"answer\": \"J\", \"matches_human_scoring\": false, \"fuzzy_matching\": false, \"manual_edit\": false}, {\"questionpart_n\": \"8.\", \"question\": \"8. Qe\u0308 mfao?\", \"answer\": \"D\", \"matches_human_scoring\": false, \"fuzzy_matching\": false, \"manual_edit\": false}, {\"questionpart_n\": \"9.\", \"question\": \"9. Po ugjnu e e\u0308ne?\", \"answer\": \"K\", \"matches_human_scoring\": false, \"fuzzy_matching\": false, \"manual_edit\": false}, {\"questionpart_n\": \"10.\", \"question\": \"10. Gshe\u0308fu trao?\", \"answer\": \"E\", \"matches_human_scoring\": false, \"fuzzy_matching\": false, \"manual_edit\": false}, {\"questionpart_n\": \"11.\", \"question\": \"11. Pogj ugjnu lu Angli?\", \"answer\": \"P\", \"matches_human_scoring\": false, \"fuzzy_matching\": false, \"manual_edit\": false}, {\"questionpart_n\": \"12.\", \"question\": \"12. Qe pufdasa?\", \"answer\": \"C\", \"matches_human_scoring\": false, \"fuzzy_matching\": false, \"manual_edit\": false}, {\"questionpart_n\": \"13.\", \"question\": \"13. Gshe\u0308fu ugjnu pvi?\", \"answer\": \"G\", \"matches_human_scoring\": false, \"fuzzy_matching\": false, \"manual_edit\": false}, {\"questionpart_n\": \"14.\", \"question\": \"14. Po se\u0308vne rre\u0308dve\u0308?\", \"answer\": \"L\", \"matches_human_scoring\": false, \"fuzzy_matching\": false, \"manual_edit\": false}, {\"questionpart_n\": \"15.\", \"question\": \"15. Pu re\u0308o?\", \"answer\": \"M\", \"matches_human_scoring\": false, \"fuzzy_matching\": false, \"manual_edit\": false}, {\"questionpart_n\": \"16.\", \"question\": \"16. E\u0308 sfe\u0308sa kepu?\", \"answer\": \"B\", \"matches_human_scoring\": false, \"fuzzy_matching\": false, \"manual_edit\": false}, {\"questionpart_n\": \"17.\", \"question\": \"17. Gshe\u0308fu mesa?\", \"answer\": \"F\", \"matches_human_scoring\": false, \"fuzzy_matching\": false, \"manual_edit\": false}, {\"questionpart_n\": \"18.\", \"question\": \"18. Pof ee\u0308 gjene?\", \"answer\": \"H\", \"matches_human_scoring\": false, \"fuzzy_matching\": false, \"manual_edit\": false}, {\"questionpart_n\": \"19.\", \"question\": \"19. Pogj ugjnu pvi?\", \"answer\": \"R\", \"matches_human_scoring\": false, \"fuzzy_matching\": false, \"manual_edit\": false}, {\"questionpart_n\": \"20.\", \"question\": \"20. E\u0308 mesa c\u0327u?\", \"answer\": \"A\", \"matches_human_scoring\": false, \"fuzzy_matching\": false, \"manual_edit\": false}, {\"questionpart_n\": \"21.\", \"question\": \"21. Mqa rruqisa gjcem?\", \"answer\": \"T\", \"matches_human_scoring\": false, \"fuzzy_matching\": false, \"manual_edit\": false}]}, {\"question_n\": \"Q 6.2\", \"prompt\": \"Translate to English:\", \"subprompts\": [{\"questionpart_n\": \"a.\", \"question\": \"Po pufdao?\", \"answer\": \"Where did he dance?\", \"matches_human_scoring\": false, \"fuzzy_matching\": false, \"manual_edit\": false}, {\"questionpart_n\": \"b.\", \"question\": \"E\u0308 ugjnu rre\u0308dve\u0308 be\u0308ne?\", \"answer\": \"Is the cat ready?\", \"matches_human_scoring\": false, \"fuzzy_matching\": false, \"manual_edit\": false}, {\"questionpart_n\": \"c.\", \"question\": \"Gshe\u0308fu mfasa?\", \"answer\": \"What did you cut?\", \"matches_human_scoring\": false, \"fuzzy_matching\": false, \"manual_edit\": false}, {\"questionpart_n\": \"d.\", \"question\": \"E\u0308 gjene c\u0327u?\", \"answer\": \"Did he sell anything?\", \"matches_human_scoring\": false, \"fuzzy_matching\": false, \"manual_edit\": false}]}, {\"question_n\": \"Q 6.3\", \"prompt\": \"Translate to Language X:\", \"subprompts\": [{\"questionpart_n\": \"a.\", \"question\": \"How much did his father drink?\", \"answer\": \"Qe\u0308 meo e e\u0308ne?\", \"matches_human_scoring\": false, \"fuzzy_matching\": false, \"manual_edit\": false}, {\"questionpart_n\": \"b.\", \"question\": \"Who sold it to him?\", \"answer\": \"Pogj ee\u0308 gjene?\", \"matches_human_scoring\": false, \"fuzzy_matching\": false, \"manual_edit\": false}, {\"questionpart_n\": \"c.\", \"question\": \"How did the cat dance?\", \"answer\": \"Qe pufdao rre\u0308dve\u0308?\", \"matches_human_scoring\": false, \"fuzzy_matching\": false, \"manual_edit\": false}, {\"questionpart_n\": \"d.\", \"question\": \"Where did you arrive?\", \"answer\": \"Po e\u0308jena?\", \"matches_human_scoring\": false, \"fuzzy_matching\": false, \"manual_edit\": false}]}]",
    "obfuscated": "True",
    "obf_num": "22",
    "mapping": {
        "a": "e\u0308",
        "e": "a",
        "i": "e",
        "o": "i",
        "u": "o",
        "e\u0308": "u",
        "m": "rr",
        "n": "l",
        "p": "m",
        "t": "n",
        "k": "p",
        "b": "t",
        "d": "k",
        "g": "b",
        "c": "d",
        "c\u0327": "g",
        "q": "c",
        "gj": "c\u0327",
        "s": "q",
        "sh": "gj",
        "v": "s",
        "f": "sh",
        "j": "v",
        "r": "f",
        "rr": "j",
        "l": "r",
        "angli": "angli"
    }
}