{
    "json_invalid": false,
    "preamble": "Problem 6. Language X (15 marks)\n",
    "context": "Below are some questions in Language X, in a random order, and their English translations, in alphabetical order. Note that \u00eb is a vowel and \u00e7 is a consonant.\n\n1.\tC\u0327lu imqi ci Angli?\ta)\tDid you drink anything?\n2.\tGjetq e\u0308o me\u0308qe\u0308?\tb)\tDid you kill someone?\n3.\tGji nkoe?\tc)\tHow did you dance?\n4.\tC\u0327lu e\u0308o me\u0308qu?\td)\tHow much did he cut?\n5.\tGjek obe\u0308qe\u0308 ci Angli?\te)\tWhat did he buy?\n6.\tGjem imqi voqe\u0308?\tf)\tWhat did you drink?\n7.\tGjek gilanu mre\u0308c\u0327?\tg)\tWhat is this?\n8.\tLo c\u0327kue?\th)\tWhen did he sell it to him?\n9.\tGje imqi e\u0308 oqe\u0308?\ti)\tWhen did he arrive in England?\n10.\tJpoki sdue?\tj)\tWhen did you learn Language X?\n11.\tGjem imqi ci Angli?\tk)\tWhere is his father?\n12.\tLe\u0308 gjikfunu?\tl)\tWhere did the cat go?\n13.\tJpoki imqi gjta?\tm)\tWho did he wash?\n14.\tGje notqe\u0308 gofto?\tn)\tWho did he sell it to?\n15.\tGji doe?\to)\tWho did he kill?\n16.\tO nkonu she\u0308gji?\tp)\tWho is in England?\n17.\tJpoki c\u0327e\u0308nu?\tq)\tWho is ready?\n18.\tGjek e\u0308o me\u0308qe\u0308?\tr)\tWho is this?\n19.\tGjem imqi gjta?\ts)\tWhy did you sell it to him?\n20.\tO c\u0327e\u0308nu rri?\tt)\tWhy did you learn Language X?\n21.\tC\u0327lu gilanu mre\u0308c\u0327?\tu)\tWhy is he in England?",
    "questions": "[{\"question_n\": \"Q 6.1\", \"prompt\": \"Match the Language X sentences to their English translations. Write the corresponding letter of the word that matches the numbered item.\", \"subprompts\": [{\"questionpart_n\": \"1.\", \"question\": \"1. C\u0327lu imqi ci Angli?\", \"answer\": \"U\", \"matches_human_scoring\": false, \"fuzzy_matching\": false, \"manual_edit\": false}, {\"questionpart_n\": \"2.\", \"question\": \"2. Gjetq e\u0308o me\u0308qe\u0308?\", \"answer\": \"N\", \"matches_human_scoring\": false, \"fuzzy_matching\": false, \"manual_edit\": false}, {\"questionpart_n\": \"3.\", \"question\": \"3. Gji nkoe?\", \"answer\": \"O\", \"matches_human_scoring\": false, \"fuzzy_matching\": false, \"manual_edit\": false}, {\"questionpart_n\": \"4.\", \"question\": \"4. C\u0327lu e\u0308o me\u0308qu?\", \"answer\": \"S\", \"matches_human_scoring\": false, \"fuzzy_matching\": false, \"manual_edit\": false}, {\"questionpart_n\": \"5.\", \"question\": \"5. Gjek obe\u0308qe\u0308 ci Angli?\", \"answer\": \"I\", \"matches_human_scoring\": false, \"fuzzy_matching\": false, \"manual_edit\": false}, {\"questionpart_n\": \"6.\", \"question\": \"6. Gjem imqi voqe\u0308?\", \"answer\": \"Q\", \"matches_human_scoring\": false, \"fuzzy_matching\": false, \"manual_edit\": false}, {\"questionpart_n\": \"7.\", \"question\": \"7. Gjek gilanu mre\u0308c\u0327?\", \"answer\": \"J\", \"matches_human_scoring\": false, \"fuzzy_matching\": false, \"manual_edit\": false}, {\"questionpart_n\": \"8.\", \"question\": \"8. Lo c\u0327kue?\", \"answer\": \"D\", \"matches_human_scoring\": false, \"fuzzy_matching\": false, \"manual_edit\": false}, {\"questionpart_n\": \"9.\", \"question\": \"9. Gje imqi e\u0308 oqe\u0308?\", \"answer\": \"K\", \"matches_human_scoring\": false, \"fuzzy_matching\": false, \"manual_edit\": false}, {\"questionpart_n\": \"10.\", \"question\": \"10. Jpoki sdue?\", \"answer\": \"E\", \"matches_human_scoring\": false, \"fuzzy_matching\": false, \"manual_edit\": false}, {\"questionpart_n\": \"11.\", \"question\": \"11. Gjem imqi ci Angli?\", \"answer\": \"P\", \"matches_human_scoring\": false, \"fuzzy_matching\": false, \"manual_edit\": false}, {\"questionpart_n\": \"12.\", \"question\": \"12. Le\u0308 gjikfunu?\", \"answer\": \"C\", \"matches_human_scoring\": false, \"fuzzy_matching\": false, \"manual_edit\": false}, {\"questionpart_n\": \"13.\", \"question\": \"13. Jpoki imqi gjta?\", \"answer\": \"G\", \"matches_human_scoring\": false, \"fuzzy_matching\": false, \"manual_edit\": false}, {\"questionpart_n\": \"14.\", \"question\": \"14. Gje notqe\u0308 gofto?\", \"answer\": \"L\", \"matches_human_scoring\": false, \"fuzzy_matching\": false, \"manual_edit\": false}, {\"questionpart_n\": \"15.\", \"question\": \"15. Gji doe?\", \"answer\": \"M\", \"matches_human_scoring\": false, \"fuzzy_matching\": false, \"manual_edit\": false}, {\"questionpart_n\": \"16.\", \"question\": \"16. O nkonu she\u0308gji?\", \"answer\": \"B\", \"matches_human_scoring\": false, \"fuzzy_matching\": false, \"manual_edit\": false}, {\"questionpart_n\": \"17.\", \"question\": \"17. Jpoki c\u0327e\u0308nu?\", \"answer\": \"F\", \"matches_human_scoring\": false, \"fuzzy_matching\": false, \"manual_edit\": false}, {\"questionpart_n\": \"18.\", \"question\": \"18. Gjek e\u0308o me\u0308qe\u0308?\", \"answer\": \"H\", \"matches_human_scoring\": false, \"fuzzy_matching\": false, \"manual_edit\": false}, {\"questionpart_n\": \"19.\", \"question\": \"19. Gjem imqi gjta?\", \"answer\": \"R\", \"matches_human_scoring\": false, \"fuzzy_matching\": false, \"manual_edit\": false}, {\"questionpart_n\": \"20.\", \"question\": \"20. O c\u0327e\u0308nu rri?\", \"answer\": \"A\", \"matches_human_scoring\": false, \"fuzzy_matching\": false, \"manual_edit\": false}, {\"questionpart_n\": \"21.\", \"question\": \"21. C\u0327lu gilanu mre\u0308c\u0327?\", \"answer\": \"T\", \"matches_human_scoring\": false, \"fuzzy_matching\": false, \"manual_edit\": false}]}, {\"question_n\": \"Q 6.2\", \"prompt\": \"Translate to English:\", \"subprompts\": [{\"questionpart_n\": \"a.\", \"question\": \"Gje gjikfue?\", \"answer\": \"Where did he dance?\", \"matches_human_scoring\": false, \"fuzzy_matching\": false, \"manual_edit\": false}, {\"questionpart_n\": \"b.\", \"question\": \"O imqi gofto voqe\u0308?\", \"answer\": \"Is the cat ready?\", \"matches_human_scoring\": false, \"fuzzy_matching\": false, \"manual_edit\": false}, {\"questionpart_n\": \"c.\", \"question\": \"Jpoki c\u0327kunu?\", \"answer\": \"What did you cut?\", \"matches_human_scoring\": false, \"fuzzy_matching\": false, \"manual_edit\": false}, {\"questionpart_n\": \"d.\", \"question\": \"O me\u0308qe\u0308 rri?\", \"answer\": \"Did he sell anything?\", \"matches_human_scoring\": false, \"fuzzy_matching\": false, \"manual_edit\": false}]}, {\"question_n\": \"Q 6.3\", \"prompt\": \"Translate to Language X:\", \"subprompts\": [{\"questionpart_n\": \"a.\", \"question\": \"How much did his father drink?\", \"answer\": \"Lo c\u0327e\u0308e e\u0308 oqe\u0308?\", \"matches_human_scoring\": false, \"fuzzy_matching\": false, \"manual_edit\": false}, {\"questionpart_n\": \"b.\", \"question\": \"Who sold it to him?\", \"answer\": \"Gjem e\u0308o me\u0308qe\u0308?\", \"matches_human_scoring\": false, \"fuzzy_matching\": false, \"manual_edit\": false}, {\"questionpart_n\": \"c.\", \"question\": \"How did the cat dance?\", \"answer\": \"Le\u0308 gjikfue gofto?\", \"matches_human_scoring\": false, \"fuzzy_matching\": false, \"manual_edit\": false}, {\"questionpart_n\": \"d.\", \"question\": \"Where did you arrive?\", \"answer\": \"Gje obe\u0308qu?\", \"matches_human_scoring\": false, \"fuzzy_matching\": false, \"manual_edit\": false}]}]",
    "obfuscated": "True",
    "obf_num": "18",
    "mapping": {
        "a": "o",
        "e": "u",
        "i": "e\u0308",
        "o": "a",
        "u": "e",
        "e\u0308": "i",
        "m": "g",
        "n": "c",
        "p": "c\u0327",
        "t": "q",
        "k": "gj",
        "b": "s",
        "d": "sh",
        "g": "v",
        "c": "f",
        "c\u0327": "j",
        "q": "r",
        "gj": "rr",
        "s": "l",
        "sh": "m",
        "v": "n",
        "f": "p",
        "j": "t",
        "r": "k",
        "rr": "b",
        "l": "d",
        "angli": "angli"
    }
}