{
    "json_invalid": false,
    "preamble": "Problem 6. Language X (15 marks)\n",
    "context": "Below are some questions in Language X, in a random order, and their English translations, in alphabetical order. Note that \u00eb is a vowel and \u00e7 is a consonant.\n\n1.\tMqe\u0308 ogjno lo Angli?\ta)\tDid you drink anything?\n2.\tPivn au gjana?\tb)\tDid you kill someone?\n3.\tPo sfui?\tc)\tHow did you dance?\n4.\tMqe\u0308 au gjane\u0308?\td)\tHow much did he cut?\n5.\tPif ujana lo Angli?\te)\tWhat did he buy?\n6.\tPigj ogjno buna?\tf)\tWhat did you drink?\n7.\tPif rroqese\u0308 gjcam?\tg)\tWhat is this?\n8.\tQu mfe\u0308i?\th)\tWhen did he sell it to him?\n9.\tPi ogjno a una?\ti)\tWhen did he arrive in England?\n10.\tGshufo tre\u0308i?\tj)\tWhen did you learn Language X?\n11.\tPigj ogjno lo Angli?\tk)\tWhere is his father?\n12.\tQa pofde\u0308se\u0308?\tl)\tWhere did the cat go?\n13.\tGshufo ogjno pve?\tm)\tWho did he wash?\n14.\tPi suvna rrudvu?\tn)\tWho did he sell it to?\n15.\tPo rui?\to)\tWho did he kill?\n16.\tU sfuse\u0308 kapo?\tp)\tWho is in England?\n17.\tGshufo mase\u0308?\tq)\tWho is ready?\n18.\tPif au gjana?\tr)\tWho is this?\n19.\tPigj ogjno pve?\ts)\tWhy did you sell it to him?\n20.\tU mase\u0308 c\u0327o?\tt)\tWhy did you learn Language X?\n21.\tMqe\u0308 rroqese\u0308 gjcam?\tu)\tWhy is he in England?",
    "questions": "[{\"question_n\": \"Q 6.1\", \"prompt\": \"Match the Language X sentences to their English translations. Write the corresponding letter of the word that matches the numbered item.\", \"subprompts\": [{\"questionpart_n\": \"1.\", \"question\": \"1. Mqe\u0308 ogjno lo Angli?\", \"answer\": \"U\", \"matches_human_scoring\": false, \"fuzzy_matching\": false, \"manual_edit\": false}, {\"questionpart_n\": \"2.\", \"question\": \"2. Pivn au gjana?\", \"answer\": \"N\", \"matches_human_scoring\": false, \"fuzzy_matching\": false, \"manual_edit\": false}, {\"questionpart_n\": \"3.\", \"question\": \"3. Po sfui?\", \"answer\": \"O\", \"matches_human_scoring\": false, \"fuzzy_matching\": false, \"manual_edit\": false}, {\"questionpart_n\": \"4.\", \"question\": \"4. Mqe\u0308 au gjane\u0308?\", \"answer\": \"S\", \"matches_human_scoring\": false, \"fuzzy_matching\": false, \"manual_edit\": false}, {\"questionpart_n\": \"5.\", \"question\": \"5. Pif ujana lo Angli?\", \"answer\": \"I\", \"matches_human_scoring\": false, \"fuzzy_matching\": false, \"manual_edit\": false}, {\"questionpart_n\": \"6.\", \"question\": \"6. Pigj ogjno buna?\", \"answer\": \"Q\", \"matches_human_scoring\": false, \"fuzzy_matching\": false, \"manual_edit\": false}, {\"questionpart_n\": \"7.\", \"question\": \"7. Pif rroqese\u0308 gjcam?\", \"answer\": \"J\", \"matches_human_scoring\": false, \"fuzzy_matching\": false, \"manual_edit\": false}, {\"questionpart_n\": \"8.\", \"question\": \"8. Qu mfe\u0308i?\", \"answer\": \"D\", \"matches_human_scoring\": false, \"fuzzy_matching\": false, \"manual_edit\": false}, {\"questionpart_n\": \"9.\", \"question\": \"9. Pi ogjno a una?\", \"answer\": \"K\", \"matches_human_scoring\": false, \"fuzzy_matching\": false, \"manual_edit\": false}, {\"questionpart_n\": \"10.\", \"question\": \"10. Gshufo tre\u0308i?\", \"answer\": \"E\", \"matches_human_scoring\": false, \"fuzzy_matching\": false, \"manual_edit\": false}, {\"questionpart_n\": \"11.\", \"question\": \"11. Pigj ogjno lo Angli?\", \"answer\": \"P\", \"matches_human_scoring\": false, \"fuzzy_matching\": false, \"manual_edit\": false}, {\"questionpart_n\": \"12.\", \"question\": \"12. Qa pofde\u0308se\u0308?\", \"answer\": \"C\", \"matches_human_scoring\": false, \"fuzzy_matching\": false, \"manual_edit\": false}, {\"questionpart_n\": \"13.\", \"question\": \"13. Gshufo ogjno pve?\", \"answer\": \"G\", \"matches_human_scoring\": false, \"fuzzy_matching\": false, \"manual_edit\": false}, {\"questionpart_n\": \"14.\", \"question\": \"14. Pi suvna rrudvu?\", \"answer\": \"L\", \"matches_human_scoring\": false, \"fuzzy_matching\": false, \"manual_edit\": false}, {\"questionpart_n\": \"15.\", \"question\": \"15. Po rui?\", \"answer\": \"M\", \"matches_human_scoring\": false, \"fuzzy_matching\": false, \"manual_edit\": false}, {\"questionpart_n\": \"16.\", \"question\": \"16. U sfuse\u0308 kapo?\", \"answer\": \"B\", \"matches_human_scoring\": false, \"fuzzy_matching\": false, \"manual_edit\": false}, {\"questionpart_n\": \"17.\", \"question\": \"17. Gshufo mase\u0308?\", \"answer\": \"F\", \"matches_human_scoring\": false, \"fuzzy_matching\": false, \"manual_edit\": false}, {\"questionpart_n\": \"18.\", \"question\": \"18. Pif au gjana?\", \"answer\": \"H\", \"matches_human_scoring\": false, \"fuzzy_matching\": false, \"manual_edit\": false}, {\"questionpart_n\": \"19.\", \"question\": \"19. Pigj ogjno pve?\", \"answer\": \"R\", \"matches_human_scoring\": false, \"fuzzy_matching\": false, \"manual_edit\": false}, {\"questionpart_n\": \"20.\", \"question\": \"20. U mase\u0308 c\u0327o?\", \"answer\": \"A\", \"matches_human_scoring\": false, \"fuzzy_matching\": false, \"manual_edit\": false}, {\"questionpart_n\": \"21.\", \"question\": \"21. Mqe\u0308 rroqese\u0308 gjcam?\", \"answer\": \"T\", \"matches_human_scoring\": false, \"fuzzy_matching\": false, \"manual_edit\": false}]}, {\"question_n\": \"Q 6.2\", \"prompt\": \"Translate to English:\", \"subprompts\": [{\"questionpart_n\": \"a.\", \"question\": \"Pi pofde\u0308i?\", \"answer\": \"Where did he dance?\", \"matches_human_scoring\": false, \"fuzzy_matching\": false, \"manual_edit\": false}, {\"questionpart_n\": \"b.\", \"question\": \"U ogjno rrudvu buna?\", \"answer\": \"Is the cat ready?\", \"matches_human_scoring\": false, \"fuzzy_matching\": false, \"manual_edit\": false}, {\"questionpart_n\": \"c.\", \"question\": \"Gshufo mfe\u0308se\u0308?\", \"answer\": \"What did you cut?\", \"matches_human_scoring\": false, \"fuzzy_matching\": false, \"manual_edit\": false}, {\"questionpart_n\": \"d.\", \"question\": \"U gjana c\u0327o?\", \"answer\": \"Did he sell anything?\", \"matches_human_scoring\": false, \"fuzzy_matching\": false, \"manual_edit\": false}]}, {\"question_n\": \"Q 6.3\", \"prompt\": \"Translate to Language X:\", \"subprompts\": [{\"questionpart_n\": \"a.\", \"question\": \"How much did his father drink?\", \"answer\": \"Qu mai a una?\", \"matches_human_scoring\": false, \"fuzzy_matching\": false, \"manual_edit\": false}, {\"questionpart_n\": \"b.\", \"question\": \"Who sold it to him?\", \"answer\": \"Pigj au gjana?\", \"matches_human_scoring\": false, \"fuzzy_matching\": false, \"manual_edit\": false}, {\"questionpart_n\": \"c.\", \"question\": \"How did the cat dance?\", \"answer\": \"Qa pofde\u0308i rrudvu?\", \"matches_human_scoring\": false, \"fuzzy_matching\": false, \"manual_edit\": false}, {\"questionpart_n\": \"d.\", \"question\": \"Where did you arrive?\", \"answer\": \"Pi ujane\u0308?\", \"matches_human_scoring\": false, \"fuzzy_matching\": false, \"manual_edit\": false}]}]",
    "obfuscated": "True",
    "obf_num": "14",
    "mapping": {
        "a": "u",
        "e": "e\u0308",
        "i": "a",
        "o": "e",
        "u": "i",
        "e\u0308": "o",
        "m": "rr",
        "n": "l",
        "p": "m",
        "t": "n",
        "k": "p",
        "b": "t",
        "d": "k",
        "g": "b",
        "c": "d",
        "c\u0327": "g",
        "q": "c",
        "gj": "c\u0327",
        "s": "q",
        "sh": "gj",
        "v": "s",
        "f": "sh",
        "j": "v",
        "r": "f",
        "rr": "j",
        "l": "r",
        "angli": "angli"
    }
}