{
    "json_invalid": false,
    "preamble": "Problem 6. Language X (15 marks)\n",
    "context": "Below are some questions in Language X, in a random order, and their English translations, in alphabetical order. Note that \u00eb is a vowel and \u00e7 is a consonant.\n\n1.\tDjo erge be Angli?\ta)\tDid you drink anything?\n2.\tCamg ui rugu?\tb)\tDid you kill someone?\n3.\tCe rrnia?\tc)\tHow did you dance?\n4.\tDjo ui rugo?\td)\tHow much did he cut?\n5.\tCan ipugu be Angli?\te)\tWhat did he buy?\n6.\tCar erge gjigu?\tf)\tWhat did you drink?\n7.\tCan keje\u0308rro rvud?\tg)\tWhat is this?\n8.\tJi dnoa?\th)\tWhen did he sell it to him?\n9.\tCa erge u igu?\ti)\tWhen did he arrive in England?\n10.\tShline c\u0327toa?\tj)\tWhen did you learn Language X?\n11.\tCar erge be Angli?\tk)\tWhere is his father?\n12.\tJu censorro?\tl)\tWhere did the cat go?\n13.\tShline erge cme\u0308?\tm)\tWho did he wash?\n14.\tCa rrimgu kismi?\tn)\tWho did he sell it to?\n15.\tCe tia?\to)\tWho did he kill?\n16.\tI rrnirro quce?\tp)\tWho is in England?\n17.\tShline durro?\tq)\tWho is ready?\n18.\tCan ui rugu?\tr)\tWho is this?\n19.\tCar erge cme\u0308?\ts)\tWhy did you sell it to him?\n20.\tI durro fe?\tt)\tWhy did you learn Language X?\n21.\tDjo keje\u0308rro rvud?\tu)\tWhy is he in England?",
    "questions": "[{\"question_n\": \"Q 6.1\", \"prompt\": \"Match the Language X sentences to their English translations. Write the corresponding letter of the word that matches the numbered item.\", \"subprompts\": [{\"questionpart_n\": \"1.\", \"question\": \"1. Djo erge be Angli?\", \"answer\": \"U\", \"matches_human_scoring\": false, \"fuzzy_matching\": false, \"manual_edit\": false}, {\"questionpart_n\": \"2.\", \"question\": \"2. Camg ui rugu?\", \"answer\": \"N\", \"matches_human_scoring\": false, \"fuzzy_matching\": false, \"manual_edit\": false}, {\"questionpart_n\": \"3.\", \"question\": \"3. Ce rrnia?\", \"answer\": \"O\", \"matches_human_scoring\": false, \"fuzzy_matching\": false, \"manual_edit\": false}, {\"questionpart_n\": \"4.\", \"question\": \"4. Djo ui rugo?\", \"answer\": \"S\", \"matches_human_scoring\": false, \"fuzzy_matching\": false, \"manual_edit\": false}, {\"questionpart_n\": \"5.\", \"question\": \"5. Can ipugu be Angli?\", \"answer\": \"I\", \"matches_human_scoring\": false, \"fuzzy_matching\": false, \"manual_edit\": false}, {\"questionpart_n\": \"6.\", \"question\": \"6. Car erge gjigu?\", \"answer\": \"Q\", \"matches_human_scoring\": false, \"fuzzy_matching\": false, \"manual_edit\": false}, {\"questionpart_n\": \"7.\", \"question\": \"7. Can keje\u0308rro rvud?\", \"answer\": \"J\", \"matches_human_scoring\": false, \"fuzzy_matching\": false, \"manual_edit\": false}, {\"questionpart_n\": \"8.\", \"question\": \"8. Ji dnoa?\", \"answer\": \"D\", \"matches_human_scoring\": false, \"fuzzy_matching\": false, \"manual_edit\": false}, {\"questionpart_n\": \"9.\", \"question\": \"9. Ca erge u igu?\", \"answer\": \"K\", \"matches_human_scoring\": false, \"fuzzy_matching\": false, \"manual_edit\": false}, {\"questionpart_n\": \"10.\", \"question\": \"10. Shline c\u0327toa?\", \"answer\": \"E\", \"matches_human_scoring\": false, \"fuzzy_matching\": false, \"manual_edit\": false}, {\"questionpart_n\": \"11.\", \"question\": \"11. Car erge be Angli?\", \"answer\": \"P\", \"matches_human_scoring\": false, \"fuzzy_matching\": false, \"manual_edit\": false}, {\"questionpart_n\": \"12.\", \"question\": \"12. Ju censorro?\", \"answer\": \"C\", \"matches_human_scoring\": false, \"fuzzy_matching\": false, \"manual_edit\": false}, {\"questionpart_n\": \"13.\", \"question\": \"13. Shline erge cme\u0308?\", \"answer\": \"G\", \"matches_human_scoring\": false, \"fuzzy_matching\": false, \"manual_edit\": false}, {\"questionpart_n\": \"14.\", \"question\": \"14. Ca rrimgu kismi?\", \"answer\": \"L\", \"matches_human_scoring\": false, \"fuzzy_matching\": false, \"manual_edit\": false}, {\"questionpart_n\": \"15.\", \"question\": \"15. Ce tia?\", \"answer\": \"M\", \"matches_human_scoring\": false, \"fuzzy_matching\": false, \"manual_edit\": false}, {\"questionpart_n\": \"16.\", \"question\": \"16. I rrnirro quce?\", \"answer\": \"B\", \"matches_human_scoring\": false, \"fuzzy_matching\": false, \"manual_edit\": false}, {\"questionpart_n\": \"17.\", \"question\": \"17. Shline durro?\", \"answer\": \"F\", \"matches_human_scoring\": false, \"fuzzy_matching\": false, \"manual_edit\": false}, {\"questionpart_n\": \"18.\", \"question\": \"18. Can ui rugu?\", \"answer\": \"H\", \"matches_human_scoring\": false, \"fuzzy_matching\": false, \"manual_edit\": false}, {\"questionpart_n\": \"19.\", \"question\": \"19. Car erge cme\u0308?\", \"answer\": \"R\", \"matches_human_scoring\": false, \"fuzzy_matching\": false, \"manual_edit\": false}, {\"questionpart_n\": \"20.\", \"question\": \"20. I durro fe?\", \"answer\": \"A\", \"matches_human_scoring\": false, \"fuzzy_matching\": false, \"manual_edit\": false}, {\"questionpart_n\": \"21.\", \"question\": \"21. Djo keje\u0308rro rvud?\", \"answer\": \"T\", \"matches_human_scoring\": false, \"fuzzy_matching\": false, \"manual_edit\": false}]}, {\"question_n\": \"Q 6.2\", \"prompt\": \"Translate to English:\", \"subprompts\": [{\"questionpart_n\": \"a.\", \"question\": \"Ca censoa?\", \"answer\": \"Where did he dance?\", \"matches_human_scoring\": false, \"fuzzy_matching\": false, \"manual_edit\": false}, {\"questionpart_n\": \"b.\", \"question\": \"I erge kismi gjigu?\", \"answer\": \"Is the cat ready?\", \"matches_human_scoring\": false, \"fuzzy_matching\": false, \"manual_edit\": false}, {\"questionpart_n\": \"c.\", \"question\": \"Shline dnorro?\", \"answer\": \"What did you cut?\", \"matches_human_scoring\": false, \"fuzzy_matching\": false, \"manual_edit\": false}, {\"questionpart_n\": \"d.\", \"question\": \"I rugu fe?\", \"answer\": \"Did he sell anything?\", \"matches_human_scoring\": false, \"fuzzy_matching\": false, \"manual_edit\": false}]}, {\"question_n\": \"Q 6.3\", \"prompt\": \"Translate to Language X:\", \"subprompts\": [{\"questionpart_n\": \"a.\", \"question\": \"How much did his father drink?\", \"answer\": \"Ji dua u igu?\", \"matches_human_scoring\": false, \"fuzzy_matching\": false, \"manual_edit\": false}, {\"questionpart_n\": \"b.\", \"question\": \"Who sold it to him?\", \"answer\": \"Car ui rugu?\", \"matches_human_scoring\": false, \"fuzzy_matching\": false, \"manual_edit\": false}, {\"questionpart_n\": \"c.\", \"question\": \"How did the cat dance?\", \"answer\": \"Ju censoa kismi?\", \"matches_human_scoring\": false, \"fuzzy_matching\": false, \"manual_edit\": false}, {\"questionpart_n\": \"d.\", \"question\": \"Where did you arrive?\", \"answer\": \"Ca ipugo?\", \"matches_human_scoring\": false, \"fuzzy_matching\": false, \"manual_edit\": false}]}]",
    "obfuscated": "True",
    "obf_num": "19",
    "mapping": {
        "a": "i",
        "e": "o",
        "i": "u",
        "o": "e\u0308",
        "u": "a",
        "e\u0308": "e",
        "m": "k",
        "n": "b",
        "p": "d",
        "t": "g",
        "k": "c",
        "b": "c\u0327",
        "d": "q",
        "g": "gj",
        "c": "s",
        "c\u0327": "sh",
        "q": "v",
        "gj": "f",
        "s": "j",
        "sh": "r",
        "v": "rr",
        "f": "l",
        "j": "m",
        "r": "n",
        "rr": "p",
        "l": "t",
        "angli": "angli"
    }
}