{
    "json_invalid": false,
    "preamble": "Problem 7. Language X (20 marks)\n Language X   has a complex but logical system of pronouns.",
    "context": "Below are thirteen groups of people, followed by how they would be referred to in Language X.\n\nrrilu\tme and my grandmother\nkumu\thim, his brother and his sister\nnumu\tyou, your sister and your grandson\nrriing\tme and my great-grandfather\nnulu\tyou and your brother\nrrimu\tme and my grandparents\nrruungnu\tyou and your aunt\nnumnya\tyou, your father and your mother\nrrimnya\tme, my son and my mother\nkumu\ther and her grandparents\nrriing\tme and my son\nrrimu\tme, my sister and my grandson\nrruungnu\ther and her great-granddaughter",
    "questions": "[{\"question_n\": \"Q 7.1\", \"prompt\": \"Give the correct Language X pronoun for the following groups of people:\", \"subprompts\": [{\"questionpart_n\": \"(a)\", \"question\": \"me and my father\", \"answer\": \"rriing\", \"matches_human_scoring\": false, \"fuzzy_matching\": false, \"manual_edit\": false}, {\"questionpart_n\": \"(b)\", \"question\": \"you and your granddaughter\", \"answer\": \"nulu\", \"matches_human_scoring\": false, \"fuzzy_matching\": false, \"manual_edit\": false}, {\"questionpart_n\": \"(c)\", \"question\": \"me, my uncle and my aunt\", \"answer\": \"rrimnya\", \"matches_human_scoring\": false, \"fuzzy_matching\": false, \"manual_edit\": false}, {\"questionpart_n\": \"(d)\", \"question\": \"him and his parents\", \"answer\": \"kumnya\", \"matches_human_scoring\": false, \"fuzzy_matching\": false, \"manual_edit\": false}, {\"questionpart_n\": \"(e)\", \"question\": \"her and her mother\", \"answer\": \"rruungnu\", \"matches_human_scoring\": false, \"fuzzy_matching\": false, \"manual_edit\": false}]}, {\"question_n\": \"Q 7.2\", \"prompt\": \"Which of the groups (a) \\u2013 (c) would be referred to with the pronoun kulu? Give the correct letter.\\n(a)\\tme and my uncle\\n(b)\\tyou, your brother and your grandfather\\n(c)\\ther and her sister\", \"subprompts\": [{\"questionpart_n\": \"(a)\", \"question\": \"\", \"answer\": \"[\\\"c\\\",\\\"(c)\\\"]\", \"matches_human_scoring\": false, \"fuzzy_matching\": false, \"manual_edit\": false}]}, {\"question_n\": \"Q 7.3\", \"prompt\": \"There is another pair of pronouns in Language X, binamu and binamnya, which refer to \\u201cyou, me and one other person\\u201d. Assuming that \\u201cI\\u201d and \\u201cyou\\u201d are brother and sister, which word would you use to refer to:\", \"subprompts\": [{\"questionpart_n\": \"(a)\", \"question\": \"you, me and our grandfather\", \"answer\": \"binamu\", \"matches_human_scoring\": false, \"fuzzy_matching\": false, \"manual_edit\": false}, {\"questionpart_n\": \"(b)\", \"question\": \"you, me and our aunt\", \"answer\": \"binamnya\", \"matches_human_scoring\": false, \"fuzzy_matching\": false, \"manual_edit\": false}]}]",
    "obfuscated": "True",
    "obf_num": "9",
    "mapping": {
        "a": "i",
        "i": "u",
        "u": "a",
        "m": "ny",
        "n": "ng",
        "ny": "rr",
        "ng": "b",
        "rr": "l",
        "b": "k",
        "l": "m",
        "k": "n"
    }
}