{
    "json_invalid": false,
    "preamble": "Problem 9. Language X (25 marks)\n  Language X is a   language, spoken by over a million people in Country X. It is one of the most-widely spoken indigenous languages  , and the second most spoken language in Country Z   .",
    "context": "Below are some sentences in Language X with their English\ntranslations.\n\njim loja\u2019k ri na ya\u2019\tMy cat isn\u2019t in the tree.\nkutz\u2019inim luj na tz\u2019a\tThe road is very big.\ns\u2019e sixin ri na pixil\tThere is a rash on his leg.\nli sulnex\u2019 wi na ma\u2019n ja\u2019k\tI am not buying the pretty cat.\nli qiwultucha\u2019m wi ri na six ite\u2019y\tI didn\u2019t wait for you in your red house.\nqulobosom na lujixil imwum\tThe tall teacher looked for me.\njim piyu\u2019un ri na suwumetz\u2019in\tHe doesn\u2019t have a friend at their school.\nni s\u2019e ob iti\tDo you have good food?\nli qotz\u2019il wi na x\u2019ix\u2019 ri na se\u2019y\tHe didn\u2019t make the fire in their house.\nqiwsuwumem\tThey taught you.\njim ti ri na lowumetz\u2019in\tThere is no food in my school.\nsulsubosom\tThey are looking for me.\ns\u2019e kutz\u2019inim ob itom\tYou have a very good book.\n",
    "questions": "[{\"question_n\": \"Q 9.1\", \"prompt\": \"Translate the following into English. If you think a sentence has two possible meanings, give both.\", \"subprompts\": [{\"questionpart_n\": \"(a)\", \"question\": \"jim ja\u2019k ri na pe\u2019y\", \"answer\": \"[\\\"The cat isn\\u2019t in his house., There isn\\u2019t a cat in his house.\\\", \\\"There isn\\u2019t a cat in his house., The cat isn\\u2019t in his house.\\\"]\", \"matches_human_scoring\": false, \"fuzzy_matching\": false, \"manual_edit\": false}, {\"questionpart_n\": \"(b)\", \"question\": \"li sobosom wi na sutom\", \"answer\": \"He isn\\u2019t looking for their book.\", \"matches_human_scoring\": false, \"fuzzy_matching\": false, \"manual_edit\": false}, {\"questionpart_n\": \"(c)\", \"question\": \"kutz\u2019inim lujixil na itiyu\u2019un\", \"answer\": \"Your friend is very tall.\", \"matches_human_scoring\": false, \"fuzzy_matching\": false, \"manual_edit\": false}, {\"questionpart_n\": \"(d)\", \"question\": \"ni kutz\u2019inim ma\u2019n na loya\u2019\", \"answer\": \"Is my tree very pretty?\", \"matches_human_scoring\": false, \"fuzzy_matching\": false, \"manual_edit\": false}, {\"questionpart_n\": \"(e)\", \"question\": \"sultz\u2019il na loti\", \"answer\": \"I am making my food.\", \"matches_human_scoring\": false, \"fuzzy_matching\": false, \"manual_edit\": false}]}, {\"question_n\": \"Q 9.2\", \"prompt\": \"Translate the following into Language X.\", \"subprompts\": [{\"questionpart_n\": \"(a)\", \"question\": \"He has a good teacher.\", \"answer\": \"s\u2019e  ob  pimwum\", \"matches_human_scoring\": false, \"fuzzy_matching\": false, \"manual_edit\": false}, {\"questionpart_n\": \"(b)\", \"question\": \"He waited for you.\", \"answer\": \"qiwotucha\u2019m\", \"matches_human_scoring\": false, \"fuzzy_matching\": false, \"manual_edit\": false}, {\"questionpart_n\": \"(c)\", \"question\": \"Is my red book in their tree?\", \"answer\": \"ni  s\u2019e six  lotom  ri  na suya\u2019\", \"matches_human_scoring\": false, \"fuzzy_matching\": false, \"manual_edit\": false}, {\"questionpart_n\": \"(d)\", \"question\": \"You didn't teach me in your school.\", \"answer\": \"li quliwwumem wi ri na iwumetz\u2019in\", \"matches_human_scoring\": false, \"fuzzy_matching\": false, \"manual_edit\": false}]}]",
    "obfuscated": "True",
    "obf_num": "27",
    "mapping": {
        "a": "i",
        "u": "o",
        "e": "a",
        "i": "u",
        "o": "e",
        "m": "j",
        "n": "l",
        "p": "r",
        "t": "w",
        "ch": "y",
        "k": "s",
        "q": "x",
        "b": "tz",
        "j": "m",
        "l": "n",
        "r": "p",
        "w": "t",
        "y": "ch",
        "s": "k",
        "x": "q",
        "tz": "b",
        "\u2019": "\u2019"
    }
}