{
    "json_invalid": false,
    "preamble": "Problem 9. Language X (25 marks)\n  Language X is a   language, spoken by over a million people in Country X. It is one of the most-widely spoken indigenous languages  , and the second most spoken language in Country Z   .",
    "context": "Below are some sentences in Language X with their English\ntranslations.\n\nchoy kachu\u2019n qo su ju\u2019\tMy cat isn\u2019t in the tree.\nnew\u2019osoy kech su w\u2019u\tThe road is very big.\nl\u2019i loros qo su xorok\tThere is a rash on his leg.\nko leksir\u2019 bo su yu\u2019s chu\u2019n\tI am not buying the pretty cat.\nko pobektzemu\u2019y bo qo su lor otzi\u2019j\tI didn\u2019t wait for you in your red house.\npekatalay su kechorok oybey\tThe tall teacher looked for me.\nchoy xoje\u2019es qo su lebeyiw\u2019os\tHe doesn\u2019t have a friend at their school.\nso l\u2019i at otzo\tDo you have good food?\nko paw\u2019ok bo su r\u2019or\u2019 qo su li\u2019j\tHe didn\u2019t make the fire in their house.\npoblebeyiy\tThey taught you.\nchoy tzo qo su kabeyiw\u2019os\tThere is no food in my school.\nlekletalay\tThey are looking for me.\nl\u2019i new\u2019osoy at otzay\tYou have a very good book.\n",
    "questions": "[{\"question_n\": \"Q 9.1\", \"prompt\": \"Translate the following into English. If you think a sentence has two possible meanings, give both.\", \"subprompts\": [{\"questionpart_n\": \"(a)\", \"question\": \"choy chu\u2019n qo su xi\u2019j\", \"answer\": \"[\\\"The cat isn\\u2019t in his house., There isn\\u2019t a cat in his house.\\\", \\\"There isn\\u2019t a cat in his house., The cat isn\\u2019t in his house.\\\"]\", \"matches_human_scoring\": false, \"fuzzy_matching\": false, \"manual_edit\": false}, {\"questionpart_n\": \"(b)\", \"question\": \"ko latalay bo su letzay\", \"answer\": \"He isn\\u2019t looking for their book.\", \"matches_human_scoring\": false, \"fuzzy_matching\": false, \"manual_edit\": false}, {\"questionpart_n\": \"(c)\", \"question\": \"new\u2019osoy kechorok su otzoje\u2019es\", \"answer\": \"Your friend is very tall.\", \"matches_human_scoring\": false, \"fuzzy_matching\": false, \"manual_edit\": false}, {\"questionpart_n\": \"(d)\", \"question\": \"so new\u2019osoy yu\u2019s su kaju\u2019\", \"answer\": \"Is my tree very pretty?\", \"matches_human_scoring\": false, \"fuzzy_matching\": false, \"manual_edit\": false}, {\"questionpart_n\": \"(e)\", \"question\": \"lekw\u2019ok su katzo\", \"answer\": \"I am making my food.\", \"matches_human_scoring\": false, \"fuzzy_matching\": false, \"manual_edit\": false}]}, {\"question_n\": \"Q 9.2\", \"prompt\": \"Translate the following into Language X.\", \"subprompts\": [{\"questionpart_n\": \"(a)\", \"question\": \"He has a good teacher.\", \"answer\": \"l\u2019i  at  xoybey\", \"matches_human_scoring\": false, \"fuzzy_matching\": false, \"manual_edit\": false}, {\"questionpart_n\": \"(b)\", \"question\": \"He waited for you.\", \"answer\": \"pobatzemu\u2019y\", \"matches_human_scoring\": false, \"fuzzy_matching\": false, \"manual_edit\": false}, {\"questionpart_n\": \"(c)\", \"question\": \"Is my red book in their tree?\", \"answer\": \"so  l\u2019i lor  katzay  qo  su leju\u2019\", \"matches_human_scoring\": false, \"fuzzy_matching\": false, \"manual_edit\": false}, {\"questionpart_n\": \"(d)\", \"question\": \"You didn't teach me in your school.\", \"answer\": \"ko pekobbeyiy bo qo su obeyiw\u2019os\", \"matches_human_scoring\": false, \"fuzzy_matching\": false, \"manual_edit\": false}]}]",
    "obfuscated": "True",
    "obf_num": "6",
    "mapping": {
        "a": "o",
        "u": "a",
        "e": "u",
        "i": "e",
        "o": "i",
        "m": "ch",
        "n": "k",
        "p": "q",
        "t": "b",
        "ch": "j",
        "k": "l",
        "q": "r",
        "b": "w",
        "j": "y",
        "l": "s",
        "r": "x",
        "w": "tz",
        "y": "m",
        "s": "n",
        "x": "p",
        "tz": "t",
        "\u2019": "\u2019"
    }
}