{
    "json_invalid": false,
    "preamble": "Problem 9. Language X (25 marks)\n  Language X is a   language, spoken by over a million people in Country X. It is one of the most-widely spoken indigenous languages  , and the second most spoken language in Country Z   .",
    "context": "Below are some sentences in Language X with their English\ntranslations.\n\nchuy kechi\u2019n qu si ji\u2019\tMy cat isn\u2019t in the tree.\nnow\u2019usuy koch si w\u2019i\tThe road is very big.\nl\u2019a lurus qu si xuruk\tThere is a rash on his leg.\nku loksar\u2019 bu si yi\u2019s chi\u2019n\tI am not buying the pretty cat.\nku puboktzomi\u2019y bu qu si lur utza\u2019j\tI didn\u2019t wait for you in your red house.\npoketeley si kochuruk uyboy\tThe tall teacher looked for me.\nchuy xujo\u2019os qu si loboyaw\u2019us\tHe doesn\u2019t have a friend at their school.\nsu l\u2019a et utzu\tDo you have good food?\nku pew\u2019uk bu si r\u2019ur\u2019 qu si la\u2019j\tHe didn\u2019t make the fire in their house.\npubloboyay\tThey taught you.\nchuy tzu qu si keboyaw\u2019us\tThere is no food in my school.\nlokloteley\tThey are looking for me.\nl\u2019a now\u2019usuy et utzey\tYou have a very good book.\n",
    "questions": "[{\"question_n\": \"Q 9.1\", \"prompt\": \"Translate the following into English. If you think a sentence has two possible meanings, give both.\", \"subprompts\": [{\"questionpart_n\": \"(a)\", \"question\": \"chuy chi\u2019n qu si xa\u2019j\", \"answer\": \"[\\\"The cat isn\\u2019t in his house., There isn\\u2019t a cat in his house.\\\", \\\"There isn\\u2019t a cat in his house., The cat isn\\u2019t in his house.\\\"]\", \"matches_human_scoring\": false, \"fuzzy_matching\": false, \"manual_edit\": false}, {\"questionpart_n\": \"(b)\", \"question\": \"ku leteley bu si lotzey\", \"answer\": \"He isn\\u2019t looking for their book.\", \"matches_human_scoring\": false, \"fuzzy_matching\": false, \"manual_edit\": false}, {\"questionpart_n\": \"(c)\", \"question\": \"now\u2019usuy kochuruk si utzujo\u2019os\", \"answer\": \"Your friend is very tall.\", \"matches_human_scoring\": false, \"fuzzy_matching\": false, \"manual_edit\": false}, {\"questionpart_n\": \"(d)\", \"question\": \"su now\u2019usuy yi\u2019s si keji\u2019\", \"answer\": \"Is my tree very pretty?\", \"matches_human_scoring\": false, \"fuzzy_matching\": false, \"manual_edit\": false}, {\"questionpart_n\": \"(e)\", \"question\": \"lokw\u2019uk si ketzu\", \"answer\": \"I am making my food.\", \"matches_human_scoring\": false, \"fuzzy_matching\": false, \"manual_edit\": false}]}, {\"question_n\": \"Q 9.2\", \"prompt\": \"Translate the following into Language X.\", \"subprompts\": [{\"questionpart_n\": \"(a)\", \"question\": \"He has a good teacher.\", \"answer\": \"l\u2019a  et  xuyboy\", \"matches_human_scoring\": false, \"fuzzy_matching\": false, \"manual_edit\": false}, {\"questionpart_n\": \"(b)\", \"question\": \"He waited for you.\", \"answer\": \"pubetzomi\u2019y\", \"matches_human_scoring\": false, \"fuzzy_matching\": false, \"manual_edit\": false}, {\"questionpart_n\": \"(c)\", \"question\": \"Is my red book in their tree?\", \"answer\": \"su  l\u2019a lur  ketzey  qu  si loji\u2019\", \"matches_human_scoring\": false, \"fuzzy_matching\": false, \"manual_edit\": false}, {\"questionpart_n\": \"(d)\", \"question\": \"You didn't teach me in your school.\", \"answer\": \"ku pokubboyay bu qu si uboyaw\u2019us\", \"matches_human_scoring\": false, \"fuzzy_matching\": false, \"manual_edit\": false}]}]",
    "obfuscated": "True",
    "obf_num": "10",
    "mapping": {
        "a": "u",
        "u": "e",
        "e": "i",
        "i": "o",
        "o": "a",
        "m": "ch",
        "n": "k",
        "p": "q",
        "t": "b",
        "ch": "j",
        "k": "l",
        "q": "r",
        "b": "w",
        "j": "y",
        "l": "s",
        "r": "x",
        "w": "tz",
        "y": "m",
        "s": "n",
        "x": "p",
        "tz": "t",
        "\u2019": "\u2019"
    }
}