{
    "json_invalid": false,
    "preamble": "Problem 9. Language X (25 marks)\n  Language X is a   language, spoken by over a million people in Country X. It is one of the most-widely spoken indigenous languages  , and the second most spoken language in Country Z   .",
    "context": "Below are some sentences in Language X with their English\ntranslations.\n\nkis qoka\u2019p bi xa la\u2019\tMy cat isn\u2019t in the tree.\npuy\u2019ixis quk xa y\u2019a\tThe road is very big.\nr\u2019e riwix bi xa tziwiq\tThere is a rash on his leg.\nqi ruqxew\u2019 ji xa sa\u2019x ka\u2019p\tI am not buying the pretty cat.\nqi tijuqmuna\u2019s ji bi xa riw ime\u2019l\tI didn\u2019t wait for you in your red house.\ntuqochoros xa qukiwiq isjus\tThe tall teacher looked for me.\nkis tzilu\u2019ux bi xa rujusey\u2019ix\tHe doesn\u2019t have a friend at their school.\nxi r\u2019e och imi\tDo you have good food?\nqi toy\u2019iq ji xa w\u2019iw\u2019 bi xa re\u2019l\tHe didn\u2019t make the fire in their house.\ntijrujuses\tThey taught you.\nkis mi bi xa qojusey\u2019ix\tThere is no food in my school.\nruqruchoros\tThey are looking for me.\nr\u2019e puy\u2019ixis och imos\tYou have a very good book.\n",
    "questions": "[{\"question_n\": \"Q 9.1\", \"prompt\": \"Translate the following into English. If you think a sentence has two possible meanings, give both.\", \"subprompts\": [{\"questionpart_n\": \"(a)\", \"question\": \"kis ka\u2019p bi xa tze\u2019l\", \"answer\": \"[\\\"The cat isn\\u2019t in his house., There isn\\u2019t a cat in his house.\\\", \\\"There isn\\u2019t a cat in his house., The cat isn\\u2019t in his house.\\\"]\", \"matches_human_scoring\": false, \"fuzzy_matching\": false, \"manual_edit\": false}, {\"questionpart_n\": \"(b)\", \"question\": \"qi rochoros ji xa rumos\", \"answer\": \"He isn\\u2019t looking for their book.\", \"matches_human_scoring\": false, \"fuzzy_matching\": false, \"manual_edit\": false}, {\"questionpart_n\": \"(c)\", \"question\": \"puy\u2019ixis qukiwiq xa imilu\u2019ux\", \"answer\": \"Your friend is very tall.\", \"matches_human_scoring\": false, \"fuzzy_matching\": false, \"manual_edit\": false}, {\"questionpart_n\": \"(d)\", \"question\": \"xi puy\u2019ixis sa\u2019x xa qola\u2019\", \"answer\": \"Is my tree very pretty?\", \"matches_human_scoring\": false, \"fuzzy_matching\": false, \"manual_edit\": false}, {\"questionpart_n\": \"(e)\", \"question\": \"ruqy\u2019iq xa qomi\", \"answer\": \"I am making my food.\", \"matches_human_scoring\": false, \"fuzzy_matching\": false, \"manual_edit\": false}]}, {\"question_n\": \"Q 9.2\", \"prompt\": \"Translate the following into Language X.\", \"subprompts\": [{\"questionpart_n\": \"(a)\", \"question\": \"He has a good teacher.\", \"answer\": \"r\u2019e  och  tzisjus\", \"matches_human_scoring\": false, \"fuzzy_matching\": false, \"manual_edit\": false}, {\"questionpart_n\": \"(b)\", \"question\": \"He waited for you.\", \"answer\": \"tijomuna\u2019s\", \"matches_human_scoring\": false, \"fuzzy_matching\": false, \"manual_edit\": false}, {\"questionpart_n\": \"(c)\", \"question\": \"Is my red book in their tree?\", \"answer\": \"xi  r\u2019e riw  qomos  bi  xa rula\u2019\", \"matches_human_scoring\": false, \"fuzzy_matching\": false, \"manual_edit\": false}, {\"questionpart_n\": \"(d)\", \"question\": \"You didn't teach me in your school.\", \"answer\": \"qi tuqijjuses ji bi xa ijusey\u2019ix\", \"matches_human_scoring\": false, \"fuzzy_matching\": false, \"manual_edit\": false}]}]",
    "obfuscated": "True",
    "obf_num": "26",
    "mapping": {
        "a": "i",
        "u": "o",
        "e": "a",
        "i": "u",
        "o": "e",
        "m": "k",
        "n": "q",
        "p": "b",
        "t": "j",
        "ch": "l",
        "k": "r",
        "q": "w",
        "b": "y",
        "j": "s",
        "l": "x",
        "r": "tz",
        "w": "m",
        "y": "n",
        "s": "p",
        "x": "t",
        "tz": "ch",
        "\u2019": "\u2019"
    }
}