{
    "json_invalid": false,
    "preamble": "Problem 9. Language X (25 marks)\n  Language X is a   language, spoken by over a million people in Country X. It is one of the most-widely spoken indigenous languages  , and the second most spoken language in Country Z   .",
    "context": "Below are some sentences in Language X with their English\ntranslations.\n\nqox baqu\u2019t jo tzu ru\u2019\tMy cat isn\u2019t in the tree.\ntes\u2019otzox beq tzu s\u2019u\tThe road is very big.\nw\u2019i woyotz jo tzu moyob\tThere is a rash on his leg.\nbo webtziy\u2019 lo tzu xu\u2019tz qu\u2019t\tI am not buying the pretty cat.\nbo cholebnepu\u2019x lo jo tzu woy oni\u2019r\tI didn\u2019t wait for you in your red house.\nchebakawax tzu beqoyob oxlex\tThe tall teacher looked for me.\nqox more\u2019etz jo tzu welexis\u2019otz\tHe doesn\u2019t have a friend at their school.\ntzo w\u2019i ak ono\tDo you have good food?\nbo chas\u2019ob lo tzu y\u2019oy\u2019 jo tzu wi\u2019r\tHe didn\u2019t make the fire in their house.\ncholwelexix\tThey taught you.\nqox no jo tzu balexis\u2019otz\tThere is no food in my school.\nwebwekawax\tThey are looking for me.\nw\u2019i tes\u2019otzox ak onax\tYou have a very good book.\n",
    "questions": "[{\"question_n\": \"Q 9.1\", \"prompt\": \"Translate the following into English. If you think a sentence has two possible meanings, give both.\", \"subprompts\": [{\"questionpart_n\": \"(a)\", \"question\": \"qox qu\u2019t jo tzu mi\u2019r\", \"answer\": \"[\\\"The cat isn\\u2019t in his house., There isn\\u2019t a cat in his house.\\\", \\\"There isn\\u2019t a cat in his house., The cat isn\\u2019t in his house.\\\"]\", \"matches_human_scoring\": false, \"fuzzy_matching\": false, \"manual_edit\": false}, {\"questionpart_n\": \"(b)\", \"question\": \"bo wakawax lo tzu wenax\", \"answer\": \"He isn\\u2019t looking for their book.\", \"matches_human_scoring\": false, \"fuzzy_matching\": false, \"manual_edit\": false}, {\"questionpart_n\": \"(c)\", \"question\": \"tes\u2019otzox beqoyob tzu onore\u2019etz\", \"answer\": \"Your friend is very tall.\", \"matches_human_scoring\": false, \"fuzzy_matching\": false, \"manual_edit\": false}, {\"questionpart_n\": \"(d)\", \"question\": \"tzo tes\u2019otzox xu\u2019tz tzu baru\u2019\", \"answer\": \"Is my tree very pretty?\", \"matches_human_scoring\": false, \"fuzzy_matching\": false, \"manual_edit\": false}, {\"questionpart_n\": \"(e)\", \"question\": \"webs\u2019ob tzu bano\", \"answer\": \"I am making my food.\", \"matches_human_scoring\": false, \"fuzzy_matching\": false, \"manual_edit\": false}]}, {\"question_n\": \"Q 9.2\", \"prompt\": \"Translate the following into Language X.\", \"subprompts\": [{\"questionpart_n\": \"(a)\", \"question\": \"He has a good teacher.\", \"answer\": \"w\u2019i  ak  moxlex\", \"matches_human_scoring\": false, \"fuzzy_matching\": false, \"manual_edit\": false}, {\"questionpart_n\": \"(b)\", \"question\": \"He waited for you.\", \"answer\": \"cholanepu\u2019x\", \"matches_human_scoring\": false, \"fuzzy_matching\": false, \"manual_edit\": false}, {\"questionpart_n\": \"(c)\", \"question\": \"Is my red book in their tree?\", \"answer\": \"tzo  w\u2019i woy  banax  jo  tzu weru\u2019\", \"matches_human_scoring\": false, \"fuzzy_matching\": false, \"manual_edit\": false}, {\"questionpart_n\": \"(d)\", \"question\": \"You didn't teach me in your school.\", \"answer\": \"bo chebollexix lo jo tzu olexis\u2019otz\", \"matches_human_scoring\": false, \"fuzzy_matching\": false, \"manual_edit\": false}]}]",
    "obfuscated": "True",
    "obf_num": "30",
    "mapping": {
        "a": "o",
        "u": "a",
        "e": "u",
        "i": "e",
        "o": "i",
        "m": "q",
        "n": "b",
        "p": "j",
        "t": "l",
        "ch": "r",
        "k": "w",
        "q": "y",
        "b": "s",
        "j": "x",
        "l": "tz",
        "r": "m",
        "w": "n",
        "y": "p",
        "s": "t",
        "x": "ch",
        "tz": "k",
        "\u2019": "\u2019"
    }
}