{
    "json_invalid": false,
    "preamble": "Problem 2. Language X (15 marks)\n  ",
    "context": "This problem investigates Language X numerals as they were spoken in 1855, 1955, and 2012. Note that some numerals are slightly simplified, and that \u014b is a consonant.\n\nSome numerals such as 2 have remained the same, while others such as 10 have changed once. However, the majority of them, including 7 and 32, have changed twice.\n\n#\t1855\t19552012\n2\tsele\tsele\tsele\n10\tosiyilay\tfumel\tfumel\n7\tosiyisele\tlayisele\tmab\n32\tuldef fumel sele\tulifokofail fumel sele\tulif baol \u014bi\u014bilas sele\n\nBelow are some more numerical expressions in Language X, representing the same value but in different years.\n+ and \u00d7 represent addition and multiplication respectively.\n\n#\t1855\t19552012\n(a)\tsele \u00d7 zobol\tlayikofail\tkofail + lay\n(b)\tosiy \u00d7 mub\tazobol \u00d7 layazobol\tulif sele \u014bi\u014bilas maub\n(c)\tfumel osiy + osiyimub\tulifokofail lay\tfae \u00d7 sele + mab\n(d)\tuldef na sele kofil + fumel ray\tfumel sele + ulifosele mub\tulif lay \u014bi\u014bilas wosiy\n\n\n#\t1855\t1955\t2012\n3\t(e)\t(f)\tbaol\n6\t(g)\t(h)\t(i)\n8\t(j)\t(k)\twul\n(l)\t(m)\t(n)\tfumel mab\n42\t(o)\t(p)\t(q)\n79\t(r)\t***\t(s)\n98\t(t)\t(u)\t(v)",
    "questions": "[{\"question_n\": \"Q2.1\", \"prompt\": \"Fill in blanks (a\\u2013d) with the corresponding numerals in digits.\", \"subprompts\": [{\"questionpart_n\": \"a.\", \"question\": \"(a)\", \"answer\": \"6\", \"matches_human_scoring\": false, \"fuzzy_matching\": false, \"manual_edit\": false}, {\"questionpart_n\": \"b.\", \"question\": \"(b)\", \"answer\": \"24\", \"matches_human_scoring\": false, \"fuzzy_matching\": false, \"manual_edit\": false}, {\"questionpart_n\": \"c.\", \"question\": \"(c)\", \"answer\": \"25\", \"matches_human_scoring\": false, \"fuzzy_matching\": false, \"manual_edit\": false}, {\"questionpart_n\": \"d.\", \"question\": \"(d)\", \"answer\": \"56\", \"matches_human_scoring\": false, \"fuzzy_matching\": false, \"manual_edit\": false}]}, {\"question_n\": \"Q2.2\", \"prompt\": \" Fill in blanks (e\\u2013v) with the corresponding numerals, written out either in Language X or in digits as appropriate, taking into account the year. Write only numerals, not arithmetic expressions. You do not need to fill in the cell marked with ***.\", \"subprompts\": [{\"questionpart_n\": \"e.\", \"question\": \"(e)\", \"answer\": \"zobol\", \"matches_human_scoring\": false, \"fuzzy_matching\": false, \"manual_edit\": false}, {\"questionpart_n\": \"f.\", \"question\": \"(f)\", \"answer\": \"azobol\", \"matches_human_scoring\": false, \"fuzzy_matching\": false, \"manual_edit\": false}, {\"questionpart_n\": \"g.\", \"question\": \"(g)\", \"answer\": \"osiy\", \"matches_human_scoring\": false, \"fuzzy_matching\": false, \"manual_edit\": false}, {\"questionpart_n\": \"h.\", \"question\": \"(h)\", \"answer\": \"layikofail\", \"matches_human_scoring\": false, \"fuzzy_matching\": false, \"manual_edit\": false}, {\"questionpart_n\": \"i.\", \"question\": \"(i)\", \"answer\": \"wosiy\", \"matches_human_scoring\": false, \"fuzzy_matching\": false, \"manual_edit\": false}, {\"questionpart_n\": \"j.\", \"question\": \"(j)\", \"answer\": \"osiyizobol\", \"matches_human_scoring\": false, \"fuzzy_matching\": false, \"manual_edit\": false}, {\"questionpart_n\": \"k.\", \"question\": \"(k)\", \"answer\": \"layazobol\", \"matches_human_scoring\": false, \"fuzzy_matching\": false, \"manual_edit\": false}, {\"questionpart_n\": \"l.\", \"question\": \"(l)\", \"answer\": \"17\", \"matches_human_scoring\": false, \"fuzzy_matching\": false, \"manual_edit\": false}, {\"questionpart_n\": \"m.\", \"question\": \"(m)\", \"answer\": \"fumel osiyisele\", \"matches_human_scoring\": false, \"fuzzy_matching\": false, \"manual_edit\": false}, {\"questionpart_n\": \"n.\", \"question\": \"(n)\", \"answer\": \"fumel layisele\", \"matches_human_scoring\": false, \"fuzzy_matching\": false, \"manual_edit\": false}, {\"questionpart_n\": \"o.\", \"question\": \"(o)\", \"answer\": \"uldef na sele sele\", \"matches_human_scoring\": false, \"fuzzy_matching\": false, \"manual_edit\": false}, {\"questionpart_n\": \"p.\", \"question\": \"(p)\", \"answer\": \"ulifosele sele\", \"matches_human_scoring\": false, \"fuzzy_matching\": false, \"manual_edit\": false}, {\"questionpart_n\": \"q.\", \"question\": \"(q)\", \"answer\": \"ulif maub \u014bi\u014bilas sele\", \"matches_human_scoring\": false, \"fuzzy_matching\": false, \"manual_edit\": false}, {\"questionpart_n\": \"r.\", \"question\": \"(r)\", \"answer\": \"uldef na zobol fumel osiyimub\", \"matches_human_scoring\": false, \"fuzzy_matching\": false, \"manual_edit\": false}, {\"questionpart_n\": \"s.\", \"question\": \"(s)\", \"answer\": \"ulif mab \u014bi\u014bilas fae\", \"matches_human_scoring\": false, \"fuzzy_matching\": false, \"manual_edit\": false}, {\"questionpart_n\": \"t.\", \"question\": \"(t)\", \"answer\": \"uldef na mub fumel osiyizobol\", \"matches_human_scoring\": false, \"fuzzy_matching\": false, \"manual_edit\": false}, {\"questionpart_n\": \"u.\", \"question\": \"(u)\", \"answer\": \"ulifomub fumel layazobol\", \"matches_human_scoring\": false, \"fuzzy_matching\": false, \"manual_edit\": false}, {\"questionpart_n\": \"v.\", \"question\": \"(v)\", \"answer\": \"ulif fae \u014bi\u014bilas wul\", \"matches_human_scoring\": false, \"fuzzy_matching\": false, \"manual_edit\": false}]}]",
    "obfuscated": "True",
    "obf_num": "13",
    "mapping": {
        "i": "a",
        "e": "i",
        "u": "e",
        "a": "u",
        "y": "k",
        "s": "f",
        "z": "d",
        "k": "b",
        "f": "m",
        "d": "n",
        "b": "\u014b",
        "m": "y",
        "n": "s",
        "\u014b": "z",
        "r": "l",
        "l": "r",
        "o": "o",
        "w": "w"
    }
}