{
    "json_invalid": false,
    "preamble": "Problem 2. Language X (15 marks)\n  ",
    "context": "This problem investigates Language X numerals as they were spoken in 1855, 1955, and 2012. Note that some numerals are slightly simplified, and that \u014b is a consonant.\n\nSome numerals such as 2 have remained the same, while others such as 10 have changed once. However, the majority of them, including 7 and 32, have changed twice.\n\n#\t1855\t19552012\n2\tzala\tzala\tzala\n10\tozusules\tdinal\tdinal\n7\tozusuzala\tlesuzala\tnem\n32\tilbad dinal zala\tiludofodeul dinal zala\tilud meol yuyulez zala\n\nBelow are some more numerical expressions in Language X, representing the same value but in different years.\n+ and \u00d7 represent addition and multiplication respectively.\n\n#\t1855\t19552012\n(a)\tzala \u00d7 komol\tlesufodeul\tfodeul + les\n(b)\tozus \u00d7 nim\tekomol \u00d7 lesekomol\tilud zala yuyulez neim\n(c)\tdinal ozus + ozusunim\tiludofodeul les\tdea \u00d7 zala + nem\n(d)\tilbad \u014be zala fodul + dinal res\tdinal zala + iludozala nim\tilud les yuyulez wozus\n\n\n#\t1855\t1955\t2012\n3\t(e)\t(f)\tmeol\n6\t(g)\t(h)\t(i)\n8\t(j)\t(k)\twil\n(l)\t(m)\t(n)\tdinal nem\n42\t(o)\t(p)\t(q)\n79\t(r)\t***\t(s)\n98\t(t)\t(u)\t(v)",
    "questions": "[{\"question_n\": \"Q2.1\", \"prompt\": \"Fill in blanks (a\\u2013d) with the corresponding numerals in digits.\", \"subprompts\": [{\"questionpart_n\": \"a.\", \"question\": \"(a)\", \"answer\": \"6\", \"matches_human_scoring\": false, \"fuzzy_matching\": false, \"manual_edit\": false}, {\"questionpart_n\": \"b.\", \"question\": \"(b)\", \"answer\": \"24\", \"matches_human_scoring\": false, \"fuzzy_matching\": false, \"manual_edit\": false}, {\"questionpart_n\": \"c.\", \"question\": \"(c)\", \"answer\": \"25\", \"matches_human_scoring\": false, \"fuzzy_matching\": false, \"manual_edit\": false}, {\"questionpart_n\": \"d.\", \"question\": \"(d)\", \"answer\": \"56\", \"matches_human_scoring\": false, \"fuzzy_matching\": false, \"manual_edit\": false}]}, {\"question_n\": \"Q2.2\", \"prompt\": \" Fill in blanks (e\\u2013v) with the corresponding numerals, written out either in Language X or in digits as appropriate, taking into account the year. Write only numerals, not arithmetic expressions. You do not need to fill in the cell marked with ***.\", \"subprompts\": [{\"questionpart_n\": \"e.\", \"question\": \"(e)\", \"answer\": \"komol\", \"matches_human_scoring\": false, \"fuzzy_matching\": false, \"manual_edit\": false}, {\"questionpart_n\": \"f.\", \"question\": \"(f)\", \"answer\": \"ekomol\", \"matches_human_scoring\": false, \"fuzzy_matching\": false, \"manual_edit\": false}, {\"questionpart_n\": \"g.\", \"question\": \"(g)\", \"answer\": \"ozus\", \"matches_human_scoring\": false, \"fuzzy_matching\": false, \"manual_edit\": false}, {\"questionpart_n\": \"h.\", \"question\": \"(h)\", \"answer\": \"lesufodeul\", \"matches_human_scoring\": false, \"fuzzy_matching\": false, \"manual_edit\": false}, {\"questionpart_n\": \"i.\", \"question\": \"(i)\", \"answer\": \"wozus\", \"matches_human_scoring\": false, \"fuzzy_matching\": false, \"manual_edit\": false}, {\"questionpart_n\": \"j.\", \"question\": \"(j)\", \"answer\": \"ozusukomol\", \"matches_human_scoring\": false, \"fuzzy_matching\": false, \"manual_edit\": false}, {\"questionpart_n\": \"k.\", \"question\": \"(k)\", \"answer\": \"lesekomol\", \"matches_human_scoring\": false, \"fuzzy_matching\": false, \"manual_edit\": false}, {\"questionpart_n\": \"l.\", \"question\": \"(l)\", \"answer\": \"17\", \"matches_human_scoring\": false, \"fuzzy_matching\": false, \"manual_edit\": false}, {\"questionpart_n\": \"m.\", \"question\": \"(m)\", \"answer\": \"dinal ozusuzala\", \"matches_human_scoring\": false, \"fuzzy_matching\": false, \"manual_edit\": false}, {\"questionpart_n\": \"n.\", \"question\": \"(n)\", \"answer\": \"dinal lesuzala\", \"matches_human_scoring\": false, \"fuzzy_matching\": false, \"manual_edit\": false}, {\"questionpart_n\": \"o.\", \"question\": \"(o)\", \"answer\": \"ilbad \u014be zala zala\", \"matches_human_scoring\": false, \"fuzzy_matching\": false, \"manual_edit\": false}, {\"questionpart_n\": \"p.\", \"question\": \"(p)\", \"answer\": \"iludozala zala\", \"matches_human_scoring\": false, \"fuzzy_matching\": false, \"manual_edit\": false}, {\"questionpart_n\": \"q.\", \"question\": \"(q)\", \"answer\": \"ilud neim yuyulez zala\", \"matches_human_scoring\": false, \"fuzzy_matching\": false, \"manual_edit\": false}, {\"questionpart_n\": \"r.\", \"question\": \"(r)\", \"answer\": \"ilbad \u014be komol dinal ozusunim\", \"matches_human_scoring\": false, \"fuzzy_matching\": false, \"manual_edit\": false}, {\"questionpart_n\": \"s.\", \"question\": \"(s)\", \"answer\": \"ilud nem yuyulez dea\", \"matches_human_scoring\": false, \"fuzzy_matching\": false, \"manual_edit\": false}, {\"questionpart_n\": \"t.\", \"question\": \"(t)\", \"answer\": \"ilbad \u014be nim dinal ozusukomol\", \"matches_human_scoring\": false, \"fuzzy_matching\": false, \"manual_edit\": false}, {\"questionpart_n\": \"u.\", \"question\": \"(u)\", \"answer\": \"iludonim dinal lesekomol\", \"matches_human_scoring\": false, \"fuzzy_matching\": false, \"manual_edit\": false}, {\"questionpart_n\": \"v.\", \"question\": \"(v)\", \"answer\": \"ilud dea yuyulez wil\", \"matches_human_scoring\": false, \"fuzzy_matching\": false, \"manual_edit\": false}]}]",
    "obfuscated": "True",
    "obf_num": "4",
    "mapping": {
        "i": "e",
        "e": "u",
        "u": "a",
        "a": "i",
        "y": "f",
        "s": "d",
        "z": "b",
        "k": "m",
        "f": "n",
        "d": "\u014b",
        "b": "y",
        "m": "s",
        "n": "z",
        "\u014b": "k",
        "r": "l",
        "l": "r",
        "o": "o",
        "w": "w"
    }
}