{
    "json_invalid": false,
    "preamble": "Problem 2. Language X (15 marks)\n  ",
    "context": "This problem investigates Language X numerals as they were spoken in 1855, 1955, and 2012. Note that some numerals are slightly simplified, and that \u014b is a consonant.\n\nSome numerals such as 2 have remained the same, while others such as 10 have changed once. However, the majority of them, including 7 and 32, have changed twice.\n\n#\t1855\t19552012\n2\tkili\tkili\tkili\n10\tokazaluz\tbe\u014bil\tbe\u014bil\n7\tokazakili\tluzakili\t\u014bun\n32\telmib be\u014bil kili\telabodobual be\u014bil kili\telab nuol sasaluk kili\n\nBelow are some more numerical expressions in Language X, representing the same value but in different years.\n+ and \u00d7 represent addition and multiplication respectively.\n\n#\t1855\t19552012\n(a)\tkili \u00d7 fonol\tluzadobual\tdobual + luz\n(b)\tokaz \u00d7 \u014ben\tufonol \u00d7 luzufonol\telab kili sasaluk \u014buen\n(c)\tbe\u014bil okaz + okaza\u014ben\telabodobual luz\tbui \u00d7 kili + \u014bun\n(d)\telmib yu kili dobal + be\u014bil ruz\tbe\u014bil kili + elabokili \u014ben\telab luz sasaluk wokaz\n\n\n#\t1855\t1955\t2012\n3\t(e)\t(f)\tnuol\n6\t(g)\t(h)\t(i)\n8\t(j)\t(k)\twel\n(l)\t(m)\t(n)\tbe\u014bil \u014bun\n42\t(o)\t(p)\t(q)\n79\t(r)\t***\t(s)\n98\t(t)\t(u)\t(v)",
    "questions": "[{\"question_n\": \"Q2.1\", \"prompt\": \"Fill in blanks (a\\u2013d) with the corresponding numerals in digits.\", \"subprompts\": [{\"questionpart_n\": \"a.\", \"question\": \"(a)\", \"answer\": \"6\", \"matches_human_scoring\": false, \"fuzzy_matching\": false, \"manual_edit\": false}, {\"questionpart_n\": \"b.\", \"question\": \"(b)\", \"answer\": \"24\", \"matches_human_scoring\": false, \"fuzzy_matching\": false, \"manual_edit\": false}, {\"questionpart_n\": \"c.\", \"question\": \"(c)\", \"answer\": \"25\", \"matches_human_scoring\": false, \"fuzzy_matching\": false, \"manual_edit\": false}, {\"questionpart_n\": \"d.\", \"question\": \"(d)\", \"answer\": \"56\", \"matches_human_scoring\": false, \"fuzzy_matching\": false, \"manual_edit\": false}]}, {\"question_n\": \"Q2.2\", \"prompt\": \" Fill in blanks (e\\u2013v) with the corresponding numerals, written out either in Language X or in digits as appropriate, taking into account the year. Write only numerals, not arithmetic expressions. You do not need to fill in the cell marked with ***.\", \"subprompts\": [{\"questionpart_n\": \"e.\", \"question\": \"(e)\", \"answer\": \"fonol\", \"matches_human_scoring\": false, \"fuzzy_matching\": false, \"manual_edit\": false}, {\"questionpart_n\": \"f.\", \"question\": \"(f)\", \"answer\": \"ufonol\", \"matches_human_scoring\": false, \"fuzzy_matching\": false, \"manual_edit\": false}, {\"questionpart_n\": \"g.\", \"question\": \"(g)\", \"answer\": \"okaz\", \"matches_human_scoring\": false, \"fuzzy_matching\": false, \"manual_edit\": false}, {\"questionpart_n\": \"h.\", \"question\": \"(h)\", \"answer\": \"luzadobual\", \"matches_human_scoring\": false, \"fuzzy_matching\": false, \"manual_edit\": false}, {\"questionpart_n\": \"i.\", \"question\": \"(i)\", \"answer\": \"wokaz\", \"matches_human_scoring\": false, \"fuzzy_matching\": false, \"manual_edit\": false}, {\"questionpart_n\": \"j.\", \"question\": \"(j)\", \"answer\": \"okazafonol\", \"matches_human_scoring\": false, \"fuzzy_matching\": false, \"manual_edit\": false}, {\"questionpart_n\": \"k.\", \"question\": \"(k)\", \"answer\": \"luzufonol\", \"matches_human_scoring\": false, \"fuzzy_matching\": false, \"manual_edit\": false}, {\"questionpart_n\": \"l.\", \"question\": \"(l)\", \"answer\": \"17\", \"matches_human_scoring\": false, \"fuzzy_matching\": false, \"manual_edit\": false}, {\"questionpart_n\": \"m.\", \"question\": \"(m)\", \"answer\": \"be\u014bil okazakili\", \"matches_human_scoring\": false, \"fuzzy_matching\": false, \"manual_edit\": false}, {\"questionpart_n\": \"n.\", \"question\": \"(n)\", \"answer\": \"be\u014bil luzakili\", \"matches_human_scoring\": false, \"fuzzy_matching\": false, \"manual_edit\": false}, {\"questionpart_n\": \"o.\", \"question\": \"(o)\", \"answer\": \"elmib yu kili kili\", \"matches_human_scoring\": false, \"fuzzy_matching\": false, \"manual_edit\": false}, {\"questionpart_n\": \"p.\", \"question\": \"(p)\", \"answer\": \"elabokili kili\", \"matches_human_scoring\": false, \"fuzzy_matching\": false, \"manual_edit\": false}, {\"questionpart_n\": \"q.\", \"question\": \"(q)\", \"answer\": \"elab \u014buen sasaluk kili\", \"matches_human_scoring\": false, \"fuzzy_matching\": false, \"manual_edit\": false}, {\"questionpart_n\": \"r.\", \"question\": \"(r)\", \"answer\": \"elmib yu fonol be\u014bil okaza\u014ben\", \"matches_human_scoring\": false, \"fuzzy_matching\": false, \"manual_edit\": false}, {\"questionpart_n\": \"s.\", \"question\": \"(s)\", \"answer\": \"elab \u014bun sasaluk bui\", \"matches_human_scoring\": false, \"fuzzy_matching\": false, \"manual_edit\": false}, {\"questionpart_n\": \"t.\", \"question\": \"(t)\", \"answer\": \"elmib yu \u014ben be\u014bil okazafonol\", \"matches_human_scoring\": false, \"fuzzy_matching\": false, \"manual_edit\": false}, {\"questionpart_n\": \"u.\", \"question\": \"(u)\", \"answer\": \"elabo\u014ben be\u014bil luzufonol\", \"matches_human_scoring\": false, \"fuzzy_matching\": false, \"manual_edit\": false}, {\"questionpart_n\": \"v.\", \"question\": \"(v)\", \"answer\": \"elab bui sasaluk wel\", \"matches_human_scoring\": false, \"fuzzy_matching\": false, \"manual_edit\": false}]}]",
    "obfuscated": "True",
    "obf_num": "25",
    "mapping": {
        "i": "u",
        "e": "a",
        "u": "i",
        "a": "e",
        "y": "d",
        "s": "b",
        "z": "m",
        "k": "n",
        "f": "\u014b",
        "d": "y",
        "b": "s",
        "m": "z",
        "n": "k",
        "\u014b": "f",
        "r": "l",
        "l": "r",
        "o": "o",
        "w": "w"
    }
}