{
    "json_invalid": false,
    "preamble": "Problem 2. Language X (15 marks)\n  ",
    "context": "This problem investigates Language X numerals as they were spoken in 1855, 1955, and 2012. Note that some numerals are slightly simplified, and that \u014b is a consonant.\n\nSome numerals such as 2 have remained the same, while others such as 10 have changed once. However, the majority of them, including 7 and 32, have changed twice.\n\n#\t1855\t19552012\n2\tfili\tfili\tfili\n10\tofakaluk\tmeyil\tmeyil\n7\tofakafili\tlukafili\tyu\u014b\n32\telnim meyil fili\telamobomual meyil fili\telam \u014buol zazaluf fili\n\nBelow are some more numerical expressions in Language X, representing the same value but in different years.\n+ and \u00d7 represent addition and multiplication respectively.\n\n#\t1855\t19552012\n(a)\tfili \u00d7 do\u014bol\tlukabomual\tbomual + luk\n(b)\tofak \u00d7 ye\u014b\tudo\u014bol \u00d7 lukudo\u014bol\telam fili zazaluf yue\u014b\n(c)\tmeyil ofak + ofakaye\u014b\telamobomual luk\tmui \u00d7 fili + yu\u014b\n(d)\telnim su fili bomal + meyil ruk\tmeyil fili + elamofili ye\u014b\telam luk zazaluf wofak\n\n\n#\t1855\t1955\t2012\n3\t(e)\t(f)\t\u014buol\n6\t(g)\t(h)\t(i)\n8\t(j)\t(k)\twel\n(l)\t(m)\t(n)\tmeyil yu\u014b\n42\t(o)\t(p)\t(q)\n79\t(r)\t***\t(s)\n98\t(t)\t(u)\t(v)",
    "questions": "[{\"question_n\": \"Q2.1\", \"prompt\": \"Fill in blanks (a\\u2013d) with the corresponding numerals in digits.\", \"subprompts\": [{\"questionpart_n\": \"a.\", \"question\": \"(a)\", \"answer\": \"6\", \"matches_human_scoring\": false, \"fuzzy_matching\": false, \"manual_edit\": false}, {\"questionpart_n\": \"b.\", \"question\": \"(b)\", \"answer\": \"24\", \"matches_human_scoring\": false, \"fuzzy_matching\": false, \"manual_edit\": false}, {\"questionpart_n\": \"c.\", \"question\": \"(c)\", \"answer\": \"25\", \"matches_human_scoring\": false, \"fuzzy_matching\": false, \"manual_edit\": false}, {\"questionpart_n\": \"d.\", \"question\": \"(d)\", \"answer\": \"56\", \"matches_human_scoring\": false, \"fuzzy_matching\": false, \"manual_edit\": false}]}, {\"question_n\": \"Q2.2\", \"prompt\": \" Fill in blanks (e\\u2013v) with the corresponding numerals, written out either in Language X or in digits as appropriate, taking into account the year. Write only numerals, not arithmetic expressions. You do not need to fill in the cell marked with ***.\", \"subprompts\": [{\"questionpart_n\": \"e.\", \"question\": \"(e)\", \"answer\": \"do\u014bol\", \"matches_human_scoring\": false, \"fuzzy_matching\": false, \"manual_edit\": false}, {\"questionpart_n\": \"f.\", \"question\": \"(f)\", \"answer\": \"udo\u014bol\", \"matches_human_scoring\": false, \"fuzzy_matching\": false, \"manual_edit\": false}, {\"questionpart_n\": \"g.\", \"question\": \"(g)\", \"answer\": \"ofak\", \"matches_human_scoring\": false, \"fuzzy_matching\": false, \"manual_edit\": false}, {\"questionpart_n\": \"h.\", \"question\": \"(h)\", \"answer\": \"lukabomual\", \"matches_human_scoring\": false, \"fuzzy_matching\": false, \"manual_edit\": false}, {\"questionpart_n\": \"i.\", \"question\": \"(i)\", \"answer\": \"wofak\", \"matches_human_scoring\": false, \"fuzzy_matching\": false, \"manual_edit\": false}, {\"questionpart_n\": \"j.\", \"question\": \"(j)\", \"answer\": \"ofakado\u014bol\", \"matches_human_scoring\": false, \"fuzzy_matching\": false, \"manual_edit\": false}, {\"questionpart_n\": \"k.\", \"question\": \"(k)\", \"answer\": \"lukudo\u014bol\", \"matches_human_scoring\": false, \"fuzzy_matching\": false, \"manual_edit\": false}, {\"questionpart_n\": \"l.\", \"question\": \"(l)\", \"answer\": \"17\", \"matches_human_scoring\": false, \"fuzzy_matching\": false, \"manual_edit\": false}, {\"questionpart_n\": \"m.\", \"question\": \"(m)\", \"answer\": \"meyil ofakafili\", \"matches_human_scoring\": false, \"fuzzy_matching\": false, \"manual_edit\": false}, {\"questionpart_n\": \"n.\", \"question\": \"(n)\", \"answer\": \"meyil lukafili\", \"matches_human_scoring\": false, \"fuzzy_matching\": false, \"manual_edit\": false}, {\"questionpart_n\": \"o.\", \"question\": \"(o)\", \"answer\": \"elnim su fili fili\", \"matches_human_scoring\": false, \"fuzzy_matching\": false, \"manual_edit\": false}, {\"questionpart_n\": \"p.\", \"question\": \"(p)\", \"answer\": \"elamofili fili\", \"matches_human_scoring\": false, \"fuzzy_matching\": false, \"manual_edit\": false}, {\"questionpart_n\": \"q.\", \"question\": \"(q)\", \"answer\": \"elam yue\u014b zazaluf fili\", \"matches_human_scoring\": false, \"fuzzy_matching\": false, \"manual_edit\": false}, {\"questionpart_n\": \"r.\", \"question\": \"(r)\", \"answer\": \"elnim su do\u014bol meyil ofakaye\u014b\", \"matches_human_scoring\": false, \"fuzzy_matching\": false, \"manual_edit\": false}, {\"questionpart_n\": \"s.\", \"question\": \"(s)\", \"answer\": \"elam yu\u014b zazaluf mui\", \"matches_human_scoring\": false, \"fuzzy_matching\": false, \"manual_edit\": false}, {\"questionpart_n\": \"t.\", \"question\": \"(t)\", \"answer\": \"elnim su ye\u014b meyil ofakado\u014bol\", \"matches_human_scoring\": false, \"fuzzy_matching\": false, \"manual_edit\": false}, {\"questionpart_n\": \"u.\", \"question\": \"(u)\", \"answer\": \"elamoye\u014b meyil lukudo\u014bol\", \"matches_human_scoring\": false, \"fuzzy_matching\": false, \"manual_edit\": false}, {\"questionpart_n\": \"v.\", \"question\": \"(v)\", \"answer\": \"elam mui zazaluf wel\", \"matches_human_scoring\": false, \"fuzzy_matching\": false, \"manual_edit\": false}]}]",
    "obfuscated": "True",
    "obf_num": "5",
    "mapping": {
        "i": "u",
        "e": "a",
        "u": "i",
        "a": "e",
        "y": "b",
        "s": "m",
        "z": "n",
        "k": "\u014b",
        "f": "y",
        "d": "s",
        "b": "z",
        "m": "k",
        "n": "f",
        "\u014b": "d",
        "r": "l",
        "l": "r",
        "o": "o",
        "w": "w"
    }
}