{
    "json_invalid": false,
    "preamble": "Problem 2. Language X (5 marks)\nHere are some Language X words with their English translations. Note that sometimes two words have the same meanings - these are used in different dialects of Language X. The long vowels aa, ii,uu contrast with the short vowels a, i, u and are twice as long. y is a consonant.",
    "context": "Table 1: Standard Examples \n\n 1. \t nirlu \t  \t man \t nirlurli \t on/in a man\n\n 1. \t rinyli \t man \t rinylirli \t on/in a man\n\n 2. \t rtimalalyi \t woman \t rtimalalyinji \t on/in a woman\n\n 2. \t lijrli \t woman \t lijrlirli \t on/in a woman\n\n 3. \t ngirrinyiwu \t teenage boy \t ngirrinyiwunji \t on/in a teenage boy\n\n 4. \t lyijrla \t dog \t lyijrlarli \t on/in a dog\n\n 4. \t rtipulu \t dog \t rtipulunji \t on/in a dog\n\n 5. \t rtukulyi \t cat \t rtukulyinji \t on/in a cat\n\n 5. \t ringi \t cat \t ringirli \t on/in a cat\n\n 6. \t paajrri \t Kingfisher bird \t paajrrinji \t on/in a Kingfisher\n\n 7. \t lirtuki \t teenage girl \t lirtukinji \t on/in a teenage girl\n\n 8. \t rnii  \t clearing \t rniirli \t in a clearing\n\n 9. \t yili \t hand \t yilirli \t on a hand\n\n 10. \t ranyi \t  home \t ranyirli \t at home\n\n 11. \t ngirti  \t shade \t __(a)__ \t in the shade\n\n 11. \t rtipajrri \t shade \t __(b)__  \t in the shade\n\n 12. \t naprringu \t creek \t __(c)__ \t on/in the creek\n\n 13. \t lyiilyu \t church \t __(d)__ \t on/in a church\n\n 13. \t rruurri \t church \t __(e)__ \t on/in a church\n\n 14. \t lyirtiti \t log \t __(f)__  \t on/in a log\n\n 14. \t mitla \t log \t __(g)__ \t on/in a log\n\n\n Table 2: Possibly Irregular Examples \n\n 15. \t ngipu \t that \t ngipunji \t there\n\n 16. \t rtuju \t like this \t rtujunji \t somewhere here\n\n 17. \t rdirtrr this \t rdirtrranji \t here\n\n 18. \t ngipartrra \t that there \t ngipartrranji \t on that there\n\n 19. \t ngurdi \t there \t ngurdinji \t over there",
    "questions": "[{\"question_n\": \"Q 2.1\", \"prompt\": \"Fill in the gaps (a)-(g).\", \"subprompts\": [{\"questionpart_n\": \"(a)\", \"question\": \"__(a)__\", \"answer\": \"ngirtirli\", \"matches_human_scoring\": true, \"fuzzy_matching\": false, \"manual_edit\": false}, {\"questionpart_n\": \"(b)\", \"question\": \"__(b)__\", \"answer\": \"rtipajrrinji\", \"matches_human_scoring\": true, \"fuzzy_matching\": false, \"manual_edit\": false}, {\"questionpart_n\": \"(c)\", \"question\": \"__(c)__\", \"answer\": \"naprringunji\", \"matches_human_scoring\": true, \"fuzzy_matching\": false, \"manual_edit\": false}, {\"questionpart_n\": \"(d)\", \"question\": \"__(d)__\", \"answer\": \"lyiilyunji\", \"matches_human_scoring\": true, \"fuzzy_matching\": false, \"manual_edit\": false}, {\"questionpart_n\": \"(e)\", \"question\": \"__(e)__\", \"answer\": \"rruurrinji\", \"matches_human_scoring\": true, \"fuzzy_matching\": false, \"manual_edit\": false}, {\"questionpart_n\": \"(f)\", \"question\": \"__(f)__\", \"answer\": \"lyirtitinji\", \"matches_human_scoring\": true, \"fuzzy_matching\": false, \"manual_edit\": false}, {\"questionpart_n\": \"(g)\", \"question\": \"__(g)__\", \"answer\": \"mitlarli\", \"matches_human_scoring\": true, \"fuzzy_matching\": false, \"manual_edit\": false}]},{\"question_n\": \"Q 2.2\", \"prompt\": \"For each of the rows 15-19 in Table 2 above, write either Regular or Irregular to indicate whether the example follows the pattern exemplified in Table 1.\", \"subprompts\": [{\"questionpart_n\": \"15.\", \"question\": \"15.\", \"answer\": \"Irregular\", \"matches_human_scoring\": true, \"fuzzy_matching\": false, \"manual_edit\": false},{\"questionpart_n\": \"16.\", \"question\": \"16.\", \"answer\": \"Irregular\", \"matches_human_scoring\": true, \"fuzzy_matching\": false, \"manual_edit\": false},{\"questionpart_n\": \"17.\", \"question\": \"17.\", \"answer\": \"Irregular\", \"matches_human_scoring\": true, \"fuzzy_matching\": false, \"manual_edit\": false},{\"questionpart_n\": \"18.\", \"question\": \"18.\", \"answer\": \"Regular\", \"matches_human_scoring\": true, \"fuzzy_matching\": false, \"manual_edit\": false},{\"questionpart_n\": \"19.\", \"question\": \"19.\", \"answer\": \"Irregular\", \"matches_human_scoring\": true, \"fuzzy_matching\": false, \"manual_edit\": false}]}]",
    "obfuscated": "True",
    "obf_num": "27",
    "mapping": {
        "a": "i",
        "i": "u",
        "u": "a",
        "m": "rt",
        "n": "k",
        "rn": "j",
        "ny": "rd",
        "nj": "w",
        "ng": "r",
        "p": "rr",
        "t": "rl",
        "rt": "y",
        "k": "l",
        "j": "ly",
        "rd": "m",
        "w": "n",
        "r": "rn",
        "rr": "ny",
        "rl": "nj",
        "y": "ng",
        "l": "p",
        "ly": "t"
    }
}