{
    "json_invalid": false,
    "preamble": "Problem 4. Language X (10 marks)\n  ",
    "context": "Below are some sentences in Language X, along with their English translations.\nSukondoso.\tI love.\nNukongondoso.\tWe love them.\nNundoso unuXhosa.\tWe love Xhosa.\nAkondoso.\tYou (sg) love.\nAndindo unuNgesi.\tYou (sg) speak English.\nNgokothaso?\tDo they learn?\nNgokofangebo.\tThey see you (sg).\nBukonungebo.\tYou (pl) see us.\nSukongothasuno?\tDo I teach them?\nNgondindo unuRashiya.\tThey speak Russian.\nBundindo unuNgesi?\tDo you (pl) speak English? \nBukosungebo?\tDo you (pl) see me?\nSuthaso unuXhosa.\tI learn Xhosa. \nNgonothasuno unuZulu.\tThey still teach Zulu. \nNuyondoso unuNdebele.\tWe also love Ndebele. \nSukwonuthasuno.\tI can teach us.\nAyosungebo?\tDo you (sg) also see me?\nNunobuthasuno.\tWe still teach you (pl).\nNukwofathasuno.\tWe can teach you (sg).\nSunondindo unuXhosa.\tI still speak Xhosa.",
    "questions": "[{\"question_n\": \"Q 4.1\", \"prompt\": \"Translate into English:\", \"subprompts\": [{\"questionpart_n\": \"1. \", \"question\": \"Ngokobundoso?\", \"answer\": \"Do they love you (pl)?\", \"matches_human_scoring\": true, \"fuzzy_matching\": false, \"manual_edit\": false}, {\"questionpart_n\": \"2.\", \"question\": \"Ngothasuno unuJamani.\", \"answer\": \"They teach German.\", \"matches_human_scoring\": true, \"fuzzy_matching\": false, \"manual_edit\": false}, {\"questionpart_n\": \"3.\", \"question\": \"Bukwongothasuno.\", \"answer\": \"You (pl) can teach them.\", \"matches_human_scoring\": true, \"fuzzy_matching\": false, \"manual_edit\": false}, {\"questionpart_n\": \"4.\", \"question\": \"Anosungebo?\", \"answer\": \"Do you (sg) still see me?\", \"matches_human_scoring\": true, \"fuzzy_matching\": false, \"manual_edit\": false}, {\"questionpart_n\": \"5.\", \"question\": \"Nuyothaso unuFrentshi.\", \"answer\": \"We also learn French.\", \"matches_human_scoring\": true, \"fuzzy_matching\": false, \"manual_edit\": false}]}, {\"question_n\": \"Q 4.2\", \"prompt\": \"Translate into Language X:\", \"subprompts\": [{\"questionpart_n\": \"6.\", \"question\": \"You (pl) speak.\", \"answer\": \"Bukondindo.\", \"matches_human_scoring\": true, \"fuzzy_matching\": false, \"manual_edit\": false}, {\"questionpart_n\": \"7.\", \"question\": \"You (sg) teach them.\", \"answer\": \"Akongothasuno.\", \"matches_human_scoring\": true, \"fuzzy_matching\": false, \"manual_edit\": false}, {\"questionpart_n\": \"8. \", \"question\": \"They also learn English.\", \"answer\": \"Ngoyothaso unuNgesi.\", \"matches_human_scoring\": true, \"fuzzy_matching\": false, \"manual_edit\": false}, {\"questionpart_n\": \"9.\", \"question\": \"Can I see you (pl)?\", \"answer\": \"Sukwobungebo?\", \"matches_human_scoring\": true, \"fuzzy_matching\": false, \"manual_edit\": false}, {\"questionpart_n\": \"10.\", \"question\": \"I still learn.\", \"answer\": \"Sunothaso.\", \"matches_human_scoring\": true, \"fuzzy_matching\": false, \"manual_edit\": false}, {\"questionpart_n\": \"11.\", \"question\": \"You (sg) can see them.\", \"answer\": \"Akwongongebo.\", \"matches_human_scoring\": true, \"fuzzy_matching\": false, \"manual_edit\": false}]}]",
    "obfuscated": "True",
    "obf_num": "4",
    "mapping": {
        "i": "u",
        "u": "a",
        "a": "o",
        "o": "e",
        "e": "i",
        "nd": "s",
        "s": "n",
        "n": "b",
        "b": "ng",
        "ng": "kw",
        "kw": "y",
        "y": "k",
        "k": "f",
        "f": "th",
        "th": "nd",
        "xhosa": "xhosa",
        "ngesi": "ngesi",
        "rashiya": "rashiya",
        "zulu": "zulu",
        "ndebele": "ndebele",
        "jamani": "jamani",
        "frentshi": "frentshi"
    }
}