{
    "json_invalid": false,
    "preamble": "Problem 4. Language X (10 marks)\n  ",
    "context": "Below are some sentences in Language X, along with their English translations.\nKwasengekwe.\tI love.\nYasefengekwe.\tWe love them.\nYangekwe ayaXhosa.\tWe love Xhosa.\nOsengekwe.\tYou (sg) love.\nOngunge ayaNgesi.\tYou (sg) speak English.\nFesebokwe?\tDo they learn?\nFesenofike.\tThey see you (sg).\nKaseyafike.\tYou (pl) see us.\nKwasefebokwaye?\tDo I teach them?\nFengunge ayaRashiya.\tThey speak Russian.\nKangunge ayaNgesi?\tDo you (pl) speak English? \nKasekwafike?\tDo you (pl) see me?\nKwabokwe ayaXhosa.\tI learn Xhosa. \nFeyebokwaye ayaZulu.\tThey still teach Zulu. \nYandengekwe ayaNdebele.\tWe also love Ndebele. \nKwatheyabokwaye.\tI can teach us.\nOndekwafike?\tDo you (sg) also see me?\nYayekabokwaye.\tWe still teach you (pl).\nYathenobokwaye.\tWe can teach you (sg).\nKwayengunge ayaXhosa.\tI still speak Xhosa.",
    "questions": "[{\"question_n\": \"Q 4.1\", \"prompt\": \"Translate into English:\", \"subprompts\": [{\"questionpart_n\": \"1. \", \"question\": \"Fesekangekwe?\", \"answer\": \"Do they love you (pl)?\", \"matches_human_scoring\": true, \"fuzzy_matching\": false, \"manual_edit\": false}, {\"questionpart_n\": \"2.\", \"question\": \"Febokwaye ayaJamani.\", \"answer\": \"They teach German.\", \"matches_human_scoring\": true, \"fuzzy_matching\": false, \"manual_edit\": false}, {\"questionpart_n\": \"3.\", \"question\": \"Kathefebokwaye.\", \"answer\": \"You (pl) can teach them.\", \"matches_human_scoring\": true, \"fuzzy_matching\": false, \"manual_edit\": false}, {\"questionpart_n\": \"4.\", \"question\": \"Oyekwafike?\", \"answer\": \"Do you (sg) still see me?\", \"matches_human_scoring\": true, \"fuzzy_matching\": false, \"manual_edit\": false}, {\"questionpart_n\": \"5.\", \"question\": \"Yandebokwe ayaFrentshi.\", \"answer\": \"We also learn French.\", \"matches_human_scoring\": true, \"fuzzy_matching\": false, \"manual_edit\": false}]}, {\"question_n\": \"Q 4.2\", \"prompt\": \"Translate into Language X:\", \"subprompts\": [{\"questionpart_n\": \"6.\", \"question\": \"You (pl) speak.\", \"answer\": \"Kasengunge.\", \"matches_human_scoring\": true, \"fuzzy_matching\": false, \"manual_edit\": false}, {\"questionpart_n\": \"7.\", \"question\": \"You (sg) teach them.\", \"answer\": \"Osefebokwaye.\", \"matches_human_scoring\": true, \"fuzzy_matching\": false, \"manual_edit\": false}, {\"questionpart_n\": \"8. \", \"question\": \"They also learn English.\", \"answer\": \"Fendebokwe ayaNgesi.\", \"matches_human_scoring\": true, \"fuzzy_matching\": false, \"manual_edit\": false}, {\"questionpart_n\": \"9.\", \"question\": \"Can I see you (pl)?\", \"answer\": \"Kwathekafike?\", \"matches_human_scoring\": true, \"fuzzy_matching\": false, \"manual_edit\": false}, {\"questionpart_n\": \"10.\", \"question\": \"I still learn.\", \"answer\": \"Kwayebokwe.\", \"matches_human_scoring\": true, \"fuzzy_matching\": false, \"manual_edit\": false}, {\"questionpart_n\": \"11.\", \"question\": \"You (sg) can see them.\", \"answer\": \"Othefefike.\", \"matches_human_scoring\": true, \"fuzzy_matching\": false, \"manual_edit\": false}]}]",
    "obfuscated": "True",
    "obf_num": "28",
    "mapping": {
        "i": "a",
        "u": "o",
        "a": "e",
        "o": "i",
        "e": "u",
        "nd": "kw",
        "s": "y",
        "n": "k",
        "b": "f",
        "ng": "th",
        "kw": "nd",
        "y": "s",
        "k": "n",
        "f": "b",
        "th": "ng",
        "xhosa": "xhosa",
        "ngesi": "ngesi",
        "rashiya": "rashiya",
        "zulu": "zulu",
        "ndebele": "ndebele",
        "jamani": "jamani",
        "frentshi": "frentshi"
    }
}