{
    "json_invalid": false,
    "preamble": "Problem 4. Language X (10 marks)\n  ",
    "context": "Below are some sentences in Language X, along with their English translations.\nYunokwoyo.\tI love.\nKunothokwoyo.\tWe love them.\nKukwoyo ukuXhosa.\tWe love Xhosa.\nAnokwoyo.\tYou (sg) love.\nAkwikwo ukuNgesi.\tYou (sg) speak English.\nThonongayo?\tDo they learn?\nThonobathefo.\tThey see you (sg).\nFunokuthefo.\tYou (pl) see us.\nYunothongayuko?\tDo I teach them?\nThokwikwo ukuRashiya.\tThey speak Russian.\nFukwikwo ukuNgesi?\tDo you (pl) speak English? \nFunoyuthefo?\tDo you (pl) see me?\nYungayo ukuXhosa.\tI learn Xhosa. \nThokongayuko ukuZulu.\tThey still teach Zulu. \nKusokwoyo ukuNdebele.\tWe also love Ndebele. \nYundokungayuko.\tI can teach us.\nAsoyuthefo?\tDo you (sg) also see me?\nKukofungayuko.\tWe still teach you (pl).\nKundobangayuko.\tWe can teach you (sg).\nYukokwikwo ukuXhosa.\tI still speak Xhosa.",
    "questions": "[{\"question_n\": \"Q 4.1\", \"prompt\": \"Translate into English:\", \"subprompts\": [{\"questionpart_n\": \"1. \", \"question\": \"Thonofukwoyo?\", \"answer\": \"Do they love you (pl)?\", \"matches_human_scoring\": true, \"fuzzy_matching\": false, \"manual_edit\": false}, {\"questionpart_n\": \"2.\", \"question\": \"Thongayuko ukuJamani.\", \"answer\": \"They teach German.\", \"matches_human_scoring\": true, \"fuzzy_matching\": false, \"manual_edit\": false}, {\"questionpart_n\": \"3.\", \"question\": \"Fundothongayuko.\", \"answer\": \"You (pl) can teach them.\", \"matches_human_scoring\": true, \"fuzzy_matching\": false, \"manual_edit\": false}, {\"questionpart_n\": \"4.\", \"question\": \"Akoyuthefo?\", \"answer\": \"Do you (sg) still see me?\", \"matches_human_scoring\": true, \"fuzzy_matching\": false, \"manual_edit\": false}, {\"questionpart_n\": \"5.\", \"question\": \"Kusongayo ukuFrentshi.\", \"answer\": \"We also learn French.\", \"matches_human_scoring\": true, \"fuzzy_matching\": false, \"manual_edit\": false}]}, {\"question_n\": \"Q 4.2\", \"prompt\": \"Translate into Language X:\", \"subprompts\": [{\"questionpart_n\": \"6.\", \"question\": \"You (pl) speak.\", \"answer\": \"Funokwikwo.\", \"matches_human_scoring\": true, \"fuzzy_matching\": false, \"manual_edit\": false}, {\"questionpart_n\": \"7.\", \"question\": \"You (sg) teach them.\", \"answer\": \"Anothongayuko.\", \"matches_human_scoring\": true, \"fuzzy_matching\": false, \"manual_edit\": false}, {\"questionpart_n\": \"8. \", \"question\": \"They also learn English.\", \"answer\": \"Thosongayo ukuNgesi.\", \"matches_human_scoring\": true, \"fuzzy_matching\": false, \"manual_edit\": false}, {\"questionpart_n\": \"9.\", \"question\": \"Can I see you (pl)?\", \"answer\": \"Yundofuthefo?\", \"matches_human_scoring\": true, \"fuzzy_matching\": false, \"manual_edit\": false}, {\"questionpart_n\": \"10.\", \"question\": \"I still learn.\", \"answer\": \"Yukongayo.\", \"matches_human_scoring\": true, \"fuzzy_matching\": false, \"manual_edit\": false}, {\"questionpart_n\": \"11.\", \"question\": \"You (sg) can see them.\", \"answer\": \"Andothothefo.\", \"matches_human_scoring\": true, \"fuzzy_matching\": false, \"manual_edit\": false}]}]",
    "obfuscated": "True",
    "obf_num": "9",
    "mapping": {
        "i": "u",
        "u": "a",
        "a": "o",
        "o": "e",
        "e": "i",
        "nd": "y",
        "s": "k",
        "n": "f",
        "b": "th",
        "ng": "nd",
        "kw": "s",
        "y": "n",
        "k": "b",
        "f": "ng",
        "th": "kw",
        "xhosa": "xhosa",
        "ngesi": "ngesi",
        "rashiya": "rashiya",
        "zulu": "zulu",
        "ndebele": "ndebele",
        "jamani": "jamani",
        "frentshi": "frentshi"
    }
}