{
    "json_invalid": false,
    "preamble": "Problem 4. Language X (10 marks)\n  ",
    "context": "Below are some sentences in Language X, along with their English translations.\nBethunubu.\tI love.\nNgethuyunubu.\tWe love them.\nNgenubu engeXhosa.\tWe love Xhosa.\nIthunubu.\tYou (sg) love.\nInonu engeNgesi.\tYou (sg) speak English.\nYuthusibu?\tDo they learn?\nYuthundiyakwu.\tThey see you (sg).\nKwethungeyakwu.\tYou (pl) see us.\nBethuyusibengu?\tDo I teach them?\nYunonu engeRashiya.\tThey speak Russian.\nKwenonu engeNgesi?\tDo you (pl) speak English? \nKwethubeyakwu?\tDo you (pl) see me?\nBesibu engeXhosa.\tI learn Xhosa. \nYungusibengu engeZulu.\tThey still teach Zulu. \nNgefunubu engeNdebele.\tWe also love Ndebele. \nBekungesibengu.\tI can teach us.\nIfubeyakwu?\tDo you (sg) also see me?\nNgengukwesibengu.\tWe still teach you (pl).\nNgekundisibengu.\tWe can teach you (sg).\nBengunonu engeXhosa.\tI still speak Xhosa.",
    "questions": "[{\"question_n\": \"Q 4.1\", \"prompt\": \"Translate into English:\", \"subprompts\": [{\"questionpart_n\": \"1. \", \"question\": \"Yuthukwenubu?\", \"answer\": \"Do they love you (pl)?\", \"matches_human_scoring\": true, \"fuzzy_matching\": false, \"manual_edit\": false}, {\"questionpart_n\": \"2.\", \"question\": \"Yusibengu engeJamani.\", \"answer\": \"They teach German.\", \"matches_human_scoring\": true, \"fuzzy_matching\": false, \"manual_edit\": false}, {\"questionpart_n\": \"3.\", \"question\": \"Kwekuyusibengu.\", \"answer\": \"You (pl) can teach them.\", \"matches_human_scoring\": true, \"fuzzy_matching\": false, \"manual_edit\": false}, {\"questionpart_n\": \"4.\", \"question\": \"Ingubeyakwu?\", \"answer\": \"Do you (sg) still see me?\", \"matches_human_scoring\": true, \"fuzzy_matching\": false, \"manual_edit\": false}, {\"questionpart_n\": \"5.\", \"question\": \"Ngefusibu engeFrentshi.\", \"answer\": \"We also learn French.\", \"matches_human_scoring\": true, \"fuzzy_matching\": false, \"manual_edit\": false}]}, {\"question_n\": \"Q 4.2\", \"prompt\": \"Translate into Language X:\", \"subprompts\": [{\"questionpart_n\": \"6.\", \"question\": \"You (pl) speak.\", \"answer\": \"Kwethunonu.\", \"matches_human_scoring\": true, \"fuzzy_matching\": false, \"manual_edit\": false}, {\"questionpart_n\": \"7.\", \"question\": \"You (sg) teach them.\", \"answer\": \"Ithuyusibengu.\", \"matches_human_scoring\": true, \"fuzzy_matching\": false, \"manual_edit\": false}, {\"questionpart_n\": \"8. \", \"question\": \"They also learn English.\", \"answer\": \"Yufusibu engeNgesi.\", \"matches_human_scoring\": true, \"fuzzy_matching\": false, \"manual_edit\": false}, {\"questionpart_n\": \"9.\", \"question\": \"Can I see you (pl)?\", \"answer\": \"Bekukweyakwu?\", \"matches_human_scoring\": true, \"fuzzy_matching\": false, \"manual_edit\": false}, {\"questionpart_n\": \"10.\", \"question\": \"I still learn.\", \"answer\": \"Bengusibu.\", \"matches_human_scoring\": true, \"fuzzy_matching\": false, \"manual_edit\": false}, {\"questionpart_n\": \"11.\", \"question\": \"You (sg) can see them.\", \"answer\": \"Ikuyuyakwu.\", \"matches_human_scoring\": true, \"fuzzy_matching\": false, \"manual_edit\": false}]}]",
    "obfuscated": "True",
    "obf_num": "13",
    "mapping": {
        "i": "e",
        "u": "i",
        "a": "u",
        "o": "a",
        "e": "o",
        "nd": "b",
        "s": "ng",
        "n": "kw",
        "b": "y",
        "ng": "k",
        "kw": "f",
        "y": "th",
        "k": "nd",
        "f": "s",
        "th": "n",
        "xhosa": "xhosa",
        "ngesi": "ngesi",
        "rashiya": "rashiya",
        "zulu": "zulu",
        "ndebele": "ndebele",
        "jamani": "jamani",
        "frentshi": "frentshi"
    }
}