{
    "json_invalid": false,
    "preamble": "Problem 4. Language X (10 marks)\n  ",
    "context": "Below are some sentences in Language X, along with their English translations.\nThukwofotho.\tI love.\nNdukwonofotho.\tWe love them.\nNdufotho unduXhosa.\tWe love Xhosa.\nAkwofotho.\tYou (sg) love.\nAfifo unduNgesi.\tYou (sg) speak English.\nNokwokatho?\tDo they learn?\nNokwoyaneso.\tThey see you (sg).\nSukwonduneso.\tYou (pl) see us.\nThukwonokathundo?\tDo I teach them?\nNofifo unduRashiya.\tThey speak Russian.\nSufifo unduNgesi?\tDo you (pl) speak English? \nSukwothuneso?\tDo you (pl) see me?\nThukatho unduXhosa.\tI learn Xhosa. \nNondokathundo unduZulu.\tThey still teach Zulu. \nNdungofotho unduNdebele.\tWe also love Ndebele. \nThubondukathundo.\tI can teach us.\nAngothuneso?\tDo you (sg) also see me?\nNdundosukathundo.\tWe still teach you (pl).\nNduboyakathundo.\tWe can teach you (sg).\nThundofifo unduXhosa.\tI still speak Xhosa.",
    "questions": "[{\"question_n\": \"Q 4.1\", \"prompt\": \"Translate into English:\", \"subprompts\": [{\"questionpart_n\": \"1. \", \"question\": \"Nokwosufotho?\", \"answer\": \"Do they love you (pl)?\", \"matches_human_scoring\": true, \"fuzzy_matching\": false, \"manual_edit\": false}, {\"questionpart_n\": \"2.\", \"question\": \"Nokathundo unduJamani.\", \"answer\": \"They teach German.\", \"matches_human_scoring\": true, \"fuzzy_matching\": false, \"manual_edit\": false}, {\"questionpart_n\": \"3.\", \"question\": \"Subonokathundo.\", \"answer\": \"You (pl) can teach them.\", \"matches_human_scoring\": true, \"fuzzy_matching\": false, \"manual_edit\": false}, {\"questionpart_n\": \"4.\", \"question\": \"Andothuneso?\", \"answer\": \"Do you (sg) still see me?\", \"matches_human_scoring\": true, \"fuzzy_matching\": false, \"manual_edit\": false}, {\"questionpart_n\": \"5.\", \"question\": \"Ndungokatho unduFrentshi.\", \"answer\": \"We also learn French.\", \"matches_human_scoring\": true, \"fuzzy_matching\": false, \"manual_edit\": false}]}, {\"question_n\": \"Q 4.2\", \"prompt\": \"Translate into Language X:\", \"subprompts\": [{\"questionpart_n\": \"6.\", \"question\": \"You (pl) speak.\", \"answer\": \"Sukwofifo.\", \"matches_human_scoring\": true, \"fuzzy_matching\": false, \"manual_edit\": false}, {\"questionpart_n\": \"7.\", \"question\": \"You (sg) teach them.\", \"answer\": \"Akwonokathundo.\", \"matches_human_scoring\": true, \"fuzzy_matching\": false, \"manual_edit\": false}, {\"questionpart_n\": \"8. \", \"question\": \"They also learn English.\", \"answer\": \"Nongokatho unduNgesi.\", \"matches_human_scoring\": true, \"fuzzy_matching\": false, \"manual_edit\": false}, {\"questionpart_n\": \"9.\", \"question\": \"Can I see you (pl)?\", \"answer\": \"Thubosuneso?\", \"matches_human_scoring\": true, \"fuzzy_matching\": false, \"manual_edit\": false}, {\"questionpart_n\": \"10.\", \"question\": \"I still learn.\", \"answer\": \"Thundokatho.\", \"matches_human_scoring\": true, \"fuzzy_matching\": false, \"manual_edit\": false}, {\"questionpart_n\": \"11.\", \"question\": \"You (sg) can see them.\", \"answer\": \"Abononeso.\", \"matches_human_scoring\": true, \"fuzzy_matching\": false, \"manual_edit\": false}]}]",
    "obfuscated": "True",
    "obf_num": "25",
    "mapping": {
        "i": "u",
        "u": "a",
        "a": "o",
        "o": "e",
        "e": "i",
        "nd": "th",
        "s": "nd",
        "n": "s",
        "b": "n",
        "ng": "b",
        "kw": "ng",
        "y": "kw",
        "k": "y",
        "f": "k",
        "th": "f",
        "xhosa": "xhosa",
        "ngesi": "ngesi",
        "rashiya": "rashiya",
        "zulu": "zulu",
        "ndebele": "ndebele",
        "jamani": "jamani",
        "frentshi": "frentshi"
    }
}