{
    "json_invalid": false,
    "preamble": "Problem 4. Language X (10 marks)\n  ",
    "context": "Below are some sentences in Language X, along with their English translations.\nSakendese.\tI love.\nNakengendese.\tWe love them.\nNandese anaXhosa.\tWe love Xhosa.\nOkendese.\tYou (sg) love.\nOndunde anaNgesi.\tYou (sg) speak English.\nNgekethose?\tDo they learn?\nNgekefongibe.\tThey see you (sg).\nBakenangibe.\tYou (pl) see us.\nSakengethosane?\tDo I teach them?\nNgendunde anaRashiya.\tThey speak Russian.\nBandunde anaNgesi?\tDo you (pl) speak English? \nBakesangibe?\tDo you (pl) see me?\nSathose anaXhosa.\tI learn Xhosa. \nNgenethosane anaZulu.\tThey still teach Zulu. \nNayendese anaNdebele.\tWe also love Ndebele. \nSakwenathosane.\tI can teach us.\nOyesangibe?\tDo you (sg) also see me?\nNanebathosane.\tWe still teach you (pl).\nNakwefothosane.\tWe can teach you (sg).\nSanendunde anaXhosa.\tI still speak Xhosa.",
    "questions": "[{\"question_n\": \"Q 4.1\", \"prompt\": \"Translate into English:\", \"subprompts\": [{\"questionpart_n\": \"1. \", \"question\": \"Ngekebandese?\", \"answer\": \"Do they love you (pl)?\", \"matches_human_scoring\": true, \"fuzzy_matching\": false, \"manual_edit\": false}, {\"questionpart_n\": \"2.\", \"question\": \"Ngethosane anaJamani.\", \"answer\": \"They teach German.\", \"matches_human_scoring\": true, \"fuzzy_matching\": false, \"manual_edit\": false}, {\"questionpart_n\": \"3.\", \"question\": \"Bakwengethosane.\", \"answer\": \"You (pl) can teach them.\", \"matches_human_scoring\": true, \"fuzzy_matching\": false, \"manual_edit\": false}, {\"questionpart_n\": \"4.\", \"question\": \"Onesangibe?\", \"answer\": \"Do you (sg) still see me?\", \"matches_human_scoring\": true, \"fuzzy_matching\": false, \"manual_edit\": false}, {\"questionpart_n\": \"5.\", \"question\": \"Nayethose anaFrentshi.\", \"answer\": \"We also learn French.\", \"matches_human_scoring\": true, \"fuzzy_matching\": false, \"manual_edit\": false}]}, {\"question_n\": \"Q 4.2\", \"prompt\": \"Translate into Language X:\", \"subprompts\": [{\"questionpart_n\": \"6.\", \"question\": \"You (pl) speak.\", \"answer\": \"Bakendunde.\", \"matches_human_scoring\": true, \"fuzzy_matching\": false, \"manual_edit\": false}, {\"questionpart_n\": \"7.\", \"question\": \"You (sg) teach them.\", \"answer\": \"Okengethosane.\", \"matches_human_scoring\": true, \"fuzzy_matching\": false, \"manual_edit\": false}, {\"questionpart_n\": \"8. \", \"question\": \"They also learn English.\", \"answer\": \"Ngeyethose anaNgesi.\", \"matches_human_scoring\": true, \"fuzzy_matching\": false, \"manual_edit\": false}, {\"questionpart_n\": \"9.\", \"question\": \"Can I see you (pl)?\", \"answer\": \"Sakwebangibe?\", \"matches_human_scoring\": true, \"fuzzy_matching\": false, \"manual_edit\": false}, {\"questionpart_n\": \"10.\", \"question\": \"I still learn.\", \"answer\": \"Sanethose.\", \"matches_human_scoring\": true, \"fuzzy_matching\": false, \"manual_edit\": false}, {\"questionpart_n\": \"11.\", \"question\": \"You (sg) can see them.\", \"answer\": \"Okwengengibe.\", \"matches_human_scoring\": true, \"fuzzy_matching\": false, \"manual_edit\": false}]}]",
    "obfuscated": "True",
    "obf_num": "12",
    "mapping": {
        "i": "a",
        "u": "o",
        "a": "e",
        "o": "i",
        "e": "u",
        "nd": "s",
        "s": "n",
        "n": "b",
        "b": "ng",
        "ng": "kw",
        "kw": "y",
        "y": "k",
        "k": "f",
        "f": "th",
        "th": "nd",
        "xhosa": "xhosa",
        "ngesi": "ngesi",
        "rashiya": "rashiya",
        "zulu": "zulu",
        "ndebele": "ndebele",
        "jamani": "jamani",
        "frentshi": "frentshi"
    }
}