{
    "json_invalid": false,
    "preamble": "Problem 4. Language X (10 marks)\n  ",
    "context": "Below are some sentences in Language X, along with their English translations.\nFungokofo.\tI love.\nThungosokofo.\tWe love them.\nThukofo uthuXhosa.\tWe love Xhosa.\nAngokofo.\tYou (sg) love.\nAkiko uthuNgesi.\tYou (sg) speak English.\nSongoyafo?\tDo they learn?\nSongokwasendo.\tThey see you (sg).\nNdungothusendo.\tYou (pl) see us.\nFungosoyafutho?\tDo I teach them?\nSokiko uthuRashiya.\tThey speak Russian.\nNdukiko uthuNgesi?\tDo you (pl) speak English? \nNdungofusendo?\tDo you (pl) see me?\nFuyafo uthuXhosa.\tI learn Xhosa. \nSothoyafutho uthuZulu.\tThey still teach Zulu. \nThubokofo uthuNdebele.\tWe also love Ndebele. \nFunothuyafutho.\tI can teach us.\nAbofusendo?\tDo you (sg) also see me?\nThuthonduyafutho.\tWe still teach you (pl).\nThunokwayafutho.\tWe can teach you (sg).\nFuthokiko uthuXhosa.\tI still speak Xhosa.",
    "questions": "[{\"question_n\": \"Q 4.1\", \"prompt\": \"Translate into English:\", \"subprompts\": [{\"questionpart_n\": \"1. \", \"question\": \"Songondukofo?\", \"answer\": \"Do they love you (pl)?\", \"matches_human_scoring\": true, \"fuzzy_matching\": false, \"manual_edit\": false}, {\"questionpart_n\": \"2.\", \"question\": \"Soyafutho uthuJamani.\", \"answer\": \"They teach German.\", \"matches_human_scoring\": true, \"fuzzy_matching\": false, \"manual_edit\": false}, {\"questionpart_n\": \"3.\", \"question\": \"Ndunosoyafutho.\", \"answer\": \"You (pl) can teach them.\", \"matches_human_scoring\": true, \"fuzzy_matching\": false, \"manual_edit\": false}, {\"questionpart_n\": \"4.\", \"question\": \"Athofusendo?\", \"answer\": \"Do you (sg) still see me?\", \"matches_human_scoring\": true, \"fuzzy_matching\": false, \"manual_edit\": false}, {\"questionpart_n\": \"5.\", \"question\": \"Thuboyafo uthuFrentshi.\", \"answer\": \"We also learn French.\", \"matches_human_scoring\": true, \"fuzzy_matching\": false, \"manual_edit\": false}]}, {\"question_n\": \"Q 4.2\", \"prompt\": \"Translate into Language X:\", \"subprompts\": [{\"questionpart_n\": \"6.\", \"question\": \"You (pl) speak.\", \"answer\": \"Ndungokiko.\", \"matches_human_scoring\": true, \"fuzzy_matching\": false, \"manual_edit\": false}, {\"questionpart_n\": \"7.\", \"question\": \"You (sg) teach them.\", \"answer\": \"Angosoyafutho.\", \"matches_human_scoring\": true, \"fuzzy_matching\": false, \"manual_edit\": false}, {\"questionpart_n\": \"8. \", \"question\": \"They also learn English.\", \"answer\": \"Soboyafo uthuNgesi.\", \"matches_human_scoring\": true, \"fuzzy_matching\": false, \"manual_edit\": false}, {\"questionpart_n\": \"9.\", \"question\": \"Can I see you (pl)?\", \"answer\": \"Funondusendo?\", \"matches_human_scoring\": true, \"fuzzy_matching\": false, \"manual_edit\": false}, {\"questionpart_n\": \"10.\", \"question\": \"I still learn.\", \"answer\": \"Futhoyafo.\", \"matches_human_scoring\": true, \"fuzzy_matching\": false, \"manual_edit\": false}, {\"questionpart_n\": \"11.\", \"question\": \"You (sg) can see them.\", \"answer\": \"Anososendo.\", \"matches_human_scoring\": true, \"fuzzy_matching\": false, \"manual_edit\": false}]}]",
    "obfuscated": "True",
    "obf_num": "29",
    "mapping": {
        "i": "u",
        "u": "a",
        "a": "o",
        "o": "e",
        "e": "i",
        "nd": "f",
        "s": "th",
        "n": "nd",
        "b": "s",
        "ng": "n",
        "kw": "b",
        "y": "ng",
        "k": "kw",
        "f": "y",
        "th": "k",
        "xhosa": "xhosa",
        "ngesi": "ngesi",
        "rashiya": "rashiya",
        "zulu": "zulu",
        "ndebele": "ndebele",
        "jamani": "jamani",
        "frentshi": "frentshi"
    }
}