{
    "json_invalid": false,
    "preamble": "Problem 4. Language X (10 marks)\n  ",
    "context": "Below are some sentences in Language X, along with their English translations.\nBothinibi.\tI love.\nNgothiyinibi.\tWe love them.\nNgonibi ongoXhosa.\tWe love Xhosa.\nEthinibi.\tYou (sg) love.\nEnani ongoNgesi.\tYou (sg) speak English.\nYithisebi?\tDo they learn?\nYithindeyukwi.\tThey see you (sg).\nKwothingoyukwi.\tYou (pl) see us.\nBothiyisebongi?\tDo I teach them?\nYinani ongoRashiya.\tThey speak Russian.\nKwonani ongoNgesi?\tDo you (pl) speak English? \nKwothiboyukwi?\tDo you (pl) see me?\nBosebi ongoXhosa.\tI learn Xhosa. \nYingisebongi ongoZulu.\tThey still teach Zulu. \nNgofinibi ongoNdebele.\tWe also love Ndebele. \nBokingosebongi.\tI can teach us.\nEfiboyukwi?\tDo you (sg) also see me?\nNgongikwosebongi.\tWe still teach you (pl).\nNgokindesebongi.\tWe can teach you (sg).\nBonginani ongoXhosa.\tI still speak Xhosa.",
    "questions": "[{\"question_n\": \"Q 4.1\", \"prompt\": \"Translate into English:\", \"subprompts\": [{\"questionpart_n\": \"1. \", \"question\": \"Yithikwonibi?\", \"answer\": \"Do they love you (pl)?\", \"matches_human_scoring\": true, \"fuzzy_matching\": false, \"manual_edit\": false}, {\"questionpart_n\": \"2.\", \"question\": \"Yisebongi ongoJamani.\", \"answer\": \"They teach German.\", \"matches_human_scoring\": true, \"fuzzy_matching\": false, \"manual_edit\": false}, {\"questionpart_n\": \"3.\", \"question\": \"Kwokiyisebongi.\", \"answer\": \"You (pl) can teach them.\", \"matches_human_scoring\": true, \"fuzzy_matching\": false, \"manual_edit\": false}, {\"questionpart_n\": \"4.\", \"question\": \"Engiboyukwi?\", \"answer\": \"Do you (sg) still see me?\", \"matches_human_scoring\": true, \"fuzzy_matching\": false, \"manual_edit\": false}, {\"questionpart_n\": \"5.\", \"question\": \"Ngofisebi ongoFrentshi.\", \"answer\": \"We also learn French.\", \"matches_human_scoring\": true, \"fuzzy_matching\": false, \"manual_edit\": false}]}, {\"question_n\": \"Q 4.2\", \"prompt\": \"Translate into Language X:\", \"subprompts\": [{\"questionpart_n\": \"6.\", \"question\": \"You (pl) speak.\", \"answer\": \"Kwothinani.\", \"matches_human_scoring\": true, \"fuzzy_matching\": false, \"manual_edit\": false}, {\"questionpart_n\": \"7.\", \"question\": \"You (sg) teach them.\", \"answer\": \"Ethiyisebongi.\", \"matches_human_scoring\": true, \"fuzzy_matching\": false, \"manual_edit\": false}, {\"questionpart_n\": \"8. \", \"question\": \"They also learn English.\", \"answer\": \"Yifisebi ongoNgesi.\", \"matches_human_scoring\": true, \"fuzzy_matching\": false, \"manual_edit\": false}, {\"questionpart_n\": \"9.\", \"question\": \"Can I see you (pl)?\", \"answer\": \"Bokikwoyukwi?\", \"matches_human_scoring\": true, \"fuzzy_matching\": false, \"manual_edit\": false}, {\"questionpart_n\": \"10.\", \"question\": \"I still learn.\", \"answer\": \"Bongisebi.\", \"matches_human_scoring\": true, \"fuzzy_matching\": false, \"manual_edit\": false}, {\"questionpart_n\": \"11.\", \"question\": \"You (sg) can see them.\", \"answer\": \"Ekiyiyukwi.\", \"matches_human_scoring\": true, \"fuzzy_matching\": false, \"manual_edit\": false}]}]",
    "obfuscated": "True",
    "obf_num": "24",
    "mapping": {
        "i": "o",
        "u": "e",
        "a": "i",
        "o": "u",
        "e": "a",
        "nd": "b",
        "s": "ng",
        "n": "kw",
        "b": "y",
        "ng": "k",
        "kw": "f",
        "y": "th",
        "k": "nd",
        "f": "s",
        "th": "n",
        "xhosa": "xhosa",
        "ngesi": "ngesi",
        "rashiya": "rashiya",
        "zulu": "zulu",
        "ndebele": "ndebele",
        "jamani": "jamani",
        "frentshi": "frentshi"
    }
}