{
    "json_invalid": false,
    "preamble": "Stopping and flapping in Language X (10 marks)\n\n  Language X spoken in one part of the country differs in various ways from the language spoken in another part. One of the ways in which Language X dialects differ is in the relationship between the sounds written using the digraphs rt and rd.\n",
    "context": "The table below shows how the 'same' words are pronounced in each of three distinct dialects of Language X, which are simply labeled A, B and C. Study the data in the table and then answer the questions which follow. The sounds written using the digraphs rt, rd, rl, and rn, as well as the monograph r, all belong to a class of sounds called 'retroflex', made by curling back the tongue tip so that the underside of the tongue tip makes contact with the hard palate.\n\nEnglish\tA\tB\tC\nfather\tngartu\tngartu\tngartu\nfor father\tngartungi\tngartungi\tngartungi\nfather & child ngardurnupi\tngardurnupi\tngarturnupi\naunt\tkalyarta\tkalyarta\tkalyarta\nfor aunt\tkalyartanga\tkalyartanga\tkalyartanga\non aunt\tkalyardarnu\tkalyardarnu\tkalyartarnu\nflame\trdana\trtana\trtana\nhand\trdungu\trtungu\trtungu\nraw\trdurra\trturra\trturra\nheel\trdura\trdura\trdura\nwalk placing feet on tufts of grass to avoid leaving footprints\tlyurlupngurdura\tlyurlupngurdura\tlyurlupngurdura\nheart\tngirdirtirri\tngirdirtirri\tngirdirtirri\ntooth\tngurdarta\tngurdarta\tngurdarta\nwith/by tooth\tngurdardarna\tngurdardarna\tngurdartarna\non tooth\tngurdardarnu\tngurdardarnu\tngurdartarnu\nhold it!\tlyurtungu\tlyurtungu\tlyurtungu\nholding\tlyurdurla\tlyurdurla\tlyurturla\nheld\tlyurdurli\tlyurdurli\tlyurturli\nsummit\trduurlku\trduurlku\trduurlku\naccompany\trdulkurla\trtulkurla\trtulkurla\nsmoke\tmiyirti\tmiyirti\tmiyirti\nby smoke\tmiyirdirni\tmiyirdirni\tmiyirtirni\n",
    "questions": "[{\"question_n\": \"Q 1.1\", \"prompt\": \"The word for \\u2018again\\u2019 or \\u2018more\\u2019 is murtu in all three dialects. If we add the suffix -rla, meaning 'this way', to it, how would this complex word be pronounced in each of the three dialects? Give the answer for each dialect in response to the corresponding letter of the dialect.\", \"subprompts\": [{\"questionpart_n\": \"a\", \"question\": \"A\", \"answer\": \"murdurla\", \"matches_human_scoring\": false, \"fuzzy_matching\": false, \"manual_edit\": false}, {\"questionpart_n\": \"b\", \"question\": \"B\", \"answer\": \"murdurla\", \"matches_human_scoring\": false, \"fuzzy_matching\": false, \"manual_edit\": false}, {\"questionpart_n\": \"c\", \"question\": \"C\", \"answer\": \"murturla\", \"matches_human_scoring\": false, \"fuzzy_matching\": false, \"manual_edit\": false}]}, {\"question_n\": \"Q 1.2\", \"prompt\": \"Q 1.2 The word for 'red' in dialect A is rdara. How is it pronounced in the other dialects? Give the answer for each dialect in response to the corresponding letter of the dialect.\", \"subprompts\": [{\"questionpart_n\": \"b\", \"question\": \"B\", \"answer\": \"rdara\", \"matches_human_scoring\": false, \"fuzzy_matching\": false, \"manual_edit\": false}, {\"questionpart_n\": \"c\", \"question\": \"C\", \"answer\": \"rdara\", \"matches_human_scoring\": false, \"fuzzy_matching\": false, \"manual_edit\": false}]}, {\"question_n\": \"Q 1.3\", \"prompt\": \"Q 1.3 The word for 'shelter' in dialect C is rtiku. How is it pronounced in the other dialects? Give the answer for each dialect in response to the corresponding letter of the dialect.\", \"subprompts\": [{\"questionpart_n\": \"a\", \"question\": \"A\", \"answer\": \"rdiku\", \"matches_human_scoring\": false, \"fuzzy_matching\": false, \"manual_edit\": false}, {\"questionpart_n\": \"b\", \"question\": \"B\", \"answer\": \"rtiku\", \"matches_human_scoring\": false, \"fuzzy_matching\": false, \"manual_edit\": false}]}, {\"question_n\": \"Q 1.4\", \"prompt\": \"Q 1.4 The word for 'big sister' in all three dialects is pronounced ngukarta. How would you say, in each dialect 'big sister and little sister or brother', which consists of adding the suffix -rnupi to the word for 'big sister'? Give the answer for each dialect in response to the corresponding letter of the dialect.\", \"subprompts\": [{\"questionpart_n\": \"a\", \"question\": \"A\", \"answer\": \"ngukardarnupi\", \"matches_human_scoring\": false, \"fuzzy_matching\": false, \"manual_edit\": false}, {\"questionpart_n\": \"b\", \"question\": \"B\", \"answer\": \"ngukardarnupi\", \"matches_human_scoring\": false, \"fuzzy_matching\": false, \"manual_edit\": false}, {\"questionpart_n\": \"c\", \"question\": \"C\", \"answer\": \"ngukartarnupi\", \"matches_human_scoring\": false, \"fuzzy_matching\": false, \"manual_edit\": false}]}, {\"question_n\": \"Q 1.5\", \"prompt\": \"Q 1.5 How does dialect A differ from dialect B in the distribution of the rd and rt sounds? Answer by completing the following sentence with one word or sound per blank.\", \"subprompts\": [{\"questionpart_n\": \"a\", \"question\": \"The sound __ never occurs in Dialect __ at the __ of a word\", \"answer\": \"[\\\"The sound rt never occurs in Dialect A at the start of a word\\\",\\\"The sound rt never occurs in Dialect A at the beginning of a word\\\"]\", \"matches_human_scoring\": false, \"fuzzy_matching\": false, \"manual_edit\": false}]}, {\"question_n\": \"Q 1.6\", \"prompt\": \"Q 1.6 Is the following statement true or false? Dialect C differs from dialects A and B in that when a suffix is added to a word whose final consonant is rt, the pronunciation of the original word does not vary.\", \"subprompts\": [{\"questionpart_n\": \"a\", \"question\": \"\", \"answer\": \"True\", \"matches_human_scoring\": false, \"fuzzy_matching\": false, \"manual_edit\": false}]}]",
    "obfuscated": "True",
    "obf_num": "3",
    "mapping": {
        "l": "n",
        "n": "l",
        "k": "ng",
        "m": "ly",
        "p": "k",
        "y": "m",
        "ng": "p",
        "ly": "y",
        "a": "u",
        "i": "a",
        "u": "i",
        "t": "d",
        "d": "t",
        "r": "r"
    }
}