{
    "json_invalid": false,
    "preamble": "Problem 5. Language X (15 marks)\n Language X is an endangered language spoken in the River X area  . ",
    "context": "One morning, Ant\u00f4nia, C\u00e2ndido, Margarida, Jo\u00e3o, Maria, and Em\u00edlio were playing a detective game, in which they had to discover who just \u201cpoisoned\u201d their sleeping friend Ismael! They very quickly decided that he had drunk poisoned manioc-flour, a mixture of cassava (or tapioca) flour and water. When asked why, their responses were as follows:\nSpeaker\tLanguage X Statement\tEnglish Translation\tEvidence for the Claim\nAnt\u00f4nia\tKehi kwih\u027ee-pakwa keeyikwi.\tHe drank manioc-flour.\tShe saw him drink it before he fell asleep.\nC\u00e2ndido\tMaye\u0303 kwih\u027ee-pakwa keeyipehkwi.\tIsmael drank manioc-flour.\tHe saw some manioc-flour on his upper lip (like a \u201cmilk moustache\u201d).\nMargarida\tKehi kwih\u027ee-pakwa keeyinihkwi.\tHe drank manioc-flour\tShe had heard him slurping his manioc-flour in the room next door.\nJo\u00e3o\tMaye\u0303 kwih\u027ee-pakwa keeyiwekwi.\tIsmael drank manioc-flour.\tHe knew that he took some of his sister\u2019s manioc-flour every morning.\nMaria\tKehi kwih\u027ee-pakwa keeyitekikwi.\tHe drank manioc-flour.\tIsmael told her (before falling\nasleep) that he had drunk some.\nEm\u00edlio\tMaye\u0303 kwih\u027ee-pakwa keeyinihkwi.\tIsmael drank manioc-flour.\tHe could smell manioc-flour on Ismael\u2019s breath.\n\nFirst, they suspected Jos\u00e9, so went to his house to investigate. They all concluded Jos\u00e9 was innocent \u2013 he had an alibi! When asked why, their responses were as follows:\n\nSpeaker\tLanguage X Statement\tEnglish Translation\tEvidence for the Claim\nAnt\u00f4nia\tJuse eyeki kenipekwikwi.\tJos\u00e9 was playing football.\tShe saw him playing football on the field over the road.\nC\u00e2ndido\tJuse eyeki kenipekwipehkwi.\tJos\u00e9 was playing football.\tHe saw that both Jos\u00e9 and his football kit were missing.\nMargarida\tJuse eyeki kenipekwiwekwi.\tJos\u00e9 was playing football.\tShe knew it was time for his weekly football match.\nJo\u00e3o\tPihi eyeki pinipekwikwi.\tThey were playing football.\tHe could see Jos\u00e9 playing football with his brother.\nMaria\tPihi eyeki pinipekwitekikwi.\tThey were playing football.\tShe was told by Jos\u00e9\u2019s mum that he was playing football with his brother.\nEm\u00edlio\tPihi eyeki pinipekwipehkwi.\tThey were playing football.\tHe saw that Jos\u00e9\u2019s football and both sets of football boots were missing.\n\nNext, they went to Ismael\u2019s house. Again, they looked around, and spoke to a second key witness (Ismael\u2019s sister, Ol\u00edvia). They agreed she was acting very suspiciously, as she wouldn\u2019t say what she was doing at the time of Ismael\u2019s \u201cdeath\u201d. This time, they didn\u2019t all agree. When asked what they thought had happened, their responses were as follows:\n\nSpeaker\tLanguage X Statement\tEnglish Translation\tEvidence for the Claim\nAnt\u00f4nia\tO\u0301li kasiwekwi.\tOl\u00edvia was sleeping in the hammock.\tShe believed that Ol\u00edvia always sleeps all morning.\nC\u00e2ndido\t__(a)__\tShe was swimming.\tHe saw that her clothes were wet.\nMargarida\tKahi kaimhinihkwi.\tShe was swimming.\tShe had heard her in the river earlier.\nJo\u00e3o\tO\u0301li kwih\u027ee-pakwa kapenihkwi.\tOl\u00edvia was making manioc-flour.\tHe could smell manioc-flour in the kitchen.\nMaria\t__(b)__\tShe was making manioc-flour.\tShe was told by Ismael\u2019s dad that Ol\u00edvia had been making manioc-flour.\nEm\u00edlio\tKahi hepetakwa kanumadipehkwi.\tShe was raking the garden.\tHe saw that the garden had recently been raked.\n\nWhen Jo\u00e3o and Maria shared their information, they told Ol\u00edvia \u201c__(c)__ maye\u0303 teepapehkwi!\u201d\nYou killed Ismael!\n\nThey began explaining all of the things they had come across that morning. They established that Ol\u00edvia had also gone swimming, and that their father Leonardo had raked the garden before going to lie down in the hammock.\n\nSpeaker\tLanguage X Statement\tEnglish Translation\tEvidence for the Claim\nC\u00e2ndido\t__(d)__\tYou (Ol\u00edvia) were swimming.\tHe had overheard Ol\u00edvia confirm that she had gone swimming.\nMargarida\t__(e)__\tHe (Leonardo) was raking the garden.\tShe saw that Leonardo\u2019s clothes had bits of grass and leaves on them.\nOl\u00edvia\t__(f)__\tHe (Leonardo) was sleeping in the hammock.\tShe knew that Leonardo always lies down in the hammock after gardening.\nAnt\u00f4nia\t__(g)__\tYou (Leonardo) were drinking manioc-flour.\tShe saw a dirty cup next to the hammock where Leonardo had been sleeping.\nOl\u00edvia\t__(h)__\tThey (Jos\u00e9 and brother) were playing football.\tShe had heard a football going on while she was swimming.\nJo\u00e3o\t__(i)__\tOl\u00edvia was swimming.\tHe had seen Ol\u00edvia swimming in the river.\n",
    "questions": "[{\"question_n\": \"Q 5.1\", \"prompt\": \"Fill in the gaps (a) and (b) by giving Maria and Em\\u00edlio\\u2019s statements in Language X.\", \"subprompts\": [{\"questionpart_n\": \"a.\", \"question\": \"__(a)__\", \"answer\": \"Kahi kaimhipehkwi.\", \"matches_human_scoring\": true, \"fuzzy_matching\": false, \"manual_edit\": false}, {\"questionpart_n\": \"b.\", \"question\": \"__(b)__\", \"answer\": \"Kahi kwih\u027ee-pakwa kapetekikwi.\", \"matches_human_scoring\": true, \"fuzzy_matching\": false, \"manual_edit\": false}]}, {\"question_n\": \"Q 5.2\", \"prompt\": \"What Language X word should replace (c)?\", \"subprompts\": [{\"questionpart_n\": \"c.\", \"question\": \"\", \"answer\": \"Tehi\", \"matches_human_scoring\": true, \"fuzzy_matching\": false, \"manual_edit\": false}]}, {\"question_n\": \"Q 5.3\", \"prompt\": \"Fill in the gaps (d)-(i) above with the correct Language X statement. You do not need to translate the names in brackets.\", \"subprompts\": [{\"questionpart_n\": \"d.\", \"question\": \"__(d)__\", \"answer\": \"Tehi teimhitekikwi.\", \"matches_human_scoring\": true, \"fuzzy_matching\": false, \"manual_edit\": false}, {\"questionpart_n\": \"e.\", \"question\": \"__(e)__\", \"answer\": \"Kehi hepetakwa kenumadipehkwi.\", \"matches_human_scoring\": true, \"fuzzy_matching\": false, \"manual_edit\": false}, {\"questionpart_n\": \"f.\", \"question\": \"__(f)__\", \"answer\": \"Kehi kesiwekwi.\", \"matches_human_scoring\": true, \"fuzzy_matching\": false, \"manual_edit\": false}, {\"questionpart_n\": \"g.\", \"question\": \"__(g)__\", \"answer\": \"Tehi kwih\u027ee-pakwa teeyipehkwi.\", \"matches_human_scoring\": true, \"fuzzy_matching\": false, \"manual_edit\": false}, {\"questionpart_n\": \"h.\", \"question\": \"__(h)__\", \"answer\": \"Pihi eyeki pinipekwinihkwi.\", \"matches_human_scoring\": true, \"fuzzy_matching\": false, \"manual_edit\": false}, {\"questionpart_n\": \"i.\", \"question\": \"__(i)__\", \"answer\": \"O\u0301li kaimhikwi.\", \"matches_human_scoring\": true, \"fuzzy_matching\": false, \"manual_edit\": false}]}]",
    "obfuscated": "True",
    "obf_num": "24",
    "mapping": {
        "i": "e",
        "a": "i",
        "u": "a",
        "e": "u",
        "m": "n",
        "n": "p",
        "p": "t",
        "t": "d",
        "d": "k",
        "k": "kw",
        "kw": "s",
        "s": "w",
        "w": "\u027e",
        "\u027e": "y",
        "y": "m",
        "maye\u0303": "maye\u0303",
        "juse": "juse",
        "o\u0301li": "o\u0301li",
        "h": "h"
    }
}