{
    "preamble": "Problem 9. Language X (25 marks)\n Language X, also known as language Y, is a foreign language spoken primarily by around 88,000 people.\n",
    "context": "Below are some sentences in language X, written in a Latin transcription, with their corresponding English translations. Note that k\u02b0, t\u02b0 and \u014b are consonants, and \u0259 is a vowel.\n\n\u0259mah tuy nuamt\u0259hin \u0259don\tHe drinks water happily.\nken si\u014bpi k\u0259d\u0259ymo\u014bsih\tI don\u2019t like tea at all.\nvok golte \u0259hu\u014bsihdi\u014b uh\tThe big pigs will not come.\nken k\u0259damsih\tI am ill.\nn\u0259\u014b sah n\u0259ne\tYou eat meat.\nbo\u014bte \u0259hu\u014bleh uh ken skulah k\u0259ciahdi\u014b\tIf the cows come, I will go to school.\nn\u0259\u014b si\u014bpi n\u0259donleh ken k\u0259hu\u014bsihdi\u014b\tIf you drink tea, I will not come.\nnawp\u0259\u014b kin \u0259k\u0259p\tThe quick child is crying.\ncini kint\u0259hin nein\tEat the sugar quickly!\nk\u0259w k\u02b0otak\u02b0otaah k\u0259ciah uh\tWe go to all the villages.\nnawp\u0259\u014b kilomte inahte \u0259p\u0259ydi\u014bmo uh\tWill the nice children return to the houses?\nn\u0259\u014b \u0259n kint\u0259hin n\u0259nedi\u0259y\tYou should eat rice quickly.\nk\u0259w \u0259n\u0259n kilom k\u0259d\u0259yh uh\tWe want all the nice rice.\n\u0259manu si\u014bpi \u0259donmo\u014bsihdi\u0259y\tShe should not drink tea at all.\ng\u0259lkapte cini dohknaah \u0259t\u02b0emo uh\tDo the soldiers throw the sugar on the table?\nn\u0259\u014b in gol n\u0259d\u0259yhsihdi\u0259y\tYou should not want the big house.\n",
    "questions": "[{\"question_n\": \"Q 9.1\", \"prompt\": \"Based on the above information, is \\u201cyou\\u201d in the English translations a singular or plural pronoun? Enter the letter that corresponds to the answer. Singular : A, Plural : B.\", \"subprompts\": [{\"questionpart_n\": \"1.\", \"question\": \"\", \"answer\": \"A\", \"matches_human_scoring\": false, \"fuzzy_matching\": false, \"manual_edit\": false}]}, {\"question_n\": \"Q 9.2\", \"prompt\": \"Translate the following language X sentences into English:\", \"subprompts\": [{\"questionpart_n\": \"17.\", \"question\": \"n\\u0259\\u014b skul n\\u0259d\\u0259ymo\\u014bsih\", \"answer\": \"You do not like school at all.\", \"matches_human_scoring\": false, \"fuzzy_matching\": false, \"manual_edit\": false}, {\"questionpart_n\": \"18.\", \"question\": \"bo\\u014bbo\\u014b gol kint\\u0259hin \\u0259hu\\u014bdi\\u014bmo uh\", \"answer\": \"Will all the big cows come quickly?\", \"matches_human_scoring\": false, \"fuzzy_matching\": false, \"manual_edit\": false}, {\"questionpart_n\": \"19.\", \"question\": \"g\\u0259lkap nuamte si\\u014bpi \\u0259d\\u0259yh uh\", \"answer\": \"The happy soldiers want tea.\", \"matches_human_scoring\": false, \"fuzzy_matching\": false, \"manual_edit\": false}, {\"questionpart_n\": \"20.\", \"question\": \"ken cinicini k\\u0259nesihdi\\u0259y\", \"answer\": \"I should not eat all the sugar.\", \"matches_human_scoring\": false, \"fuzzy_matching\": false, \"manual_edit\": false}, {\"questionpart_n\": \"21.\", \"question\": \"dohknadohknaah ciahin\", \"answer\": \"[\\\"Go to all the tables!\\\", \\\"Go on all the tables!\\\"]\", \"matches_human_scoring\": false, \"fuzzy_matching\": false, \"manual_edit\": false}]}, {\"question_n\": \"Q 9.3\", \"prompt\": \"Translate the following English sentences into language X:\", \"subprompts\": [{\"questionpart_n\": \"22.\", \"question\": \"We should like the happy villages.\", \"answer\": \"k\\u0259w k\\u02b0ota nuamte k\\u0259d\\u0259ydi\\u0259y uh\", \"matches_human_scoring\": false, \"fuzzy_matching\": false, \"manual_edit\": false}, {\"questionpart_n\": \"23.\", \"question\": \"If she is healthy, will you drink the water?\", \"answer\": \"\\u0259manu \\u0259damleh n\\u0259\\u014b tuy n\\u0259dondi\\u014bmo\", \"matches_human_scoring\": false, \"fuzzy_matching\": false, \"manual_edit\": false}, {\"questionpart_n\": \"24.\", \"question\": \"Throw nicely in the house!\", \"answer\": \"inah kilomt\\u0259hin t\\u02b0ein\", \"matches_human_scoring\": false, \"fuzzy_matching\": false, \"manual_edit\": false}, {\"questionpart_n\": \"25.\", \"question\": \"Should the soldiers not eat all the meat quickly?\", \"answer\": \"g\\u0259lkapte sahsah kint\\u0259hin \\u0259nesihdi\\u0259ymo uh\", \"matches_human_scoring\": false, \"fuzzy_matching\": false, \"manual_edit\": false}, {\"questionpart_n\": \"26.\", \"question\": \"If all the children are crying, I will not come to the villages at all.\", \"answer\": \"nawp\\u0259\\u014bnawp\\u0259\\u014b \\u0259k\\u0259pleh uh ken k\\u02b0otaahte k\\u0259hu\\u014bmo\\u014bsihdi\\u014b\", \"matches_human_scoring\": false, \"fuzzy_matching\": false, \"manual_edit\": false}]}]",
    "notes": "Check how the model responds to Q 9.1. Unique structure.",
    "answers_page": 2,
    "team_review": false,
    "obfuscated": "False",
    "obf_num": "0",
    "mapping": null,
    "json_invalid": false
}