{
    "json_invalid": false,
    "preamble": "Problem 9. Language X (25 marks)\n Language X, also known as language Y, is a foreign language spoken primarily by around 88,000 people.\n",
    "context": "Below are some sentences in language X, written in a Latin transcription, with their corresponding English translations. Note that k\u02b0, t\u02b0 and \u014b are consonants, and \u0259 is a vowel.\n\nekup got\u02b0 k\u02b0oukgep\u0259k\u02b0 ewik\u02b0\tHe drinks water happily.\nhak\u02b0 \u014b\u0259bd\u0259 hewet\u02b0kib\u014b\u0259p\tI don\u2019t like tea at all.\nnih mitga epob\u014b\u0259pw\u0259b op\tThe big pigs will not come.\nhak\u02b0 hewuk\u014b\u0259p\tI am ill.\nk\u02b0eb \u014bup k\u02b0ek\u02b0a\tYou eat meat.\nyibga epobtap op hak\u02b0 \u014bhotup hes\u0259upw\u0259b\tIf the cows come, I will go to school.\nk\u02b0eb \u014b\u0259bd\u0259 k\u02b0ewik\u02b0tap hak\u02b0 hepob\u014b\u0259pw\u0259b\tIf you drink tea, I will not come.\nk\u02b0ucdeb h\u0259k\u02b0 ehed\tThe quick child is crying.\ns\u0259k\u02b0\u0259 h\u0259k\u02b0gep\u0259k\u02b0 k\u02b0a\u0259k\u02b0\tEat the sugar quickly!\nhec liguliguup hes\u0259up op\tWe go to all the villages.\nk\u02b0ucdeb h\u0259tikga \u0259k\u02b0upga edet\u02b0w\u0259bki op\tWill the nice children return to the houses?\nk\u02b0eb ek\u02b0 h\u0259k\u02b0gep\u0259k\u02b0 k\u02b0ek\u02b0aw\u0259et\u02b0\tYou should eat rice quickly.\nhec ek\u02b0ek\u02b0 h\u0259tik hewet\u02b0p op\tWe want all the nice rice.\nekuk\u02b0o \u014b\u0259bd\u0259 ewik\u02b0kib\u014b\u0259pw\u0259et\u02b0\tShe should not drink tea at all.\nmethudga s\u0259k\u02b0\u0259 wiphk\u02b0uup evaki op\tDo the soldiers throw the sugar on the table?\nk\u02b0eb \u0259k\u02b0 mit k\u02b0ewet\u02b0p\u014b\u0259pw\u0259et\u02b0\tYou should not want the big house.\n",
    "questions": "[{\"question_n\": \"Q 9.1\", \"prompt\": \"Based on the above information, is \\u201cyou\\u201d in the English translations a singular or plural pronoun? Enter the letter that corresponds to the answer. Singular : A, Plural : B.\", \"subprompts\": [{\"questionpart_n\": \"1.\", \"question\": \"\", \"answer\": \"A\", \"matches_human_scoring\": false, \"fuzzy_matching\": false, \"manual_edit\": false}]}, {\"question_n\": \"Q 9.2\", \"prompt\": \"Translate the following language X sentences into English:\", \"subprompts\": [{\"questionpart_n\": \"17.\", \"question\": \"k\u02b0eb \u014bhot k\u02b0ewet\u02b0kib\u014b\u0259p\", \"answer\": \"You do not like school at all.\", \"matches_human_scoring\": false, \"fuzzy_matching\": false, \"manual_edit\": false}, {\"questionpart_n\": \"18.\", \"question\": \"yibyib mit h\u0259k\u02b0gep\u0259k\u02b0 epobw\u0259bki op\", \"answer\": \"Will all the big cows come quickly?\", \"matches_human_scoring\": false, \"fuzzy_matching\": false, \"manual_edit\": false}, {\"questionpart_n\": \"19.\", \"question\": \"methud k\u02b0oukga \u014b\u0259bd\u0259 ewet\u02b0p op\", \"answer\": \"The happy soldiers want tea.\", \"matches_human_scoring\": false, \"fuzzy_matching\": false, \"manual_edit\": false}, {\"questionpart_n\": \"20.\", \"question\": \"hak\u02b0 s\u0259k\u02b0\u0259s\u0259k\u02b0\u0259 hek\u02b0a\u014b\u0259pw\u0259et\u02b0\", \"answer\": \"I should not eat all the sugar.\", \"matches_human_scoring\": false, \"fuzzy_matching\": false, \"manual_edit\": false}, {\"questionpart_n\": \"21.\", \"question\": \"wiphk\u02b0uwiphk\u02b0uup s\u0259up\u0259k\u02b0\", \"answer\": \"[\\\"Go to all the tables!\\\", \\\"Go on all the tables!\\\"]\", \"matches_human_scoring\": false, \"fuzzy_matching\": false, \"manual_edit\": false}]}, {\"question_n\": \"Q 9.3\", \"prompt\": \"Translate the following English sentences into language X:\", \"subprompts\": [{\"questionpart_n\": \"22.\", \"question\": \"We should like the happy villages.\", \"answer\": \"hec ligu k\u02b0oukga hewet\u02b0w\u0259et\u02b0 op\", \"matches_human_scoring\": false, \"fuzzy_matching\": false, \"manual_edit\": false}, {\"questionpart_n\": \"23.\", \"question\": \"If she is healthy, will you drink the water?\", \"answer\": \"ekuk\u02b0o ewuktap k\u02b0eb got\u02b0 k\u02b0ewik\u02b0w\u0259bki\", \"matches_human_scoring\": false, \"fuzzy_matching\": false, \"manual_edit\": false}, {\"questionpart_n\": \"24.\", \"question\": \"Throw nicely in the house!\", \"answer\": \"\u0259k\u02b0up h\u0259tikgep\u0259k\u02b0 va\u0259k\u02b0\", \"matches_human_scoring\": false, \"fuzzy_matching\": false, \"manual_edit\": false}, {\"questionpart_n\": \"25.\", \"question\": \"Should the soldiers not eat all the meat quickly?\", \"answer\": \"methudga \u014bup\u014bup h\u0259k\u02b0gep\u0259k\u02b0 ek\u02b0a\u014b\u0259pw\u0259et\u02b0ki op\", \"matches_human_scoring\": false, \"fuzzy_matching\": false, \"manual_edit\": false}, {\"questionpart_n\": \"26.\", \"question\": \"If all the children are crying, I will not come to the villages at all.\", \"answer\": \"k\u02b0ucdebk\u02b0ucdeb ehedtap op hak\u02b0 liguupga hepobkib\u014b\u0259pw\u0259b\", \"matches_human_scoring\": false, \"fuzzy_matching\": false, \"manual_edit\": false}]}]",
    "obfuscated": "True",
    "obf_num": "20",
    "mapping": {
        "a": "u",
        "e": "a",
        "\u0259": "e",
        "i": "\u0259",
        "o": "i",
        "u": "o",
        "m": "k",
        "n": "k\u02b0",
        "\u014b": "b",
        "p": "d",
        "t": "g",
        "t\u02b0": "v",
        "c": "s",
        "k": "h",
        "k\u02b0": "l",
        "b": "y",
        "d": "w",
        "g": "m",
        "v": "n",
        "s": "\u014b",
        "h": "p",
        "l": "t",
        "y": "t\u02b0",
        "w": "c"
    }
}