{
    "json_invalid": false,
    "preamble": "Problem 9. Language X (25 marks)\n Language X, also known as language Y, is a foreign language spoken primarily by around 88,000 people.\n",
    "context": "Below are some sentences in language X, written in a Latin transcription, with their corresponding English translations. Note that k\u02b0, t\u02b0 and \u014b are consonants, and \u0259 is a vowel.\n\nugik l\u0259b v\u0259iglukav upev\tHe drinks water happily.\nmov casha mupubgescak\tI don\u2019t like tea at all.\nt\u02b0em tek\u02b0lo uk\u0259scakpas \u0259k\tThe big pigs will not come.\nmov mupigcak\tI am ill.\nvus cik vuvo\tYou eat meat.\n\u014beslo uk\u0259sk\u02b0ok \u0259k mov cm\u0259k\u02b0ik muwaikpas\tIf the cows come, I will go to school.\nvus casha vupevk\u02b0ok mov muk\u0259scakpas\tIf you drink tea, I will not come.\nvidhus mav umuh\tThe quick child is crying.\nwava mavlukav voav\tEat the sugar quickly!\nmud nelineliik muwaik \u0259k\tWe go to all the villages.\nvidhus mak\u02b0eglo aviklo uhubpasge \u0259k\tWill the nice children return to the houses?\nvus uv mavlukav vuvopaub\tYou should eat rice quickly.\nmud uvuv mak\u02b0eg mupubk \u0259k\tWe want all the nice rice.\nugiv\u0259 casha upevgescakpaub\tShe should not drink tea at all.\ntuk\u02b0mihlo wava pekmviik uyoge \u0259k\tDo the soldiers throw the sugar on the table?\nvus av tek\u02b0 vupubkcakpaub\tYou should not want the big house.\n",
    "questions": "[{\"question_n\": \"Q 9.1\", \"prompt\": \"Based on the above information, is \\u201cyou\\u201d in the English translations a singular or plural pronoun? Enter the letter that corresponds to the answer. Singular : A, Plural : B.\", \"subprompts\": [{\"questionpart_n\": \"1.\", \"question\": \"\", \"answer\": \"A\", \"matches_human_scoring\": false, \"fuzzy_matching\": false, \"manual_edit\": false}]}, {\"question_n\": \"Q 9.2\", \"prompt\": \"Translate the following language X sentences into English:\", \"subprompts\": [{\"questionpart_n\": \"17.\", \"question\": \"vus cm\u0259k\u02b0 vupubgescak\", \"answer\": \"You do not like school at all.\", \"matches_human_scoring\": false, \"fuzzy_matching\": false, \"manual_edit\": false}, {\"questionpart_n\": \"18.\", \"question\": \"\u014bes\u014bes tek\u02b0 mavlukav uk\u0259spasge \u0259k\", \"answer\": \"Will all the big cows come quickly?\", \"matches_human_scoring\": false, \"fuzzy_matching\": false, \"manual_edit\": false}, {\"questionpart_n\": \"19.\", \"question\": \"tuk\u02b0mih v\u0259iglo casha upubk \u0259k\", \"answer\": \"The happy soldiers want tea.\", \"matches_human_scoring\": false, \"fuzzy_matching\": false, \"manual_edit\": false}, {\"questionpart_n\": \"20.\", \"question\": \"mov wavawava muvocakpaub\", \"answer\": \"I should not eat all the sugar.\", \"matches_human_scoring\": false, \"fuzzy_matching\": false, \"manual_edit\": false}, {\"questionpart_n\": \"21.\", \"question\": \"pekmvipekmviik waikav\", \"answer\": \"[\\\"Go to all the tables!\\\", \\\"Go on all the tables!\\\"]\", \"matches_human_scoring\": false, \"fuzzy_matching\": false, \"manual_edit\": false}]}, {\"question_n\": \"Q 9.3\", \"prompt\": \"Translate the following English sentences into language X:\", \"subprompts\": [{\"questionpart_n\": \"22.\", \"question\": \"We should like the happy villages.\", \"answer\": \"mud neli v\u0259iglo mupubpaub \u0259k\", \"matches_human_scoring\": false, \"fuzzy_matching\": false, \"manual_edit\": false}, {\"questionpart_n\": \"23.\", \"question\": \"If she is healthy, will you drink the water?\", \"answer\": \"ugiv\u0259 upigk\u02b0ok vus l\u0259b vupevpasge\", \"matches_human_scoring\": false, \"fuzzy_matching\": false, \"manual_edit\": false}, {\"questionpart_n\": \"24.\", \"question\": \"Throw nicely in the house!\", \"answer\": \"avik mak\u02b0eglukav yoav\", \"matches_human_scoring\": false, \"fuzzy_matching\": false, \"manual_edit\": false}, {\"questionpart_n\": \"25.\", \"question\": \"Should the soldiers not eat all the meat quickly?\", \"answer\": \"tuk\u02b0mihlo cikcik mavlukav uvocakpaubge \u0259k\", \"matches_human_scoring\": false, \"fuzzy_matching\": false, \"manual_edit\": false}, {\"questionpart_n\": \"26.\", \"question\": \"If all the children are crying, I will not come to the villages at all.\", \"answer\": \"vidhusvidhus umuhk\u02b0ok \u0259k mov neliiklo muk\u0259sgescakpas\", \"matches_human_scoring\": false, \"fuzzy_matching\": false, \"manual_edit\": false}]}]",
    "obfuscated": "True",
    "obf_num": "16",
    "mapping": {
        "a": "i",
        "e": "o",
        "\u0259": "u",
        "i": "a",
        "o": "e",
        "u": "\u0259",
        "m": "g",
        "n": "v",
        "\u014b": "s",
        "p": "h",
        "t": "l",
        "t\u02b0": "y",
        "c": "w",
        "k": "m",
        "k\u02b0": "n",
        "b": "\u014b",
        "d": "p",
        "g": "t",
        "v": "t\u02b0",
        "s": "c",
        "h": "k",
        "l": "k\u02b0",
        "y": "b",
        "w": "d"
    }
}