{
    "json_invalid": false,
    "preamble": "Problem 10. Language X (25 marks)\nLanguage games are variations of a language created by altering words in particular ways. For example, Pig Latin is a common English game. To speak Pig Latin, move any consonants from before the first vowel to the end of a word, then add -ay. For example, linguistics puzzle becomes inguisticslay uzzlepay.\nLanguage games can be used by linguists to discover facts about the phonology (the sounds) of a language that may not be obvious otherwise.\n",
    "context": "Speakers of Language X,   have at least 5 documented language games, one of which is leslok limnuka. Below are some Language X words, written in their standard pronunciation (left), leslok limnuka pronunciation (centre), along with their English translation (right). Note the words have been written in a simplified phonetic transcription \u2013 that is, how they are pronounced, not how they are usually spelt.\n\npeturop\tturopet\talso be afraid\n(a)\tpaduslup\talso lack\ntujlu\tluduk\tbought\nlujru\truluk\tchief\npuga\t(b)\tcome\npejlup\tlupek\tentered\nkea\t(c)\tdeer, baby\ntunnus\tnusdut\tfathers\n(d)\ttumlut\tfirewood\ntuka\tkaduk\tfour\nkugum\tkumgu\tgrass\nlejdurea\t(h)\twill also say\ntadut\t(i)\tyour father\nopeap\tpeabop\thear\nmako\t(e)\tin the house\ntoto\ttodot\tlittle\numgea\tkeaum\tmy deer, baby\n(f)\ttudujlek\teight\nelo\tloe\tpineapple\nkegijra\tkijrage\tseven (small things)\n(g)\tnuogut\tsleeping\nnua\tanu\tsuck\nonnus\tnusot\tthing\nujbok\tpoguk\tweigh\nusgum\tkumus\thand\n(j)\tmajda\tyour house\n\nFrom studying the leslok limnuka forms of words, linguists could deduce four rules about the pronunciation of Language X words. These rules apply both in regular Language X pronunciation, and in the leslok limnuka pronunciation.\nIn particular, there are some consonants or pairs of consonants which are pronounced in a different way in certain situations.\n\n",
    "questions": "[{\"question_n\": \"Q 10.1\", \"prompt\": \"Fill in the gaps (a)-(j). Note that in one case, two forms are possible \\u2013 give both.\", \"subprompts\": [{\"questionpart_n\": \"a.\", \"question\": \"__(a)__\", \"answer\": \"lupadus\", \"matches_human_scoring\": false, \"fuzzy_matching\": false, \"manual_edit\": false}, {\"questionpart_n\": \"b.\", \"question\": \"__(b)__\", \"answer\": \"kabu\", \"matches_human_scoring\": false, \"fuzzy_matching\": false, \"manual_edit\": false}, {\"questionpart_n\": \"c.\", \"question\": \"__(c)__\", \"answer\": \"age\", \"matches_human_scoring\": false, \"fuzzy_matching\": false, \"manual_edit\": false}, {\"questionpart_n\": \"d.\", \"question\": \"__(d)__\", \"answer\": \"lutum\", \"matches_human_scoring\": false, \"fuzzy_matching\": false, \"manual_edit\": false}, {\"questionpart_n\": \"e.\", \"question\": \"__(e)__\", \"answer\": \"komak\", \"matches_human_scoring\": false, \"fuzzy_matching\": false, \"manual_edit\": false}, {\"questionpart_n\": \"f.\", \"question\": \"__(f)__\", \"answer\": \"lejduduk\", \"matches_human_scoring\": false, \"fuzzy_matching\": false, \"manual_edit\": false}, {\"questionpart_n\": \"g.\", \"question\": \"__(g)__\", \"answer\": \"[\\\"kunnuo, unnuok\\\",\\\"unnuok, kunnuo\\\"]\", \"matches_human_scoring\": false, \"fuzzy_matching\": false, \"manual_edit\": false}, {\"questionpart_n\": \"h.\", \"question\": \"__(h)__\", \"answer\": \"turealek\", \"matches_human_scoring\": false, \"fuzzy_matching\": false, \"manual_edit\": false}, {\"questionpart_n\": \"i.\", \"question\": \"__(i)__\", \"answer\": \"tuta\", \"matches_human_scoring\": false, \"fuzzy_matching\": false, \"manual_edit\": false}, {\"questionpart_n\": \"j.\", \"question\": \"__(j)__\", \"answer\": \"tamak\", \"matches_human_scoring\": false, \"fuzzy_matching\": false, \"manual_edit\": false}]}, {\"question_n\": \"Q 10.2\", \"prompt\": \"Describe these rules by filling in each of the blanks below with either one or two letters.\", \"subprompts\": [{\"questionpart_n\": \"k.\", \"question\": \"At the start and end of words:\\t __ is pronounced __, __ is pronounced __, and __ is pronounced __;\", \"answer\": \"[\\\"d is pronounced t, b is pronounced p, g is pronounced k\\\", \\\"d is pronounced t, g is pronounced k, b is pronounced p\\\", \\\"b is pronounced p, d is pronounced t, g is pronounced k\\\", \\\"b is pronounced p, g is pronounced k, d is pronounced t\\\", \\\"g is pronounced k, b is pronounced p, d is pronounced t\\\", \\\"g is pronounced k, d is pronounced t, b is pronounced p\\\"]\", \"matches_human_scoring\": false, \"fuzzy_matching\": false, \"manual_edit\": false}, {\"questionpart_n\": \"l.\", \"question\": \"Before any other consonant: __ is pronounced __;\", \"answer\": \"g is pronounced j\", \"matches_human_scoring\": false, \"fuzzy_matching\": false, \"manual_edit\": false}, {\"questionpart_n\": \"m.\", \"question\": \"Everywhere: __ is pronounced nn;\", \"answer\": \"dn is pronounced nn\", \"matches_human_scoring\": false, \"fuzzy_matching\": false, \"manual_edit\": false}, {\"questionpart_n\": \"n.\", \"question\": \"Everywhere: dd is pronounced __, bb is pronounced __, and gg is pronounced __.\", \"answer\": \"dd is pronounced t, bb is pronounced p, and gg is pronounced k.\", \"matches_human_scoring\": false, \"fuzzy_matching\": false, \"manual_edit\": false}]}]",
    "obfuscated": "True",
    "obf_num": "6",
    "mapping": {
        "m": "n",
        "n": "m",
        "b": "d",
        "d": "b",
        "p": "t",
        "t": "p",
        "s": "l",
        "r": "s",
        "l": "r",
        "o": "e",
        "a": "u",
        "i": "o",
        "e": "a",
        "u": "i",
        "g": "g",
        "k": "k",
        "j": "j"
    }
}