{
    "json_invalid": false,
    "preamble": "Problem 10. Language X (25 marks)\nLanguage games are variations of a language created by altering words in particular ways. For example, Pig Latin is a common English game. To speak Pig Latin, move any consonants from before the first vowel to the end of a word, then add -ay. For example, linguistics puzzle becomes inguisticslay uzzlepay.\nLanguage games can be used by linguists to discover facts about the phonology (the sounds) of a language that may not be obvious otherwise.\n",
    "context": "Speakers of Language X,   have at least 5 documented language games, one of which is lisluk lamneko. Below are some Language X words, written in their standard pronunciation (left), lisluk lamneko pronunciation (centre), along with their English translation (right). Note the words have been written in a simplified phonetic transcription \u2013 that is, how they are pronounced, not how they are usually spelt.\n\npiterup\tterupit\talso be afraid\n(a)\tpodeslep\talso lack\ntejle\tledek\tbought\nlejre\trelek\tchief\npego\t(b)\tcome\npijlep\tlepik\tentered\nkio\t(c)\tdeer, baby\ntennes\tnesdet\tfathers\n(d)\ttemlet\tfirewood\nteko\tkodek\tfour\nkegem\tkemge\tgrass\nlijderio\t(h)\twill also say\ntodet\t(i)\tyour father\nupiop\tpiobup\thear\nmoku\t(e)\tin the house\ntutu\ttudut\tlittle\nemgio\tkioem\tmy deer, baby\n(f)\ttedejlik\teight\nilu\tlui\tpineapple\nkigajro\tkajrogi\tseven (small things)\n(g)\tneuget\tsleeping\nneo\tone\tsuck\nunnes\tnesut\tthing\nejbuk\tpugek\tweigh\nesgem\tkemes\thand\n(j)\tmojdo\tyour house\n\nFrom studying the lisluk lamneko forms of words, linguists could deduce four rules about the pronunciation of Language X words. These rules apply both in regular Language X pronunciation, and in the lisluk lamneko pronunciation.\nIn particular, there are some consonants or pairs of consonants which are pronounced in a different way in certain situations.\n\n",
    "questions": "[{\"question_n\": \"Q 10.1\", \"prompt\": \"Fill in the gaps (a)-(j). Note that in one case, two forms are possible \\u2013 give both.\", \"subprompts\": [{\"questionpart_n\": \"a.\", \"question\": \"__(a)__\", \"answer\": \"lepodes\", \"matches_human_scoring\": false, \"fuzzy_matching\": false, \"manual_edit\": false}, {\"questionpart_n\": \"b.\", \"question\": \"__(b)__\", \"answer\": \"kobe\", \"matches_human_scoring\": false, \"fuzzy_matching\": false, \"manual_edit\": false}, {\"questionpart_n\": \"c.\", \"question\": \"__(c)__\", \"answer\": \"ogi\", \"matches_human_scoring\": false, \"fuzzy_matching\": false, \"manual_edit\": false}, {\"questionpart_n\": \"d.\", \"question\": \"__(d)__\", \"answer\": \"letem\", \"matches_human_scoring\": false, \"fuzzy_matching\": false, \"manual_edit\": false}, {\"questionpart_n\": \"e.\", \"question\": \"__(e)__\", \"answer\": \"kumok\", \"matches_human_scoring\": false, \"fuzzy_matching\": false, \"manual_edit\": false}, {\"questionpart_n\": \"f.\", \"question\": \"__(f)__\", \"answer\": \"lijdedek\", \"matches_human_scoring\": false, \"fuzzy_matching\": false, \"manual_edit\": false}, {\"questionpart_n\": \"g.\", \"question\": \"__(g)__\", \"answer\": \"[\\\"kenneu, enneuk\\\",\\\"enneuk, kenneu\\\"]\", \"matches_human_scoring\": false, \"fuzzy_matching\": false, \"manual_edit\": false}, {\"questionpart_n\": \"h.\", \"question\": \"__(h)__\", \"answer\": \"teriolik\", \"matches_human_scoring\": false, \"fuzzy_matching\": false, \"manual_edit\": false}, {\"questionpart_n\": \"i.\", \"question\": \"__(i)__\", \"answer\": \"teto\", \"matches_human_scoring\": false, \"fuzzy_matching\": false, \"manual_edit\": false}, {\"questionpart_n\": \"j.\", \"question\": \"__(j)__\", \"answer\": \"tomok\", \"matches_human_scoring\": false, \"fuzzy_matching\": false, \"manual_edit\": false}]}, {\"question_n\": \"Q 10.2\", \"prompt\": \"Describe these rules by filling in each of the blanks below with either one or two letters.\", \"subprompts\": [{\"questionpart_n\": \"k.\", \"question\": \"At the start and end of words:\\t __ is pronounced __, __ is pronounced __, and __ is pronounced __;\", \"answer\": \"[\\\"d is pronounced t, b is pronounced p, g is pronounced k\\\", \\\"d is pronounced t, g is pronounced k, b is pronounced p\\\", \\\"b is pronounced p, d is pronounced t, g is pronounced k\\\", \\\"b is pronounced p, g is pronounced k, d is pronounced t\\\", \\\"g is pronounced k, b is pronounced p, d is pronounced t\\\", \\\"g is pronounced k, d is pronounced t, b is pronounced p\\\"]\", \"matches_human_scoring\": false, \"fuzzy_matching\": false, \"manual_edit\": false}, {\"questionpart_n\": \"l.\", \"question\": \"Before any other consonant: __ is pronounced __;\", \"answer\": \"g is pronounced j\", \"matches_human_scoring\": false, \"fuzzy_matching\": false, \"manual_edit\": false}, {\"questionpart_n\": \"m.\", \"question\": \"Everywhere: __ is pronounced nn;\", \"answer\": \"dn is pronounced nn\", \"matches_human_scoring\": false, \"fuzzy_matching\": false, \"manual_edit\": false}, {\"questionpart_n\": \"n.\", \"question\": \"Everywhere: dd is pronounced __, bb is pronounced __, and gg is pronounced __.\", \"answer\": \"dd is pronounced t, bb is pronounced p, and gg is pronounced k.\", \"matches_human_scoring\": false, \"fuzzy_matching\": false, \"manual_edit\": false}]}]",
    "obfuscated": "True",
    "obf_num": "7",
    "mapping": {
        "m": "n",
        "n": "m",
        "b": "d",
        "d": "b",
        "p": "t",
        "t": "p",
        "s": "l",
        "r": "s",
        "l": "r",
        "o": "i",
        "a": "e",
        "i": "u",
        "e": "o",
        "u": "a",
        "g": "g",
        "k": "k",
        "j": "j"
    }
}