{
    "json_invalid": false,
    "preamble": "Problem 1. Language X (15 marks)\n  \n",
    "context": "Below are some words in Language X with their English translations. Note that \u0268 is a vowel; \u0272 \u2248 ny in canyon; \u0282 \u2248 sh in ship; ts \u2248 ts in cats; t\u0283 = ch in chip.\n\nat\u0283\u0268p\u0268t\u0268\tyour (pl) cheek\natiwi\this head\n\u0268pik\u0268t\u0268 tin\u0268\tour city\n\u0268luir\u0268t\u0283a\tour pond\napam\u0268\this house\napam\u0268\tyour (pl) house\nanoto\u0282\u0268\this motor\namamiku\u0282\u0268\this friend\natsiwi\tyour (pl) head\nminimir\u0268ka\tmy forehead\n\u0268lak\u0268\tour bow\npamiku\u0282\u0268\tyour (sg) friend\nmipam\u0268t\u0283a\tmy hut\njats\u0268pi\u0282i tin\u0268\tyour (sg) gorilla\nat\u0283ap\u0268 tin\u0268\tyour (pl) mountain\nmamiku\u0282\u0268\tmy friend\njat\u0283api\u0282i\tyour (sg) knee\nak\u0268p\u0268t\u0268\this cheek\njahik\u0268t\u0268t\u0283a\tyour (sg) village\n\u0268t\u0268pi\u0282i\tour spider monkey\njat\u0283ap\u0268t\u0283a\tyour (sg) pebble\n\nBelow are some more Language X words, with their English translations in a random order. The Panar\u00e1 are Indigenous   people   famous for their use of extremely large bows, as opposed to modern firearms.\n\n1.\tja\u0272imir\u0268ka\tA.\tyour (pl) arrow\n2.\tatip\u0268ka\tB.\tyour (sg) Panara\u0301 bow\n3.\tamuir\u0268\tC.\tyour (pl) creek\n4.\taiti\u0282\u0268\tD.\this fish\n5.\talu\u0272ut\u0283a\tE.\tyour (sg) forehead\n6.\tpak\u0268 tin\u0268\tF.\this lake",
    "questions": "[{\"question_n\": \"Q 1.1\", \"prompt\": \"A linguist studying Language X was surprised by one of the meanings of apam\u0268. Which one, and what did they expect the Language X word with that meaning to be?\", \"subprompts\": [{\"questionpart_n\": \"(a)\", \"question\": \"Which meaning:\", \"answer\": \"your (pl) house\", \"matches_human_scoring\": false, \"fuzzy_matching\": false, \"manual_edit\": false}, {\"questionpart_n\": \"(b)\", \"question\": \"What was the expected Language X word:\", \"answer\": \"aham\u0268\", \"matches_human_scoring\": false, \"fuzzy_matching\": false, \"manual_edit\": false}]}, {\"question_n\": \"Q 1.2\", \"prompt\": \"Determine the correct correspondences. Write the corresponding letter of the word that matches the numbered item.\", \"subprompts\": [{\"questionpart_n\": \"1.\", \"question\": \"1.\\tja\u0272imir\u0268ka\", \"answer\": \"E\", \"matches_human_scoring\": false, \"fuzzy_matching\": false, \"manual_edit\": false}, {\"questionpart_n\": \"2.\", \"question\": \"2.\\tatip\u0268ka\", \"answer\": \"D\", \"matches_human_scoring\": false, \"fuzzy_matching\": false, \"manual_edit\": false}, {\"questionpart_n\": \"3.\", \"question\": \"3.\\tamuir\u0268\", \"answer\": \"F\", \"matches_human_scoring\": false, \"fuzzy_matching\": false, \"manual_edit\": false}, {\"questionpart_n\": \"4.\", \"question\": \"4.\\taiti\u0282\u0268\", \"answer\": \"A\", \"matches_human_scoring\": false, \"fuzzy_matching\": false, \"manual_edit\": false}, {\"questionpart_n\": \"5.\", \"question\": \"5.\\talu\u0272ut\u0283a\", \"answer\": \"C\", \"matches_human_scoring\": false, \"fuzzy_matching\": false, \"manual_edit\": false}, {\"questionpart_n\": \"6.\", \"question\": \"6.\\tpak\u0268 tin\u0268\", \"answer\": \"B\", \"matches_human_scoring\": false, \"fuzzy_matching\": false, \"manual_edit\": false}]}, {\"question_n\": \"Q 1.3\", \"prompt\": \"The linguist obtained 6 more Language X words, given below. Translate them into English. They were again surprised by three of the words \\u2013 in these cases, also write what they expected the Language X word with that meaning to be, separated from your first answer by a comma.\", \"subprompts\": [{\"questionpart_n\": \"7.\", \"question\": \"\u0268miti\u0282\u0268\", \"answer\": \"our arrow, \u0268liti\u0282\u0268\", \"matches_human_scoring\": false, \"fuzzy_matching\": false, \"manual_edit\": false}, {\"questionpart_n\": \"8.\", \"question\": \"jaha\u0272\u0268\", \"answer\": \"your (sg) house, jaham\u0268\", \"matches_human_scoring\": false, \"fuzzy_matching\": false, \"manual_edit\": false}, {\"questionpart_n\": \"9.\", \"question\": \"amak\u0268\", \"answer\": \"his bow\", \"matches_human_scoring\": false, \"fuzzy_matching\": false, \"manual_edit\": false}, {\"questionpart_n\": \"10.\", \"question\": \"atsip\u0268kat\u0283a\", \"answer\": \"[\\\"your (pl) little fish\\\", \\\"your (pl) small fish\\\"]\", \"matches_human_scoring\": false, \"fuzzy_matching\": true, \"manual_edit\": false}, {\"questionpart_n\": \"11.\", \"question\": \"panoto\u0282\u0268\", \"answer\": \"your (sg) motor, ja\u0272oto\u0282\u0268\", \"matches_human_scoring\": false, \"fuzzy_matching\": true, \"manual_edit\": false}, {\"questionpart_n\": \"12.\", \"question\": \"jalu\u0272u\", \"answer\": \"your (sg) river\", \"matches_human_scoring\": false, \"fuzzy_matching\": false, \"manual_edit\": false}]}, {\"question_n\": \"Q 1.4\", \"prompt\": \"What would you expect the Language X words with the following meanings be?\", \"subprompts\": [{\"questionpart_n\": \"13.\", \"question\": \"your (sg) ocean\", \"answer\": \"puir\u0268 tin\u0268\", \"matches_human_scoring\": false, \"fuzzy_matching\": false, \"manual_edit\": false}, {\"questionpart_n\": \"14.\", \"question\": \"our dart\", \"answer\": \"\u0268liti\u0282\u0268t\u0283a\", \"matches_human_scoring\": false, \"fuzzy_matching\": false, \"manual_edit\": false}, {\"questionpart_n\": \"15.\", \"question\": \"his arrow\", \"answer\": \"amiti\u0282\u0268\", \"matches_human_scoring\": false, \"fuzzy_matching\": false, \"manual_edit\": false}, {\"questionpart_n\": \"16.\", \"question\": \"my knee\", \"answer\": \"mikapi\u0282i\", \"matches_human_scoring\": false, \"fuzzy_matching\": false, \"manual_edit\": false}, {\"questionpart_n\": \"17.\", \"question\": \"your (pl) town\", \"answer\": \"ahik\u0268t\u0268\", \"matches_human_scoring\": false, \"fuzzy_matching\": false, \"manual_edit\": false}, {\"questionpart_n\": \"18.\", \"question\": \"his stone\", \"answer\": \"akap\u0268\", \"matches_human_scoring\": false, \"fuzzy_matching\": false, \"manual_edit\": false}, {\"questionpart_n\": \"19.\", \"question\": \"your (sg) fish\", \"answer\": \"jatsip\u0268ka\", \"matches_human_scoring\": false, \"fuzzy_matching\": false, \"manual_edit\": false}, {\"questionpart_n\": \"20.\", \"question\": \"our palace\", \"answer\": \"\u0268pam\u0268 tin\u0268\", \"matches_human_scoring\": false, \"fuzzy_matching\": false, \"manual_edit\": false}]}]",
    "obfuscated": "True",
    "obf_num": "4",
    "mapping": {
        "t": "k",
        "k": "t",
        "ts": "t\u0283",
        "t\u0283": "ts",
        "\u0282": "w",
        "w": "l",
        "l": "\u0282",
        "a": "\u0268",
        "i": "a",
        "u": "i",
        "\u0268": "u",
        "m": "n",
        "n": "m",
        "r": "h",
        "j": "r",
        "h": "j",
        "\u0272": "\u0272",
        "p": "p",
        "oto": "oto",
        "amiku": "amiku"
    }
}