{
    "json_invalid": false,
    "preamble": "Problem 2. Language X (20 marks)\n Language X   includes a wide variety of click consonants (like the sound of tsk or tut in English), marked by the letters !, |, ||, \u01c2, and \u2019.  ",
    "context": "Below are some sentences in Language X with their English translations. Note that buchu powder is a medicinal mix of herbs. \u00e3, a\u00e3, a\u0330a, ae, ua, \u1e75\u00e3, \u1e75e, and u\u0169 are vowels, and the symbols \u25cc\u0301, \u25cc\u0300, \u25cc\u0302, and \u25cc\u0304 mark tone.\n\n1.\to\u0304\u2019 \u01c2i\u0303 li\u0302i\u0303 m\u0300 gi\u0300mu gi\u0303 qi\u0300i\u0303\tHis duck wants the buchu powder.\n2.\to\u0304\u2019 i\u0304 le\u0304n gi\u0303 o\u0304\u2019 \u01c2i\u0303 !xi\u0304i\u0303 ki\u0303 ti\u0304i\u0303 i\u0304 ||qi\u0330\u0300i gi\u0303\tHe ate his bone that the polecat looked at.\n3.\tm\u0302 \u01c2i\u0303 ti\u0304i\u0303 ||qhe\u0330i\u0303 m\u0300 dtshi\u0304di go o\u0304\u2019 \u01c2o bo\u0300ko\u0300se\u0300\tMy young polecat is stuck in his box.\n4.\t\u01c2i\u0303\u0300 li\u0302i\u0303 m\u0300 ||xe\u0300i gi\u0300mu go bo\u0300ko\u0300se\u0300 \u01c2gio\tDoes the duck not want the big box?\n5.\tm\u0302 i\u0304 ge\u0304\u2019n go ti\u0304\u2019do ko m\u0300 dtshi\u0304di gi\u0303 !xi\u0304i\u0303 go\tI touched the mudwasp that is stuck to the bone.\n6.\t\u01c2o\u0300 o\u0304\u2019 m\u0300 ||ge\u0301e\u0303 gi\u0303 qi\u0300i\u0303\tDoes he throw away the buchu powder?\n7.\t\u01c2o\u0300 ti\u0304\u2019do ||xio i\u0304 ||xe\u0300i ge\u0304\u2019n gi\u0303 ||gi\u0304i\u0303 \u01c2i\u0303 |ne\u0300i\u0303\tDid another mudwasp not touch the men\u2019s egg?\n8.\tbi\u0300o m\u0300 ||xe\u0300i gi\u0300mu gi\u0303 |i\u0304hi\u0303 \u01c2gii\u0303 ki\u0303 i\u0304 ge\u0304\u2019n go ta\u0302hdt\u2019kx\u2019o ||qhe\u0330o gi\u0303\tThe woman does not want the big springbok that touched the new grass.",
    "questions": "[{\"question_n\": \"Q 2.1\", \"prompt\": \"Translate the following sentences into English:\", \"subprompts\": [{\"questionpart_n\": \"9.\", \"question\": \"\u01c2o\u0300 m\u0302 i\u0304 le\u0304n go ti\u0304\u2019do ||qhe\u0330o ko i\u0304 gi\u0300mu gi\u0303 |ne\u0300i\u0303 go\", \"answer\": \"Did I eat the young mudwasp that wanted the egg?\", \"matches_human_scoring\": false, \"fuzzy_matching\": false, \"manual_edit\": false}, {\"questionpart_n\": \"10.\", \"question\": \"\u01c2i\u0303\u0300 ||gi\u0304i\u0303 m\u0300 ||xe\u0300i le\u0304n gi\u0303 qi\u0300i\u0303 ki\u0303 m\u0302 i\u0304 ge\u0304\u2019n gi\u0303\", \"answer\": \"Do the men not eat the buchu powder that I touched?\", \"matches_human_scoring\": false, \"fuzzy_matching\": false, \"manual_edit\": false}, {\"questionpart_n\": \"11.\", \"question\": \"bi\u0300o \u01c2i\u0303 |i\u0304hi\u0303 ki\u0303 o\u0304\u2019 m\u0300 ||qi\u0330\u0300i gi\u0303 i\u0304 dtshi\u0304di go ta\u0302hdt\u2019kx\u2019o\", \"answer\": \"The woman\\u2019s springbok that he looks at was stuck on the grass.\", \"matches_human_scoring\": false, \"fuzzy_matching\": false, \"manual_edit\": false}]}, {\"question_n\": \"Q 2.2\", \"prompt\": \"Translate the following sentences into Language X:\", \"subprompts\": [{\"questionpart_n\": \"12.\", \"question\": \"Do I throw away the polecat\\u2019s big bone that is not stuck to my new box?\", \"answer\": \"\u01c2o\u0300 m\u0302 m\u0300 ||ge\u0301e\u0303 gi\u0303 ti\u0304i\u0303 \u01c2i\u0303 !xi\u0304i\u0303 \u01c2gii\u0303 ki\u0303 m\u0300 ||xe\u0300i dtshi\u0304di go m\u0302 \u01c2o bo\u0300ko\u0300se\u0300 ||qhe\u0330o gi\u0303\", \"matches_human_scoring\": false, \"fuzzy_matching\": false, \"manual_edit\": false}, {\"questionpart_n\": \"13.\", \"question\": \"Does the young woman that I looked at eat the new buchu powder?\", \"answer\": \"\u01c2o\u0300 bi\u0300o ||qhe\u0330o ko m\u0302 i\u0304 ||qi\u0330\u0300i go m\u0300 le\u0304n gi\u0303 qi\u0300i\u0303 ||qhe\u0330i\u0303\", \"matches_human_scoring\": false, \"fuzzy_matching\": false, \"manual_edit\": false}, {\"questionpart_n\": \"14.\", \"question\": \"He did not want another egg that the men touched.\", \"answer\": \"o\u0304\u2019 i\u0304 ||xe\u0300i gi\u0300mu gi\u0303 |ne\u0300i\u0303 ||xii\u0303 ki\u0303 ||gi\u0304i\u0303 i\u0304 ge\u0304\u2019n gi\u0303\", \"matches_human_scoring\": false, \"fuzzy_matching\": false, \"manual_edit\": false}, {\"questionpart_n\": \"15.\", \"question\": \"Did another springbok that doesn\\u2019t touch the polecat throw away the duck\\u2019s egg?\", \"answer\": \"\u01c2i\u0303\u0300 |i\u0304hi\u0303 ||xii\u0303 ki\u0303 m\u0300 ||xe\u0300i ge\u0304\u2019n gi\u0303 ti\u0304i\u0303 gi\u0303 i\u0304 ||ge\u0301e\u0303 gi\u0303 li\u0302i\u0303 \u01c2i\u0303 |ne\u0300i\u0303\", \"matches_human_scoring\": false, \"fuzzy_matching\": false, \"manual_edit\": false}]}]",
    "obfuscated": "True",
    "obf_num": "3",
    "mapping": {
        "a": "i",
        "e": "o",
        "i": "u",
        "o": "a",
        "u": "e",
        "g": "l",
        "k": "g",
        "t": "k",
        "d": "t",
        "b": "d",
        "q": "b",
        "dtsh": "q",
        "dt\u2019kx\u2019": "dtsh",
        "l": "dt\u2019kx\u2019",
        "|": "\u01c2",
        "||q": "||qh",
        "\u01c2": "!x",
        "||qh": "||x",
        "!x": "\u01c2g",
        "||x": "||g",
        "\u01c2g": "|n",
        "||g": "|",
        "|n": "||q",
        "\u0300": "\u0304",
        "\u0301": "\u0300",
        "\u0302": "\u0301",
        "\u0304": "\u0302",
        "n": "m",
        "m": "n",
        "h": "\u2019",
        "\u2019": "h",
        "\u0303": "\u0303",
        "\u0330": "\u0330",
        "bo\u0300ko\u0300se\u0300": "bo\u0300ko\u0300se\u0300"
    }
}