{
    "json_invalid": false,
    "preamble": "Problem 2. Language X (20 marks)\n Language X   includes a wide variety of click consonants (like the sound of tsk or tut in English), marked by the letters !, |, ||, \u01c2, and \u2019.  ",
    "context": "Below are some sentences in Language X with their English translations. Note that buchu powder is a medicinal mix of herbs. \u00e3, a\u00e3, a\u0330a, ae, ua, \u1e75\u00e3, \u1e75e, and u\u0169 are vowels, and the symbols \u25cc\u0301, \u25cc\u0300, \u25cc\u0302, and \u25cc\u0304 mark tone.\n\n1.\ti\u0301\u2019 ||xe\u0303 qe\u0300e\u0303 m\u0302 dtshe\u0302mo dtshe\u0303 te\u0302e\u0303\tHis duck wants the buchu powder.\n2.\ti\u0301\u2019 e\u0301 qa\u0301n dtshe\u0303 i\u0301\u2019 ||xe\u0303 ||ge\u0301e\u0303 dt\u2019kx\u2019e\u0303 le\u0301e\u0303 e\u0301 !xe\u0330\u0302e dtshe\u0303\tHe ate his bone that the polecat looked at.\n3.\tm\u0300 ||xe\u0303 le\u0301e\u0303 \u01c2ga\u0330e\u0303 m\u0302 de\u0301ge dtshi i\u0301\u2019 ||xi bo\u0300ko\u0300se\u0300\tMy young polecat is stuck in his box.\n4.\t||xe\u0303\u0302 qe\u0300e\u0303 m\u0302 |na\u0302e dtshe\u0302mo dtshi bo\u0300ko\u0300se\u0300 |ei\tDoes the duck not want the big box?\n5.\tm\u0300 e\u0301 dtsha\u0301\u2019n dtshi le\u0301\u2019gi dt\u2019kx\u2019i m\u0302 de\u0301ge dtshe\u0303 ||ge\u0301e\u0303 dtshi\tI touched the mudwasp that is stuck to the bone.\n6.\t||xi\u0302 i\u0301\u2019 m\u0302 ||qa\u0304a\u0303 dtshe\u0303 te\u0302e\u0303\tDoes he throw away the buchu powder?\n7.\t||xi\u0302 le\u0301\u2019gi |nei e\u0301 |na\u0302e dtsha\u0301\u2019n dtshe\u0303 ||qe\u0301e\u0303 ||xe\u0303 \u01c2a\u0302e\u0303\tDid another mudwasp not touch the men\u2019s egg?\n8.\tke\u0302i m\u0302 |na\u0302e dtshe\u0302mo dtshe\u0303 ||qhe\u0301he\u0303 |ee\u0303 dt\u2019kx\u2019e\u0303 e\u0301 dtsha\u0301\u2019n dtshi lu\u0300hbi \u01c2ga\u0330i dtshe\u0303\tThe woman does not want the big springbok that touched the new grass.",
    "questions": "[{\"question_n\": \"Q 2.1\", \"prompt\": \"Translate the following sentences into English:\", \"subprompts\": [{\"questionpart_n\": \"9.\", \"question\": \"||xi\u0302 m\u0300 e\u0301 qa\u0301n dtshi le\u0301\u2019gi \u01c2ga\u0330i dt\u2019kx\u2019i e\u0301 dtshe\u0302mo dtshe\u0303 \u01c2a\u0302e\u0303 dtshi\", \"answer\": \"Did I eat the young mudwasp that wanted the egg?\", \"matches_human_scoring\": false, \"fuzzy_matching\": false, \"manual_edit\": false}, {\"questionpart_n\": \"10.\", \"question\": \"||xe\u0303\u0302 ||qe\u0301e\u0303 m\u0302 |na\u0302e qa\u0301n dtshe\u0303 te\u0302e\u0303 dt\u2019kx\u2019e\u0303 m\u0300 e\u0301 dtsha\u0301\u2019n dtshe\u0303\", \"answer\": \"Do the men not eat the buchu powder that I touched?\", \"matches_human_scoring\": false, \"fuzzy_matching\": false, \"manual_edit\": false}, {\"questionpart_n\": \"11.\", \"question\": \"ke\u0302i ||xe\u0303 ||qhe\u0301he\u0303 dt\u2019kx\u2019e\u0303 i\u0301\u2019 m\u0302 !xe\u0330\u0302e dtshe\u0303 e\u0301 de\u0301ge dtshi lu\u0300hbi\", \"answer\": \"The woman\\u2019s springbok that he looks at was stuck on the grass.\", \"matches_human_scoring\": false, \"fuzzy_matching\": false, \"manual_edit\": false}]}, {\"question_n\": \"Q 2.2\", \"prompt\": \"Translate the following sentences into Language X:\", \"subprompts\": [{\"questionpart_n\": \"12.\", \"question\": \"Do I throw away the polecat\\u2019s big bone that is not stuck to my new box?\", \"answer\": \"||xi\u0302 m\u0300 m\u0302 ||qa\u0304a\u0303 dtshe\u0303 le\u0301e\u0303 ||xe\u0303 ||ge\u0301e\u0303 |ee\u0303 dt\u2019kx\u2019e\u0303 m\u0302 |na\u0302e de\u0301ge dtshi m\u0300 ||xi bo\u0300ko\u0300se\u0300 \u01c2ga\u0330i dtshe\u0303\", \"matches_human_scoring\": false, \"fuzzy_matching\": false, \"manual_edit\": false}, {\"questionpart_n\": \"13.\", \"question\": \"Does the young woman that I looked at eat the new buchu powder?\", \"answer\": \"||xi\u0302 ke\u0302i \u01c2ga\u0330i dt\u2019kx\u2019i m\u0300 e\u0301 !xe\u0330\u0302e dtshi m\u0302 qa\u0301n dtshe\u0303 te\u0302e\u0303 \u01c2ga\u0330e\u0303\", \"matches_human_scoring\": false, \"fuzzy_matching\": false, \"manual_edit\": false}, {\"questionpart_n\": \"14.\", \"question\": \"He did not want another egg that the men touched.\", \"answer\": \"i\u0301\u2019 e\u0301 |na\u0302e dtshe\u0302mo dtshe\u0303 \u01c2a\u0302e\u0303 |nee\u0303 dt\u2019kx\u2019e\u0303 ||qe\u0301e\u0303 e\u0301 dtsha\u0301\u2019n dtshe\u0303\", \"matches_human_scoring\": false, \"fuzzy_matching\": false, \"manual_edit\": false}, {\"questionpart_n\": \"15.\", \"question\": \"Did another springbok that doesn\\u2019t touch the polecat throw away the duck\\u2019s egg?\", \"answer\": \"||xe\u0303\u0302 ||qhe\u0301he\u0303 |nee\u0303 dt\u2019kx\u2019e\u0303 m\u0302 |na\u0302e dtsha\u0301\u2019n dtshe\u0303 le\u0301e\u0303 dtshe\u0303 e\u0301 ||qa\u0304a\u0303 dtshe\u0303 qe\u0300e\u0303 ||xe\u0303 \u01c2a\u0302e\u0303\", \"matches_human_scoring\": false, \"fuzzy_matching\": false, \"manual_edit\": false}]}]",
    "obfuscated": "True",
    "obf_num": "18",
    "mapping": {
        "a": "e",
        "e": "i",
        "i": "o",
        "o": "u",
        "u": "a",
        "g": "q",
        "k": "dtsh",
        "t": "dt\u2019kx\u2019",
        "d": "l",
        "b": "g",
        "q": "k",
        "dtsh": "t",
        "dt\u2019kx\u2019": "d",
        "l": "b",
        "|": "||x",
        "||q": "\u01c2g",
        "\u01c2": "||g",
        "||qh": "|n",
        "!x": "|",
        "||x": "||q",
        "\u01c2g": "\u01c2",
        "||g": "||qh",
        "|n": "!x",
        "\u0300": "\u0301",
        "\u0301": "\u0302",
        "\u0302": "\u0304",
        "\u0304": "\u0300",
        "n": "m",
        "m": "n",
        "h": "\u2019",
        "\u2019": "h",
        "\u0303": "\u0303",
        "\u0330": "\u0330",
        "bo\u0300ko\u0300se\u0300": "bo\u0300ko\u0300se\u0300"
    }
}