{
    "json_invalid": false,
    "preamble": "Problem 2. Language X (20 marks)\n Language X   includes a wide variety of click consonants (like the sound of tsk or tut in English), marked by the letters !, |, ||, \u01c2, and \u2019.  ",
    "context": "Below are some sentences in Language X with their English translations. Note that buchu powder is a medicinal mix of herbs. \u00e3, a\u00e3, a\u0330a, ae, ua, \u1e75\u00e3, \u1e75e, and u\u0169 are vowels, and the symbols \u25cc\u0301, \u25cc\u0300, \u25cc\u0302, and \u25cc\u0304 mark tone.\n\n1.\tu\u0301\u2019 ||qho\u0303 bo\u0300o\u0303 m\u0302 qo\u0302ma qo\u0303 ko\u0302o\u0303\tHis duck wants the buchu powder.\n2.\tu\u0301\u2019 o\u0301 bi\u0301n qo\u0303 u\u0301\u2019 ||qho\u0303 ||xo\u0301o\u0303 dtsho\u0303 dt\u2019kx\u2019o\u0301o\u0303 o\u0301 \u01c2o\u0330\u0302o qo\u0303\tHe ate his bone that the polecat looked at.\n3.\tm\u0300 ||qho\u0303 dt\u2019kx\u2019o\u0301o\u0303 !xi\u0330o\u0303 m\u0302 to\u0301lo qu u\u0301\u2019 ||qhu bo\u0300ko\u0300se\u0300\tMy young polecat is stuck in his box.\n4.\t||qho\u0303\u0302 bo\u0300o\u0303 m\u0302 \u01c2gi\u0302o qo\u0302ma qu bo\u0300ko\u0300se\u0300 ||gou\tDoes the duck not want the big box?\n5.\tm\u0300 o\u0301 qi\u0301\u2019n qu dt\u2019kx\u2019o\u0301\u2019lu dtshu m\u0302 to\u0301lo qo\u0303 ||xo\u0301o\u0303 qu\tI touched the mudwasp that is stuck to the bone.\n6.\t||qhu\u0302 u\u0301\u2019 m\u0302 |ni\u0304i\u0303 qo\u0303 ko\u0302o\u0303\tDoes he throw away the buchu powder?\n7.\t||qhu\u0302 dt\u2019kx\u2019o\u0301\u2019lu \u01c2gou o\u0301 \u01c2gi\u0302o qi\u0301\u2019n qo\u0303 |no\u0301o\u0303 ||qho\u0303 |i\u0302o\u0303\tDid another mudwasp not touch the men\u2019s egg?\n8.\tgo\u0302u m\u0302 \u01c2gi\u0302o qo\u0302ma qo\u0303 ||qo\u0301ho\u0303 ||goo\u0303 dtsho\u0303 o\u0301 qi\u0301\u2019n qu dt\u2019kx\u2019e\u0300hdu !xi\u0330u qo\u0303\tThe woman does not want the big springbok that touched the new grass.",
    "questions": "[{\"question_n\": \"Q 2.1\", \"prompt\": \"Translate the following sentences into English:\", \"subprompts\": [{\"questionpart_n\": \"9.\", \"question\": \"||qhu\u0302 m\u0300 o\u0301 bi\u0301n qu dt\u2019kx\u2019o\u0301\u2019lu !xi\u0330u dtshu o\u0301 qo\u0302ma qo\u0303 |i\u0302o\u0303 qu\", \"answer\": \"Did I eat the young mudwasp that wanted the egg?\", \"matches_human_scoring\": false, \"fuzzy_matching\": false, \"manual_edit\": false}, {\"questionpart_n\": \"10.\", \"question\": \"||qho\u0303\u0302 |no\u0301o\u0303 m\u0302 \u01c2gi\u0302o bi\u0301n qo\u0303 ko\u0302o\u0303 dtsho\u0303 m\u0300 o\u0301 qi\u0301\u2019n qo\u0303\", \"answer\": \"Do the men not eat the buchu powder that I touched?\", \"matches_human_scoring\": false, \"fuzzy_matching\": false, \"manual_edit\": false}, {\"questionpart_n\": \"11.\", \"question\": \"go\u0302u ||qho\u0303 ||qo\u0301ho\u0303 dtsho\u0303 u\u0301\u2019 m\u0302 \u01c2o\u0330\u0302o qo\u0303 o\u0301 to\u0301lo qu dt\u2019kx\u2019e\u0300hdu\", \"answer\": \"The woman\\u2019s springbok that he looks at was stuck on the grass.\", \"matches_human_scoring\": false, \"fuzzy_matching\": false, \"manual_edit\": false}]}, {\"question_n\": \"Q 2.2\", \"prompt\": \"Translate the following sentences into Language X:\", \"subprompts\": [{\"questionpart_n\": \"12.\", \"question\": \"Do I throw away the polecat\\u2019s big bone that is not stuck to my new box?\", \"answer\": \"||qhu\u0302 m\u0300 m\u0302 |ni\u0304i\u0303 qo\u0303 dt\u2019kx\u2019o\u0301o\u0303 ||qho\u0303 ||xo\u0301o\u0303 ||goo\u0303 dtsho\u0303 m\u0302 \u01c2gi\u0302o to\u0301lo qu m\u0300 ||qhu bo\u0300ko\u0300se\u0300 !xi\u0330u qo\u0303\", \"matches_human_scoring\": false, \"fuzzy_matching\": false, \"manual_edit\": false}, {\"questionpart_n\": \"13.\", \"question\": \"Does the young woman that I looked at eat the new buchu powder?\", \"answer\": \"||qhu\u0302 go\u0302u !xi\u0330u dtshu m\u0300 o\u0301 \u01c2o\u0330\u0302o qu m\u0302 bi\u0301n qo\u0303 ko\u0302o\u0303 !xi\u0330o\u0303\", \"matches_human_scoring\": false, \"fuzzy_matching\": false, \"manual_edit\": false}, {\"questionpart_n\": \"14.\", \"question\": \"He did not want another egg that the men touched.\", \"answer\": \"u\u0301\u2019 o\u0301 \u01c2gi\u0302o qo\u0302ma qo\u0303 |i\u0302o\u0303 \u01c2goo\u0303 dtsho\u0303 |no\u0301o\u0303 o\u0301 qi\u0301\u2019n qo\u0303\", \"matches_human_scoring\": false, \"fuzzy_matching\": false, \"manual_edit\": false}, {\"questionpart_n\": \"15.\", \"question\": \"Did another springbok that doesn\\u2019t touch the polecat throw away the duck\\u2019s egg?\", \"answer\": \"||qho\u0303\u0302 ||qo\u0301ho\u0303 \u01c2goo\u0303 dtsho\u0303 m\u0302 \u01c2gi\u0302o qi\u0301\u2019n qo\u0303 dt\u2019kx\u2019o\u0301o\u0303 qo\u0303 o\u0301 |ni\u0304i\u0303 qo\u0303 bo\u0300o\u0303 ||qho\u0303 |i\u0302o\u0303\", \"matches_human_scoring\": false, \"fuzzy_matching\": false, \"manual_edit\": false}]}]",
    "obfuscated": "True",
    "obf_num": "2",
    "mapping": {
        "a": "o",
        "e": "u",
        "i": "a",
        "o": "e",
        "u": "i",
        "g": "b",
        "k": "q",
        "t": "dtsh",
        "d": "dt\u2019kx\u2019",
        "b": "l",
        "q": "g",
        "dtsh": "k",
        "dt\u2019kx\u2019": "t",
        "l": "d",
        "|": "||qh",
        "||q": "!x",
        "\u01c2": "||x",
        "||qh": "\u01c2g",
        "!x": "||g",
        "||x": "|n",
        "\u01c2g": "|",
        "||g": "||q",
        "|n": "\u01c2",
        "\u0300": "\u0301",
        "\u0301": "\u0302",
        "\u0302": "\u0304",
        "\u0304": "\u0300",
        "n": "m",
        "m": "n",
        "h": "\u2019",
        "\u2019": "h",
        "\u0303": "\u0303",
        "\u0330": "\u0330",
        "bo\u0300ko\u0300se\u0300": "bo\u0300ko\u0300se\u0300"
    }
}