{
    "json_invalid": false,
    "preamble": "Problem 2. Language X (20 marks)\n Language X   includes a wide variety of click consonants (like the sound of tsk or tut in English), marked by the letters !, |, ||, \u01c2, and \u2019.  ",
    "context": "Below are some sentences in Language X with their English translations. Note that buchu powder is a medicinal mix of herbs. \u00e3, a\u00e3, a\u0330a, ae, ua, \u1e75\u00e3, \u1e75e, and u\u0169 are vowels, and the symbols \u25cc\u0301, \u25cc\u0300, \u25cc\u0302, and \u25cc\u0304 mark tone.\n\n1.\to\u0304\u2019 ||qi\u0303 qi\u0302i\u0303 m\u0300 dtshi\u0300mu dtshi\u0303 ti\u0300i\u0303\tHis duck wants the buchu powder.\n2.\to\u0304\u2019 i\u0304 qe\u0304n dtshi\u0303 o\u0304\u2019 ||qi\u0303 ||qhi\u0304i\u0303 dt\u2019kx\u2019i\u0303 li\u0304i\u0303 i\u0304 |i\u0330\u0300i dtshi\u0303\tHe ate his bone that the polecat looked at.\n3.\tm\u0302 ||qi\u0303 li\u0304i\u0303 \u01c2e\u0330i\u0303 m\u0300 di\u0304gi dtsho o\u0304\u2019 ||qo bo\u0300ko\u0300se\u0300\tMy young polecat is stuck in his box.\n4.\t||qi\u0303\u0300 qi\u0302i\u0303 m\u0300 !xe\u0300i dtshi\u0300mu dtsho bo\u0300ko\u0300se\u0300 ||xio\tDoes the duck not want the big box?\n5.\tm\u0302 i\u0304 dtshe\u0304\u2019n dtsho li\u0304\u2019go dt\u2019kx\u2019o m\u0300 di\u0304gi dtshi\u0303 ||qhi\u0304i\u0303 dtsho\tI touched the mudwasp that is stuck to the bone.\n6.\t||qo\u0300 o\u0304\u2019 m\u0300 \u01c2ge\u0301e\u0303 dtshi\u0303 ti\u0300i\u0303\tDoes he throw away the buchu powder?\n7.\t||qo\u0300 li\u0304\u2019go !xio i\u0304 !xe\u0300i dtshe\u0304\u2019n dtshi\u0303 \u01c2gi\u0304i\u0303 ||qi\u0303 ||ge\u0300i\u0303\tDid another mudwasp not touch the men\u2019s egg?\n8.\tki\u0300o m\u0300 !xe\u0300i dtshi\u0300mu dtshi\u0303 |ni\u0304hi\u0303 ||xii\u0303 dt\u2019kx\u2019i\u0303 i\u0304 dtshe\u0304\u2019n dtsho la\u0302hbo \u01c2e\u0330o dtshi\u0303\tThe woman does not want the big springbok that touched the new grass.",
    "questions": "[{\"question_n\": \"Q 2.1\", \"prompt\": \"Translate the following sentences into English:\", \"subprompts\": [{\"questionpart_n\": \"9.\", \"question\": \"||qo\u0300 m\u0302 i\u0304 qe\u0304n dtsho li\u0304\u2019go \u01c2e\u0330o dt\u2019kx\u2019o i\u0304 dtshi\u0300mu dtshi\u0303 ||ge\u0300i\u0303 dtsho\", \"answer\": \"Did I eat the young mudwasp that wanted the egg?\", \"matches_human_scoring\": false, \"fuzzy_matching\": false, \"manual_edit\": false}, {\"questionpart_n\": \"10.\", \"question\": \"||qi\u0303\u0300 \u01c2gi\u0304i\u0303 m\u0300 !xe\u0300i qe\u0304n dtshi\u0303 ti\u0300i\u0303 dt\u2019kx\u2019i\u0303 m\u0302 i\u0304 dtshe\u0304\u2019n dtshi\u0303\", \"answer\": \"Do the men not eat the buchu powder that I touched?\", \"matches_human_scoring\": false, \"fuzzy_matching\": false, \"manual_edit\": false}, {\"questionpart_n\": \"11.\", \"question\": \"ki\u0300o ||qi\u0303 |ni\u0304hi\u0303 dt\u2019kx\u2019i\u0303 o\u0304\u2019 m\u0300 |i\u0330\u0300i dtshi\u0303 i\u0304 di\u0304gi dtsho la\u0302hbo\", \"answer\": \"The woman\\u2019s springbok that he looks at was stuck on the grass.\", \"matches_human_scoring\": false, \"fuzzy_matching\": false, \"manual_edit\": false}]}, {\"question_n\": \"Q 2.2\", \"prompt\": \"Translate the following sentences into Language X:\", \"subprompts\": [{\"questionpart_n\": \"12.\", \"question\": \"Do I throw away the polecat\\u2019s big bone that is not stuck to my new box?\", \"answer\": \"||qo\u0300 m\u0302 m\u0300 \u01c2ge\u0301e\u0303 dtshi\u0303 li\u0304i\u0303 ||qi\u0303 ||qhi\u0304i\u0303 ||xii\u0303 dt\u2019kx\u2019i\u0303 m\u0300 !xe\u0300i di\u0304gi dtsho m\u0302 ||qo bo\u0300ko\u0300se\u0300 \u01c2e\u0330o dtshi\u0303\", \"matches_human_scoring\": false, \"fuzzy_matching\": false, \"manual_edit\": false}, {\"questionpart_n\": \"13.\", \"question\": \"Does the young woman that I looked at eat the new buchu powder?\", \"answer\": \"||qo\u0300 ki\u0300o \u01c2e\u0330o dt\u2019kx\u2019o m\u0302 i\u0304 |i\u0330\u0300i dtsho m\u0300 qe\u0304n dtshi\u0303 ti\u0300i\u0303 \u01c2e\u0330i\u0303\", \"matches_human_scoring\": false, \"fuzzy_matching\": false, \"manual_edit\": false}, {\"questionpart_n\": \"14.\", \"question\": \"He did not want another egg that the men touched.\", \"answer\": \"o\u0304\u2019 i\u0304 !xe\u0300i dtshi\u0300mu dtshi\u0303 ||ge\u0300i\u0303 !xii\u0303 dt\u2019kx\u2019i\u0303 \u01c2gi\u0304i\u0303 i\u0304 dtshe\u0304\u2019n dtshi\u0303\", \"matches_human_scoring\": false, \"fuzzy_matching\": false, \"manual_edit\": false}, {\"questionpart_n\": \"15.\", \"question\": \"Did another springbok that doesn\\u2019t touch the polecat throw away the duck\\u2019s egg?\", \"answer\": \"||qi\u0303\u0300 |ni\u0304hi\u0303 !xii\u0303 dt\u2019kx\u2019i\u0303 m\u0300 !xe\u0300i dtshe\u0304\u2019n dtshi\u0303 li\u0304i\u0303 dtshi\u0303 i\u0304 \u01c2ge\u0301e\u0303 dtshi\u0303 qi\u0302i\u0303 ||qi\u0303 ||ge\u0300i\u0303\", \"matches_human_scoring\": false, \"fuzzy_matching\": false, \"manual_edit\": false}]}]",
    "obfuscated": "True",
    "obf_num": "23",
    "mapping": {
        "a": "i",
        "e": "o",
        "i": "u",
        "o": "a",
        "u": "e",
        "g": "q",
        "k": "dtsh",
        "t": "dt\u2019kx\u2019",
        "d": "l",
        "b": "g",
        "q": "k",
        "dtsh": "t",
        "dt\u2019kx\u2019": "d",
        "l": "b",
        "|": "||q",
        "||q": "\u01c2",
        "\u01c2": "||qh",
        "||qh": "!x",
        "!x": "||x",
        "||x": "\u01c2g",
        "\u01c2g": "||g",
        "||g": "|n",
        "|n": "|",
        "\u0300": "\u0304",
        "\u0301": "\u0300",
        "\u0302": "\u0301",
        "\u0304": "\u0302",
        "n": "m",
        "m": "n",
        "h": "\u2019",
        "\u2019": "h",
        "\u0303": "\u0303",
        "\u0330": "\u0330",
        "bo\u0300ko\u0300se\u0300": "bo\u0300ko\u0300se\u0300"
    }
}