{
    "json_invalid": false,
    "preamble": "Problem 2. Language X (20 marks)\n Language X   includes a wide variety of click consonants (like the sound of tsk or tut in English), marked by the letters !, |, ||, \u01c2, and \u2019.  ",
    "context": "Below are some sentences in Language X with their English translations. Note that buchu powder is a medicinal mix of herbs. \u00e3, a\u00e3, a\u0330a, ae, ua, \u1e75\u00e3, \u1e75e, and u\u0169 are vowels, and the symbols \u25cc\u0301, \u25cc\u0300, \u25cc\u0302, and \u25cc\u0304 mark tone.\n\n1.\ta\u0302\u2019 |nu\u0303 ku\u0301u\u0303 m\u0304 tu\u0304me tu\u0303 dt\u2019kx\u2019u\u0304u\u0303\tHis duck wants the buchu powder.\n2.\ta\u0302\u2019 u\u0302 ko\u0302n tu\u0303 a\u0302\u2019 |nu\u0303 ||qu\u0302u\u0303 du\u0303 bu\u0302u\u0303 u\u0302 ||gu\u0330\u0304u tu\u0303\tHe ate his bone that the polecat looked at.\n3.\tm\u0301 |nu\u0303 bu\u0302u\u0303 |o\u0330u\u0303 m\u0304 lu\u0302qu ta a\u0302\u2019 |na bo\u0300ko\u0300se\u0300\tMy young polecat is stuck in his box.\n4.\t|nu\u0303\u0304 ku\u0301u\u0303 m\u0304 \u01c2o\u0304u tu\u0304me ta bo\u0300ko\u0300se\u0300 ||qhua\tDoes the duck not want the big box?\n5.\tm\u0301 u\u0302 to\u0302\u2019n ta bu\u0302\u2019qa da m\u0304 lu\u0302qu tu\u0303 ||qu\u0302u\u0303 ta\tI touched the mudwasp that is stuck to the bone.\n6.\t|na\u0304 a\u0302\u2019 m\u0304 !xo\u0300o\u0303 tu\u0303 dt\u2019kx\u2019u\u0304u\u0303\tDoes he throw away the buchu powder?\n7.\t|na\u0304 bu\u0302\u2019qa \u01c2ua u\u0302 \u01c2o\u0304u to\u0302\u2019n tu\u0303 !xu\u0302u\u0303 |nu\u0303 ||xo\u0304u\u0303\tDid another mudwasp not touch the men\u2019s egg?\n8.\tdtshu\u0304a m\u0304 \u01c2o\u0304u tu\u0304me tu\u0303 \u01c2gu\u0302hu\u0303 ||qhuu\u0303 du\u0303 u\u0302 to\u0302\u2019n ta bi\u0301hga |o\u0330a tu\u0303\tThe woman does not want the big springbok that touched the new grass.",
    "questions": "[{\"question_n\": \"Q 2.1\", \"prompt\": \"Translate the following sentences into English:\", \"subprompts\": [{\"questionpart_n\": \"9.\", \"question\": \"|na\u0304 m\u0301 u\u0302 ko\u0302n ta bu\u0302\u2019qa |o\u0330a da u\u0302 tu\u0304me tu\u0303 ||xo\u0304u\u0303 ta\", \"answer\": \"Did I eat the young mudwasp that wanted the egg?\", \"matches_human_scoring\": false, \"fuzzy_matching\": false, \"manual_edit\": false}, {\"questionpart_n\": \"10.\", \"question\": \"|nu\u0303\u0304 !xu\u0302u\u0303 m\u0304 \u01c2o\u0304u ko\u0302n tu\u0303 dt\u2019kx\u2019u\u0304u\u0303 du\u0303 m\u0301 u\u0302 to\u0302\u2019n tu\u0303\", \"answer\": \"Do the men not eat the buchu powder that I touched?\", \"matches_human_scoring\": false, \"fuzzy_matching\": false, \"manual_edit\": false}, {\"questionpart_n\": \"11.\", \"question\": \"dtshu\u0304a |nu\u0303 \u01c2gu\u0302hu\u0303 du\u0303 a\u0302\u2019 m\u0304 ||gu\u0330\u0304u tu\u0303 u\u0302 lu\u0302qu ta bi\u0301hga\", \"answer\": \"The woman\\u2019s springbok that he looks at was stuck on the grass.\", \"matches_human_scoring\": false, \"fuzzy_matching\": false, \"manual_edit\": false}]}, {\"question_n\": \"Q 2.2\", \"prompt\": \"Translate the following sentences into Language X:\", \"subprompts\": [{\"questionpart_n\": \"12.\", \"question\": \"Do I throw away the polecat\\u2019s big bone that is not stuck to my new box?\", \"answer\": \"|na\u0304 m\u0301 m\u0304 !xo\u0300o\u0303 tu\u0303 bu\u0302u\u0303 |nu\u0303 ||qu\u0302u\u0303 ||qhuu\u0303 du\u0303 m\u0304 \u01c2o\u0304u lu\u0302qu ta m\u0301 |na bo\u0300ko\u0300se\u0300 |o\u0330a tu\u0303\", \"matches_human_scoring\": false, \"fuzzy_matching\": false, \"manual_edit\": false}, {\"questionpart_n\": \"13.\", \"question\": \"Does the young woman that I looked at eat the new buchu powder?\", \"answer\": \"|na\u0304 dtshu\u0304a |o\u0330a da m\u0301 u\u0302 ||gu\u0330\u0304u ta m\u0304 ko\u0302n tu\u0303 dt\u2019kx\u2019u\u0304u\u0303 |o\u0330u\u0303\", \"matches_human_scoring\": false, \"fuzzy_matching\": false, \"manual_edit\": false}, {\"questionpart_n\": \"14.\", \"question\": \"He did not want another egg that the men touched.\", \"answer\": \"a\u0302\u2019 u\u0302 \u01c2o\u0304u tu\u0304me tu\u0303 ||xo\u0304u\u0303 \u01c2uu\u0303 du\u0303 !xu\u0302u\u0303 u\u0302 to\u0302\u2019n tu\u0303\", \"matches_human_scoring\": false, \"fuzzy_matching\": false, \"manual_edit\": false}, {\"questionpart_n\": \"15.\", \"question\": \"Did another springbok that doesn\\u2019t touch the polecat throw away the duck\\u2019s egg?\", \"answer\": \"|nu\u0303\u0304 \u01c2gu\u0302hu\u0303 \u01c2uu\u0303 du\u0303 m\u0304 \u01c2o\u0304u to\u0302\u2019n tu\u0303 bu\u0302u\u0303 tu\u0303 u\u0302 !xo\u0300o\u0303 tu\u0303 ku\u0301u\u0303 |nu\u0303 ||xo\u0304u\u0303\", \"matches_human_scoring\": false, \"fuzzy_matching\": false, \"manual_edit\": false}]}]",
    "obfuscated": "True",
    "obf_num": "14",
    "mapping": {
        "a": "u",
        "e": "a",
        "i": "e",
        "o": "i",
        "u": "o",
        "g": "k",
        "k": "t",
        "t": "d",
        "d": "b",
        "b": "q",
        "q": "dtsh",
        "dtsh": "dt\u2019kx\u2019",
        "dt\u2019kx\u2019": "l",
        "l": "g",
        "|": "|n",
        "||q": "|",
        "\u01c2": "||q",
        "||qh": "\u01c2",
        "!x": "||qh",
        "||x": "!x",
        "\u01c2g": "||x",
        "||g": "\u01c2g",
        "|n": "||g",
        "\u0300": "\u0302",
        "\u0301": "\u0304",
        "\u0302": "\u0300",
        "\u0304": "\u0301",
        "n": "m",
        "m": "n",
        "h": "\u2019",
        "\u2019": "h",
        "\u0303": "\u0303",
        "\u0330": "\u0330",
        "bo\u0300ko\u0300se\u0300": "bo\u0300ko\u0300se\u0300"
    }
}