{
    "json_invalid": false,
    "preamble": "Problem 3. Language X (20 marks)\n  \n",
    "context": "Below are the root and causative forms of some Language X verbs, in a simplified transcription. The translation of the root form has been given for interest, but is not relevant to solving the task; the causative form has a meaning similar to to make someone / something do X.\n\nNote that \u00e6, \u028c, \u0259 are vowels. \u026c = Welsh ll; \u026e is the voiced version of \u026c. j = y in yes. \u03c7 = Welsh or Scottish ch in loch; \u0281 is the voiced version of \u03c7; \u0263 is similar to \u0281. q is similar to k. \u0272 \u2248 ny in canyon. t\u0282 \u2248 ch in chip. \u0292 = si in vision; d\u0292 = j in judge. ts \u2248 ts in cats. dz \u2248 ds in lads. \u02b0 indicates that the preceding consonant is pronounced with a puff of air. Language X also distinguishes tone and pharyngealisation (constriction of the throat), although these are not relevant to the problem and have not been marked.\n\nRoot \t Causative \t Translation\n\n \u0263j\u028cn \t \u0263\u0292j\u028cn \t be askew\n\n m\u014bo \t v\u0292\u014bo \t know by learned skill\n\n \u0281mo \t \u0281\u0292mo \t blow\n\n v\u0292ru \t v\u026ed\u0292ru \t learn\n\n flp\u028c \t fs\u02b0p\u028c \t carve\n\n \u0292\u0272o\u0272a \t \u026e\u0292\u0272o\u0272a \t listen\n\n s\u02b0man \t \u026cs\u02b0man \t be comfortable\n\n sama \t \u026ctsama \t be new\n\n mk\u02b0j\u00e6 \t fs\u02b0k\u02b0j\u00e6 \t congeal\n\n n\u0292v\u00e6\u0281 \t \u026ed\u0292v\u00e6\u0281 \t scratch an itch\n\n \u03c7rq\u02b0i \t \u03c7s\u02b0q\u02b0i \t crack open\n\n vzal \t v\u026edzal \t shave\n\n lkvi \t s\u02b0kvi \t be dilapidated\n\n \u0263vlbo\u0281 \t \u0263v\u0292bo\u0281 \t sink\n\n mt\u0282\u02b0o \t f\u026ct\u0282\u02b0o \t be diligent\n\n v\u026e\u028c \t v\u026e\u0292\u028c \t string (beads)\n\n n\u0281gj\u00e6 \t \u0281\u0292gj\u00e6 \t fly\n\n rd\u0292\u0259 \t \u026ed\u0292\u0259 \t teach\n\n",
    "questions": "[{\"question_n\": \"Q 3.1\", \"prompt\": \"Two other possible root forms of a verb would have given the causative form v\u026e\u0292\u028c What are they?\", \"subprompts\": [{\"questionpart_n\": \"1a.\", \"question\": \"\", \"answer\": \"[\\\"m\u026e\u028c\\\", \\\"nv\u026e\u028c\\\"]\", \"matches_human_scoring\": true, \"fuzzy_matching\": false, \"manual_edit\": false}]}, {\"question_n\": \"Q 3.2 \", \"prompt\": \"Give the causative forms of the following root verbs:\", \"subprompts\": [{\"questionpart_n\": \"1.\", \"question\": \"Root: \u0263rdzvo\\tTranslation: bud, burgeon\", \"answer\": \"\u0263\u026edzvo\", \"matches_human_scoring\": true, \"fuzzy_matching\": false, \"manual_edit\": false}, {\"questionpart_n\": \"2. \", \"question\": \"Root: fs\u02b0om Translation: close (mouth)\", \"answer\": \"f\u026cts\u02b0om\", \"matches_human_scoring\": true, \"fuzzy_matching\": false, \"manual_edit\": false}, {\"questionpart_n\": \"3. \", \"question\": \"Root: r\u028cn Translation: get\", \"answer\": \"\u0292r\u028cn\", \"matches_human_scoring\": true, \"fuzzy_matching\": false, \"manual_edit\": false}, {\"questionpart_n\": \"4. \", \"question\": \"Root: mdz\u028cl Translation: be hungry\", \"answer\": \"v\u026edz\u028cl\", \"matches_human_scoring\": true, \"fuzzy_matching\": false, \"manual_edit\": false}, {\"questionpart_n\": \"5. \", \"question\": \"Root: s\u02b0na  Translation: kindle\", \"answer\": \"\u026cs\u02b0na\", \"matches_human_scoring\": true, \"fuzzy_matching\": false, \"manual_edit\": false}, {\"questionpart_n\": \"6. \", \"question\": \"Root: fts\u02b0ju  Translation: put out a fire\", \"answer\": \"f\u026cts\u02b0ju\", \"matches_human_scoring\": true, \"fuzzy_matching\": false, \"manual_edit\": false}, {\"questionpart_n\": \"7.\", \"question\": \"Root: n\u0281\u0292av  Translation: rub (to soften hide)\", \"answer\": \"\u0281\u026ed\u0292av\", \"matches_human_scoring\": true, \"fuzzy_matching\": false, \"manual_edit\": false}, {\"questionpart_n\": \"8.\", \"question\": \"Root: \u0263l\u014ba  Translation: be slippery\", \"answer\": \"\u0263\u0292\u014ba\", \"matches_human_scoring\": true, \"fuzzy_matching\": false, \"manual_edit\": false}, {\"questionpart_n\": \"9.\", \"question\": \"Root: \u03c7fkli  Translation: be split open\", \"answer\": \"\u03c7fs\u02b0kli\", \"matches_human_scoring\": true, \"fuzzy_matching\": false, \"manual_edit\": false}, {\"questionpart_n\": \"10.\", \"question\": \"Root: nldo  Translation: wait\", \"answer\": \"\u0292do\", \"matches_human_scoring\": true, \"fuzzy_matching\": false, \"manual_edit\": false}]}, {\"question_n\": \"Q 3.3 \", \"prompt\": \"The root form \u0263v\u0292jal 'become mixed' does not have a causative form. What would you have expected the causative form to be, if it existed?\", \"subprompts\": [{\"questionpart_n\": \"11.\", \"question\": \"\", \"answer\": \"\u0263v\u026ed\u0292jal\", \"matches_human_scoring\": true, \"fuzzy_matching\": false, \"manual_edit\": false}]}]",
    "obfuscated": "True",
    "obf_num": "10",
    "mapping": {
        "z": "\u0292",
        "\u0292": "z",
        "dz": "d\u0292",
        "d\u0292": "dz",
        "s": "s\u02b0",
        "s\u02b0": "s",
        "ts": "ts\u02b0",
        "ts\u02b0": "ts",
        "l": "r",
        "r": "l",
        "u": "\u028c",
        "\u0259": "o",
        "\u028c": "a",
        "o": "\u00e6",
        "a": "i",
        "\u00e6": "u",
        "i": "\u0259",
        "b": "g",
        "d": "b",
        "g": "d",
        "\u0272": "\u014b",
        "\u014b": "\u0272",
        "p": "q",
        "q": "k",
        "k": "p",
        "\u0281": "\u0263",
        "\u0263": "\u0281",
        "m": "m",
        "n": "n",
        "\u026c": "\u026c",
        "\u026e": "\u026e",
        "\u03c7": "\u03c7",
        "v": "v",
        "f": "f",
        "t\u0282\u02b0": "t\u0282\u02b0",
        "\u02b0": "\u02b0",
        "j": "j"
    }
}