{
    "json_invalid": false,
    "preamble": "Problem 3. Language X (20 marks)\n  \n",
    "context": "Below are the root and causative forms of some Language X verbs, in a simplified transcription. The translation of the root form has been given for interest, but is not relevant to solving the task; the causative form has a meaning similar to to make someone / something do X.\n\nNote that \u00e6, \u028c, \u0259 are vowels. \u026c = Welsh ll; \u026e is the voiced version of \u026c. j = y in yes. \u03c7 = Welsh or Scottish ch in loch; \u0281 is the voiced version of \u03c7; \u0263 is similar to \u0281. q is similar to k. \u0272 \u2248 ny in canyon. t\u0282 \u2248 ch in chip. \u0292 = si in vision; d\u0292 = j in judge. ts \u2248 ts in cats. dz \u2248 ds in lads. \u02b0 indicates that the preceding consonant is pronounced with a puff of air. Language X also distinguishes tone and pharyngealisation (constriction of the throat), although these are not relevant to the problem and have not been marked.\n\nRoot \t Causative \t Translation\n\n \u0263jon \t \u0263\u0292jon \t be askew\n\n m\u014ba \t v\u0292\u014ba \t know by learned skill\n\n \u0281ma \t \u0281\u0292ma \t blow\n\n v\u0292r\u0259 \t v\u026ed\u0292r\u0259 \t learn\n\n flqo \t fs\u02b0qo \t carve\n\n \u0292\u0272a\u0272\u00e6 \t \u026e\u0292\u0272a\u0272\u00e6 \t listen\n\n s\u02b0m\u00e6n \t \u026cs\u02b0m\u00e6n \t be comfortable\n\n s\u00e6m\u00e6 \t \u026cts\u00e6m\u00e6 \t be new\n\n mp\u02b0ji \t fs\u02b0p\u02b0ji \t congeal\n\n n\u0292vi\u0281 \t \u026ed\u0292vi\u0281 \t scratch an itch\n\n \u03c7rk\u02b0u \t \u03c7s\u02b0k\u02b0u \t crack open\n\n vz\u00e6l \t v\u026edz\u00e6l \t shave\n\n lpvu \t s\u02b0pvu \t be dilapidated\n\n \u0263vlba\u0281 \t \u0263v\u0292ba\u0281 \t sink\n\n mt\u0282\u02b0a \t f\u026ct\u0282\u02b0a \t be diligent\n\n v\u026eo \t v\u026e\u0292o \t string (beads)\n\n n\u0281gji \t \u0281\u0292gji \t fly\n\n rd\u0292\u028c \t \u026ed\u0292\u028c \t teach\n\n",
    "questions": "[{\"question_n\": \"Q 3.1\", \"prompt\": \"Two other possible root forms of a verb would have given the causative form v\u026e\u0292o What are they?\", \"subprompts\": [{\"questionpart_n\": \"1a.\", \"question\": \"\", \"answer\": \"[\\\"m\u026eo\\\", \\\"nv\u026eo\\\"]\", \"matches_human_scoring\": true, \"fuzzy_matching\": false, \"manual_edit\": false}]}, {\"question_n\": \"Q 3.2 \", \"prompt\": \"Give the causative forms of the following root verbs:\", \"subprompts\": [{\"questionpart_n\": \"1.\", \"question\": \"Root: \u0263rdzva\\tTranslation: bud, burgeon\", \"answer\": \"\u0263\u026edzva\", \"matches_human_scoring\": true, \"fuzzy_matching\": false, \"manual_edit\": false}, {\"questionpart_n\": \"2. \", \"question\": \"Root: fs\u02b0am Translation: close (mouth)\", \"answer\": \"f\u026cts\u02b0am\", \"matches_human_scoring\": true, \"fuzzy_matching\": false, \"manual_edit\": false}, {\"questionpart_n\": \"3. \", \"question\": \"Root: ron Translation: get\", \"answer\": \"\u0292ron\", \"matches_human_scoring\": true, \"fuzzy_matching\": false, \"manual_edit\": false}, {\"questionpart_n\": \"4. \", \"question\": \"Root: mdzol Translation: be hungry\", \"answer\": \"v\u026edzol\", \"matches_human_scoring\": true, \"fuzzy_matching\": false, \"manual_edit\": false}, {\"questionpart_n\": \"5. \", \"question\": \"Root: s\u02b0n\u00e6  Translation: kindle\", \"answer\": \"\u026cs\u02b0n\u00e6\", \"matches_human_scoring\": true, \"fuzzy_matching\": false, \"manual_edit\": false}, {\"questionpart_n\": \"6. \", \"question\": \"Root: fts\u02b0j\u0259  Translation: put out a fire\", \"answer\": \"f\u026cts\u02b0j\u0259\", \"matches_human_scoring\": true, \"fuzzy_matching\": false, \"manual_edit\": false}, {\"questionpart_n\": \"7.\", \"question\": \"Root: n\u0281\u0292\u00e6v  Translation: rub (to soften hide)\", \"answer\": \"\u0281\u026ed\u0292\u00e6v\", \"matches_human_scoring\": true, \"fuzzy_matching\": false, \"manual_edit\": false}, {\"questionpart_n\": \"8.\", \"question\": \"Root: \u0263l\u014b\u00e6  Translation: be slippery\", \"answer\": \"\u0263\u0292\u014b\u00e6\", \"matches_human_scoring\": true, \"fuzzy_matching\": false, \"manual_edit\": false}, {\"questionpart_n\": \"9.\", \"question\": \"Root: \u03c7fplu  Translation: be split open\", \"answer\": \"\u03c7fs\u02b0plu\", \"matches_human_scoring\": true, \"fuzzy_matching\": false, \"manual_edit\": false}, {\"questionpart_n\": \"10.\", \"question\": \"Root: nlda  Translation: wait\", \"answer\": \"\u0292da\", \"matches_human_scoring\": true, \"fuzzy_matching\": false, \"manual_edit\": false}]}, {\"question_n\": \"Q 3.3 \", \"prompt\": \"The root form \u0263v\u0292j\u00e6l 'become mixed' does not have a causative form. What would you have expected the causative form to be, if it existed?\", \"subprompts\": [{\"questionpart_n\": \"11.\", \"question\": \"\", \"answer\": \"\u0263v\u026ed\u0292j\u00e6l\", \"matches_human_scoring\": true, \"fuzzy_matching\": false, \"manual_edit\": false}]}]",
    "obfuscated": "True",
    "obf_num": "6",
    "mapping": {
        "z": "\u0292",
        "\u0292": "z",
        "dz": "d\u0292",
        "d\u0292": "dz",
        "s": "s\u02b0",
        "s\u02b0": "s",
        "ts": "ts\u02b0",
        "ts\u02b0": "ts",
        "l": "r",
        "r": "l",
        "u": "o",
        "\u0259": "a",
        "\u028c": "\u00e6",
        "o": "i",
        "a": "u",
        "\u00e6": "\u0259",
        "i": "\u028c",
        "b": "g",
        "d": "b",
        "g": "d",
        "\u0272": "\u014b",
        "\u014b": "\u0272",
        "p": "k",
        "q": "p",
        "k": "q",
        "\u0281": "\u0263",
        "\u0263": "\u0281",
        "m": "m",
        "n": "n",
        "\u026c": "\u026c",
        "\u026e": "\u026e",
        "\u03c7": "\u03c7",
        "v": "v",
        "f": "f",
        "t\u0282\u02b0": "t\u0282\u02b0",
        "\u02b0": "\u02b0",
        "j": "j"
    }
}