{
    "json_invalid": false,
    "preamble": "Problem 4. Language X (20 marks)\n Language X is the ancestral language of the People X  . It was used as a spoken language until the 18th century, but now is only used as the liturgical (religious) language of the People X Church. However, the earliest Language X writings date to before Christianisation.",
    "context": "Below are some phrases in Language X along with their English translations.\nNote that \u0113 and \u014d are vowels. \u0161 = sh in ship, c = ch in chip.\n\ns\u030cimftmaaei mfi sifmioa\u0304f\tsome beasts of your father\nsni\u0304faeu mumuk\tthe eleven oaths\nsnu mmies\u030coani\tthe place of their women\nfusi maeftmi\u0304\tthe head of a beast\ns\u030cimfni mfi aeioa\u0304t\tsome villages of a father\nsudfaae mbam\tmy four brothers\nnibumuek\ther oaths\nsifmaiol bmue\tyour two loaves of bread\nfnuue nsidftmi\u0304 bmue\tthe mother of his two beasts\naes\u030cani mfi fibs\u030coni mmimfni\ta cup of the woman of our villages\nmusi\u0304ei mfuba\u0304mi\tthe heads of my sister\nfs\u030cudriiri nsidbam bmue\tthe lizard of his two brothers\naes\u030ca\u0304t mfi fibnuue\ta thing of her mother\naeaiol mfi shinua\ta loaf of bread of the rich man \nmiftmaaei mffoi mbs\u030coni\tthe beasts of the five women \nmis\u030cti\u0304ei maes\u030cudriiri mfi shuki\tthe things of a joyful lizard",
    "questions": "[{\"question_n\": \"Q 4.1\", \"prompt\": \"Translate into English:\", \"subprompts\": [{\"questionpart_n\": \"1.\", \"question\": \"sidfaae nnu\", \"answer\": \"the four places\", \"matches_human_scoring\": false, \"fuzzy_matching\": false, \"manual_edit\": false}, {\"questionpart_n\": \"2.\", \"question\": \"shuki nsieftmi\u0304\", \"answer\": \"the joy of their beast\", \"matches_human_scoring\": false, \"fuzzy_matching\": false, \"manual_edit\": false}, {\"questionpart_n\": \"3.\", \"question\": \"ss\u030ca\u0304t mfibs\u030cani\", \"answer\": \"the thing of her cup\", \"matches_human_scoring\": false, \"fuzzy_matching\": false, \"manual_edit\": false}, {\"questionpart_n\": \"4.\", \"question\": \"s\u030cimumuek mfi funi\u0304faeu mba\u0304mi\", \"answer\": \"some oaths of my eleven sisters\", \"matches_human_scoring\": false, \"fuzzy_matching\": false, \"manual_edit\": false}]}, {\"question_n\": \"Q 4.2\", \"prompt\": \"Translate into Language X:\", \"subprompts\": [{\"questionpart_n\": \"5.\", \"question\": \"the oath of some things of your thing\", \"answer\": \"sumuk ms\u030cims\u030cti\u0304ei mfi sifms\u030ca\u0304t\", \"matches_human_scoring\": false, \"fuzzy_matching\": false, \"manual_edit\": false}, {\"questionpart_n\": \"6.\", \"question\": \"the villages of his five mothers\", \"answer\": \"mifni mfidfoi nnuue\", \"matches_human_scoring\": false, \"fuzzy_matching\": false, \"manual_edit\": false}, {\"questionpart_n\": \"7.\", \"question\": \"the cup of a sister of my two lizards\", \"answer\": \"fs\u030cani maeba\u0304mi mfi fus\u030cudriiri bmue\", \"matches_human_scoring\": false, \"fuzzy_matching\": false, \"manual_edit\": false}, {\"questionpart_n\": \"8.\", \"question\": \"some women of their joyful place\", \"answer\": \"s\u030cims\u030coani mfi sienu nshuki\", \"matches_human_scoring\": false, \"fuzzy_matching\": false, \"manual_edit\": false}]}]",
    "obfuscated": "True",
    "obf_num": "1",
    "mapping": {
        "n": "m",
        "m": "n",
        "t": "f",
        "d": "p",
        "s": "b",
        "b": "t",
        "f": "d",
        "p": "s",
        "h": "s\u030c",
        "s\u030c": "k",
        "k": "l",
        "l": "r",
        "r": "h",
        "e": "i",
        "o": "a",
        "u": "e",
        "i": "o",
        "a": "u",
        "\u0304": "\u0304"
    }
}