{
    "json_invalid": false,
    "preamble": "Problem 4. Language X (20 marks)\n Language X is the ancestral language of the People X  . It was used as a spoken language until the 18th century, but now is only used as the liturgical (religious) language of the People X Church. However, the earliest Language X writings date to before Christianisation.",
    "context": "Below are some phrases in Language X along with their English translations.\nNote that \u0113 and \u014d are vowels. \u0161 = sh in ship, c = ch in chip.\n\nlamfsmeeoa mfa dafmaue\u0304f\tsome beasts of your father\ndna\u0304feoi mimir\tthe eleven oaths\ndni mmaoluena\tthe place of their women\nfida meofsma\u0304\tthe head of a beast\nlamfna mfa eoaue\u0304t\tsome villages of a father\nditfeeo mbem\tmy four brothers\nnabimior\ther oaths\ndafmeauh bmio\tyour two loaves of bread\nfniio ndatfsma\u0304 bmio\tthe mother of his two beasts\neolena mfa fabluna mmamfna\ta cup of the woman of our villages\nmida\u0304oa mfibe\u0304ma\tthe heads of my sister\nflits\u030caas\u030ca ndatbem bmio\tthe lizard of his two brothers\neole\u0304s mfa fabniio\ta thing of her mother\neoeauh mfa dkanie\ta loaf of bread of the rich man \nmafsmeeoa mffua mbluna\tthe beasts of the five women \nmalsa\u0304oa meolits\u030caas\u030ca mfa dkira\tthe things of a joyful lizard",
    "questions": "[{\"question_n\": \"Q 4.1\", \"prompt\": \"Translate into English:\", \"subprompts\": [{\"questionpart_n\": \"1.\", \"question\": \"datfeeo nni\", \"answer\": \"the four places\", \"matches_human_scoring\": false, \"fuzzy_matching\": false, \"manual_edit\": false}, {\"questionpart_n\": \"2.\", \"question\": \"dkira ndaofsma\u0304\", \"answer\": \"the joy of their beast\", \"matches_human_scoring\": false, \"fuzzy_matching\": false, \"manual_edit\": false}, {\"questionpart_n\": \"3.\", \"question\": \"dle\u0304s mfablena\", \"answer\": \"the thing of her cup\", \"matches_human_scoring\": false, \"fuzzy_matching\": false, \"manual_edit\": false}, {\"questionpart_n\": \"4.\", \"question\": \"lamimior mfa fina\u0304feoi mbe\u0304ma\", \"answer\": \"some oaths of my eleven sisters\", \"matches_human_scoring\": false, \"fuzzy_matching\": false, \"manual_edit\": false}]}, {\"question_n\": \"Q 4.2\", \"prompt\": \"Translate into Language X:\", \"subprompts\": [{\"questionpart_n\": \"5.\", \"question\": \"the oath of some things of your thing\", \"answer\": \"dimir mlamlsa\u0304oa mfa dafmle\u0304s\", \"matches_human_scoring\": false, \"fuzzy_matching\": false, \"manual_edit\": false}, {\"questionpart_n\": \"6.\", \"question\": \"the villages of his five mothers\", \"answer\": \"mafna mfatfua nniio\", \"matches_human_scoring\": false, \"fuzzy_matching\": false, \"manual_edit\": false}, {\"questionpart_n\": \"7.\", \"question\": \"the cup of a sister of my two lizards\", \"answer\": \"flena meobe\u0304ma mfa filits\u030caas\u030ca bmio\", \"matches_human_scoring\": false, \"fuzzy_matching\": false, \"manual_edit\": false}, {\"questionpart_n\": \"8.\", \"question\": \"some women of their joyful place\", \"answer\": \"lamluena mfa daoni ndkira\", \"matches_human_scoring\": false, \"fuzzy_matching\": false, \"manual_edit\": false}]}]",
    "obfuscated": "True",
    "obf_num": "21",
    "mapping": {
        "n": "m",
        "m": "n",
        "t": "f",
        "d": "p",
        "s": "b",
        "b": "s",
        "f": "t",
        "p": "d",
        "h": "l",
        "s\u030c": "r",
        "k": "h",
        "l": "s\u030c",
        "r": "k",
        "e": "a",
        "o": "e",
        "u": "o",
        "i": "u",
        "a": "i",
        "\u0304": "\u0304"
    }
}