{
    "json_invalid": false,
    "preamble": "Problem 4. Language X (20 marks)\n Language X is the ancestral language of the People X  . It was used as a spoken language until the 18th century, but now is only used as the liturgical (religious) language of the People X Church. However, the earliest Language X writings date to before Christianisation.",
    "context": "Below are some phrases in Language X along with their English translations.\nNote that \u0113 and \u014d are vowels. \u0161 = sh in ship, c = ch in chip.\n\ns\u030cumbsmiiau mbu dubmuei\u0304b\tsome beasts of your father\ndnu\u0304biao momok\tthe eleven oaths\ndno mmuas\u030ceinu\tthe place of their women\nbodu miabsmu\u0304\tthe head of a beast\ns\u030cumbnu mbu iauei\u0304t\tsome villages of a father\ndotbiia mpim\tmy four brothers\nnupomoak\ther oaths\ndubmiuel pmoa\tyour two loaves of bread\nbnooa ndutbsmu\u0304 pmoa\tthe mother of his two beasts\nias\u030cinu mbu bups\u030cenu mmumbnu\ta cup of the woman of our villages\nmodu\u0304au mbopi\u0304mu\tthe heads of my sister\nbs\u030cotruuru ndutpim pmoa\tthe lizard of his two brothers\nias\u030ci\u0304s mbu bupnooa\ta thing of her mother\niaiuel mbu dhunoi\ta loaf of bread of the rich man \nmubsmiiau mbbeu mps\u030cenu\tthe beasts of the five women \nmus\u030csu\u0304au mias\u030cotruuru mbu dhoku\tthe things of a joyful lizard",
    "questions": "[{\"question_n\": \"Q 4.1\", \"prompt\": \"Translate into English:\", \"subprompts\": [{\"questionpart_n\": \"1.\", \"question\": \"dutbiia nno\", \"answer\": \"the four places\", \"matches_human_scoring\": false, \"fuzzy_matching\": false, \"manual_edit\": false}, {\"questionpart_n\": \"2.\", \"question\": \"dhoku nduabsmu\u0304\", \"answer\": \"the joy of their beast\", \"matches_human_scoring\": false, \"fuzzy_matching\": false, \"manual_edit\": false}, {\"questionpart_n\": \"3.\", \"question\": \"ds\u030ci\u0304s mbups\u030cinu\", \"answer\": \"the thing of her cup\", \"matches_human_scoring\": false, \"fuzzy_matching\": false, \"manual_edit\": false}, {\"questionpart_n\": \"4.\", \"question\": \"s\u030cumomoak mbu bonu\u0304biao mpi\u0304mu\", \"answer\": \"some oaths of my eleven sisters\", \"matches_human_scoring\": false, \"fuzzy_matching\": false, \"manual_edit\": false}]}, {\"question_n\": \"Q 4.2\", \"prompt\": \"Translate into Language X:\", \"subprompts\": [{\"questionpart_n\": \"5.\", \"question\": \"the oath of some things of your thing\", \"answer\": \"domok ms\u030cums\u030csu\u0304au mbu dubms\u030ci\u0304s\", \"matches_human_scoring\": false, \"fuzzy_matching\": false, \"manual_edit\": false}, {\"questionpart_n\": \"6.\", \"question\": \"the villages of his five mothers\", \"answer\": \"mubnu mbutbeu nnooa\", \"matches_human_scoring\": false, \"fuzzy_matching\": false, \"manual_edit\": false}, {\"questionpart_n\": \"7.\", \"question\": \"the cup of a sister of my two lizards\", \"answer\": \"bs\u030cinu miapi\u0304mu mbu bos\u030cotruuru pmoa\", \"matches_human_scoring\": false, \"fuzzy_matching\": false, \"manual_edit\": false}, {\"questionpart_n\": \"8.\", \"question\": \"some women of their joyful place\", \"answer\": \"s\u030cums\u030ceinu mbu duano ndhoku\", \"matches_human_scoring\": false, \"fuzzy_matching\": false, \"manual_edit\": false}]}]",
    "obfuscated": "True",
    "obf_num": "17",
    "mapping": {
        "n": "m",
        "m": "n",
        "t": "b",
        "d": "f",
        "s": "p",
        "f": "t",
        "p": "d",
        "b": "s",
        "h": "s\u030c",
        "s\u030c": "k",
        "k": "l",
        "l": "r",
        "r": "h",
        "e": "u",
        "o": "i",
        "u": "a",
        "i": "e",
        "a": "o",
        "\u0304": "\u0304"
    }
}