{
    "json_invalid": false,
    "preamble": "Problem 4. Language X (20 marks)\n Language X is the ancestral language of the People X  . It was used as a spoken language until the 18th century, but now is only used as the liturgical (religious) language of the People X Church. However, the earliest Language X writings date to before Christianisation.",
    "context": "Below are some phrases in Language X along with their English translations.\nNote that \u0113 and \u014d are vowels. \u0161 = sh in ship, c = ch in chip.\n\nkimfsmaaei mfi difmioa\u0304f\tsome beasts of your father\ndni\u0304faeu mumul\tthe eleven oaths\ndnu mmiekoani\tthe place of their women\nfudi maefsmi\u0304\tthe head of a beast\nkimfni mfi aeioa\u0304t\tsome villages of a father\ndutfaae mbam\tmy four brothers\nnibumuel\ther oaths\ndifmaior bmue\tyour two loaves of bread\nfnuue nditfsmi\u0304 bmue\tthe mother of his two beasts\naekani mfi fibkoni mmimfni\ta cup of the woman of our villages\nmudi\u0304ei mfuba\u0304mi\tthe heads of my sister\nfkuthiihi nditbam bmue\tthe lizard of his two brothers\naeka\u0304s mfi fibnuue\ta thing of her mother\naeaior mfi ds\u030cinua\ta loaf of bread of the rich man \nmifsmaaei mffoi mbkoni\tthe beasts of the five women \nmiksi\u0304ei maekuthiihi mfi ds\u030culi\tthe things of a joyful lizard",
    "questions": "[{\"question_n\": \"Q 4.1\", \"prompt\": \"Translate into English:\", \"subprompts\": [{\"questionpart_n\": \"1.\", \"question\": \"ditfaae nnu\", \"answer\": \"the four places\", \"matches_human_scoring\": false, \"fuzzy_matching\": false, \"manual_edit\": false}, {\"questionpart_n\": \"2.\", \"question\": \"ds\u030culi ndiefsmi\u0304\", \"answer\": \"the joy of their beast\", \"matches_human_scoring\": false, \"fuzzy_matching\": false, \"manual_edit\": false}, {\"questionpart_n\": \"3.\", \"question\": \"dka\u0304s mfibkani\", \"answer\": \"the thing of her cup\", \"matches_human_scoring\": false, \"fuzzy_matching\": false, \"manual_edit\": false}, {\"questionpart_n\": \"4.\", \"question\": \"kimumuel mfi funi\u0304faeu mba\u0304mi\", \"answer\": \"some oaths of my eleven sisters\", \"matches_human_scoring\": false, \"fuzzy_matching\": false, \"manual_edit\": false}]}, {\"question_n\": \"Q 4.2\", \"prompt\": \"Translate into Language X:\", \"subprompts\": [{\"questionpart_n\": \"5.\", \"question\": \"the oath of some things of your thing\", \"answer\": \"dumul mkimksi\u0304ei mfi difmka\u0304s\", \"matches_human_scoring\": false, \"fuzzy_matching\": false, \"manual_edit\": false}, {\"questionpart_n\": \"6.\", \"question\": \"the villages of his five mothers\", \"answer\": \"mifni mfitfoi nnuue\", \"matches_human_scoring\": false, \"fuzzy_matching\": false, \"manual_edit\": false}, {\"questionpart_n\": \"7.\", \"question\": \"the cup of a sister of my two lizards\", \"answer\": \"fkani maeba\u0304mi mfi fukuthiihi bmue\", \"matches_human_scoring\": false, \"fuzzy_matching\": false, \"manual_edit\": false}, {\"questionpart_n\": \"8.\", \"question\": \"some women of their joyful place\", \"answer\": \"kimkoani mfi dienu nds\u030culi\", \"matches_human_scoring\": false, \"fuzzy_matching\": false, \"manual_edit\": false}]}]",
    "obfuscated": "True",
    "obf_num": "16",
    "mapping": {
        "n": "m",
        "m": "n",
        "t": "f",
        "d": "p",
        "s": "b",
        "b": "s",
        "f": "t",
        "p": "d",
        "h": "k",
        "s\u030c": "l",
        "k": "r",
        "l": "h",
        "r": "s\u030c",
        "e": "i",
        "o": "a",
        "u": "e",
        "i": "o",
        "a": "u",
        "\u0304": "\u0304"
    }
}