{
    "json_invalid": false,
    "preamble": "Problem 5. Language X (25 marks)\n Language X is a foreign language spoken by around 75,000 people. The speakers of language X$ refer to themselves as nd\u025bd\u00b9kjukj\u00b2 X people.\n",
    "context": "Below are some words and phrases in language X, written in a simplified phonetic transcription, with their English translations given in a random order.\nNote that pheasants and mallards are species of wild birds. Male/female chickens, pigs, and buffalo are referred to as roosters/hens, boars/sows, and bulls/cows respectively. Molars are the largest teeth, found at the back of the mouth. Tears here refer to the clear liquid released when crying. Water sprayers are tools for spraying water, for example onto plants. a:i, a:, i:u, \u025b, and \u0254 are vowels; \u0272, \u014b and \u0242 are consonants. Raised numbers such as \u00b9 indicate the tone of the preceding syllable.\n\n1.\tli\u2076kja:i\u2078\tA.\tbad chicken\n2.\tla:igj\u2074kja:i\u2078\tB.\tbig pig\n3.\tla:igj\u2074gja:ikj\u2077\tC.\tbuffalo bull\n4.\tla:igj\u2074dzji:ugj\u00b3kja:ik\u2077\tD.\tclothing\n5.\tl\u025b\u2076ni:ud\u2076\tE.\tdelicious\n6.\tl\u025b\u2076gwi\u00b9\u0242uk\u2075\tF.\tto eat resolutely\n7.\tl\u025b\u2076ki:u\u00b9kja\u2078\tG.\telephant\n8.\tpa:\u2077\u0272a\u2076\tH.\tfood\n9.\tnd\u025bd\u00b9pa:\u2077li\u2076\tI.\tgood teeth\n10.\tnd\u025bd\u00b9gwi\u00b9kja\u2078\tJ.\tgrasshopper\n11.\tkja:i\u2078kj\u025bgw\u2074\tK.\tjealous person\n12.\tkja:ik\u2077\u014ba:i\u2075\tL.\tred mallard\n13.\tkja\u2078mud\u2078\tM.\tX Person\n14.\tkja\u2078\u0272a\u2076la:igw\u2074\tN.\tmolar\n15.\tkja\u2078ki:u\u00b9\tO.\tpheasant\n16.\tkj\u025bgw\u2074gwi\u00b9\tP.\thens\n17.\tkj\u025bgw\u2074haidzj\u00b3tukj\u2077\tQ.\tsow\n18.\tdzji:ugj\u00b3dzj\u025bgw\u2074\tR.\tto spray resolutely\n19.\th\u0254\u2075kjukj\u00b2\tS.\ttear\n20.\th\u0254\u2075\u014ba:i\u2075tukj\u2077\tT.\twater sprayer",
    "questions": "[{\"question_n\": \"Q 5.1\", \"prompt\": \"Determine the correct correspondences. Write the corresponding letter of the word that matches the numbered item.\", \"subprompts\": [{\"questionpart_n\": \"1.\", \"question\": \"li\u2076kja:i\u2078\", \"answer\": \"E\", \"matches_human_scoring\": false, \"fuzzy_matching\": false, \"manual_edit\": false}, {\"questionpart_n\": \"2.\", \"question\": \"la:igj\u2074kja:i\u2078\", \"answer\": \"H\", \"matches_human_scoring\": false, \"fuzzy_matching\": false, \"manual_edit\": false}, {\"questionpart_n\": \"3.\", \"question\": \"la:igj\u2074gja:ikj\u2077\", \"answer\": \"D\", \"matches_human_scoring\": false, \"fuzzy_matching\": false, \"manual_edit\": false}, {\"questionpart_n\": \"4.\", \"question\": \"la:igj\u2074dzji:ugj\u00b3kja:ik\u2077\", \"answer\": \"T\", \"matches_human_scoring\": false, \"fuzzy_matching\": false, \"manual_edit\": false}, {\"questionpart_n\": \"5.\", \"question\": \"l\u025b\u2076ni:ud\u2076\", \"answer\": \"J\", \"matches_human_scoring\": false, \"fuzzy_matching\": false, \"manual_edit\": false}, {\"questionpart_n\": \"6.\", \"question\": \"l\u025b\u2076gwi\u00b9\u0242uk\u2075\", \"answer\": \"A\", \"matches_human_scoring\": false, \"fuzzy_matching\": false, \"manual_edit\": false}, {\"questionpart_n\": \"7.\", \"question\": \"l\u025b\u2076ki:u\u00b9kja\u2078\", \"answer\": \"Q\", \"matches_human_scoring\": false, \"fuzzy_matching\": false, \"manual_edit\": false}, {\"questionpart_n\": \"8.\", \"question\": \"pa:\u2077\u0272a\u2076\", \"answer\": \"N\", \"matches_human_scoring\": false, \"fuzzy_matching\": false, \"manual_edit\": false}, {\"questionpart_n\": \"9.\", \"question\": \"nd\u025bd\u00b9pa:\u2077li\u2076\", \"answer\": \"I\", \"matches_human_scoring\": false, \"fuzzy_matching\": false, \"manual_edit\": false}, {\"questionpart_n\": \"10.\", \"question\": \"nd\u025bd\u00b9gwi\u00b9kja\u2078\", \"answer\": \"P\", \"matches_human_scoring\": false, \"fuzzy_matching\": false, \"manual_edit\": false}, {\"questionpart_n\": \"11.\", \"question\": \"kja:i\u2078kj\u025bgw\u2074\", \"answer\": \"F\", \"matches_human_scoring\": false, \"fuzzy_matching\": false, \"manual_edit\": false}, {\"questionpart_n\": \"12.\", \"question\": \"kja:ik\u2077\u014ba:i\u2075\", \"answer\": \"S\", \"matches_human_scoring\": false, \"fuzzy_matching\": false, \"manual_edit\": false}, {\"questionpart_n\": \"13.\", \"question\": \"kja\u2078mud\u2078\", \"answer\": \"G\", \"matches_human_scoring\": false, \"fuzzy_matching\": false, \"manual_edit\": false}, {\"questionpart_n\": \"14.\", \"question\": \"kja\u2078\u0272a\u2076la:igw\u2074\", \"answer\": \"C\", \"matches_human_scoring\": false, \"fuzzy_matching\": false, \"manual_edit\": false}, {\"questionpart_n\": \"15.\", \"question\": \"kja\u2078ki:u\u00b9\", \"answer\": \"B\", \"matches_human_scoring\": false, \"fuzzy_matching\": false, \"manual_edit\": false}, {\"questionpart_n\": \"16.\", \"question\": \"kj\u025bgw\u2074gwi\u00b9\", \"answer\": \"O\", \"matches_human_scoring\": false, \"fuzzy_matching\": false, \"manual_edit\": false}, {\"questionpart_n\": \"17.\", \"question\": \"kj\u025bgw\u2074haidzj\u00b3tukj\u2077\", \"answer\": \"L\", \"matches_human_scoring\": false, \"fuzzy_matching\": false, \"manual_edit\": false}, {\"questionpart_n\": \"18.\", \"question\": \"dzji:ugj\u00b3dzj\u025bgw\u2074\", \"answer\": \"R\", \"matches_human_scoring\": false, \"fuzzy_matching\": false, \"manual_edit\": false}, {\"questionpart_n\": \"19.\", \"question\": \"h\u0254\u2075kjukj\u00b2\", \"answer\": \"M\", \"matches_human_scoring\": false, \"fuzzy_matching\": false, \"manual_edit\": false}, {\"questionpart_n\": \"20.\", \"question\": \"h\u0254\u2075\u014ba:i\u2075tukj\u2077\", \"answer\": \"K\", \"matches_human_scoring\": false, \"fuzzy_matching\": false, \"manual_edit\": false}]}, {\"question_n\": \"Q 5.2\", \"prompt\": \"Translate into English:\", \"subprompts\": [{\"questionpart_n\": \"21.\", \"question\": \"nd\u025bd\u00b9ki:u\u00b9la:igw\u2074\", \"answer\": \"boars\", \"matches_human_scoring\": false, \"fuzzy_matching\": false, \"manual_edit\": false}, {\"questionpart_n\": \"22.\", \"question\": \"\u014ba:i\u2075li\u2076\", \"answer\": \"good eye\", \"matches_human_scoring\": false, \"fuzzy_matching\": false, \"manual_edit\": false}, {\"questionpart_n\": \"23.\", \"question\": \"gja:ikj\u2077gj\u025bgw\u2074\", \"answer\": \"wear resolutely\", \"matches_human_scoring\": false, \"fuzzy_matching\": false, \"manual_edit\": false}, {\"questionpart_n\": \"24.\", \"question\": \"\u0242uk\u2075gja:ikj\u2077\", \"answer\": \"[\\\"bad to wear\\\",  \\\"ugly\\\", \\\"uncomfortable\\\"]\", \"matches_human_scoring\": false, \"fuzzy_matching\": true, \"manual_edit\": false}]}, {\"question_n\": \"Q 5.3\", \"prompt\": \"Translate into Language X:\", \"subprompts\": [{\"questionpart_n\": \"25.\", \"question\": \"eyes\", \"answer\": \"nd\u025bd\u00b9\u014ba:i\u2075\", \"matches_human_scoring\": false, \"fuzzy_matching\": false, \"manual_edit\": false}, {\"questionpart_n\": \"26.\", \"question\": \"to spray\", \"answer\": \"dzji:ugj\u00b3\", \"matches_human_scoring\": false, \"fuzzy_matching\": false, \"manual_edit\": false}, {\"questionpart_n\": \"27.\", \"question\": \"buffalo cows\", \"answer\": \"nd\u025bd\u00b9\u0272a\u2076kja\u2078\", \"matches_human_scoring\": false, \"fuzzy_matching\": false, \"manual_edit\": false}, {\"questionpart_n\": \"28.\", \"question\": \"domestic/farmyard duck\", \"answer\": \"l\u025b\u2076haidzj\u00b3\", \"matches_human_scoring\": false, \"fuzzy_matching\": false, \"manual_edit\": false}, {\"questionpart_n\": \"29.\", \"question\": \"wearer\", \"answer\": \"h\u0254\u2075gja:ikj\u2077\", \"matches_human_scoring\": false, \"fuzzy_matching\": false, \"manual_edit\": false}]}, {\"question_n\": \"Q 5.4\", \"prompt\": \"The Language X phrase ni:ud\u2076kja:i\u2078kja:ik\u2077 means rainbow. What is its literal translation?\", \"subprompts\": [{\"questionpart_n\": \"30.\", \"question\": \"\", \"answer\": \"a grasshopper that drinks water\", \"matches_human_scoring\": false, \"fuzzy_matching\": true, \"manual_edit\": false}]}]",
    "obfuscated": "True",
    "obf_num": "6",
    "mapping": {
        "a:i": "i",
        "a:": "u",
        "ai": "\u0254",
        "a": "a:i",
        "i:u": "a:",
        "\u025b": "ai",
        "i": "a",
        "u": "i:u",
        "\u0254": "\u025b",
        "m": "k",
        "n": "kj",
        "\u0272": "\u0242",
        "\u014b": "d",
        "p": "dzj",
        "t": "gj",
        "k": "gw",
        "kj": "nd",
        "\u0242": "h",
        "d": "l",
        "dzj": "m",
        "gj": "n",
        "gw": "\u0272",
        "nd": "\u014b",
        "h": "p",
        "l": "t",
        "\u00b9": "\u2075",
        "\u00b2": "\u2076",
        "\u00b3": "\u2077",
        "\u2074": "\u2078",
        "\u2075": "\u00b9",
        "\u2076": "\u00b2",
        "\u2077": "\u00b3",
        "\u2078": "\u2074"
    }
}