{
    "json_invalid": false,
    "preamble": "5. Swallow the salt (20)\n  ",
    "context": "Given below are several Language X phrases and their English translations:\n\nugumi\u0263 jeke\tI swallowed the salt.\nucas\u030cawyas\u030c nuyo\tHe will have the meat swallowed (by somebody).\nucake\u0263e u\tHe will take it.\nnuyo u\u0263acohos\u030c\tThe meat was not taken.\nrelu ucacoto\u0292\tThe corpse will be taken out.\nuyu\u0263ituw u\u0263a\u0292oto\u0292 jeke\tThe chief didn't have the salt taken out.\nugutud nuyo\tI took out the meat.\necams\u030cay\tThey were slaughtered.\nuguzas\u030cams\u030cay u\tI'm not having him slaughtered.\nu\u0263a\u0292e\u0292o ubfa\u0263\tHe didn't have the water drunk (by anybody).\nlare uh\u0263e\u0263 ubfa\u0263\tThe sheep is drinking the water.\nekoyho lare\tThey slaughtered the sheep.\njeke ucacamye\tThe salt will be looked for.\nuyu\u0263ituw uhcozdok\tThe chief is being watched.\njeke uzacalbak\tThe salt is not being gathered.\nuyu\u0263ituw uzamye e\tThe chief had them looked for.\n\nNote: \u0161 is pronounced like sh in shoe; \u0292 \u2013 like s in casual; \u0263 \u2013 like a voiced h.\n",
    "questions": "[{\"question_n\": \"Q 5.1\", \"prompt\": \"Translate the following phrases into English:\", \"subprompts\": [{\"questionpart_n\": \"a.\", \"question\": \"ubfa\u0263 u\u0263ace\u0292o\", \"answer\": \"The water was not drunk.\", \"matches_human_scoring\": false, \"fuzzy_matching\": false, \"manual_edit\": false}, {\"questionpart_n\": \"b.\", \"question\": \"uguzozdok lare\", \"answer\": \"I had the sheep watched.\", \"matches_human_scoring\": false, \"fuzzy_matching\": false, \"manual_edit\": false}, {\"questionpart_n\": \"c.\", \"question\": \"jeke ucacawyas\u030c\", \"answer\": \"The salt will be swallowed.\", \"matches_human_scoring\": false, \"fuzzy_matching\": false, \"manual_edit\": false}, {\"questionpart_n\": \"d.\", \"question\": \"uzake\u0263e relu\", \"answer\": \"He is not taking the corpse.\", \"matches_human_scoring\": false, \"fuzzy_matching\": false, \"manual_edit\": false}]}, {\"question_n\": \"Q 5.2\", \"prompt\": \"If you know that the stem of the verb \\u201cwalk\\u201d is esoda\u0263tac, translate the following phrases into Language X. (The stem is the part of the word which is common to all of its inflected forms. E.g., in English, the stem of the words walks and walking is walk.)\", \"subprompts\": [{\"questionpart_n\": \"e.\", \"question\": \"He is having the water taken.\", \"answer\": \"uhs\u030cohos\u030c ubfa\u0263\", \"matches_human_scoring\": false, \"fuzzy_matching\": false, \"manual_edit\": false}, {\"questionpart_n\": \"f.\", \"question\": \"I\\u2019m having them walked.\", \"answer\": \"uguhsesoda\u0263tac e\", \"matches_human_scoring\": false, \"fuzzy_matching\": false, \"manual_edit\": false}, {\"questionpart_n\": \"g.\", \"question\": \"The chief did not drink the water.\", \"answer\": \"uyu\u0263ituw u\u0263a\u0263e\u0263 ubfa\u0263\", \"matches_human_scoring\": false, \"fuzzy_matching\": false, \"manual_edit\": false}, {\"questionpart_n\": \"h.\", \"question\": \"The salt was not looked for.\", \"answer\": \"jeke u\u0263acamye\", \"matches_human_scoring\": false, \"fuzzy_matching\": false, \"manual_edit\": false}, {\"questionpart_n\": \"i.\", \"question\": \"He will have the salt gathered.\", \"answer\": \"ucazalbak jeke\", \"matches_human_scoring\": false, \"fuzzy_matching\": false, \"manual_edit\": false}]}]",
    "obfuscated": "True",
    "obf_num": "7",
    "mapping": {
        "\u0263": "g",
        "b": "h",
        "c": "j",
        "d": "k",
        "f": "l",
        "g": "m",
        "h": "n",
        "j": "r",
        "k": "t",
        "l": "w",
        "m": "y",
        "n": "\u0263",
        "r": "b",
        "t": "c",
        "w": "d",
        "y": "f",
        "s\u030c": "\u0292",
        "z": "s\u030c",
        "s": "z",
        "\u0292": "s",
        "a": "u",
        "e": "a",
        "i": "e",
        "o": "i",
        "u": "o"
    }
}