{
    "json_invalid": false,
    "preamble": "5. Swallow the salt (20)\n  ",
    "context": "Given below are several Language X phrases and their English translations:\n\nujuric leme\tI swallowed the salt.\nufa\u0292a\u0263ba\u0292 tubo\tHe will have the meat swallowed (by somebody).\nufamece u\tHe will take it.\ntubo ucafoko\u0292\tThe meat was not taken.\nwenu ufafoyos\tThe corpse will be taken out.\nubuciyu\u0263 ucasoyos leme\tThe chief didn't have the salt taken out.\nujuyug tubo\tI took out the meat.\nefar\u0292ab\tThey were slaughtered.\nujus\u030ca\u0292ar\u0292ab u\tI'm not having him slaughtered.\nucaseso udhac\tHe didn't have the water drunk (by anybody).\nnawe ukcec udhac\tThe sheep is drinking the water.\nemobko nawe\tThey slaughtered the sheep.\nleme ufafarbe\tThe salt will be looked for.\nubuciyu\u0263 ukfos\u030cgom\tThe chief is being watched.\nleme us\u030cafandam\tThe salt is not being gathered.\nubuciyu\u0263 us\u030carbe e\tThe chief had them looked for.\n\nNote: \u0161 is pronounced like sh in shoe; \u0292 \u2013 like s in casual; \u0263 \u2013 like a voiced h.\n",
    "questions": "[{\"question_n\": \"Q 5.1\", \"prompt\": \"Translate the following phrases into English:\", \"subprompts\": [{\"questionpart_n\": \"a.\", \"question\": \"udhac ucafeso\", \"answer\": \"The water was not drunk.\", \"matches_human_scoring\": false, \"fuzzy_matching\": false, \"manual_edit\": false}, {\"questionpart_n\": \"b.\", \"question\": \"ujus\u030cos\u030cgom nawe\", \"answer\": \"I had the sheep watched.\", \"matches_human_scoring\": false, \"fuzzy_matching\": false, \"manual_edit\": false}, {\"questionpart_n\": \"c.\", \"question\": \"leme ufafa\u0263ba\u0292\", \"answer\": \"The salt will be swallowed.\", \"matches_human_scoring\": false, \"fuzzy_matching\": false, \"manual_edit\": false}, {\"questionpart_n\": \"d.\", \"question\": \"us\u030camece wenu\", \"answer\": \"He is not taking the corpse.\", \"matches_human_scoring\": false, \"fuzzy_matching\": false, \"manual_edit\": false}]}, {\"question_n\": \"Q 5.2\", \"prompt\": \"If you know that the stem of the verb \\u201cwalk\\u201d is ezogacyaf, translate the following phrases into Language X. (The stem is the part of the word which is common to all of its inflected forms. E.g., in English, the stem of the words walks and walking is walk.)\", \"subprompts\": [{\"questionpart_n\": \"e.\", \"question\": \"He is having the water taken.\", \"answer\": \"uk\u0292oko\u0292 udhac\", \"matches_human_scoring\": false, \"fuzzy_matching\": false, \"manual_edit\": false}, {\"questionpart_n\": \"f.\", \"question\": \"I\\u2019m having them walked.\", \"answer\": \"ujukzezogacyaf e\", \"matches_human_scoring\": false, \"fuzzy_matching\": false, \"manual_edit\": false}, {\"questionpart_n\": \"g.\", \"question\": \"The chief did not drink the water.\", \"answer\": \"ubuciyu\u0263 ucacec udhac\", \"matches_human_scoring\": false, \"fuzzy_matching\": false, \"manual_edit\": false}, {\"questionpart_n\": \"h.\", \"question\": \"The salt was not looked for.\", \"answer\": \"leme ucafarbe\", \"matches_human_scoring\": false, \"fuzzy_matching\": false, \"manual_edit\": false}, {\"questionpart_n\": \"i.\", \"question\": \"He will have the salt gathered.\", \"answer\": \"ufas\u030candam leme\", \"matches_human_scoring\": false, \"fuzzy_matching\": false, \"manual_edit\": false}]}]",
    "obfuscated": "True",
    "obf_num": "26",
    "mapping": {
        "\u0263": "j",
        "b": "k",
        "c": "l",
        "d": "m",
        "f": "n",
        "g": "r",
        "h": "t",
        "j": "w",
        "k": "y",
        "l": "\u0263",
        "m": "b",
        "n": "c",
        "r": "d",
        "t": "f",
        "w": "g",
        "y": "h",
        "s\u030c": "s",
        "z": "\u0292",
        "s": "s\u030c",
        "\u0292": "z",
        "a": "u",
        "e": "a",
        "i": "e",
        "o": "i",
        "u": "o"
    }
}