{
    "json_invalid": false,
    "preamble": "5. Swallow the salt (20)\n  ",
    "context": "Given below are several Language X phrases and their English translations:\n\nokoted mana\tI swallowed the salt.\nogu\u0292ubcu\u0292 woci\tHe will have the meat swallowed (by somebody).\nogunada o\tHe will take it.\nwoci odugili\u0292\tThe meat was not taken.\nyaro ogugi\u0263is\tThe corpse will be taken out.\nocode\u0263ob odusi\u0263is mana\tThe chief didn't have the salt taken out.\noko\u0263oh woci\tI took out the meat.\nagut\u0292uc\tThey were slaughtered.\nokos\u030cu\u0292ut\u0292uc o\tI'm not having him slaughtered.\nodusasi ofjud\tHe didn't have the water drunk (by anybody).\nruya oldad ofjud\tThe sheep is drinking the water.\nanicli ruya\tThey slaughtered the sheep.\nmana ogugutca\tThe salt will be looked for.\nocode\u0263ob olgis\u030chin\tThe chief is being watched.\nmana os\u030cugurfun\tThe salt is not being gathered.\nocode\u0263ob os\u030cutca a\tThe chief had them looked for.\n\nNote: \u0161 is pronounced like sh in shoe; \u0292 \u2013 like s in casual; \u0263 \u2013 like a voiced h.\n",
    "questions": "[{\"question_n\": \"Q 5.1\", \"prompt\": \"Translate the following phrases into English:\", \"subprompts\": [{\"questionpart_n\": \"a.\", \"question\": \"ofjud odugasi\", \"answer\": \"The water was not drunk.\", \"matches_human_scoring\": false, \"fuzzy_matching\": false, \"manual_edit\": false}, {\"questionpart_n\": \"b.\", \"question\": \"okos\u030cis\u030chin ruya\", \"answer\": \"I had the sheep watched.\", \"matches_human_scoring\": false, \"fuzzy_matching\": false, \"manual_edit\": false}, {\"questionpart_n\": \"c.\", \"question\": \"mana ogugubcu\u0292\", \"answer\": \"The salt will be swallowed.\", \"matches_human_scoring\": false, \"fuzzy_matching\": false, \"manual_edit\": false}, {\"questionpart_n\": \"d.\", \"question\": \"os\u030cunada yaro\", \"answer\": \"He is not taking the corpse.\", \"matches_human_scoring\": false, \"fuzzy_matching\": false, \"manual_edit\": false}]}, {\"question_n\": \"Q 5.2\", \"prompt\": \"If you know that the stem of the verb \\u201cwalk\\u201d is azihud\u0263ug, translate the following phrases into Language X. (The stem is the part of the word which is common to all of its inflected forms. E.g., in English, the stem of the words walks and walking is walk.)\", \"subprompts\": [{\"questionpart_n\": \"e.\", \"question\": \"He is having the water taken.\", \"answer\": \"ol\u0292ili\u0292 ofjud\", \"matches_human_scoring\": false, \"fuzzy_matching\": false, \"manual_edit\": false}, {\"questionpart_n\": \"f.\", \"question\": \"I\\u2019m having them walked.\", \"answer\": \"okolzazihud\u0263ug a\", \"matches_human_scoring\": false, \"fuzzy_matching\": false, \"manual_edit\": false}, {\"questionpart_n\": \"g.\", \"question\": \"The chief did not drink the water.\", \"answer\": \"ocode\u0263ob odudad ofjud\", \"matches_human_scoring\": false, \"fuzzy_matching\": false, \"manual_edit\": false}, {\"questionpart_n\": \"h.\", \"question\": \"The salt was not looked for.\", \"answer\": \"mana odugutca\", \"matches_human_scoring\": false, \"fuzzy_matching\": false, \"manual_edit\": false}, {\"questionpart_n\": \"i.\", \"question\": \"He will have the salt gathered.\", \"answer\": \"ogus\u030curfun mana\", \"matches_human_scoring\": false, \"fuzzy_matching\": false, \"manual_edit\": false}]}]",
    "obfuscated": "True",
    "obf_num": "10",
    "mapping": {
        "\u0263": "k",
        "b": "l",
        "c": "m",
        "d": "n",
        "f": "r",
        "g": "t",
        "h": "w",
        "j": "y",
        "k": "\u0263",
        "l": "b",
        "m": "c",
        "n": "d",
        "r": "f",
        "t": "g",
        "w": "h",
        "y": "j",
        "s\u030c": "s",
        "z": "\u0292",
        "s": "s\u030c",
        "\u0292": "z",
        "a": "o",
        "e": "u",
        "i": "a",
        "o": "e",
        "u": "i"
    }
}