{
    "json_invalid": false,
    "preamble": "5. Swallow the salt (20)\n  ",
    "context": "Given below are several Language X phrases and their English translations:\n\newedul \u0263obo\tI swallowed the salt.\nenis\u030cijkis\u030c feka\tHe will have the meat swallowed (by somebody).\nenibolo e\tHe will take it.\nfeka elinayas\u030c\tThe meat was not taken.\ngoce eninaha\u0292\tThe corpse will be taken out.\nekeluhej eli\u0292aha\u0292 \u0263obo\tThe chief didn't have the salt taken out.\neweher feka\tI took out the meat.\nonids\u030cik\tThey were slaughtered.\newezis\u030cids\u030cik e\tI'm not having him slaughtered.\neli\u0292o\u0292a emtil\tHe didn't have the water drunk (by anybody).\ncigo eylol emtil\tThe sheep is drinking the water.\nobakya cigo\tThey slaughtered the sheep.\n\u0263obo eninidko\tThe salt will be looked for.\nekeluhej eynazrab\tThe chief is being watched.\n\u0263obo ezinicmib\tThe salt is not being gathered.\nekeluhej ezidko o\tThe chief had them looked for.\n\nNote: \u0161 is pronounced like sh in shoe; \u0292 \u2013 like s in casual; \u0263 \u2013 like a voiced h.\n",
    "questions": "[{\"question_n\": \"Q 5.1\", \"prompt\": \"Translate the following phrases into English:\", \"subprompts\": [{\"questionpart_n\": \"a.\", \"question\": \"emtil elino\u0292a\", \"answer\": \"The water was not drunk.\", \"matches_human_scoring\": false, \"fuzzy_matching\": false, \"manual_edit\": false}, {\"questionpart_n\": \"b.\", \"question\": \"ewezazrab cigo\", \"answer\": \"I had the sheep watched.\", \"matches_human_scoring\": false, \"fuzzy_matching\": false, \"manual_edit\": false}, {\"questionpart_n\": \"c.\", \"question\": \"\u0263obo eninijkis\u030c\", \"answer\": \"The salt will be swallowed.\", \"matches_human_scoring\": false, \"fuzzy_matching\": false, \"manual_edit\": false}, {\"questionpart_n\": \"d.\", \"question\": \"ezibolo goce\", \"answer\": \"He is not taking the corpse.\", \"matches_human_scoring\": false, \"fuzzy_matching\": false, \"manual_edit\": false}]}, {\"question_n\": \"Q 5.2\", \"prompt\": \"If you know that the stem of the verb \\u201cwalk\\u201d is osarilhin, translate the following phrases into Language X. (The stem is the part of the word which is common to all of its inflected forms. E.g., in English, the stem of the words walks and walking is walk.)\", \"subprompts\": [{\"questionpart_n\": \"e.\", \"question\": \"He is having the water taken.\", \"answer\": \"eys\u030cayas\u030c emtil\", \"matches_human_scoring\": false, \"fuzzy_matching\": false, \"manual_edit\": false}, {\"questionpart_n\": \"f.\", \"question\": \"I\\u2019m having them walked.\", \"answer\": \"eweysosarilhin o\", \"matches_human_scoring\": false, \"fuzzy_matching\": false, \"manual_edit\": false}, {\"questionpart_n\": \"g.\", \"question\": \"The chief did not drink the water.\", \"answer\": \"ekeluhej elilol emtil\", \"matches_human_scoring\": false, \"fuzzy_matching\": false, \"manual_edit\": false}, {\"questionpart_n\": \"h.\", \"question\": \"The salt was not looked for.\", \"answer\": \"\u0263obo elinidko\", \"matches_human_scoring\": false, \"fuzzy_matching\": false, \"manual_edit\": false}, {\"questionpart_n\": \"i.\", \"question\": \"He will have the salt gathered.\", \"answer\": \"enizicmib \u0263obo\", \"matches_human_scoring\": false, \"fuzzy_matching\": false, \"manual_edit\": false}]}]",
    "obfuscated": "True",
    "obf_num": "27",
    "mapping": {
        "\u0263": "w",
        "b": "y",
        "c": "\u0263",
        "d": "b",
        "f": "c",
        "g": "d",
        "h": "f",
        "j": "g",
        "k": "h",
        "l": "j",
        "m": "k",
        "n": "l",
        "r": "m",
        "t": "n",
        "w": "r",
        "y": "t",
        "s\u030c": "\u0292",
        "z": "s\u030c",
        "s": "z",
        "\u0292": "s",
        "a": "e",
        "e": "i",
        "i": "o",
        "o": "u",
        "u": "a"
    }
}