{
    "json_invalid": false,
    "preamble": "3d. Language X past participles (10 marks)\n",
    "context": "\nHere are some examples of regular Language X verbs and their past participles; for instance, freggaw means 'to silt up', and its past participle dafregg means silted up, as in It has silted up.\n\nverb:\tenglish:\tpast participle:\nfreggaw\tto silt up\tdafregg\ntrudaw\tto complain\tdatruudg\ngmuwgaw\tto burn\tdagmuwg\njamaw\tto resist\tdajaamg\nkihkaw\tto make a draft (wind)\tdakihk\nkarraw\tto count\tdakaarg\nmutaw\tto hit (target)\tdamuutk\nrelnaw\tto glue\tdarelng\ntowwaw\tcan, be able\tdatowg\nzamkarraw\tto tell\tzamkarg\nkaraw\tto cultivate\tdakaarg\nzamchimaw\tto interrogate\tzamchiimg\nkmiojaw\tto marry\tdakmiojg\nfhuzaw\tto shave(woodwork)\tdafhuus\nmuvaw\tto storm\tdamuufg\nkmelvaw\tto put a price on\tdakmelfg\nrukkaw\tto clean\tdarukk\nfnutaw\tto taste\tdafnuutk\nkmukaw\tto talk\tdakmuuk\nseakfaw\tto cycle\tdaseakfk\ngissaw\tto be lucky\tdagisk",
    "questions": "[{\"question_n\": \"Q 3.d\", \"prompt\": \"What are the past participles for the following regular verbs?\", \"subprompts\": [{\"questionpart_n\": \"1\", \"question\": \"garaw\\t to share\", \"answer\": \"dagaarag\", \"matches_human_scoring\": false, \"fuzzy_matching\": false, \"manual_edit\": false}, {\"questionpart_n\": \"2\", \"question\": \"chimaw\\t to hear\", \"answer\": \"dachiimg\", \"matches_human_scoring\": false, \"fuzzy_matching\": false, \"manual_edit\": false}, {\"questionpart_n\": \"3\", \"question\": \"kukkaw\\t to pour a beer\", \"answer\": \"dakukk\", \"matches_human_scoring\": false, \"fuzzy_matching\": false, \"manual_edit\": false}, {\"questionpart_n\": \"4\", \"question\": \"zamchoevaw\\t to move house\", \"answer\": \"zamchoefg\", \"matches_human_scoring\": false, \"fuzzy_matching\": false, \"manual_edit\": false}, {\"questionpart_n\": \"5\", \"question\": \"ruwgaw\\t to land\", \"answer\": \"daruwg\", \"matches_human_scoring\": false, \"fuzzy_matching\": false, \"manual_edit\": false}, {\"questionpart_n\": \"6\", \"question\": \"trikkaw\\t to knock\", \"answer\": \"datrikk\", \"matches_human_scoring\": false, \"fuzzy_matching\": false, \"manual_edit\": false}, {\"questionpart_n\": \"7\", \"question\": \"nittaw\\t to sulk\", \"answer\": \"danitk\", \"matches_human_scoring\": false, \"fuzzy_matching\": false, \"manual_edit\": false}, {\"questionpart_n\": \"8\", \"question\": \"mitaw\\t to smoke\", \"answer\": \"damiitk\", \"matches_human_scoring\": false, \"fuzzy_matching\": false, \"manual_edit\": false}, {\"questionpart_n\": \"9\", \"question\": \"mikkaw\\t to rot\", \"answer\": \"damik\", \"matches_human_scoring\": false, \"fuzzy_matching\": false, \"manual_edit\": false}, {\"questionpart_n\": \"10\", \"question\": \"kiggaw\\t to worry\", \"answer\": \"dakigg\", \"matches_human_scoring\": false, \"fuzzy_matching\": false, \"manual_edit\": false}]}]",
    "obfuscated": "True",
    "obf_num": "29",
    "mapping": {
        "f": "s",
        "s": "f",
        "v": "z",
        "z": "v",
        "t": "k",
        "p": "k",
        "d": "g",
        "b": "g",
        "k": "t",
        "g": "d",
        "a": "u",
        "e": "a",
        "i": "e",
        "o": "i",
        "u": "o",
        "l": "r",
        "r": "m",
        "m": "n",
        "n": "w",
        "w": "j",
        "j": "l",
        "h": "ch",
        "ch": "h"
    }
}