{
    "json_invalid": false,
    "preamble": "3d. Language X past participles (10 marks)\n",
    "context": "\nHere are some examples of regular Language X verbs and their past participles; for instance, fmeggaj means 'to silt up', and its past participle bafmegb means silted up, as in It has silted up.\n\nverb:\tenglish:\tpast participle:\nfmeggaj\tto silt up\tbafmegb\npmubaj\tto complain\tbapmuubb\ngnujbaj\tto burn\tbagnujb\nlanaj\tto resist\tbalaanb\npihpaj\tto make a draft (wind)\tbapihp\npammaj\tto count\tbapaamb\nnupaj\tto hit (target)\tbanuupp\nmerwaj\tto glue\tbamerwb\npojjaj\tcan, be able\tbapojb\nzanpammaj\tto tell\tzanpamb\npamaj\tto cultivate\tbapaamb\nzanchinaj\tto interrogate\tzanchiinb\npniolaj\tto marry\tbapniolb\nfhuzaj\tto shave(woodwork)\tbafhuus\nnuvaj\tto storm\tbanuufb\nknervaj\tto put a price on\tbaknerfb\nmukkaj\tto clean\tbamukp\nfwupaj\tto taste\tbafwuupp\nknupaj\tto talk\tbaknuup\nseapfaj\tto cycle\tbaseapfp\ngissaj\tto be lucky\tbagisp",
    "questions": "[{\"question_n\": \"Q 3.d\", \"prompt\": \"What are the past participles for the following regular verbs?\", \"subprompts\": [{\"questionpart_n\": \"1\", \"question\": \"bamaj\\t to share\", \"answer\": \"babaamab\", \"matches_human_scoring\": false, \"fuzzy_matching\": false, \"manual_edit\": false}, {\"questionpart_n\": \"2\", \"question\": \"chinaj\\t to hear\", \"answer\": \"bachiinb\", \"matches_human_scoring\": false, \"fuzzy_matching\": false, \"manual_edit\": false}, {\"questionpart_n\": \"3\", \"question\": \"pukkaj\\t to pour a beer\", \"answer\": \"bapukp\", \"matches_human_scoring\": false, \"fuzzy_matching\": false, \"manual_edit\": false}, {\"questionpart_n\": \"4\", \"question\": \"zanchoevaj\\t to move house\", \"answer\": \"zanchoefb\", \"matches_human_scoring\": false, \"fuzzy_matching\": false, \"manual_edit\": false}, {\"questionpart_n\": \"5\", \"question\": \"mujbaj\\t to land\", \"answer\": \"bamujb\", \"matches_human_scoring\": false, \"fuzzy_matching\": false, \"manual_edit\": false}, {\"questionpart_n\": \"6\", \"question\": \"pmikkaj\\t to knock\", \"answer\": \"bapmikp\", \"matches_human_scoring\": false, \"fuzzy_matching\": false, \"manual_edit\": false}, {\"questionpart_n\": \"7\", \"question\": \"wippaj\\t to sulk\", \"answer\": \"bawipp\", \"matches_human_scoring\": false, \"fuzzy_matching\": false, \"manual_edit\": false}, {\"questionpart_n\": \"8\", \"question\": \"nipaj\\t to smoke\", \"answer\": \"baniipp\", \"matches_human_scoring\": false, \"fuzzy_matching\": false, \"manual_edit\": false}, {\"questionpart_n\": \"9\", \"question\": \"nippaj\\t to rot\", \"answer\": \"banip\", \"matches_human_scoring\": false, \"fuzzy_matching\": false, \"manual_edit\": false}, {\"questionpart_n\": \"10\", \"question\": \"piggaj\\t to worry\", \"answer\": \"bapigb\", \"matches_human_scoring\": false, \"fuzzy_matching\": false, \"manual_edit\": false}]}]",
    "obfuscated": "True",
    "obf_num": "9",
    "mapping": {
        "f": "s",
        "s": "f",
        "v": "z",
        "z": "v",
        "t": "p",
        "k": "p",
        "d": "b",
        "g": "b",
        "p": "k",
        "b": "g",
        "a": "u",
        "e": "a",
        "i": "e",
        "o": "i",
        "u": "o",
        "l": "m",
        "r": "n",
        "m": "w",
        "n": "j",
        "w": "l",
        "j": "r",
        "h": "ch",
        "ch": "h"
    }
}