{
    "json_invalid": false,
    "preamble": "3d. Language X past participles (10 marks)\n",
    "context": "\nHere are some examples of regular Language X verbs and their past participles; for instance, fweggar means 'to silt up', and its past participle dafwegg means silted up, as in It has silted up.\n\nverb:\tenglish:\tpast participle:\nfweggar\tto silt up\tdafwegg\ntwudar\tto complain\tdatwuudg\ngjurgar\tto burn\tdagjurg\nmajar\tto resist\tdamaajg\nkihkar\tto make a draft (wind)\tdakihk\nkawwar\tto count\tdakaawg\njutar\tto hit (target)\tdajuutk\nwenlar\tto glue\tdawenlg\ntorrar\tcan, be able\tdatorg\nzajkawwar\tto tell\tzajkawg\nkawar\tto cultivate\tdakaawg\nzajchijar\tto interrogate\tzajchiijg\nkjiomar\tto marry\tdakjiomg\nfhuzar\tto shave(woodwork)\tdafhuus\njuvar\tto storm\tdajuufg\nkjenvar\tto put a price on\tdakjenfg\nwukkar\tto clean\tdawukk\nflutar\tto taste\tdafluutk\nkjukar\tto talk\tdakjuuk\nseakfar\tto cycle\tdaseakfk\ngissar\tto be lucky\tdagisk",
    "questions": "[{\"question_n\": \"Q 3.d\", \"prompt\": \"What are the past participles for the following regular verbs?\", \"subprompts\": [{\"questionpart_n\": \"1\", \"question\": \"gawar\\t to share\", \"answer\": \"dagaawag\", \"matches_human_scoring\": false, \"fuzzy_matching\": false, \"manual_edit\": false}, {\"questionpart_n\": \"2\", \"question\": \"chijar\\t to hear\", \"answer\": \"dachiijg\", \"matches_human_scoring\": false, \"fuzzy_matching\": false, \"manual_edit\": false}, {\"questionpart_n\": \"3\", \"question\": \"kukkar\\t to pour a beer\", \"answer\": \"dakukk\", \"matches_human_scoring\": false, \"fuzzy_matching\": false, \"manual_edit\": false}, {\"questionpart_n\": \"4\", \"question\": \"zajchoevar\\t to move house\", \"answer\": \"zajchoefg\", \"matches_human_scoring\": false, \"fuzzy_matching\": false, \"manual_edit\": false}, {\"questionpart_n\": \"5\", \"question\": \"wurgar\\t to land\", \"answer\": \"dawurg\", \"matches_human_scoring\": false, \"fuzzy_matching\": false, \"manual_edit\": false}, {\"questionpart_n\": \"6\", \"question\": \"twikkar\\t to knock\", \"answer\": \"datwikk\", \"matches_human_scoring\": false, \"fuzzy_matching\": false, \"manual_edit\": false}, {\"questionpart_n\": \"7\", \"question\": \"littar\\t to sulk\", \"answer\": \"dalitk\", \"matches_human_scoring\": false, \"fuzzy_matching\": false, \"manual_edit\": false}, {\"questionpart_n\": \"8\", \"question\": \"jitar\\t to smoke\", \"answer\": \"dajiitk\", \"matches_human_scoring\": false, \"fuzzy_matching\": false, \"manual_edit\": false}, {\"questionpart_n\": \"9\", \"question\": \"jikkar\\t to rot\", \"answer\": \"dajik\", \"matches_human_scoring\": false, \"fuzzy_matching\": false, \"manual_edit\": false}, {\"questionpart_n\": \"10\", \"question\": \"kiggar\\t to worry\", \"answer\": \"dakigg\", \"matches_human_scoring\": false, \"fuzzy_matching\": false, \"manual_edit\": false}]}]",
    "obfuscated": "True",
    "obf_num": "12",
    "mapping": {
        "f": "s",
        "s": "f",
        "v": "z",
        "z": "v",
        "t": "k",
        "p": "k",
        "d": "g",
        "b": "g",
        "k": "t",
        "g": "d",
        "a": "u",
        "e": "a",
        "i": "e",
        "o": "i",
        "u": "o",
        "l": "w",
        "r": "j",
        "m": "l",
        "n": "r",
        "w": "m",
        "j": "n",
        "h": "ch",
        "ch": "h"
    }
}