{
    "json_invalid": false,
    "preamble": "3d. Language X past participles (10 marks)\n",
    "context": "\nHere are some examples of regular Language X verbs and their past participles; for instance, fnuggol means 'to silt up', and its past participle bofnugb means silted up, as in It has silted up.\n\nverb:\tenglish:\tpast participle:\nfnuggol\tto silt up\tbofnugb\npnibol\tto complain\tbopniibb\ngwilbol\tto burn\tbogwilb\nrowol\tto resist\tboroowb\npahpol\tto make a draft (wind)\tbopahp\nponnol\tto count\tbopoonb\nwipol\tto hit (target)\tbowiipp\nnumjol\tto glue\tbonumjb\npellol\tcan, be able\tbopelb\nzowponnol\tto tell\tzowponb\nponol\tto cultivate\tbopoonb\nzowchawol\tto interrogate\tzowchaawb\npwaerol\tto marry\tbopwaerb\nfhizol\tto shave(woodwork)\tbofhiis\nwivol\tto storm\tbowiifb\nkwumvol\tto put a price on\tbokwumfb\nnikkol\tto clean\tbonikp\nfjipol\tto taste\tbofjiipp\nkwipol\tto talk\tbokwiip\nsuopfol\tto cycle\tbosuopfp\ngassol\tto be lucky\tbogasp",
    "questions": "[{\"question_n\": \"Q 3.d\", \"prompt\": \"What are the past participles for the following regular verbs?\", \"subprompts\": [{\"questionpart_n\": \"1\", \"question\": \"bonol\\t to share\", \"answer\": \"boboonob\", \"matches_human_scoring\": false, \"fuzzy_matching\": false, \"manual_edit\": false}, {\"questionpart_n\": \"2\", \"question\": \"chawol\\t to hear\", \"answer\": \"bochaawb\", \"matches_human_scoring\": false, \"fuzzy_matching\": false, \"manual_edit\": false}, {\"questionpart_n\": \"3\", \"question\": \"pikkol\\t to pour a beer\", \"answer\": \"bopikp\", \"matches_human_scoring\": false, \"fuzzy_matching\": false, \"manual_edit\": false}, {\"questionpart_n\": \"4\", \"question\": \"zowcheuvol\\t to move house\", \"answer\": \"zowcheufb\", \"matches_human_scoring\": false, \"fuzzy_matching\": false, \"manual_edit\": false}, {\"questionpart_n\": \"5\", \"question\": \"nilbol\\t to land\", \"answer\": \"bonilb\", \"matches_human_scoring\": false, \"fuzzy_matching\": false, \"manual_edit\": false}, {\"questionpart_n\": \"6\", \"question\": \"pnakkol\\t to knock\", \"answer\": \"bopnakp\", \"matches_human_scoring\": false, \"fuzzy_matching\": false, \"manual_edit\": false}, {\"questionpart_n\": \"7\", \"question\": \"jappol\\t to sulk\", \"answer\": \"bojapp\", \"matches_human_scoring\": false, \"fuzzy_matching\": false, \"manual_edit\": false}, {\"questionpart_n\": \"8\", \"question\": \"wapol\\t to smoke\", \"answer\": \"bowaapp\", \"matches_human_scoring\": false, \"fuzzy_matching\": false, \"manual_edit\": false}, {\"questionpart_n\": \"9\", \"question\": \"wappol\\t to rot\", \"answer\": \"bowap\", \"matches_human_scoring\": false, \"fuzzy_matching\": false, \"manual_edit\": false}, {\"questionpart_n\": \"10\", \"question\": \"paggol\\t to worry\", \"answer\": \"bopagb\", \"matches_human_scoring\": false, \"fuzzy_matching\": false, \"manual_edit\": false}]}]",
    "obfuscated": "True",
    "obf_num": "8",
    "mapping": {
        "f": "s",
        "s": "f",
        "v": "z",
        "z": "v",
        "t": "p",
        "k": "p",
        "d": "b",
        "g": "b",
        "p": "k",
        "b": "g",
        "a": "i",
        "e": "o",
        "i": "u",
        "o": "a",
        "u": "e",
        "l": "n",
        "r": "w",
        "m": "j",
        "n": "l",
        "w": "r",
        "j": "m",
        "h": "ch",
        "ch": "h"
    }
}