{
    "json_invalid": false,
    "preamble": "3d. Language X past participles (10 marks)\n",
    "context": "\nHere are some examples of regular Language X verbs and their past participles; for instance, fjeggam means 'to silt up', and its past participle dafjegg means silted up, as in It has silted up.\n\nverb:\tenglish:\tpast participle:\nfjeggam\tto silt up\tdafjegg\ntjudam\tto complain\tdatjuudg\nglumgam\tto burn\tdaglumg\nnalam\tto resist\tdanaalg\nkihkam\tto make a draft (wind)\tdakihk\nkajjam\tto count\tdakaajg\nlutam\tto hit (target)\tdaluutk\njewram\tto glue\tdajewrg\ntommam\tcan, be able\tdatomg\nzalkajjam\tto tell\tzalkajg\nkajam\tto cultivate\tdakaajg\nzalchilam\tto interrogate\tzalchiilg\nklionam\tto marry\tdakliong\nfhuzam\tto shave(woodwork)\tdafhuus\nluvam\tto storm\tdaluufg\nklewvam\tto put a price on\tdaklewfg\njukkam\tto clean\tdajukk\nfrutam\tto taste\tdafruutk\nklukam\tto talk\tdakluuk\nseakfam\tto cycle\tdaseakfk\ngissam\tto be lucky\tdagisk",
    "questions": "[{\"question_n\": \"Q 3.d\", \"prompt\": \"What are the past participles for the following regular verbs?\", \"subprompts\": [{\"questionpart_n\": \"1\", \"question\": \"gajam\\t to share\", \"answer\": \"dagaajag\", \"matches_human_scoring\": false, \"fuzzy_matching\": false, \"manual_edit\": false}, {\"questionpart_n\": \"2\", \"question\": \"chilam\\t to hear\", \"answer\": \"dachiilg\", \"matches_human_scoring\": false, \"fuzzy_matching\": false, \"manual_edit\": false}, {\"questionpart_n\": \"3\", \"question\": \"kukkam\\t to pour a beer\", \"answer\": \"dakukk\", \"matches_human_scoring\": false, \"fuzzy_matching\": false, \"manual_edit\": false}, {\"questionpart_n\": \"4\", \"question\": \"zalchoevam\\t to move house\", \"answer\": \"zalchoefg\", \"matches_human_scoring\": false, \"fuzzy_matching\": false, \"manual_edit\": false}, {\"questionpart_n\": \"5\", \"question\": \"jumgam\\t to land\", \"answer\": \"dajumg\", \"matches_human_scoring\": false, \"fuzzy_matching\": false, \"manual_edit\": false}, {\"questionpart_n\": \"6\", \"question\": \"tjikkam\\t to knock\", \"answer\": \"datjikk\", \"matches_human_scoring\": false, \"fuzzy_matching\": false, \"manual_edit\": false}, {\"questionpart_n\": \"7\", \"question\": \"rittam\\t to sulk\", \"answer\": \"daritk\", \"matches_human_scoring\": false, \"fuzzy_matching\": false, \"manual_edit\": false}, {\"questionpart_n\": \"8\", \"question\": \"litam\\t to smoke\", \"answer\": \"daliitk\", \"matches_human_scoring\": false, \"fuzzy_matching\": false, \"manual_edit\": false}, {\"questionpart_n\": \"9\", \"question\": \"likkam\\t to rot\", \"answer\": \"dalik\", \"matches_human_scoring\": false, \"fuzzy_matching\": false, \"manual_edit\": false}, {\"questionpart_n\": \"10\", \"question\": \"kiggam\\t to worry\", \"answer\": \"dakigg\", \"matches_human_scoring\": false, \"fuzzy_matching\": false, \"manual_edit\": false}]}]",
    "obfuscated": "True",
    "obf_num": "4",
    "mapping": {
        "f": "s",
        "s": "f",
        "v": "z",
        "z": "v",
        "t": "k",
        "p": "k",
        "d": "g",
        "b": "g",
        "k": "t",
        "g": "d",
        "a": "u",
        "e": "a",
        "i": "e",
        "o": "i",
        "u": "o",
        "l": "j",
        "r": "l",
        "m": "r",
        "n": "m",
        "w": "n",
        "j": "w",
        "h": "ch",
        "ch": "h"
    }
}