{
    "json_invalid": false,
    "preamble": "3d. Language X past participles (10 marks)\n",
    "context": "\nHere are some examples of regular Language X verbs and their past participles; for instance, fmoggij means 'to silt up', and its past participle difmogg means silted up, as in It has silted up.\n\nverb:\tenglish:\tpast participle:\nfmoggij\tto silt up\tdifmogg\ntmedij\tto complain\tditmeedg\ngnejgij\tto burn\tdignejg\nlinij\tto resist\tdiliing\nkuhkij\tto make a draft (wind)\tdikuhk\nkimmij\tto count\tdikiimg\nnetij\tto hit (target)\tdineetk\nmorwij\tto glue\tdimorwg\ntajjij\tcan, be able\tditajg\nzinkimmij\tto tell\tzinkimg\nkimij\tto cultivate\tdikiimg\nzinchunij\tto interrogate\tzinchuung\nknualij\tto marry\tdiknualg\nfhezij\tto shave(woodwork)\tdifhees\nnevij\tto storm\tdineefg\nknorvij\tto put a price on\tdiknorfg\nmekkij\tto clean\tdimekk\nfwetij\tto taste\tdifweetk\nknekij\tto talk\tdikneek\nsoikfij\tto cycle\tdisoikfk\ngussij\tto be lucky\tdigusk",
    "questions": "[{\"question_n\": \"Q 3.d\", \"prompt\": \"What are the past participles for the following regular verbs?\", \"subprompts\": [{\"questionpart_n\": \"1\", \"question\": \"gimij\\t to share\", \"answer\": \"digiimig\", \"matches_human_scoring\": false, \"fuzzy_matching\": false, \"manual_edit\": false}, {\"questionpart_n\": \"2\", \"question\": \"chunij\\t to hear\", \"answer\": \"dichuung\", \"matches_human_scoring\": false, \"fuzzy_matching\": false, \"manual_edit\": false}, {\"questionpart_n\": \"3\", \"question\": \"kekkij\\t to pour a beer\", \"answer\": \"dikekk\", \"matches_human_scoring\": false, \"fuzzy_matching\": false, \"manual_edit\": false}, {\"questionpart_n\": \"4\", \"question\": \"zinchaovij\\t to move house\", \"answer\": \"zinchaofg\", \"matches_human_scoring\": false, \"fuzzy_matching\": false, \"manual_edit\": false}, {\"questionpart_n\": \"5\", \"question\": \"mejgij\\t to land\", \"answer\": \"dimejg\", \"matches_human_scoring\": false, \"fuzzy_matching\": false, \"manual_edit\": false}, {\"questionpart_n\": \"6\", \"question\": \"tmukkij\\t to knock\", \"answer\": \"ditmukk\", \"matches_human_scoring\": false, \"fuzzy_matching\": false, \"manual_edit\": false}, {\"questionpart_n\": \"7\", \"question\": \"wuttij\\t to sulk\", \"answer\": \"diwutk\", \"matches_human_scoring\": false, \"fuzzy_matching\": false, \"manual_edit\": false}, {\"questionpart_n\": \"8\", \"question\": \"nutij\\t to smoke\", \"answer\": \"dinuutk\", \"matches_human_scoring\": false, \"fuzzy_matching\": false, \"manual_edit\": false}, {\"questionpart_n\": \"9\", \"question\": \"nukkij\\t to rot\", \"answer\": \"dinuk\", \"matches_human_scoring\": false, \"fuzzy_matching\": false, \"manual_edit\": false}, {\"questionpart_n\": \"10\", \"question\": \"kuggij\\t to worry\", \"answer\": \"dikugg\", \"matches_human_scoring\": false, \"fuzzy_matching\": false, \"manual_edit\": false}]}]",
    "obfuscated": "True",
    "obf_num": "25",
    "mapping": {
        "f": "s",
        "s": "f",
        "v": "z",
        "z": "v",
        "t": "k",
        "p": "k",
        "d": "g",
        "b": "g",
        "k": "t",
        "g": "d",
        "a": "e",
        "e": "i",
        "i": "o",
        "o": "u",
        "u": "a",
        "l": "m",
        "r": "n",
        "m": "w",
        "n": "j",
        "w": "l",
        "j": "r",
        "h": "ch",
        "ch": "h"
    }
}