{
    "json_invalid": false,
    "preamble": "Language X (25 marks)\n  ",
    "context": "Below is a transcribed and translated story told by a Language X speaker.\n\n1\tJukanyu nirri jakalu ngukuyimi.\tThe woman is standing in the house.\n2\tDinjji nirri ngikika jimbumu.\tThe man is sitting under a tree.\n3\tDinjji ngirru muyimi wudama.\tThey are here in the camp.\n4\tBungukungu nirri yurrada, munjjuma ngikikaa.\tThis man is cooking meat.\n5\tNgurrajudngu nirri, yurradaluna, mumu jakalu.\tShe is hungry for meat, that woman.\n6\tMula ngikika, rrurridngi nirri.\tThis man, he gets up.\n7\tJuminjji nguka nirri darrungu jakaluyiki.\tHe then goes up to the woman.\n8\tYadnga nguka nirri jakalu yurradaluna dunjjuwunaluna, jukanyuyiki.\tThen he gives some cooked meat to the woman who\u2019s standing.\n9\tMumunjjuma jakaluu, munjunyu nguka nirri rumaa mumu yurrada ngikikamunyu.\tThat woman, she then takes that meat with her hand from the man.\n10\tDukngu nguka nirri, ngurrajudama, mumunjjuma jakaluu, mumu yurrada, jukanyumu mumuyimi ngukuyimi.\tThen that woman hungrily eats that meat, standing there in the house.\n11\tDuyajudngu nguka nirri ngikika: Manya, yuna manya dukngu?\tShe then asks the man. What are you eating?\n12\tNgibunjji njuyi dukngu durrunu.\tI\u2019m not eating now.\n13\tDarrujuna njuyi jujiyuna munjunyuuna. Juwingi-lunngu njuyi.\tI\u2019ll go and catch some fish. I\u2019m going fishing.\n14\tYinyiji manya darrungu?\tWhere are you going?\n15\tJirruku njuyi darrungu, mumunjjiki rumunjjuyiki.\tI\u2019m going south, to that river.\n16\tNjunginjungi, rurradanga nirri jakaluu, ngunyumu nirri darrungu.\tLate afternoon, the woman followed him, she went after.\n17\tMudngu nguka nirri, ngikika, dinjjiyiki, juwingi-lunjiki.\tThen she saw the man sitting fishing.\n18\tRumunjjumu nirri dinjji, mumu ngikika.\tThat man was sitting by the river.\n19\tMudngu nirri jakalu, juminjjiyiki.\tHe saw the woman approaching.\n20\tJuyu! Darrunya munjjiki.\tCome! Come here!\n21\tDuyajudngu nirri ngikika juminjjimi.\tShe asked the man as she approached.\n22\tJuji manya munjunyu?\tHave you caught any fish?\n23\tNgibunjji njuyi jujiyuna.\tI\u2019ve got no fish.\n24\tNgibunjji mula jujiyuna.\tThere\u2019s no fish here.\n25\tNjurili-jalu manya munjunyu juji muyimi. Judu.\tI thought you would have caught fish here. Lots.\n26\tLunngu nirri munjunja.\tHe said to her:\n27\tMudngu njuyi juji muyimi yumurama, ngarrajaduyiki, nginjjimu.\tI saw fish swimming here in the water yesterday.\n28\tNgibunjji lurri ngurrajudngu yurradaluna durrunu.\tThey are not hungry for meat right now.\n29\tNjubadnga lurriyunjju ngirranyumu.\tThey are hiding in the water-grass.\n30\tWudayiki nguka ngirru jumnju, ngibunjji jujiyuna.\tThey both returned home, without any fish.\n31\tNgurrajudama ngirru jumnju wudayiki, jakalu, ngikika.\tThey both return home hungry \u2013 the woman (and) the man.",
    "questions": "[{\"question_n\": \"Q 9.1\", \"prompt\": \"Translate these Language X sentences into English. If multiple translations are possible, give only one.\", \"subprompts\": [{\"questionpart_n\": \"a.\", \"question\": \"Dinjji njuyi wudama.\", \"answer\": \"[\\\"I am sitting in the camp.\\\", \\\"I\\u2019m sitting in the camp.\\\"]\", \"matches_human_scoring\": false, \"fuzzy_matching\": false, \"manual_edit\": false}, {\"questionpart_n\": \"b.\", \"question\": \"Duyajudngu nguka ngirru mula ngikika.\", \"answer\": \"[\\\"Then they both ask this man.\\\", \\\"Then they both ask this man.\\\", \\\"They then both ask this man.\\\", \\\"They then both ask this man.\\\", \\\"They both ask this man then.\\\", \\\"They both ask this man then.\\\"]\", \"matches_human_scoring\": false, \"fuzzy_matching\": false, \"manual_edit\": false}, {\"questionpart_n\": \"c.\", \"question\": \"Ngibunjji njuyi ngurrajudngu durrunu.\", \"answer\": \"[\\\"Now I am not hungry.\\\", \\\"Now I'm not hungry.\\\", \\\"Right now I am not hungry.\\\", \\\"Right now I'm not hungry.\\\",  \\\"I am now not hungry.\\\", \\\"I'm now not hungry.\\\", \\\"I am right now not hungry.\\\", \\\"I'm right now not hungry.\\\", \\\"I am not now hungry.\\\", \\\"I'm not now hungry.\\\", \\\"I am not right now hungry.\\\", \\\"I'm not right now hungry.\\\",  \\\"I am not hungry now.\\\", \\\"I'm not hungry now.\\\", \\\"I am not hungry right now.\\\", \\\"I'm not hungry right now.\\\"]\", \"matches_human_scoring\": false, \"fuzzy_matching\": false, \"manual_edit\": false}]}, {\"question_n\": \"Q 9.2\", \"prompt\": \"Translate these English sentences into Language X. If you believe multiple translations are possible, give only one.\", \"subprompts\": [{\"questionpart_n\": \"d.\", \"question\": \"The man and the woman are sitting here.\", \"answer\": \"Dinjji ngirru muyimi ngikika jakalu.\", \"matches_human_scoring\": false, \"fuzzy_matching\": false, \"manual_edit\": true}, {\"questionpart_n\": \"e.\", \"question\": \"That woman eats fish.\", \"answer\": \"Dukngu nirri mumunjjuma jakaluu juji.\", \"matches_human_scoring\": false, \"fuzzy_matching\": false, \"manual_edit\": true}, {\"questionpart_n\": \"f.\", \"question\": \"This man cooks that meat standing under a tree.\", \"answer\": \"Bungukungu nirri mumu yurrada munjjuma ngikikaa jukanyumu jimbumu.\", \"matches_human_scoring\": false, \"fuzzy_matching\": false, \"manual_edit\": true}]}]",
    "obfuscated": "True",
    "obf_num": "3",
    "mapping": {
        "b": "ng",
        "d": "b",
        "j": "d",
        "k": "j",
        "rr": "k",
        "l": "rr",
        "y": "l",
        "w": "y",
        "r": "w",
        "m": "r",
        "n": "m",
        "ny": "n",
        "nj": "ny",
        "ng": "nj",
        "a": "u",
        "i": "a",
        "u": "i",
        "-": "-"
    }
}