{
    "json_invalid": false,
    "preamble": "Language X (25 marks)\n  ",
    "context": "Below is a transcribed and translated story told by a Language X speaker.\n\n1\tYiwudi bara yuwumi kiwinanga.\tThe woman is standing in the house.\n2\tLajya bara kawawu yangrringi.\tThe man is sitting under a tree.\n3\tLajya kari nginanga nyilungu.\tThey are here in the camp.\n4\tRrikiwiki bara nirulu, ngijyingu kawawuu.\tThis man is cooking meat.\n5\tKiruyilki bara, nirulumibu, ngingi yuwumi.\tShe is hungry for meat, that woman.\n6\tNgimu kawawu, riralka bara.\tThis man, he gets up.\n7\tYingajya kiwu bara luriki yuwuminawa.\tHe then goes up to the woman.\n8\tNulku kiwu bara yuwumi nirulumibu lijyinyibumibu, yiwudinawa.\tThen he gives some cooked meat to the woman who\u2019s standing.\n9\tNgingijyingu yuwumii, ngijidi kiwu bara njinguu ngingi nirulu kawawungidi.\tThat woman, she then takes that meat with her hand from the man.\n10\tLiwki kiwu bara, kiruyilungu, ngingijyingu yuwumii, ngingi nirulu, yiwudingi nginginanga kiwinanga.\tThen that woman hungrily eats that meat, standing there in the house.\n11\tLinuyilki kiwu bara kawawu: Ngudu, nibu ngudu liwki?\tShe then asks the man. What are you eating?\n12\tKarrijya jina liwki liribi.\tI\u2019m not eating now.\n13\tLuriyibu jina yiyanibu ngijidiibu. Yinyaka-mibki jina.\tI\u2019ll go and catch some fish. I\u2019m going fishing.\n14\tNadaya ngudu luriki?\tWhere are you going?\n15\tYariwi jina luriki, ngingijyawa njingijyinawa.\tI\u2019m going south, to that river.\n16\tJikajika, njiruluku bara yuwumii, kidingi bara luriki.\tLate afternoon, the woman followed him, she went after.\n17\tNgilki kiwu bara, kawawu, lajyanawa, yinyaka-mibyawa.\tThen she saw the man sitting fishing.\n18\tNjingijyingi bara lajya, ngingi kawawu.\tThat man was sitting by the river.\n19\tNgilki bara yuwumi, yingajyanawa.\tHe saw the woman approaching.\n20\tYini! Luridu ngijyawa.\tCome! Come here!\n21\tLinuyilki bara kawawu yingajyanga.\tShe asked the man as she approached.\n22\tYiya ngudu ngijidi?\tHave you caught any fish?\n23\tKarrijya jina yiyanibu.\tI\u2019ve got no fish.\n24\tKarrijya ngimu yiyanibu.\tThere\u2019s no fish here.\n25\tJinjama-yumi ngudu ngijidi yiya nginanga. Yili.\tI thought you would have caught fish here. Lots.\n26\tMibki bara ngijiju.\tHe said to her:\n27\tNgilki jina yiya nginanga ninginjungu, kuruyulinawa, kajyangi.\tI saw fish swimming here in the water yesterday.\n28\tKarrijya mira kiruyilki nirulumibu liribi.\tThey are not hungry for meat right now.\n29\tJirrulku miranijyi karudingi.\tThey are hiding in the water-grass.\n30\tNyilunawa kiwu kari yingji, karrijya yiyanibu.\tThey both returned home, without any fish.\n31\tKiruyilungu kari yingji nyilunawa, yuwumi, kawawu.\tThey both return home hungry \u2013 the woman (and) the man.",
    "questions": "[{\"question_n\": \"Q 9.1\", \"prompt\": \"Translate these Language X sentences into English. If multiple translations are possible, give only one.\", \"subprompts\": [{\"questionpart_n\": \"a.\", \"question\": \"Lajya jina nyilungu.\", \"answer\": \"[\\\"I am sitting in the camp.\\\", \\\"I\\u2019m sitting in the camp.\\\"]\", \"matches_human_scoring\": false, \"fuzzy_matching\": false, \"manual_edit\": false}, {\"questionpart_n\": \"b.\", \"question\": \"Linuyilki kiwu kari ngimu kawawu.\", \"answer\": \"[\\\"Then they both ask this man.\\\", \\\"Then they both ask this man.\\\", \\\"They then both ask this man.\\\", \\\"They then both ask this man.\\\", \\\"They both ask this man then.\\\", \\\"They both ask this man then.\\\"]\", \"matches_human_scoring\": false, \"fuzzy_matching\": false, \"manual_edit\": false}, {\"questionpart_n\": \"c.\", \"question\": \"Karrijya jina kiruyilki liribi.\", \"answer\": \"[\\\"Now I am not hungry.\\\", \\\"Now I'm not hungry.\\\", \\\"Right now I am not hungry.\\\", \\\"Right now I'm not hungry.\\\",  \\\"I am now not hungry.\\\", \\\"I'm now not hungry.\\\", \\\"I am right now not hungry.\\\", \\\"I'm right now not hungry.\\\", \\\"I am not now hungry.\\\", \\\"I'm not now hungry.\\\", \\\"I am not right now hungry.\\\", \\\"I'm not right now hungry.\\\",  \\\"I am not hungry now.\\\", \\\"I'm not hungry now.\\\", \\\"I am not hungry right now.\\\", \\\"I'm not hungry right now.\\\"]\", \"matches_human_scoring\": false, \"fuzzy_matching\": false, \"manual_edit\": false}]}, {\"question_n\": \"Q 9.2\", \"prompt\": \"Translate these English sentences into Language X. If you believe multiple translations are possible, give only one.\", \"subprompts\": [{\"questionpart_n\": \"d.\", \"question\": \"The man and the woman are sitting here.\", \"answer\": \"Lajya kari nginanga kawawu yuwumi.\", \"matches_human_scoring\": false, \"fuzzy_matching\": false, \"manual_edit\": true}, {\"questionpart_n\": \"e.\", \"question\": \"That woman eats fish.\", \"answer\": \"Liwki bara ngingijyingu yuwumii yiya.\", \"matches_human_scoring\": false, \"fuzzy_matching\": false, \"manual_edit\": true}, {\"questionpart_n\": \"f.\", \"question\": \"This man cooks that meat standing under a tree.\", \"answer\": \"Rrikiwiki bara ngingi nirulu ngijyingu kawawuu yiwudingi yangrringi.\", \"matches_human_scoring\": false, \"fuzzy_matching\": false, \"manual_edit\": true}]}]",
    "obfuscated": "True",
    "obf_num": "2",
    "mapping": {
        "b": "k",
        "d": "rr",
        "j": "l",
        "k": "y",
        "rr": "w",
        "l": "r",
        "y": "m",
        "w": "n",
        "r": "ny",
        "m": "nj",
        "n": "ng",
        "ny": "b",
        "nj": "d",
        "ng": "j",
        "a": "i",
        "i": "u",
        "u": "a",
        "-": "-"
    }
}