{
    "json_invalid": false,
    "preamble": "Language X (25 marks)\n  ",
    "context": "Below is a transcribed and translated story told by a Language X speaker.\n\n1\tYuwadu biri yawamu kuwuningi.\tThe woman is standing in the house.\n2\tLijyi biri kiwiwa yingrrungu.\tThe man is sitting under a tree.\n3\tLijyi kiru nguningi nyulanga.\tThey are here in the camp.\n4\tRrukuwuku biri nurala, ngujyunga kiwiwaa.\tThis man is cooking meat.\n5\tKurayulku biri, nuralamuba, ngungu yawamu.\tShe is hungry for meat, that woman.\n6\tNguma kiwiwa, rurilki biri.\tThis man, he gets up.\n7\tYungijyi kuwa biri laruku yawamuniwi.\tHe then goes up to the woman.\n8\tNalka kuwa biri yawamu nuralamuba lujyunyubamuba, yuwaduniwi.\tThen he gives some cooked meat to the woman who\u2019s standing.\n9\tNgungujyunga yawamuu, ngujudu kuwa biri njungaa ngungu nurala kiwiwangudu.\tThat woman, she then takes that meat with her hand from the man.\n10\tLuwku kuwa biri, kurayulanga, ngungujyunga yawamuu, ngungu nurala, yuwadungu ngunguningi kuwuningi.\tThen that woman hungrily eats that meat, standing there in the house.\n11\tLunayulku kuwa biri kiwiwa: Ngada, nuba ngada luwku?\tShe then asks the man. What are you eating?\n12\tKirrujyi juni luwku lurubu.\tI\u2019m not eating now.\n13\tLaruyuba juni yuyinuba ngujuduuba. Yunyiki-mubku juni.\tI\u2019ll go and catch some fish. I\u2019m going fishing.\n14\tNidiyi ngada laruku?\tWhere are you going?\n15\tYiruwu juni laruku, ngungujyiwi njungujyuniwi.\tI\u2019m going south, to that river.\n16\tJukijuki, njuralaka biri yawamuu, kudungu biri laruku.\tLate afternoon, the woman followed him, she went after.\n17\tNgulku kuwa biri, kiwiwa, lijyiniwi, yunyiki-mubyiwi.\tThen she saw the man sitting fishing.\n18\tNjungujyungu biri lijyi, ngungu kiwiwa.\tThat man was sitting by the river.\n19\tNgulku biri yawamu, yungijyiniwi.\tHe saw the woman approaching.\n20\tYunu! Laruda ngujyiwi.\tCome! Come here!\n21\tLunayulku biri kiwiwa yungijyingi.\tShe asked the man as she approached.\n22\tYuyi ngada ngujudu?\tHave you caught any fish?\n23\tKirrujyi juni yuyinuba.\tI\u2019ve got no fish.\n24\tKirrujyi nguma yuyinuba.\tThere\u2019s no fish here.\n25\tJunjimi-yamu ngada ngujudu yuyi nguningi. Yulu.\tI thought you would have caught fish here. Lots.\n26\tMubku biri ngujuja.\tHe said to her:\n27\tNgulku juni yuyi nguningi nungunjanga, karayaluniwi, kijyingu.\tI saw fish swimming here in the water yesterday.\n28\tKirrujyi muri kurayulku nuralamuba lurubu.\tThey are not hungry for meat right now.\n29\tJurralka murinujyu kiradungu.\tThey are hiding in the water-grass.\n30\tNyulaniwi kuwa kiru yungju, kirrujyi yuyinuba.\tThey both returned home, without any fish.\n31\tKurayulanga kiru yungju nyulaniwi, yawamu, kiwiwa.\tThey both return home hungry \u2013 the woman (and) the man.",
    "questions": "[{\"question_n\": \"Q 9.1\", \"prompt\": \"Translate these Language X sentences into English. If multiple translations are possible, give only one.\", \"subprompts\": [{\"questionpart_n\": \"a.\", \"question\": \"Lijyi juni nyulanga.\", \"answer\": \"[\\\"I am sitting in the camp.\\\", \\\"I\\u2019m sitting in the camp.\\\"]\", \"matches_human_scoring\": false, \"fuzzy_matching\": false, \"manual_edit\": false}, {\"questionpart_n\": \"b.\", \"question\": \"Lunayulku kuwa kiru nguma kiwiwa.\", \"answer\": \"[\\\"Then they both ask this man.\\\", \\\"Then they both ask this man.\\\", \\\"They then both ask this man.\\\", \\\"They then both ask this man.\\\", \\\"They both ask this man then.\\\", \\\"They both ask this man then.\\\"]\", \"matches_human_scoring\": false, \"fuzzy_matching\": false, \"manual_edit\": false}, {\"questionpart_n\": \"c.\", \"question\": \"Kirrujyi juni kurayulku lurubu.\", \"answer\": \"[\\\"Now I am not hungry.\\\", \\\"Now I'm not hungry.\\\", \\\"Right now I am not hungry.\\\", \\\"Right now I'm not hungry.\\\",  \\\"I am now not hungry.\\\", \\\"I'm now not hungry.\\\", \\\"I am right now not hungry.\\\", \\\"I'm right now not hungry.\\\", \\\"I am not now hungry.\\\", \\\"I'm not now hungry.\\\", \\\"I am not right now hungry.\\\", \\\"I'm not right now hungry.\\\",  \\\"I am not hungry now.\\\", \\\"I'm not hungry now.\\\", \\\"I am not hungry right now.\\\", \\\"I'm not hungry right now.\\\"]\", \"matches_human_scoring\": false, \"fuzzy_matching\": false, \"manual_edit\": false}]}, {\"question_n\": \"Q 9.2\", \"prompt\": \"Translate these English sentences into Language X. If you believe multiple translations are possible, give only one.\", \"subprompts\": [{\"questionpart_n\": \"d.\", \"question\": \"The man and the woman are sitting here.\", \"answer\": \"Lijyi kiru nguningi kiwiwa yawamu.\", \"matches_human_scoring\": false, \"fuzzy_matching\": false, \"manual_edit\": true}, {\"questionpart_n\": \"e.\", \"question\": \"That woman eats fish.\", \"answer\": \"Luwku biri ngungujyunga yawamuu yuyi.\", \"matches_human_scoring\": false, \"fuzzy_matching\": false, \"manual_edit\": true}, {\"questionpart_n\": \"f.\", \"question\": \"This man cooks that meat standing under a tree.\", \"answer\": \"Rrukuwuku biri ngungu nurala ngujyunga kiwiwaa yuwadungu yingrrungu.\", \"matches_human_scoring\": false, \"fuzzy_matching\": false, \"manual_edit\": true}]}]",
    "obfuscated": "True",
    "obf_num": "22",
    "mapping": {
        "b": "k",
        "d": "rr",
        "j": "l",
        "k": "y",
        "rr": "w",
        "l": "r",
        "y": "m",
        "w": "n",
        "r": "ny",
        "m": "nj",
        "n": "ng",
        "ny": "b",
        "nj": "d",
        "ng": "j",
        "a": "u",
        "i": "a",
        "u": "i",
        "-": "-"
    }
}