{
    "json_invalid": false,
    "preamble": "Language X (25 marks)\n  ",
    "context": "Below is a transcribed and translated story told by a Language X speaker.\n\n1\tLuyabu ngiwi layaru juyuminji.\tThe woman is standing in the house.\n2\tRridli ngiwi jiyiya linjkunju.\tThe man is sitting under a tree.\n3\tRridli jiwu njuminji nurranja.\tThey are here in the camp.\n4\tKujuyuju ngiwi muwarra, njudlunja jiyiyaa.\tThis man is cooking meat.\n5\tJuwalurrju ngiwi, muwarrarunga, njunju layaru.\tShe is hungry for meat, that woman.\n6\tNjura jiyiya, wuwirrji ngiwi.\tThis man, he gets up.\n7\tLunjidli juya ngiwi rrawuju layarumiyi.\tHe then goes up to the woman.\n8\tMarrja juya ngiwi layaru muwarrarunga rrudlunungarunga, luyabumiyi.\tThen he gives some cooked meat to the woman who\u2019s standing.\n9\tNjunjudlunja layaruu, njudubu juya ngiwi nyunjaa njunju muwarra jiyiyanjubu.\tThat woman, she then takes that meat with her hand from the man.\n10\tRruyju juya ngiwi, juwalurranja, njunjudlunja layaruu, njunju muwarra, luyabunju njunjuminji juyuminji.\tThen that woman hungrily eats that meat, standing there in the house.\n11\tRrumalurrju juya ngiwi jiyiya: Njaba, munga njaba rruyju?\tShe then asks the man. What are you eating?\n12\tJikudli dumi rruyju rruwungu.\tI\u2019m not eating now.\n13\tRrawulunga dumi lulimunga njudubuunga. Luniji-rungju dumi.\tI\u2019ll go and catch some fish. I\u2019m going fishing.\n14\tMibili njaba rrawuju?\tWhere are you going?\n15\tLiwuyu dumi rrawuju, njunjudliyi nyunjudlumiyi.\tI\u2019m going south, to that river.\n16\tDujiduji, nyuwarraja ngiwi layaruu, jubunju ngiwi rrawuju.\tLate afternoon, the woman followed him, she went after.\n17\tNjurrju juya ngiwi, jiyiya, rridlimiyi, luniji-rungliyi.\tThen she saw the man sitting fishing.\n18\tNyunjudlunju ngiwi rridli, njunju jiyiya.\tThat man was sitting by the river.\n19\tNjurrju ngiwi layaru, lunjidlimiyi.\tHe saw the woman approaching.\n20\tLumu! Rrawuba njudliyi.\tCome! Come here!\n21\tRrumalurrju ngiwi jiyiya lunjidlinji.\tShe asked the man as she approached.\n22\tLuli njaba njudubu?\tHave you caught any fish?\n23\tJikudli dumi lulimunga.\tI\u2019ve got no fish.\n24\tJikudli njura lulimunga.\tThere\u2019s no fish here.\n25\tDunyiri-laru njaba njudubu luli njuminji. Lurru.\tI thought you would have caught fish here. Lots.\n26\tRungju ngiwi njududa.\tHe said to her:\n27\tNjurrju dumi luli njuminji munjunyanja, jawalarrumiyi, jidlinju.\tI saw fish swimming here in the water yesterday.\n28\tJikudli ruwi juwalurrju muwarrarunga rruwungu.\tThey are not hungry for meat right now.\n29\tDukarrja ruwimudlu jiwabunju.\tThey are hiding in the water-grass.\n30\tNurramiyi juya jiwu lunjdu, jikudli lulimunga.\tThey both returned home, without any fish.\n31\tJuwalurranja jiwu lunjdu nurramiyi, layaru, jiyiya.\tThey both return home hungry \u2013 the woman (and) the man.",
    "questions": "[{\"question_n\": \"Q 9.1\", \"prompt\": \"Translate these Language X sentences into English. If multiple translations are possible, give only one.\", \"subprompts\": [{\"questionpart_n\": \"a.\", \"question\": \"Rridli dumi nurranja.\", \"answer\": \"[\\\"I am sitting in the camp.\\\", \\\"I\\u2019m sitting in the camp.\\\"]\", \"matches_human_scoring\": false, \"fuzzy_matching\": false, \"manual_edit\": false}, {\"questionpart_n\": \"b.\", \"question\": \"Rrumalurrju juya jiwu njura jiyiya.\", \"answer\": \"[\\\"Then they both ask this man.\\\", \\\"Then they both ask this man.\\\", \\\"They then both ask this man.\\\", \\\"They then both ask this man.\\\", \\\"They both ask this man then.\\\", \\\"They both ask this man then.\\\"]\", \"matches_human_scoring\": false, \"fuzzy_matching\": false, \"manual_edit\": false}, {\"questionpart_n\": \"c.\", \"question\": \"Jikudli dumi juwalurrju rruwungu.\", \"answer\": \"[\\\"Now I am not hungry.\\\", \\\"Now I'm not hungry.\\\", \\\"Right now I am not hungry.\\\", \\\"Right now I'm not hungry.\\\",  \\\"I am now not hungry.\\\", \\\"I'm now not hungry.\\\", \\\"I am right now not hungry.\\\", \\\"I'm right now not hungry.\\\", \\\"I am not now hungry.\\\", \\\"I'm not now hungry.\\\", \\\"I am not right now hungry.\\\", \\\"I'm not right now hungry.\\\",  \\\"I am not hungry now.\\\", \\\"I'm not hungry now.\\\", \\\"I am not hungry right now.\\\", \\\"I'm not hungry right now.\\\"]\", \"matches_human_scoring\": false, \"fuzzy_matching\": false, \"manual_edit\": false}]}, {\"question_n\": \"Q 9.2\", \"prompt\": \"Translate these English sentences into Language X. If you believe multiple translations are possible, give only one.\", \"subprompts\": [{\"questionpart_n\": \"d.\", \"question\": \"The man and the woman are sitting here.\", \"answer\": \"Rridli jiwu njuminji jiyiya layaru.\", \"matches_human_scoring\": false, \"fuzzy_matching\": false, \"manual_edit\": true}, {\"questionpart_n\": \"e.\", \"question\": \"That woman eats fish.\", \"answer\": \"Rruyju ngiwi njunjudlunja layaruu luli.\", \"matches_human_scoring\": false, \"fuzzy_matching\": false, \"manual_edit\": true}, {\"questionpart_n\": \"f.\", \"question\": \"This man cooks that meat standing under a tree.\", \"answer\": \"Kujuyuju ngiwi njunju muwarra njudlunja jiyiyaa luyabunju linjkunju.\", \"matches_human_scoring\": false, \"fuzzy_matching\": false, \"manual_edit\": true}]}]",
    "obfuscated": "True",
    "obf_num": "19",
    "mapping": {
        "b": "j",
        "d": "k",
        "j": "rr",
        "k": "l",
        "rr": "y",
        "l": "w",
        "y": "r",
        "w": "m",
        "r": "n",
        "m": "ny",
        "n": "nj",
        "ny": "ng",
        "nj": "b",
        "ng": "d",
        "a": "u",
        "i": "a",
        "u": "i",
        "-": "-"
    }
}