{
    "json_invalid": false,
    "preamble": "Language X (25 marks)\n  ",
    "context": "Below is a transcribed and translated story told by a Language X speaker.\n\n1\tMinurri kanya mununji yiningaja.\tThe woman is standing in the house.\n2\tRalma kanya yananu majwiji.\tThe man is sitting under a tree.\n3\tRalma yanyi jingaja biruju.\tThey are here in the camp.\n4\tWiyiniyi kanya nginyuru, jilmiju yananuu.\tThis man is cooking meat.\n5\tYinyumiryi kanya, nginyurunjiku, jiji mununji.\tShe is hungry for meat, that woman.\n6\tJinju yananu, nyinyarya kanya.\tThis man, he gets up.\n7\tMijalma yinu kanya runyiyi mununjingana.\tHe then goes up to the woman.\n8\tNguryu yinu kanya mununji nginyurunjiku rilmibikunjiku, minurringana.\tThen he gives some cooked meat to the woman who\u2019s standing.\n9\tJijilmiju mununjii, jilirri yinu kanya dijuu jiji nginyuru yananujirri.\tThat woman, she then takes that meat with her hand from the man.\n10\tRinyi yinu kanya, yinyumiruju, jijilmiju mununjii, jiji nginyuru, minurriji jijingaja yiningaja.\tThen that woman hungrily eats that meat, standing there in the house.\n11\tRingumiryi yinu kanya yananu: Jurru, ngiku jurru rinyi?\tShe then asks the man. What are you eating?\n12\tYawilma linga rinyi rinyiki.\tI\u2019m not eating now.\n13\tRunyimiku linga mimangiku jilirriiku. Mibaya-njikyi linga.\tI\u2019ll go and catch some fish. I\u2019m going fishing.\n14\tNgarrama jurru runyiyi?\tWhere are you going?\n15\tManyini linga runyiyi, jijilmana dijilmingana.\tI\u2019m going south, to that river.\n16\tLiyaliya, dinyuruyu kanya mununjii, yirriji kanya runyiyi.\tLate afternoon, the woman followed him, she went after.\n17\tJiryi yinu kanya, yananu, ralmangana, mibaya-njikmana.\tThen she saw the man sitting fishing.\n18\tDijilmiji kanya ralma, jiji yananu.\tThat man was sitting by the river.\n19\tJiryi kanya mununji, mijalmangana.\tHe saw the woman approaching.\n20\tMingi! Runyirru jilmana.\tCome! Come here!\n21\tRingumiryi kanya yananu mijalmaja.\tShe asked the man as she approached.\n22\tMima jurru jilirri?\tHave you caught any fish?\n23\tYawilma linga mimangiku.\tI\u2019ve got no fish.\n24\tYawilma jinju mimangiku.\tThere\u2019s no fish here.\n25\tLidanja-munji jurru jilirri mima jingaja. Miri.\tI thought you would have caught fish here. Lots.\n26\tNjikyi kanya jililu.\tHe said to her:\n27\tJiryi linga mima jingaja ngijiduju, yunyumuringana, yalmaji.\tI saw fish swimming here in the water yesterday.\n28\tYawilma njinya yinyumiryi nginyurunjiku rinyiki.\tThey are not hungry for meat right now.\n29\tLiwuryu njinyangilmi yanyurriji.\tThey are hiding in the water-grass.\n30\tBirungana yinu yanyi mijli, yawilma mimangiku.\tThey both returned home, without any fish.\n31\tYinyumiruju yanyi mijli birungana, mununji, yananu.\tThey both return home hungry \u2013 the woman (and) the man.",
    "questions": "[{\"question_n\": \"Q 9.1\", \"prompt\": \"Translate these Language X sentences into English. If multiple translations are possible, give only one.\", \"subprompts\": [{\"questionpart_n\": \"a.\", \"question\": \"Ralma linga biruju.\", \"answer\": \"[\\\"I am sitting in the camp.\\\", \\\"I\\u2019m sitting in the camp.\\\"]\", \"matches_human_scoring\": false, \"fuzzy_matching\": false, \"manual_edit\": false}, {\"questionpart_n\": \"b.\", \"question\": \"Ringumiryi yinu yanyi jinju yananu.\", \"answer\": \"[\\\"Then they both ask this man.\\\", \\\"Then they both ask this man.\\\", \\\"They then both ask this man.\\\", \\\"They then both ask this man.\\\", \\\"They both ask this man then.\\\", \\\"They both ask this man then.\\\"]\", \"matches_human_scoring\": false, \"fuzzy_matching\": false, \"manual_edit\": false}, {\"questionpart_n\": \"c.\", \"question\": \"Yawilma linga yinyumiryi rinyiki.\", \"answer\": \"[\\\"Now I am not hungry.\\\", \\\"Now I'm not hungry.\\\", \\\"Right now I am not hungry.\\\", \\\"Right now I'm not hungry.\\\",  \\\"I am now not hungry.\\\", \\\"I'm now not hungry.\\\", \\\"I am right now not hungry.\\\", \\\"I'm right now not hungry.\\\", \\\"I am not now hungry.\\\", \\\"I'm not now hungry.\\\", \\\"I am not right now hungry.\\\", \\\"I'm not right now hungry.\\\",  \\\"I am not hungry now.\\\", \\\"I'm not hungry now.\\\", \\\"I am not hungry right now.\\\", \\\"I'm not hungry right now.\\\"]\", \"matches_human_scoring\": false, \"fuzzy_matching\": false, \"manual_edit\": false}]}, {\"question_n\": \"Q 9.2\", \"prompt\": \"Translate these English sentences into Language X. If you believe multiple translations are possible, give only one.\", \"subprompts\": [{\"questionpart_n\": \"d.\", \"question\": \"The man and the woman are sitting here.\", \"answer\": \"Ralma yanyi jingaja yananu mununji.\", \"matches_human_scoring\": false, \"fuzzy_matching\": false, \"manual_edit\": true}, {\"questionpart_n\": \"e.\", \"question\": \"That woman eats fish.\", \"answer\": \"Rinyi kanya jijilmiju mununjii mima.\", \"matches_human_scoring\": false, \"fuzzy_matching\": false, \"manual_edit\": true}, {\"questionpart_n\": \"f.\", \"question\": \"This man cooks that meat standing under a tree.\", \"answer\": \"Wiyiniyi kanya jiji nginyuru jilmiju yananuu minurriji majwiji.\", \"matches_human_scoring\": false, \"fuzzy_matching\": false, \"manual_edit\": true}]}]",
    "obfuscated": "True",
    "obf_num": "18",
    "mapping": {
        "b": "y",
        "d": "w",
        "j": "r",
        "k": "m",
        "rr": "n",
        "l": "ny",
        "y": "nj",
        "w": "ng",
        "r": "b",
        "m": "d",
        "n": "j",
        "ny": "k",
        "nj": "rr",
        "ng": "l",
        "a": "i",
        "i": "u",
        "u": "a",
        "-": "-"
    }
}