{
    "json_invalid": false,
    "preamble": "Language X (25 marks)\n  ",
    "context": "Below is a transcribed and translated story told by a Language X speaker.\n\n1\tNinyuli rranja nunyungi winyibaka.\tThe woman is standing in the house.\n2\tMayna rranja wanyanyu nakriki.\tThe man is sitting under a tree.\n3\tMayna wanji kibaka dimuku.\tThey are here in the camp.\n4\tRiwinyiwi rranja binjumu, kiyniku wanyanyuu.\tThis man is cooking meat.\n5\tWinjunimwi rranja, binjumungirru, kiki nunyungi.\tShe is hungry for meat, that woman.\n6\tKingu wanyanyu, njinjamwa rranja.\tThis man, he gets up.\n7\tNikayna winyu rranja munjiwi nunyungibanya.\tHe then goes up to the woman.\n8\tBumwu winyu rranja nunyungi binjumungirru miynidirrungirru, ninyulibanya.\tThen he gives some cooked meat to the woman who\u2019s standing.\n9\tKikiyniku nunyungii, kiyili winyu rranja jikuu kiki binjumu wanyanyukili.\tThat woman, she then takes that meat with her hand from the man.\n10\tMinywi winyu rranja, winjunimuku, kikiyniku nunyungii, kiki binjumu, ninyuliki kikibaka winyibaka.\tThen that woman hungrily eats that meat, standing there in the house.\n11\tMibunimwi winyu rranja wanyanyu: Kulu, birru kulu minywi?\tShe then asks the man. What are you eating?\n12\tWariyna yiba minywi minjirri.\tI\u2019m not eating now.\n13\tMunjinirru yiba ninabirru kiyiliirru. Nidawa-ngirrwi yiba.\tI\u2019ll go and catch some fish. I\u2019m going fishing.\n14\tBalana kulu munjiwi?\tWhere are you going?\n15\tNanjinyi yiba munjiwi, kikiynanya jikiynibanya.\tI\u2019m going south, to that river.\n16\tYiwayiwa, jinjumuwu rranja nunyungii, wiliki rranja munjiwi.\tLate afternoon, the woman followed him, she went after.\n17\tKimwi winyu rranja, wanyanyu, maynabanya, nidawa-ngirrnanya.\tThen she saw the man sitting fishing.\n18\tJikiyniki rranja mayna, kiki wanyanyu.\tThat man was sitting by the river.\n19\tKimwi rranja nunyungi, nikaynabanya.\tHe saw the woman approaching.\n20\tNibi! Munjilu kiynanya.\tCome! Come here!\n21\tMibunimwi rranja wanyanyu nikaynaka.\tShe asked the man as she approached.\n22\tNina kulu kiyili?\tHave you caught any fish?\n23\tWariyna yiba ninabirru.\tI\u2019ve got no fish.\n24\tWariyna kingu ninabirru.\tThere\u2019s no fish here.\n25\tYijanga-nungi kulu kiyili nina kibaka. Nimi.\tI thought you would have caught fish here. Lots.\n26\tNgirrwi rranja kiyiyu.\tHe said to her:\n27\tKimwi yiba nina kibaka bikijuku, wunjunumibanya, waynaki.\tI saw fish swimming here in the water yesterday.\n28\tWariyna nginja winjunimwi binjumungirru minjirri.\tThey are not hungry for meat right now.\n29\tYirumwu nginjabiyni wanjuliki.\tThey are hiding in the water-grass.\n30\tDimubanya winyu wanji nikyi, wariyna ninabirru.\tThey both returned home, without any fish.\n31\tWinjunimuku wanji nikyi dimubanya, nunyungi, wanyanyu.\tThey both return home hungry \u2013 the woman (and) the man.",
    "questions": "[{\"question_n\": \"Q 9.1\", \"prompt\": \"Translate these Language X sentences into English. If multiple translations are possible, give only one.\", \"subprompts\": [{\"questionpart_n\": \"a.\", \"question\": \"Mayna yiba dimuku.\", \"answer\": \"[\\\"I am sitting in the camp.\\\", \\\"I\\u2019m sitting in the camp.\\\"]\", \"matches_human_scoring\": false, \"fuzzy_matching\": false, \"manual_edit\": false}, {\"questionpart_n\": \"b.\", \"question\": \"Mibunimwi winyu wanji kingu wanyanyu.\", \"answer\": \"[\\\"Then they both ask this man.\\\", \\\"Then they both ask this man.\\\", \\\"They then both ask this man.\\\", \\\"They then both ask this man.\\\", \\\"They both ask this man then.\\\", \\\"They both ask this man then.\\\"]\", \"matches_human_scoring\": false, \"fuzzy_matching\": false, \"manual_edit\": false}, {\"questionpart_n\": \"c.\", \"question\": \"Wariyna yiba winjunimwi minjirri.\", \"answer\": \"[\\\"Now I am not hungry.\\\", \\\"Now I'm not hungry.\\\", \\\"Right now I am not hungry.\\\", \\\"Right now I'm not hungry.\\\",  \\\"I am now not hungry.\\\", \\\"I'm now not hungry.\\\", \\\"I am right now not hungry.\\\", \\\"I'm right now not hungry.\\\", \\\"I am not now hungry.\\\", \\\"I'm not now hungry.\\\", \\\"I am not right now hungry.\\\", \\\"I'm not right now hungry.\\\",  \\\"I am not hungry now.\\\", \\\"I'm not hungry now.\\\", \\\"I am not hungry right now.\\\", \\\"I'm not hungry right now.\\\"]\", \"matches_human_scoring\": false, \"fuzzy_matching\": false, \"manual_edit\": false}]}, {\"question_n\": \"Q 9.2\", \"prompt\": \"Translate these English sentences into Language X. If you believe multiple translations are possible, give only one.\", \"subprompts\": [{\"questionpart_n\": \"d.\", \"question\": \"The man and the woman are sitting here.\", \"answer\": \"Mayna wanji kibaka wanyanyu nunyungi.\", \"matches_human_scoring\": false, \"fuzzy_matching\": false, \"manual_edit\": true}, {\"questionpart_n\": \"e.\", \"question\": \"That woman eats fish.\", \"answer\": \"Minywi rranja kikiyniku nunyungii nina.\", \"matches_human_scoring\": false, \"fuzzy_matching\": false, \"manual_edit\": true}, {\"questionpart_n\": \"f.\", \"question\": \"This man cooks that meat standing under a tree.\", \"answer\": \"Riwinyiwi rranja kiki binjumu kiyniku wanyanyuu ninyuliki nakriki.\", \"matches_human_scoring\": false, \"fuzzy_matching\": false, \"manual_edit\": true}]}]",
    "obfuscated": "True",
    "obf_num": "14",
    "mapping": {
        "b": "w",
        "d": "r",
        "j": "m",
        "k": "n",
        "rr": "ny",
        "l": "nj",
        "y": "ng",
        "w": "b",
        "r": "d",
        "m": "j",
        "n": "k",
        "ny": "rr",
        "nj": "l",
        "ng": "y",
        "a": "i",
        "i": "u",
        "u": "a",
        "-": "-"
    }
}