{
    "json_invalid": false,
    "preamble": "Language X (25 marks)\n  ",
    "context": "Below is a transcribed and translated story told by a Language X speaker.\n\n1\tBudamu riji badaku nyudurriwi.\tThe woman is standing in the house.\n2\tNginbi riji nyidida biwnjuwu.\tThe man is sitting under a tree.\n3\tNginbi nyiju wurriwi lungawa.\tThey are here in the camp.\n4\tNjunyudunyu riji rrujanga, wunbuwa nyididaa.\tThis man is cooking meat.\n5\tNyujabungnyu riji, rrujangakura, wuwu badaku.\tShe is hungry for meat, that woman.\n6\tWuka nyidida, jujingnyi riji.\tThis man, he gets up.\n7\tBuwinbi nyuda riji ngajunyu badakurridi.\tHe then goes up to the woman.\n8\tRrangnya nyuda riji badaku rrujangakura ngunbulurakura, budamurridi.\tThen he gives some cooked meat to the woman who\u2019s standing.\n9\tWuwunbuwa badakuu, wunumu nyuda riji yuwaa wuwu rrujanga nyididawumu.\tThat woman, she then takes that meat with her hand from the man.\n10\tNgudnyu nyuda riji, nyujabungawa, wuwunbuwa badakuu, wuwu rrujanga, budamuwu wuwurriwi nyudurriwi.\tThen that woman hungrily eats that meat, standing there in the house.\n11\tNgurrabungnyu nyuda riji nyidida: Wama, rrura wama ngudnyu?\tShe then asks the man. What are you eating?\n12\tNyinjunbi nurri ngudnyu ngujuru.\tI\u2019m not eating now.\n13\tNgajubura nurri bubirrura wunumuura. Bulinyi-kurnyu nurri.\tI\u2019ll go and catch some fish. I\u2019m going fishing.\n14\tRrimibi wama ngajunyu?\tWhere are you going?\n15\tBijudu nurri ngajunyu, wuwunbidi yuwunburridi.\tI\u2019m going south, to that river.\n16\tNunyinunyi, yujanganya riji badakuu, nyumuwu riji ngajunyu.\tLate afternoon, the woman followed him, she went after.\n17\tWungnyu nyuda riji, nyidida, nginbirridi, bulinyi-kurbidi.\tThen she saw the man sitting fishing.\n18\tYuwunbuwu riji nginbi, wuwu nyidida.\tThat man was sitting by the river.\n19\tWungnyu riji badaku, buwinbirridi.\tHe saw the woman approaching.\n20\tBurru! Ngajuma wunbidi.\tCome! Come here!\n21\tNgurrabungnyu riji nyidida buwinbiwi.\tShe asked the man as she approached.\n22\tBubi wama wunumu?\tHave you caught any fish?\n23\tNyinjunbi nurri bubirrura.\tI\u2019ve got no fish.\n24\tNyinjunbi wuka bubirrura.\tThere\u2019s no fish here.\n25\tNuyiki-baku wama wunumu bubi wurriwi. Bungu.\tI thought you would have caught fish here. Lots.\n26\tKurnyu riji wununa.\tHe said to her:\n27\tWungnyu nurri bubi wurriwi rruwuyawa, nyajabangurridi, nyinbiwu.\tI saw fish swimming here in the water yesterday.\n28\tNyinjunbi kuji nyujabungnyu rrujangakura ngujuru.\tThey are not hungry for meat right now.\n29\tNunjangnya kujirrunbu nyijamuwu.\tThey are hiding in the water-grass.\n30\tLungarridi nyuda nyiju buwnu, nyinjunbi bubirrura.\tThey both returned home, without any fish.\n31\tNyujabungawa nyiju buwnu lungarridi, badaku, nyidida.\tThey both return home hungry \u2013 the woman (and) the man.",
    "questions": "[{\"question_n\": \"Q 9.1\", \"prompt\": \"Translate these Language X sentences into English. If multiple translations are possible, give only one.\", \"subprompts\": [{\"questionpart_n\": \"a.\", \"question\": \"Nginbi nurri lungawa.\", \"answer\": \"[\\\"I am sitting in the camp.\\\", \\\"I\\u2019m sitting in the camp.\\\"]\", \"matches_human_scoring\": false, \"fuzzy_matching\": false, \"manual_edit\": false}, {\"questionpart_n\": \"b.\", \"question\": \"Ngurrabungnyu nyuda nyiju wuka nyidida.\", \"answer\": \"[\\\"Then they both ask this man.\\\", \\\"Then they both ask this man.\\\", \\\"They then both ask this man.\\\", \\\"They then both ask this man.\\\", \\\"They both ask this man then.\\\", \\\"They both ask this man then.\\\"]\", \"matches_human_scoring\": false, \"fuzzy_matching\": false, \"manual_edit\": false}, {\"questionpart_n\": \"c.\", \"question\": \"Nyinjunbi nurri nyujabungnyu ngujuru.\", \"answer\": \"[\\\"Now I am not hungry.\\\", \\\"Now I'm not hungry.\\\", \\\"Right now I am not hungry.\\\", \\\"Right now I'm not hungry.\\\",  \\\"I am now not hungry.\\\", \\\"I'm now not hungry.\\\", \\\"I am right now not hungry.\\\", \\\"I'm right now not hungry.\\\", \\\"I am not now hungry.\\\", \\\"I'm not now hungry.\\\", \\\"I am not right now hungry.\\\", \\\"I'm not right now hungry.\\\",  \\\"I am not hungry now.\\\", \\\"I'm not hungry now.\\\", \\\"I am not hungry right now.\\\", \\\"I'm not hungry right now.\\\"]\", \"matches_human_scoring\": false, \"fuzzy_matching\": false, \"manual_edit\": false}]}, {\"question_n\": \"Q 9.2\", \"prompt\": \"Translate these English sentences into Language X. If you believe multiple translations are possible, give only one.\", \"subprompts\": [{\"questionpart_n\": \"d.\", \"question\": \"The man and the woman are sitting here.\", \"answer\": \"Nginbi nyiju wurriwi nyidida badaku.\", \"matches_human_scoring\": false, \"fuzzy_matching\": false, \"manual_edit\": true}, {\"questionpart_n\": \"e.\", \"question\": \"That woman eats fish.\", \"answer\": \"Ngudnyu riji wuwunbuwa badakuu bubi.\", \"matches_human_scoring\": false, \"fuzzy_matching\": false, \"manual_edit\": true}, {\"questionpart_n\": \"f.\", \"question\": \"This man cooks that meat standing under a tree.\", \"answer\": \"Njunyudunyu riji wuwu rrujanga wunbuwa nyididaa budamuwu biwnjuwu.\", \"matches_human_scoring\": false, \"fuzzy_matching\": false, \"manual_edit\": true}]}]",
    "obfuscated": "True",
    "obf_num": "15",
    "mapping": {
        "b": "ny",
        "d": "nj",
        "j": "ng",
        "k": "b",
        "rr": "d",
        "l": "j",
        "y": "k",
        "w": "rr",
        "r": "l",
        "m": "y",
        "n": "w",
        "ny": "r",
        "nj": "m",
        "ng": "n",
        "a": "u",
        "i": "a",
        "u": "i",
        "-": "-"
    }
}