{
    "json_invalid": false,
    "preamble": "Language X (10 marks)\nLanguage X is a dead language,   which was usually written in a special script (which we will replace by our familiar Roman letters, using \u0101 and \u012b for long vowels and without capital letters or punctuation).\n\n\n",
    "context": "Here are some expressions in Language X with their English translations:\n\n\tLanguage X\tEnglish Translation\n1.\t tunatuhhe va\u0304giluha\u0304\tThe minister sits down.\n2.\t tunatuhhut ocugutrutuvha\u0304\tThey visit the minister.\n3.\t gutuve huhnamuhe neha\u0304\tThe philosopher is enlightened.\n4.\t gutuvi\u0304 uhhnut cokknuvha\u0304\tThey ask the philosophers the meaning.\n5.\t ocagure cokknuha\u0304\tThe disciple asks.\n6.\t sere tunatuhhuggu\tthe minister\u2019s world\n\n\nUse the following extra vocabulary: dape \u2018king\u2019, li\u0304je \u2018god\u2019, mate \u2018village\u2019\n",
    "questions": "[{\"question_n\": \"Q 3.1\", \"prompt\": \"Translate the following into English:\", \"subprompts\": [{\"questionpart_n\": \"a.\", \"question\": \"dape va\u0304giluha\u0304\", \"answer\": \"The king sits down.\", \"matches_human_scoring\": false, \"fuzzy_matching\": false, \"manual_edit\": false}, {\"questionpart_n\": \"b.\", \"question\": \"dape matuggu li\u0304je neha\u0304\", \"answer\": \"[\\\"The village\\u2019s king is a god.\\\", \\\"The village\\u2019s king is the god.\\\", \\\"The king of the village is a god.\\\", \\\"The king of the village is the god.\\\"]\", \"matches_human_scoring\": false, \"fuzzy_matching\": false, \"manual_edit\": false}]}, {\"question_n\": \"Q 3.2\", \"prompt\": \"Translate the following into Language X:\", \"subprompts\": [{\"questionpart_n\": \"a.\", \"question\": \"The minister asks the philosophers.\", \"answer\": \"tunatuhhe gutuvi\u0304 cokknuha\u0304\", \"matches_human_scoring\": false, \"fuzzy_matching\": false, \"manual_edit\": false}, {\"questionpart_n\": \"b.\", \"question\": \"The philosopher sits down.\", \"answer\": \"gutuve va\u0304giluha\u0304\", \"matches_human_scoring\": false, \"fuzzy_matching\": false, \"manual_edit\": false}, {\"questionpart_n\": \"c.\", \"question\": \"They sit down.\", \"answer\": \"va\u0304giluvha\u0304\", \"matches_human_scoring\": false, \"fuzzy_matching\": false, \"manual_edit\": false}, {\"questionpart_n\": \"d.\", \"question\": \"The minister asks the kings.\", \"answer\": \"tunatuhhe dapi\u0304 cokknuha\u0304\", \"matches_human_scoring\": false, \"fuzzy_matching\": false, \"manual_edit\": false}, {\"questionpart_n\": \"e.\", \"question\": \"the disciple\\u2019s village\", \"answer\": \"mate ocaguruggu\", \"matches_human_scoring\": false, \"fuzzy_matching\": false, \"manual_edit\": false}, {\"questionpart_n\": \"f.\", \"question\": \"The meaning of the world is god.\", \"answer\": \"uhhne seruggu li\u0304je neha\u0304\", \"matches_human_scoring\": false, \"fuzzy_matching\": false, \"manual_edit\": false}]}]",
    "obfuscated": "True",
    "obf_num": "8",
    "mapping": {
        "c": "k",
        "d": "l",
        "g": "m",
        "h": "n",
        "j": "p",
        "k": "r",
        "l": "s",
        "m": "t",
        "n": "v",
        "p": "c",
        "r": "d",
        "s": "g",
        "t": "h",
        "v": "j",
        "a": "u",
        "a\u0304": "a",
        "i": "a\u0304",
        "i\u0304": "i",
        "e": "i\u0304",
        "o": "e",
        "u": "o"
    }
}