{
    "json_invalid": false,
    "preamble": "Language X (10 marks)\nLanguage X is a dead language,   which was usually written in a special script (which we will replace by our familiar Roman letters, using \u0101 and \u012b for long vowels and without capital letters or punctuation).\n\n\n",
    "context": "Here are some expressions in Language X with their English translations:\n\n\tLanguage X\tEnglish Translation\n1.\t hi\u0304vehi\u0304nna\u0304 jomusi\u0304no\tThe minister sits down.\n2.\t hi\u0304vehi\u0304nni\u0304h iki\u0304mi\u0304hdi\u0304hi\u0304jno\tThey visit the minister.\n3.\t mi\u0304hi\u0304ja\u0304 ni\u0304nveti\u0304na\u0304 va\u0304no\tThe philosopher is enlightened.\n4.\t mi\u0304hi\u0304ja i\u0304nnvi\u0304h kirrvi\u0304jno\tThey ask the philosophers the meaning.\n5.\t ikemi\u0304da\u0304 kirrvi\u0304no\tThe disciple asks.\n6.\t ga\u0304da\u0304 hi\u0304vehi\u0304nni\u0304mmi\u0304\tthe minister\u2019s world\n\n\nUse the following extra vocabulary: leca\u0304 \u2018king\u2019, sapa\u0304 \u2018god\u2019, teha\u0304 \u2018village\u2019\n",
    "questions": "[{\"question_n\": \"Q 3.1\", \"prompt\": \"Translate the following into English:\", \"subprompts\": [{\"questionpart_n\": \"a.\", \"question\": \"leca\u0304 jomusi\u0304no\", \"answer\": \"The king sits down.\", \"matches_human_scoring\": false, \"fuzzy_matching\": false, \"manual_edit\": false}, {\"questionpart_n\": \"b.\", \"question\": \"leca\u0304 tehi\u0304mmi\u0304 sapa\u0304 va\u0304no\", \"answer\": \"[\\\"The village\\u2019s king is a god.\\\", \\\"The village\\u2019s king is the god.\\\", \\\"The king of the village is a god.\\\", \\\"The king of the village is the god.\\\"]\", \"matches_human_scoring\": false, \"fuzzy_matching\": false, \"manual_edit\": false}]}, {\"question_n\": \"Q 3.2\", \"prompt\": \"Translate the following into Language X:\", \"subprompts\": [{\"questionpart_n\": \"a.\", \"question\": \"The minister asks the philosophers.\", \"answer\": \"hi\u0304vehi\u0304nna\u0304 mi\u0304hi\u0304ja kirrvi\u0304no\", \"matches_human_scoring\": false, \"fuzzy_matching\": false, \"manual_edit\": false}, {\"questionpart_n\": \"b.\", \"question\": \"The philosopher sits down.\", \"answer\": \"mi\u0304hi\u0304ja\u0304 jomusi\u0304no\", \"matches_human_scoring\": false, \"fuzzy_matching\": false, \"manual_edit\": false}, {\"questionpart_n\": \"c.\", \"question\": \"They sit down.\", \"answer\": \"jomusi\u0304jno\", \"matches_human_scoring\": false, \"fuzzy_matching\": false, \"manual_edit\": false}, {\"questionpart_n\": \"d.\", \"question\": \"The minister asks the kings.\", \"answer\": \"hi\u0304vehi\u0304nna\u0304 leca kirrvi\u0304no\", \"matches_human_scoring\": false, \"fuzzy_matching\": false, \"manual_edit\": false}, {\"questionpart_n\": \"e.\", \"question\": \"the disciple\\u2019s village\", \"answer\": \"teha\u0304 ikemi\u0304di\u0304mmi\u0304\", \"matches_human_scoring\": false, \"fuzzy_matching\": false, \"manual_edit\": false}, {\"questionpart_n\": \"f.\", \"question\": \"The meaning of the world is god.\", \"answer\": \"i\u0304nnva\u0304 ga\u0304di\u0304mmi\u0304 sapa\u0304 va\u0304no\", \"matches_human_scoring\": false, \"fuzzy_matching\": false, \"manual_edit\": false}]}]",
    "obfuscated": "True",
    "obf_num": "5",
    "mapping": {
        "c": "r",
        "d": "s",
        "g": "t",
        "h": "v",
        "j": "c",
        "k": "d",
        "l": "g",
        "m": "h",
        "n": "j",
        "p": "k",
        "r": "l",
        "s": "m",
        "t": "n",
        "v": "p",
        "a": "i\u0304",
        "a\u0304": "e",
        "i": "o",
        "i\u0304": "u",
        "e": "a",
        "o": "a\u0304",
        "u": "i"
    }
}