{
    "json_invalid": false,
    "preamble": "Language X (10 marks)\nLanguage X is a dead language,   which was usually written in a special script (which we will replace by our familiar Roman letters, using \u0101 and \u012b for long vowels and without capital letters or punctuation).\n\n\n",
    "context": "Here are some expressions in Language X with their English translations:\n\n\tLanguage X\tEnglish Translation\n1.\t jecojeppi kunatepu\tThe minister sits down.\n2.\t jecojeppej i\u0304lenejgejekpu\tThey visit the minister.\n3.\t nejeki pepcovepi cipu\tThe philosopher is enlightened.\n4.\t nejeka\u0304 eppcej li\u0304sscekpu\tThey ask the philosophers the meaning.\n5.\t i\u0304lonegi li\u0304sscepu\tThe disciple asks.\n6.\t higi jecojeppenne\tthe minister\u2019s world\n\n\nUse the following extra vocabulary: modi \u2018king\u2019, ta\u0304ri \u2018god\u2019, voji \u2018village\u2019\n",
    "questions": "[{\"question_n\": \"Q 3.1\", \"prompt\": \"Translate the following into English:\", \"subprompts\": [{\"questionpart_n\": \"a.\", \"question\": \"modi kunatepu\", \"answer\": \"The king sits down.\", \"matches_human_scoring\": false, \"fuzzy_matching\": false, \"manual_edit\": false}, {\"questionpart_n\": \"b.\", \"question\": \"modi vojenne ta\u0304ri cipu\", \"answer\": \"[\\\"The village\\u2019s king is a god.\\\", \\\"The village\\u2019s king is the god.\\\", \\\"The king of the village is a god.\\\", \\\"The king of the village is the god.\\\"]\", \"matches_human_scoring\": false, \"fuzzy_matching\": false, \"manual_edit\": false}]}, {\"question_n\": \"Q 3.2\", \"prompt\": \"Translate the following into Language X:\", \"subprompts\": [{\"questionpart_n\": \"a.\", \"question\": \"The minister asks the philosophers.\", \"answer\": \"jecojeppi nejeka\u0304 li\u0304sscepu\", \"matches_human_scoring\": false, \"fuzzy_matching\": false, \"manual_edit\": false}, {\"questionpart_n\": \"b.\", \"question\": \"The philosopher sits down.\", \"answer\": \"nejeki kunatepu\", \"matches_human_scoring\": false, \"fuzzy_matching\": false, \"manual_edit\": false}, {\"questionpart_n\": \"c.\", \"question\": \"They sit down.\", \"answer\": \"kunatekpu\", \"matches_human_scoring\": false, \"fuzzy_matching\": false, \"manual_edit\": false}, {\"questionpart_n\": \"d.\", \"question\": \"The minister asks the kings.\", \"answer\": \"jecojeppi moda\u0304 li\u0304sscepu\", \"matches_human_scoring\": false, \"fuzzy_matching\": false, \"manual_edit\": false}, {\"questionpart_n\": \"e.\", \"question\": \"the disciple\\u2019s village\", \"answer\": \"voji i\u0304lonegenne\", \"matches_human_scoring\": false, \"fuzzy_matching\": false, \"manual_edit\": false}, {\"questionpart_n\": \"f.\", \"question\": \"The meaning of the world is god.\", \"answer\": \"eppci higenne ta\u0304ri cipu\", \"matches_human_scoring\": false, \"fuzzy_matching\": false, \"manual_edit\": false}]}]",
    "obfuscated": "True",
    "obf_num": "28",
    "mapping": {
        "c": "s",
        "d": "t",
        "g": "v",
        "h": "c",
        "j": "d",
        "k": "g",
        "l": "h",
        "m": "j",
        "n": "k",
        "p": "l",
        "r": "m",
        "s": "n",
        "t": "p",
        "v": "r",
        "a": "e",
        "a\u0304": "o",
        "i": "u",
        "i\u0304": "a",
        "e": "a\u0304",
        "o": "i",
        "u": "i\u0304"
    }
}