{
    "json_invalid": false,
    "preamble": "Language X (10 marks)\nLanguage X is a dead language,   which was usually written in a special script (which we will replace by our familiar Roman letters, using \u0101 and \u012b for long vowels and without capital letters or punctuation).\n\n\n",
    "context": "Here are some expressions in Language X with their English translations:\n\n\tLanguage X\tEnglish Translation\n1.\t tini\u0304tihha vegolihe\tThe minister sits down.\n2.\t tini\u0304tihhit a\u0304cigitritivhe\tThey visit the minister.\n3.\t gitiva hihni\u0304miha nahe\tThe philosopher is enlightened.\n4.\t gitivu ihhnit ca\u0304kknivhe\tThey ask the philosophers the meaning.\n5.\t a\u0304ci\u0304gira ca\u0304kknihe\tThe disciple asks.\n6.\t sara tini\u0304tihhiggi\tthe minister\u2019s world\n\n\nUse the following extra vocabulary: di\u0304pa \u2018king\u2019, luja \u2018god\u2019, mi\u0304ta \u2018village\u2019\n",
    "questions": "[{\"question_n\": \"Q 3.1\", \"prompt\": \"Translate the following into English:\", \"subprompts\": [{\"questionpart_n\": \"a.\", \"question\": \"di\u0304pa vegolihe\", \"answer\": \"The king sits down.\", \"matches_human_scoring\": false, \"fuzzy_matching\": false, \"manual_edit\": false}, {\"questionpart_n\": \"b.\", \"question\": \"di\u0304pa mi\u0304tiggi luja nahe\", \"answer\": \"[\\\"The village\\u2019s king is a god.\\\", \\\"The village\\u2019s king is the god.\\\", \\\"The king of the village is a god.\\\", \\\"The king of the village is the god.\\\"]\", \"matches_human_scoring\": false, \"fuzzy_matching\": false, \"manual_edit\": false}]}, {\"question_n\": \"Q 3.2\", \"prompt\": \"Translate the following into Language X:\", \"subprompts\": [{\"questionpart_n\": \"a.\", \"question\": \"The minister asks the philosophers.\", \"answer\": \"tini\u0304tihha gitivu ca\u0304kknihe\", \"matches_human_scoring\": false, \"fuzzy_matching\": false, \"manual_edit\": false}, {\"questionpart_n\": \"b.\", \"question\": \"The philosopher sits down.\", \"answer\": \"gitiva vegolihe\", \"matches_human_scoring\": false, \"fuzzy_matching\": false, \"manual_edit\": false}, {\"questionpart_n\": \"c.\", \"question\": \"They sit down.\", \"answer\": \"vegolivhe\", \"matches_human_scoring\": false, \"fuzzy_matching\": false, \"manual_edit\": false}, {\"questionpart_n\": \"d.\", \"question\": \"The minister asks the kings.\", \"answer\": \"tini\u0304tihha di\u0304pu ca\u0304kknihe\", \"matches_human_scoring\": false, \"fuzzy_matching\": false, \"manual_edit\": false}, {\"questionpart_n\": \"e.\", \"question\": \"the disciple\\u2019s village\", \"answer\": \"mi\u0304ta a\u0304ci\u0304giriggi\", \"matches_human_scoring\": false, \"fuzzy_matching\": false, \"manual_edit\": false}, {\"questionpart_n\": \"f.\", \"question\": \"The meaning of the world is god.\", \"answer\": \"ihhna sariggi luja nahe\", \"matches_human_scoring\": false, \"fuzzy_matching\": false, \"manual_edit\": false}]}]",
    "obfuscated": "True",
    "obf_num": "4",
    "mapping": {
        "c": "k",
        "d": "l",
        "g": "m",
        "h": "n",
        "j": "p",
        "k": "r",
        "l": "s",
        "m": "t",
        "n": "v",
        "p": "c",
        "r": "d",
        "s": "g",
        "t": "h",
        "v": "j",
        "a": "i",
        "a\u0304": "i\u0304",
        "i": "e",
        "i\u0304": "o",
        "e": "u",
        "o": "a",
        "u": "a\u0304"
    }
}