{
    "json_invalid": false,
    "preamble": "Language X (10 marks)\nLanguage X is a dead language,   which was usually written in a special script (which we will replace by our familiar Roman letters, using \u0101 and \u012b for long vowels and without capital letters or punctuation).\n\n\n",
    "context": "Here are some expressions in Language X with their English translations:\n\n\tLanguage X\tEnglish Translation\n1.\t kudakurre la\u0304pivura\u0304\tThe minister sits down.\n2.\t kudakurruk omupukhukulra\u0304\tThey visit the minister.\n3.\t pukule rurdacure dera\u0304\tThe philosopher is enlightened.\n4.\t pukuli\u0304 urrduk mottdulra\u0304\tThey ask the philosophers the meaning.\n5.\t omapuhe mottdura\u0304\tThe disciple asks.\n6.\t jehe kudakurruppu\tthe minister\u2019s world\n\n\nUse the following extra vocabulary: nage \u2018king\u2019, vi\u0304se \u2018god\u2019, cake \u2018village\u2019\n",
    "questions": "[{\"question_n\": \"Q 3.1\", \"prompt\": \"Translate the following into English:\", \"subprompts\": [{\"questionpart_n\": \"a.\", \"question\": \"nage la\u0304pivura\u0304\", \"answer\": \"The king sits down.\", \"matches_human_scoring\": false, \"fuzzy_matching\": false, \"manual_edit\": false}, {\"questionpart_n\": \"b.\", \"question\": \"nage cakuppu vi\u0304se dera\u0304\", \"answer\": \"[\\\"The village\\u2019s king is a god.\\\", \\\"The village\\u2019s king is the god.\\\", \\\"The king of the village is a god.\\\", \\\"The king of the village is the god.\\\"]\", \"matches_human_scoring\": false, \"fuzzy_matching\": false, \"manual_edit\": false}]}, {\"question_n\": \"Q 3.2\", \"prompt\": \"Translate the following into Language X:\", \"subprompts\": [{\"questionpart_n\": \"a.\", \"question\": \"The minister asks the philosophers.\", \"answer\": \"kudakurre pukuli\u0304 mottdura\u0304\", \"matches_human_scoring\": false, \"fuzzy_matching\": false, \"manual_edit\": false}, {\"questionpart_n\": \"b.\", \"question\": \"The philosopher sits down.\", \"answer\": \"pukule la\u0304pivura\u0304\", \"matches_human_scoring\": false, \"fuzzy_matching\": false, \"manual_edit\": false}, {\"questionpart_n\": \"c.\", \"question\": \"They sit down.\", \"answer\": \"la\u0304pivulra\u0304\", \"matches_human_scoring\": false, \"fuzzy_matching\": false, \"manual_edit\": false}, {\"questionpart_n\": \"d.\", \"question\": \"The minister asks the kings.\", \"answer\": \"kudakurre nagi\u0304 mottdura\u0304\", \"matches_human_scoring\": false, \"fuzzy_matching\": false, \"manual_edit\": false}, {\"questionpart_n\": \"e.\", \"question\": \"the disciple\\u2019s village\", \"answer\": \"cake omapuhuppu\", \"matches_human_scoring\": false, \"fuzzy_matching\": false, \"manual_edit\": false}, {\"questionpart_n\": \"f.\", \"question\": \"The meaning of the world is god.\", \"answer\": \"urrde jehuppu vi\u0304se dera\u0304\", \"matches_human_scoring\": false, \"fuzzy_matching\": false, \"manual_edit\": false}]}]",
    "obfuscated": "True",
    "obf_num": "9",
    "mapping": {
        "c": "t",
        "d": "v",
        "g": "c",
        "h": "d",
        "j": "g",
        "k": "h",
        "l": "j",
        "m": "k",
        "n": "l",
        "p": "m",
        "r": "n",
        "s": "p",
        "t": "r",
        "v": "s",
        "a": "u",
        "a\u0304": "a",
        "i": "a\u0304",
        "i\u0304": "i",
        "e": "i\u0304",
        "o": "e",
        "u": "o"
    }
}