{
    "json_invalid": false,
    "preamble": "Language X (10 marks)\nLanguage X is a dead language,   which was usually written in a special script (which we will replace by our familiar Roman letters, using \u0101 and \u012b for long vowels and without capital letters or punctuation).\n\n\n",
    "context": "Here are some expressions in Language X with their English translations:\n\n\tLanguage X\tEnglish Translation\n1.\t pi\u0304kepi\u0304cca\u0304 rovuhi\u0304co\tThe minister sits down.\n2.\t pi\u0304kepi\u0304cci\u0304p isi\u0304vi\u0304pmi\u0304pi\u0304rco\tThey visit the minister.\n3.\t vi\u0304pi\u0304ra\u0304 ci\u0304ckeji\u0304ca\u0304 ka\u0304co\tThe philosopher is enlightened.\n4.\t vi\u0304pi\u0304ra i\u0304ccki\u0304p siggki\u0304rco\tThey ask the philosophers the meaning.\n5.\t isevi\u0304ma\u0304 siggki\u0304co\tThe disciple asks.\n6.\t na\u0304ma\u0304 pi\u0304kepi\u0304cci\u0304vvi\u0304\tthe minister\u2019s world\n\n\nUse the following extra vocabulary: tela\u0304 \u2018king\u2019, hada\u0304 \u2018god\u2019, jepa\u0304 \u2018village\u2019\n",
    "questions": "[{\"question_n\": \"Q 3.1\", \"prompt\": \"Translate the following into English:\", \"subprompts\": [{\"questionpart_n\": \"a.\", \"question\": \"tela\u0304 rovuhi\u0304co\", \"answer\": \"The king sits down.\", \"matches_human_scoring\": false, \"fuzzy_matching\": false, \"manual_edit\": false}, {\"questionpart_n\": \"b.\", \"question\": \"tela\u0304 jepi\u0304vvi\u0304 hada\u0304 ka\u0304co\", \"answer\": \"[\\\"The village\\u2019s king is a god.\\\", \\\"The village\\u2019s king is the god.\\\", \\\"The king of the village is a god.\\\", \\\"The king of the village is the god.\\\"]\", \"matches_human_scoring\": false, \"fuzzy_matching\": false, \"manual_edit\": false}]}, {\"question_n\": \"Q 3.2\", \"prompt\": \"Translate the following into Language X:\", \"subprompts\": [{\"questionpart_n\": \"a.\", \"question\": \"The minister asks the philosophers.\", \"answer\": \"pi\u0304kepi\u0304cca\u0304 vi\u0304pi\u0304ra siggki\u0304co\", \"matches_human_scoring\": false, \"fuzzy_matching\": false, \"manual_edit\": false}, {\"questionpart_n\": \"b.\", \"question\": \"The philosopher sits down.\", \"answer\": \"vi\u0304pi\u0304ra\u0304 rovuhi\u0304co\", \"matches_human_scoring\": false, \"fuzzy_matching\": false, \"manual_edit\": false}, {\"questionpart_n\": \"c.\", \"question\": \"They sit down.\", \"answer\": \"rovuhi\u0304rco\", \"matches_human_scoring\": false, \"fuzzy_matching\": false, \"manual_edit\": false}, {\"questionpart_n\": \"d.\", \"question\": \"The minister asks the kings.\", \"answer\": \"pi\u0304kepi\u0304cca\u0304 tela siggki\u0304co\", \"matches_human_scoring\": false, \"fuzzy_matching\": false, \"manual_edit\": false}, {\"questionpart_n\": \"e.\", \"question\": \"the disciple\\u2019s village\", \"answer\": \"jepa\u0304 isevi\u0304mi\u0304vvi\u0304\", \"matches_human_scoring\": false, \"fuzzy_matching\": false, \"manual_edit\": false}, {\"questionpart_n\": \"f.\", \"question\": \"The meaning of the world is god.\", \"answer\": \"i\u0304ccka\u0304 na\u0304mi\u0304vvi\u0304 hada\u0304 ka\u0304co\", \"matches_human_scoring\": false, \"fuzzy_matching\": false, \"manual_edit\": false}]}]",
    "obfuscated": "True",
    "obf_num": "13",
    "mapping": {
        "c": "g",
        "d": "h",
        "g": "j",
        "h": "k",
        "j": "l",
        "k": "m",
        "l": "n",
        "m": "p",
        "n": "r",
        "p": "s",
        "r": "t",
        "s": "v",
        "t": "c",
        "v": "d",
        "a": "i\u0304",
        "a\u0304": "e",
        "i": "o",
        "i\u0304": "u",
        "e": "a",
        "o": "a\u0304",
        "u": "i"
    }
}