{
    "json_invalid": false,
    "preamble": "Language X (10 marks)\nLanguage X is a dead language,   which was usually written in a special script (which we will replace by our familiar Roman letters, using \u0101 and \u012b for long vowels and without capital letters or punctuation).\n\n\n",
    "context": "Here are some expressions in Language X with their English translations:\n\n\tLanguage X\tEnglish Translation\n1.\t roluroddi\u0304 saca\u0304joda\tThe minister sits down.\n2.\t roluroddor etocornorosda\tThey visit the minister.\n3.\t corosi\u0304 dodlukodi\u0304 li\u0304da\tThe philosopher is enlightened.\n4.\t corosi oddlor tehhlosda\tThey ask the philosophers the meaning.\n5.\t etuconi\u0304 tehhloda\tThe disciple asks.\n6.\t pi\u0304ni\u0304 roluroddocco\tthe minister\u2019s world\n\n\nUse the following extra vocabulary: vumi\u0304 \u2018king\u2019, jigi\u0304 \u2018god\u2019, kuri\u0304 \u2018village\u2019\n",
    "questions": "[{\"question_n\": \"Q 3.1\", \"prompt\": \"Translate the following into English:\", \"subprompts\": [{\"questionpart_n\": \"a.\", \"question\": \"vumi\u0304 saca\u0304joda\", \"answer\": \"The king sits down.\", \"matches_human_scoring\": false, \"fuzzy_matching\": false, \"manual_edit\": false}, {\"questionpart_n\": \"b.\", \"question\": \"vumi\u0304 kurocco jigi\u0304 li\u0304da\", \"answer\": \"[\\\"The village\\u2019s king is a god.\\\", \\\"The village\\u2019s king is the god.\\\", \\\"The king of the village is a god.\\\", \\\"The king of the village is the god.\\\"]\", \"matches_human_scoring\": false, \"fuzzy_matching\": false, \"manual_edit\": false}]}, {\"question_n\": \"Q 3.2\", \"prompt\": \"Translate the following into Language X:\", \"subprompts\": [{\"questionpart_n\": \"a.\", \"question\": \"The minister asks the philosophers.\", \"answer\": \"roluroddi\u0304 corosi tehhloda\", \"matches_human_scoring\": false, \"fuzzy_matching\": false, \"manual_edit\": false}, {\"questionpart_n\": \"b.\", \"question\": \"The philosopher sits down.\", \"answer\": \"corosi\u0304 saca\u0304joda\", \"matches_human_scoring\": false, \"fuzzy_matching\": false, \"manual_edit\": false}, {\"questionpart_n\": \"c.\", \"question\": \"They sit down.\", \"answer\": \"saca\u0304josda\", \"matches_human_scoring\": false, \"fuzzy_matching\": false, \"manual_edit\": false}, {\"questionpart_n\": \"d.\", \"question\": \"The minister asks the kings.\", \"answer\": \"roluroddi\u0304 vumi tehhloda\", \"matches_human_scoring\": false, \"fuzzy_matching\": false, \"manual_edit\": false}, {\"questionpart_n\": \"e.\", \"question\": \"the disciple\\u2019s village\", \"answer\": \"kuri\u0304 etuconocco\", \"matches_human_scoring\": false, \"fuzzy_matching\": false, \"manual_edit\": false}, {\"questionpart_n\": \"f.\", \"question\": \"The meaning of the world is god.\", \"answer\": \"oddli\u0304 pi\u0304nocco jigi\u0304 li\u0304da\", \"matches_human_scoring\": false, \"fuzzy_matching\": false, \"manual_edit\": false}]}]",
    "obfuscated": "True",
    "obf_num": "29",
    "mapping": {
        "c": "h",
        "d": "j",
        "g": "k",
        "h": "l",
        "j": "m",
        "k": "n",
        "l": "p",
        "m": "r",
        "n": "s",
        "p": "t",
        "r": "v",
        "s": "c",
        "t": "d",
        "v": "g",
        "a": "o",
        "a\u0304": "u",
        "i": "a",
        "i\u0304": "a\u0304",
        "e": "i",
        "o": "i\u0304",
        "u": "e"
    }
}