{
    "json_invalid": false,
    "preamble": "Language X (10 marks)\nLanguage X is a dead language,   which was usually written in a special script (which we will replace by our familiar Roman letters, using \u0101 and \u012b for long vowels and without capital letters or punctuation).\n\n\n",
    "context": "Here are some expressions in Language X with their English translations:\n\n\tLanguage X\tEnglish Translation\n1.\t tonutohhi\u0304 vaga\u0304loha\tThe minister sits down.\n2.\t tonutohhot ecogotrotovha\tThey visit the minister.\n3.\t gotovi\u0304 hohnumohi\u0304 ni\u0304ha\tThe philosopher is enlightened.\n4.\t gotovi ohhnot cekknovha\tThey ask the philosophers the meaning.\n5.\t ecugori\u0304 cekknoha\tThe disciple asks.\n6.\t si\u0304ri\u0304 tonutohhoggo\tthe minister\u2019s world\n\n\nUse the following extra vocabulary: dupi\u0304 \u2018king\u2019, liji\u0304 \u2018god\u2019, muti\u0304 \u2018village\u2019\n",
    "questions": "[{\"question_n\": \"Q 3.1\", \"prompt\": \"Translate the following into English:\", \"subprompts\": [{\"questionpart_n\": \"a.\", \"question\": \"dupi\u0304 vaga\u0304loha\", \"answer\": \"The king sits down.\", \"matches_human_scoring\": false, \"fuzzy_matching\": false, \"manual_edit\": false}, {\"questionpart_n\": \"b.\", \"question\": \"dupi\u0304 mutoggo liji\u0304 ni\u0304ha\", \"answer\": \"[\\\"The village\\u2019s king is a god.\\\", \\\"The village\\u2019s king is the god.\\\", \\\"The king of the village is a god.\\\", \\\"The king of the village is the god.\\\"]\", \"matches_human_scoring\": false, \"fuzzy_matching\": false, \"manual_edit\": false}]}, {\"question_n\": \"Q 3.2\", \"prompt\": \"Translate the following into Language X:\", \"subprompts\": [{\"questionpart_n\": \"a.\", \"question\": \"The minister asks the philosophers.\", \"answer\": \"tonutohhi\u0304 gotovi cekknoha\", \"matches_human_scoring\": false, \"fuzzy_matching\": false, \"manual_edit\": false}, {\"questionpart_n\": \"b.\", \"question\": \"The philosopher sits down.\", \"answer\": \"gotovi\u0304 vaga\u0304loha\", \"matches_human_scoring\": false, \"fuzzy_matching\": false, \"manual_edit\": false}, {\"questionpart_n\": \"c.\", \"question\": \"They sit down.\", \"answer\": \"vaga\u0304lovha\", \"matches_human_scoring\": false, \"fuzzy_matching\": false, \"manual_edit\": false}, {\"questionpart_n\": \"d.\", \"question\": \"The minister asks the kings.\", \"answer\": \"tonutohhi\u0304 dupi cekknoha\", \"matches_human_scoring\": false, \"fuzzy_matching\": false, \"manual_edit\": false}, {\"questionpart_n\": \"e.\", \"question\": \"the disciple\\u2019s village\", \"answer\": \"muti\u0304 ecugoroggo\", \"matches_human_scoring\": false, \"fuzzy_matching\": false, \"manual_edit\": false}, {\"questionpart_n\": \"f.\", \"question\": \"The meaning of the world is god.\", \"answer\": \"ohhni\u0304 si\u0304roggo liji\u0304 ni\u0304ha\", \"matches_human_scoring\": false, \"fuzzy_matching\": false, \"manual_edit\": false}]}]",
    "obfuscated": "True",
    "obf_num": "12",
    "mapping": {
        "c": "k",
        "d": "l",
        "g": "m",
        "h": "n",
        "j": "p",
        "k": "r",
        "l": "s",
        "m": "t",
        "n": "v",
        "p": "c",
        "r": "d",
        "s": "g",
        "t": "h",
        "v": "j",
        "a": "o",
        "a\u0304": "u",
        "i": "a",
        "i\u0304": "a\u0304",
        "e": "i",
        "o": "i\u0304",
        "u": "e"
    }
}