{
    "json_invalid": false,
    "preamble": "5 Language X (15 marks)",
    "context": "Here are some Language X noun phrases in the form \u2018quantifier\u2019 (i.e. numeral or \u201cmany\u201d) + noun, with their English translations.\n\nrm\u0259t\u0259 opavici\ttwo students\nramal s\u0259chrachen\u0259\tnine wardrobes\ntvese opavici\tmany students\nariv d\u0259vruk\tone chest\nlchi d\u0259vruk\u0259\tthree chests\ntvese d\u0259vruci\tmany chests\nramalit\u0259 n\u0259shuci\tnine morons\ntvese s\u0259chracheni\tmany wardrobes\ngadlit\u0259 programidli\tsix programmers\npalichi k\u0259b\u0259k\u0259\tfour covers\ntvese programidli\tmany programmers\nlchit\u0259 pidl\u0259pi\tthree cleaners\nariv n\u0259shuk\tone moron\n\nNote: Language X normally uses a different alphabet, but this problem uses the Roman alphabet instead, with c for a \"ts\" sound and \u0259 for the sound at the end of sofa. Otherwise, the letters sound as in English.",
    "questions": "[{\"question_n\": \"Q 5.1\", \"prompt\": \"Translate the following into Language X:\", \"subprompts\": [{\"questionpart_n\": \"a.\", \"question\": \"six covers\", \"answer\": \"gadl k\u0259b\u0259k\u0259\", \"matches_human_scoring\": false, \"fuzzy_matching\": false, \"manual_edit\": false}, {\"questionpart_n\": \"b.\", \"question\": \"many morons\", \"answer\": \"tvese n\u0259shuci\", \"matches_human_scoring\": false, \"fuzzy_matching\": false, \"manual_edit\": false}, {\"questionpart_n\": \"c.\", \"question\": \"four cleaners\", \"answer\": \"palichit\u0259 pidl\u0259pi\", \"matches_human_scoring\": false, \"fuzzy_matching\": false, \"manual_edit\": false}, {\"questionpart_n\": \"d.\", \"question\": \"many covers\", \"answer\": \"tvese k\u0259b\u0259ci\", \"matches_human_scoring\": false, \"fuzzy_matching\": false, \"manual_edit\": false}, {\"questionpart_n\": \"e.\", \"question\": \"one programmer\", \"answer\": \"ariv programidl\", \"matches_human_scoring\": false, \"fuzzy_matching\": false, \"manual_edit\": false}, {\"questionpart_n\": \"f.\", \"question\": \"three students\", \"answer\": \"lchit\u0259 opavici\", \"matches_human_scoring\": false, \"fuzzy_matching\": false, \"manual_edit\": false}]}]",
    "obfuscated": "True",
    "obf_num": "18",
    "mapping": {
        "b": "n",
        "ch": "p",
        "d": "r",
        "g": "s",
        "l": "sh",
        "m": "t",
        "n": "v",
        "p": "b",
        "r": "ch",
        "s": "d",
        "sh": "g",
        "t": "l",
        "v": "m",
        "\u0259": "u",
        "a": "\u0259",
        "e": "a",
        "o": "e",
        "u": "o",
        "i": "i",
        "k": "k",
        "c": "c",
        "program": "program"
    }
}