{
    "json_invalid": false,
    "preamble": "5 Language X (15 marks)",
    "context": "Here are some Language X noun phrases in the form \u2018quantifier\u2019 (i.e. numeral or \u201cmany\u201d) + noun, with their English translations.\n\nbsh\u0259g\u0259 ovalici\ttwo students\nbashas ch\u0259nbanet\u0259\tnine wardrobes\ngleche ovalici\tmany students\nabil p\u0259lbuk\tone chest\nsni p\u0259lbuk\u0259\tthree chests\ngleche p\u0259lbuci\tmany chests\nbashasig\u0259 t\u0259duci\tnine morons\ngleche ch\u0259nbaneti\tmany wardrobes\nrapsig\u0259 programipsi\tsix programmers\nvasini k\u0259m\u0259k\u0259\tfour covers\ngleche programipsi\tmany programmers\nsnig\u0259 vips\u0259vi\tthree cleaners\nabil t\u0259duk\tone moron\n\nNote: Language X normally uses a different alphabet, but this problem uses the Roman alphabet instead, with c for a \"ts\" sound and \u0259 for the sound at the end of sofa. Otherwise, the letters sound as in English.",
    "questions": "[{\"question_n\": \"Q 5.1\", \"prompt\": \"Translate the following into Language X:\", \"subprompts\": [{\"questionpart_n\": \"a.\", \"question\": \"six covers\", \"answer\": \"raps k\u0259m\u0259k\u0259\", \"matches_human_scoring\": false, \"fuzzy_matching\": false, \"manual_edit\": false}, {\"questionpart_n\": \"b.\", \"question\": \"many morons\", \"answer\": \"gleche t\u0259duci\", \"matches_human_scoring\": false, \"fuzzy_matching\": false, \"manual_edit\": false}, {\"questionpart_n\": \"c.\", \"question\": \"four cleaners\", \"answer\": \"vasinig\u0259 vips\u0259vi\", \"matches_human_scoring\": false, \"fuzzy_matching\": false, \"manual_edit\": false}, {\"questionpart_n\": \"d.\", \"question\": \"many covers\", \"answer\": \"gleche k\u0259m\u0259ci\", \"matches_human_scoring\": false, \"fuzzy_matching\": false, \"manual_edit\": false}, {\"questionpart_n\": \"e.\", \"question\": \"one programmer\", \"answer\": \"abil programips\", \"matches_human_scoring\": false, \"fuzzy_matching\": false, \"manual_edit\": false}, {\"questionpart_n\": \"f.\", \"question\": \"three students\", \"answer\": \"snig\u0259 ovalici\", \"matches_human_scoring\": false, \"fuzzy_matching\": false, \"manual_edit\": false}]}]",
    "obfuscated": "True",
    "obf_num": "23",
    "mapping": {
        "b": "t",
        "ch": "v",
        "d": "b",
        "g": "ch",
        "l": "d",
        "m": "g",
        "n": "l",
        "p": "m",
        "r": "n",
        "s": "p",
        "sh": "r",
        "t": "s",
        "v": "sh",
        "\u0259": "u",
        "a": "\u0259",
        "e": "a",
        "o": "e",
        "u": "o",
        "i": "i",
        "k": "k",
        "c": "c",
        "program": "program"
    }
}