{
    "json_invalid": false,
    "preamble": "5 Language X (15 marks)",
    "context": "Here are some Language X noun phrases in the form \u2018quantifier\u2019 (i.e. numeral or \u201cmany\u201d) + noun, with their English translations.\n\nplosho anutici\ttwo students\npulug robpub\u0259mo\tnine wardrobes\nsht\u0259r\u0259 anutici\tmany students\nupit chotpek\tone chest\ngbi chotpeko\tthree chests\nsht\u0259r\u0259 chotpeci\tmany chests\npulugisho moseci\tnine morons\nsht\u0259r\u0259 robpub\u0259mi\tmany wardrobes\nduchgisho programichgi\tsix programmers\nnugibi kovoko\tfour covers\nsht\u0259r\u0259 programichgi\tmany programmers\ngbisho nichgoni\tthree cleaners\nupit mosek\tone moron\n\nNote: Language X normally uses a different alphabet, but this problem uses the Roman alphabet instead, with c for a \"ts\" sound and \u0259 for the sound at the end of sofa. Otherwise, the letters sound as in English.",
    "questions": "[{\"question_n\": \"Q 5.1\", \"prompt\": \"Translate the following into Language X:\", \"subprompts\": [{\"questionpart_n\": \"a.\", \"question\": \"six covers\", \"answer\": \"duchg kovoko\", \"matches_human_scoring\": false, \"fuzzy_matching\": false, \"manual_edit\": false}, {\"questionpart_n\": \"b.\", \"question\": \"many morons\", \"answer\": \"sht\u0259r\u0259 moseci\", \"matches_human_scoring\": false, \"fuzzy_matching\": false, \"manual_edit\": false}, {\"questionpart_n\": \"c.\", \"question\": \"four cleaners\", \"answer\": \"nugibisho nichgoni\", \"matches_human_scoring\": false, \"fuzzy_matching\": false, \"manual_edit\": false}, {\"questionpart_n\": \"d.\", \"question\": \"many covers\", \"answer\": \"sht\u0259r\u0259 kovoci\", \"matches_human_scoring\": false, \"fuzzy_matching\": false, \"manual_edit\": false}, {\"questionpart_n\": \"e.\", \"question\": \"one programmer\", \"answer\": \"upit programichg\", \"matches_human_scoring\": false, \"fuzzy_matching\": false, \"manual_edit\": false}, {\"questionpart_n\": \"f.\", \"question\": \"three students\", \"answer\": \"gbisho anutici\", \"matches_human_scoring\": false, \"fuzzy_matching\": false, \"manual_edit\": false}]}]",
    "obfuscated": "True",
    "obf_num": "3",
    "mapping": {
        "b": "m",
        "ch": "n",
        "d": "p",
        "g": "r",
        "l": "s",
        "m": "sh",
        "n": "t",
        "p": "v",
        "r": "b",
        "s": "ch",
        "sh": "d",
        "t": "g",
        "v": "l",
        "\u0259": "e",
        "a": "o",
        "e": "u",
        "o": "\u0259",
        "u": "a",
        "i": "i",
        "k": "k",
        "c": "c",
        "program": "program"
    }
}