{
    "json_invalid": false,
    "preamble": "5 Language X (15 marks)",
    "context": "Here are some Language X noun phrases in the form \u2018quantifier\u2019 (i.e. numeral or \u201cmany\u201d) + noun, with their English translations.\n\nvsede \u0259togici\ttwo students\nvosor bemvomushe\tnine wardrobes\ndgubu \u0259togici\tmany students\novig negvak\tone chest\nrmi negvake\tthree chests\ndgubu negvaci\tmany chests\nvosoride shechaci\tnine morons\ndgubu bemvomushi\tmany wardrobes\nponride programinri\tsix programmers\ntorimi keleke\tfour covers\ndgubu programinri\tmany programmers\nrmide tinreti\tthree cleaners\novig shechak\tone moron\n\nNote: Language X normally uses a different alphabet, but this problem uses the Roman alphabet instead, with c for a \"ts\" sound and \u0259 for the sound at the end of sofa. Otherwise, the letters sound as in English.",
    "questions": "[{\"question_n\": \"Q 5.1\", \"prompt\": \"Translate the following into Language X:\", \"subprompts\": [{\"questionpart_n\": \"a.\", \"question\": \"six covers\", \"answer\": \"ponr keleke\", \"matches_human_scoring\": false, \"fuzzy_matching\": false, \"manual_edit\": false}, {\"questionpart_n\": \"b.\", \"question\": \"many morons\", \"answer\": \"dgubu shechaci\", \"matches_human_scoring\": false, \"fuzzy_matching\": false, \"manual_edit\": false}, {\"questionpart_n\": \"c.\", \"question\": \"four cleaners\", \"answer\": \"torimide tinreti\", \"matches_human_scoring\": false, \"fuzzy_matching\": false, \"manual_edit\": false}, {\"questionpart_n\": \"d.\", \"question\": \"many covers\", \"answer\": \"dgubu keleci\", \"matches_human_scoring\": false, \"fuzzy_matching\": false, \"manual_edit\": false}, {\"questionpart_n\": \"e.\", \"question\": \"one programmer\", \"answer\": \"ovig programinr\", \"matches_human_scoring\": false, \"fuzzy_matching\": false, \"manual_edit\": false}, {\"questionpart_n\": \"f.\", \"question\": \"three students\", \"answer\": \"rmide \u0259togici\", \"matches_human_scoring\": false, \"fuzzy_matching\": false, \"manual_edit\": false}]}]",
    "obfuscated": "True",
    "obf_num": "15",
    "mapping": {
        "b": "sh",
        "ch": "t",
        "d": "v",
        "g": "b",
        "l": "ch",
        "m": "d",
        "n": "g",
        "p": "l",
        "r": "m",
        "s": "n",
        "sh": "p",
        "t": "r",
        "v": "s",
        "\u0259": "a",
        "a": "e",
        "e": "o",
        "o": "u",
        "u": "\u0259",
        "i": "i",
        "k": "k",
        "c": "c",
        "program": "program"
    }
}