{
    "json_invalid": false,
    "preamble": "5 Language X (15 marks)",
    "context": "Here are some Language X noun phrases in the form \u2018quantifier\u2019 (i.e. numeral or \u201cmany\u201d) + noun, with their English translations.\n\nvsudu et\u0259gici\ttwo students\nv\u0259s\u0259r bumv\u0259mashu\tnine wardrobes\ndgaba et\u0259gici\tmany students\n\u0259vig nugvok\tone chest\nrmi nugvoku\tthree chests\ndgaba nugvoci\tmany chests\nv\u0259s\u0259ridu shuchoci\tnine morons\ndgaba bumv\u0259mashi\tmany wardrobes\np\u0259nridu programinri\tsix programmers\nt\u0259rimi kuluku\tfour covers\ndgaba programinri\tmany programmers\nrmidu tinruti\tthree cleaners\n\u0259vig shuchok\tone moron\n\nNote: Language X normally uses a different alphabet, but this problem uses the Roman alphabet instead, with c for a \"ts\" sound and \u0259 for the sound at the end of sofa. Otherwise, the letters sound as in English.",
    "questions": "[{\"question_n\": \"Q 5.1\", \"prompt\": \"Translate the following into Language X:\", \"subprompts\": [{\"questionpart_n\": \"a.\", \"question\": \"six covers\", \"answer\": \"p\u0259nr kuluku\", \"matches_human_scoring\": false, \"fuzzy_matching\": false, \"manual_edit\": false}, {\"questionpart_n\": \"b.\", \"question\": \"many morons\", \"answer\": \"dgaba shuchoci\", \"matches_human_scoring\": false, \"fuzzy_matching\": false, \"manual_edit\": false}, {\"questionpart_n\": \"c.\", \"question\": \"four cleaners\", \"answer\": \"t\u0259rimidu tinruti\", \"matches_human_scoring\": false, \"fuzzy_matching\": false, \"manual_edit\": false}, {\"questionpart_n\": \"d.\", \"question\": \"many covers\", \"answer\": \"dgaba kuluci\", \"matches_human_scoring\": false, \"fuzzy_matching\": false, \"manual_edit\": false}, {\"questionpart_n\": \"e.\", \"question\": \"one programmer\", \"answer\": \"\u0259vig programinr\", \"matches_human_scoring\": false, \"fuzzy_matching\": false, \"manual_edit\": false}, {\"questionpart_n\": \"f.\", \"question\": \"three students\", \"answer\": \"rmidu et\u0259gici\", \"matches_human_scoring\": false, \"fuzzy_matching\": false, \"manual_edit\": false}]}]",
    "obfuscated": "True",
    "obf_num": "14",
    "mapping": {
        "b": "sh",
        "ch": "t",
        "d": "v",
        "g": "b",
        "l": "ch",
        "m": "d",
        "n": "g",
        "p": "l",
        "r": "m",
        "s": "n",
        "sh": "p",
        "t": "r",
        "v": "s",
        "\u0259": "o",
        "a": "u",
        "e": "\u0259",
        "o": "a",
        "u": "e",
        "i": "i",
        "k": "k",
        "c": "c",
        "program": "program"
    }
}