{
    "json_invalid": false,
    "preamble": "5 Language X (15 marks)",
    "context": "Here are some Language X noun phrases in the form \u2018quantifier\u2019 (i.e. numeral or \u201cmany\u201d) + noun, with their English translations.\n\nsn\u0259v\u0259 orabici\ttwo students\nsanam sh\u0259dsadep\u0259\tnine wardrobes\nvbeshe orabici\tmany students\nasib g\u0259bsuk\tone chest\nmdi g\u0259bsuk\u0259\tthree chests\nvbeshe g\u0259bsuci\tmany chests\nsanamiv\u0259 p\u0259tuci\tnine morons\nvbeshe sh\u0259dsadepi\tmany wardrobes\nlagmiv\u0259 programigmi\tsix programmers\nramidi k\u0259ch\u0259k\u0259\tfour covers\nvbeshe programigmi\tmany programmers\nmdiv\u0259 rigm\u0259ri\tthree cleaners\nasib p\u0259tuk\tone moron\n\nNote: Language X normally uses a different alphabet, but this problem uses the Roman alphabet instead, with c for a \"ts\" sound and \u0259 for the sound at the end of sofa. Otherwise, the letters sound as in English.",
    "questions": "[{\"question_n\": \"Q 5.1\", \"prompt\": \"Translate the following into Language X:\", \"subprompts\": [{\"questionpart_n\": \"a.\", \"question\": \"six covers\", \"answer\": \"lagm k\u0259ch\u0259k\u0259\", \"matches_human_scoring\": false, \"fuzzy_matching\": false, \"manual_edit\": false}, {\"questionpart_n\": \"b.\", \"question\": \"many morons\", \"answer\": \"vbeshe p\u0259tuci\", \"matches_human_scoring\": false, \"fuzzy_matching\": false, \"manual_edit\": false}, {\"questionpart_n\": \"c.\", \"question\": \"four cleaners\", \"answer\": \"ramidiv\u0259 rigm\u0259ri\", \"matches_human_scoring\": false, \"fuzzy_matching\": false, \"manual_edit\": false}, {\"questionpart_n\": \"d.\", \"question\": \"many covers\", \"answer\": \"vbeshe k\u0259ch\u0259ci\", \"matches_human_scoring\": false, \"fuzzy_matching\": false, \"manual_edit\": false}, {\"questionpart_n\": \"e.\", \"question\": \"one programmer\", \"answer\": \"asib programigm\", \"matches_human_scoring\": false, \"fuzzy_matching\": false, \"manual_edit\": false}, {\"questionpart_n\": \"f.\", \"question\": \"three students\", \"answer\": \"mdiv\u0259 orabici\", \"matches_human_scoring\": false, \"fuzzy_matching\": false, \"manual_edit\": false}]}]",
    "obfuscated": "True",
    "obf_num": "2",
    "mapping": {
        "b": "p",
        "ch": "r",
        "d": "s",
        "g": "sh",
        "l": "t",
        "m": "v",
        "n": "b",
        "p": "ch",
        "r": "d",
        "s": "g",
        "sh": "l",
        "t": "m",
        "v": "n",
        "\u0259": "u",
        "a": "\u0259",
        "e": "a",
        "o": "e",
        "u": "o",
        "i": "i",
        "k": "k",
        "c": "c",
        "program": "program"
    }
}