{
    "json_invalid": false,
    "preamble": "5 Language X (15 marks)",
    "context": "Here are some Language X noun phrases in the form \u2018quantifier\u2019 (i.e. numeral or \u201cmany\u201d) + noun, with their English translations.\n\nlchupu eg\u0259rici\ttwo students\nl\u0259ch\u0259b mushl\u0259shadu\tnine wardrobes\nprama eg\u0259rici\tmany students\n\u0259lir turlok\tone chest\nbshi turloku\tthree chests\nprama turloci\tmany chests\nl\u0259ch\u0259bipu dunoci\tnine morons\nprama mushl\u0259shadi\tmany wardrobes\nv\u0259tbipu programitbi\tsix programmers\ng\u0259bishi kusuku\tfour covers\nprama programitbi\tmany programmers\nbshipu gitbugi\tthree cleaners\n\u0259lir dunok\tone moron\n\nNote: Language X normally uses a different alphabet, but this problem uses the Roman alphabet instead, with c for a \"ts\" sound and \u0259 for the sound at the end of sofa. Otherwise, the letters sound as in English.",
    "questions": "[{\"question_n\": \"Q 5.1\", \"prompt\": \"Translate the following into Language X:\", \"subprompts\": [{\"questionpart_n\": \"a.\", \"question\": \"six covers\", \"answer\": \"v\u0259tb kusuku\", \"matches_human_scoring\": false, \"fuzzy_matching\": false, \"manual_edit\": false}, {\"questionpart_n\": \"b.\", \"question\": \"many morons\", \"answer\": \"prama dunoci\", \"matches_human_scoring\": false, \"fuzzy_matching\": false, \"manual_edit\": false}, {\"questionpart_n\": \"c.\", \"question\": \"four cleaners\", \"answer\": \"g\u0259bishipu gitbugi\", \"matches_human_scoring\": false, \"fuzzy_matching\": false, \"manual_edit\": false}, {\"questionpart_n\": \"d.\", \"question\": \"many covers\", \"answer\": \"prama kusuci\", \"matches_human_scoring\": false, \"fuzzy_matching\": false, \"manual_edit\": false}, {\"questionpart_n\": \"e.\", \"question\": \"one programmer\", \"answer\": \"\u0259lir programitb\", \"matches_human_scoring\": false, \"fuzzy_matching\": false, \"manual_edit\": false}, {\"questionpart_n\": \"f.\", \"question\": \"three students\", \"answer\": \"bshipu eg\u0259rici\", \"matches_human_scoring\": false, \"fuzzy_matching\": false, \"manual_edit\": false}]}]",
    "obfuscated": "True",
    "obf_num": "19",
    "mapping": {
        "b": "d",
        "ch": "g",
        "d": "l",
        "g": "m",
        "l": "n",
        "m": "p",
        "n": "r",
        "p": "s",
        "r": "sh",
        "s": "t",
        "sh": "v",
        "t": "b",
        "v": "ch",
        "\u0259": "o",
        "a": "u",
        "e": "\u0259",
        "o": "a",
        "u": "e",
        "i": "i",
        "k": "k",
        "c": "c",
        "program": "program"
    }
}