{
    "json_invalid": false,
    "preamble": "A little Language X problem (20 marks)\n\n",
    "context": "In Language X there are various suffixes which can be added to a word to make a diminutive form, meaning roughly \u201clittle\u201d, and sometimes expressing endearment or contempt as in the next table:\n\ntiag\t\u2018book\u2019\t\ttiagja\t\u2018little book\u2019, \u2018booklet\u2019\npuul\t\u2018couple\u2019\t\tpuuldja\t\u2018little couple\u2019, \u2018just two\u2019\nluum\t\u2018window\u2019\t\tluumpja\t\u2018little window\u2019\nwim\t\u2018sum\u2019\t\twimmadja\t\u2018little sum\u2019, \u2018small amount\u2019\n\nThe choice of these suffixes follows rules which are generally strict but allow exceptions. Here are some more Language X diminutives, listed in alphabetical order. In this list, two words are exceptions. (Note: all multisyllabic words in this list are stressed on the first syllable, except banoek.)\n\ntuur\ttuurdja\t\u2018job\u2019\ntial\ttialdja\t\u2018peasant\u2019\ntniam\ttniamadja\t\u2018flower\u2019\ntir\ttirradja\t\u2018ticket\u2019\nkug\tkugja\t\u2018roof\u2019\nkeng\tkengadja\t\u2018thing\u2019\nbanoek\tbanoekja\t\u2018noise\u2019\nblusd\tblusdja\t\u2018canal\u2019\ngumal\tgumaldja\t\u2018room\u2019\nguwd\tguwdja\t\u2018table\u2019\ngnaak\tgnaakja\t\u2018rug\u2019\ngireng\tgirergja\t\u2018king\u2019\ngia\tgiadja\t\u2018cow\u2019\ngim\tgimmadja\t\u2018bowl\u2019\ngiip\tgiipja\t\u2018purchase\u2019\ngip\tgipja\t\u2018head\u2019\nnum\tnummadja\t\u2018lamb\u2019\nnapan\tnapandja\t\u2018spoon\u2019\nmur\tmurradja\t\u2018male\u2019\nmaal\tmaaldja\t\u2018lake\u2019\nriid\triidja\t\u2018nut\u2019\niim\tiimpja\t\u2018uncle\u2019\npuulk\tpuulkja\t\u2018horse\u2019\npnia\tpniadja\t\u2018plough\u2019\npnoem\tpnoempja\t\u2018feather\u2019\npid\tpidja\t\u2018pot\u2019\nwuum\twuumpjaw\t\u2018together\u2019\nwnung\twnungadja\t\u2018snake\u2019\nwiap\twiapja\t\u2018soup\u2019\nwdal\twdalladja\t\u2018star\u2019\nwdian\twdiandja\t\u2018chair\u2019\ndaar\tdaardja\t\u2018toe\u2019\ndoer\tdoerdja\t\u2018garden\u2019\nfulm\tfulmpjaw\t\u2018warmly\u2019\nfan\tfannadjaw\t\u2018well\u2019\n\n\n",
    "questions": "[{\"question_n\": \"Q 8.1\", \"prompt\": \"What will the diminutive form of the following words be?\", \"subprompts\": [{\"questionpart_n\": \"a. \", \"question\": \"gur \\u2018jug\\u2019\", \"answer\": \"gurradja\", \"matches_human_scoring\": false, \"fuzzy_matching\": false, \"manual_edit\": false}, {\"questionpart_n\": \"b.\", \"question\": \"gul \\u2018cart\\u2019\", \"answer\": \"gulladja\", \"matches_human_scoring\": false, \"fuzzy_matching\": false, \"manual_edit\": false}, {\"questionpart_n\": \"c.\", \"question\": \"gfuld \\u2018quarter\\u2019\", \"answer\": \"gfuldja\", \"matches_human_scoring\": false, \"fuzzy_matching\": false, \"manual_edit\": false}, {\"questionpart_n\": \"d.\", \"question\": \"nu \\u2018drawer\\u2019\", \"answer\": \"nudja\", \"matches_human_scoring\": false, \"fuzzy_matching\": false, \"manual_edit\": false}, {\"questionpart_n\": \"e.\", \"question\": \"miakal \\u2018mother\\u2019\", \"answer\": \"miakaldja\", \"matches_human_scoring\": false, \"fuzzy_matching\": false, \"manual_edit\": false}, {\"questionpart_n\": \"f.\", \"question\": \"leam \\u2018strap\\u2019\", \"answer\": \"leampja\", \"matches_human_scoring\": false, \"fuzzy_matching\": false, \"manual_edit\": false}, {\"questionpart_n\": \"g.\", \"question\": \"wden \\u2018quietly\\u2019\", \"answer\": \"wdennadjaw\", \"matches_human_scoring\": false, \"fuzzy_matching\": false, \"manual_edit\": false}, {\"questionpart_n\": \"h.\", \"question\": \"duchan \\u2018table\\u2019\", \"answer\": \"duchandja\", \"matches_human_scoring\": false, \"fuzzy_matching\": false, \"manual_edit\": false}]}, {\"question_n\": \"Q 8.2\", \"prompt\": \"Which are the two exceptional words? Write them separated by a single comma.\", \"subprompts\": [{\"questionpart_n\": \"i.\", \"question\": \"\", \"answer\": \"[\\\"tniam, tniamadja\\\", \\\"tniamadja, tniam\\\", \\\"girergja, gireng\\\", \\\"gireng, girergja\\\"]\", \"matches_human_scoring\": false, \"fuzzy_matching\": false, \"manual_edit\": false}]}]",
    "obfuscated": "True",
    "obf_num": "2",
    "mapping": {
        "b": "t",
        "t": "d",
        "d": "k",
        "k": "g",
        "g": "b",
        "n": "r",
        "r": "l",
        "l": "n",
        "a": "u",
        "e": "a",
        "i": "e",
        "o": "i",
        "u": "o",
        "s": "w",
        "ch": "s",
        "f": "ch",
        "w": "f",
        "m": "m",
        "p": "p",
        "ng": "ng",
        "j": "j"
    }
}