{
    "json_invalid": false,
    "preamble": "A little Language X problem (20 marks)\n\n",
    "context": "In Language X there are various suffixes which can be added to a word to make a diminutive form, meaning roughly \u201clittle\u201d, and sometimes expressing endearment or contempt as in the next table:\n\ndaob\t\u2018book\u2019\t\tdaobjo\t\u2018little book\u2019, \u2018booklet\u2019\npiin\t\u2018couple\u2019\t\tpiinkjo\t\u2018little couple\u2019, \u2018just two\u2019\nniim\t\u2018window\u2019\t\tniimpjo\t\u2018little window\u2019\ncham\t\u2018sum\u2019\t\tchammokjo\t\u2018little sum\u2019, \u2018small amount\u2019\n\nThe choice of these suffixes follows rules which are generally strict but allow exceptions. Here are some more Language X diminutives, listed in alphabetical order. In this list, two words are exceptions. (Note: all multisyllabic words in this list are stressed on the first syllable, except toreug.)\n\ndiil\tdiilkjo\t\u2018job\u2019\ndaon\tdaonkjo\t\u2018peasant\u2019\ndraom\tdraomokjo\t\u2018flower\u2019\ndal\tdallokjo\t\u2018ticket\u2019\ngib\tgibjo\t\u2018roof\u2019\ngung\tgungokjo\t\u2018thing\u2019\ntoreug\ttoreugjo\t\u2018noise\u2019\ntnifk\ttnifkjo\t\u2018canal\u2019\nbimon\tbimonkjo\t\u2018room\u2019\nbichk\tbichkjo\t\u2018table\u2019\nbroog\tbroogjo\t\u2018rug\u2019\nbalung\tbalulbjo\t\u2018king\u2019\nbao\tbaokjo\t\u2018cow\u2019\nbam\tbammokjo\t\u2018bowl\u2019\nbaap\tbaapjo\t\u2018purchase\u2019\nbap\tbapjo\t\u2018head\u2019\nrim\trimmokjo\t\u2018lamb\u2019\nropor\troporkjo\t\u2018spoon\u2019\nmil\tmillokjo\t\u2018male\u2019\nmoon\tmoonkjo\t\u2018lake\u2019\nlaak\tlaakjo\t\u2018nut\u2019\naam\taampjo\t\u2018uncle\u2019\npiing\tpiingjo\t\u2018horse\u2019\nprao\tpraokjo\t\u2018plough\u2019\npreum\tpreumpjo\t\u2018feather\u2019\npak\tpakjo\t\u2018pot\u2019\nchiim\tchiimpjoch\t\u2018together\u2019\nchring\tchringokjo\t\u2018snake\u2019\nchaop\tchaopjo\t\u2018soup\u2019\nchkon\tchkonnokjo\t\u2018star\u2019\nchkaor\tchkaorkjo\t\u2018chair\u2019\nkool\tkoolkjo\t\u2018toe\u2019\nkeul\tkeulkjo\t\u2018garden\u2019\nsinm\tsinmpjoch\t\u2018warmly\u2019\nsor\tsorrokjoch\t\u2018well\u2019\n\n\n",
    "questions": "[{\"question_n\": \"Q 8.1\", \"prompt\": \"What will the diminutive form of the following words be?\", \"subprompts\": [{\"questionpart_n\": \"a. \", \"question\": \"bil \\u2018jug\\u2019\", \"answer\": \"billokjo\", \"matches_human_scoring\": false, \"fuzzy_matching\": false, \"manual_edit\": false}, {\"questionpart_n\": \"b.\", \"question\": \"bin \\u2018cart\\u2019\", \"answer\": \"binnokjo\", \"matches_human_scoring\": false, \"fuzzy_matching\": false, \"manual_edit\": false}, {\"questionpart_n\": \"c.\", \"question\": \"bsink \\u2018quarter\\u2019\", \"answer\": \"bsinkjo\", \"matches_human_scoring\": false, \"fuzzy_matching\": false, \"manual_edit\": false}, {\"questionpart_n\": \"d.\", \"question\": \"ri \\u2018drawer\\u2019\", \"answer\": \"rikjo\", \"matches_human_scoring\": false, \"fuzzy_matching\": false, \"manual_edit\": false}, {\"questionpart_n\": \"e.\", \"question\": \"maogon \\u2018mother\\u2019\", \"answer\": \"maogonkjo\", \"matches_human_scoring\": false, \"fuzzy_matching\": false, \"manual_edit\": false}, {\"questionpart_n\": \"f.\", \"question\": \"nuom \\u2018strap\\u2019\", \"answer\": \"nuompjo\", \"matches_human_scoring\": false, \"fuzzy_matching\": false, \"manual_edit\": false}, {\"questionpart_n\": \"g.\", \"question\": \"chkur \\u2018quietly\\u2019\", \"answer\": \"chkurrokjoch\", \"matches_human_scoring\": false, \"fuzzy_matching\": false, \"manual_edit\": false}, {\"questionpart_n\": \"h.\", \"question\": \"kiwor \\u2018table\\u2019\", \"answer\": \"kiworkjo\", \"matches_human_scoring\": false, \"fuzzy_matching\": false, \"manual_edit\": false}]}, {\"question_n\": \"Q 8.2\", \"prompt\": \"Which are the two exceptional words? Write them separated by a single comma.\", \"subprompts\": [{\"questionpart_n\": \"i.\", \"question\": \"\", \"answer\": \"[\\\"draom, draomokjo\\\", \\\"draomokjo, draom\\\", \\\"balulbjo, balung\\\", \\\"balung, balulbjo\\\"]\", \"matches_human_scoring\": false, \"fuzzy_matching\": false, \"manual_edit\": false}]}]",
    "obfuscated": "True",
    "obf_num": "14",
    "mapping": {
        "b": "d",
        "t": "k",
        "d": "g",
        "k": "b",
        "g": "t",
        "n": "l",
        "r": "n",
        "l": "r",
        "a": "i",
        "e": "o",
        "i": "u",
        "o": "a",
        "u": "e",
        "s": "ch",
        "ch": "f",
        "f": "w",
        "w": "s",
        "m": "m",
        "p": "p",
        "ng": "ng",
        "j": "j"
    }
}