{
    "json_invalid": false,
    "preamble": "A little Language X problem (20 marks)\n\n",
    "context": "In Language X there are various suffixes which can be added to a word to make a diminutive form, meaning roughly \u201clittle\u201d, and sometimes expressing endearment or contempt as in the next table:\n\nkeut\t\u2018book\u2019\t\tkeutju\t\u2018little book\u2019, \u2018booklet\u2019\npool\t\u2018couple\u2019\t\tpoolgju\t\u2018little couple\u2019, \u2018just two\u2019\nloom\t\u2018window\u2019\t\tloompju\t\u2018little window\u2019\nwem\t\u2018sum\u2019\t\twemmugju\t\u2018little sum\u2019, \u2018small amount\u2019\n\nThe choice of these suffixes follows rules which are generally strict but allow exceptions. Here are some more Language X diminutives, listed in alphabetical order. In this list, two words are exceptions. (Note: all multisyllabic words in this list are stressed on the first syllable, except duniab.)\n\nkoor\tkoorgju\t\u2018job\u2019\nkeul\tkeulgju\t\u2018peasant\u2019\nkneum\tkneumugju\t\u2018flower\u2019\nker\tkerrugju\t\u2018ticket\u2019\nbot\tbotju\t\u2018roof\u2019\nbang\tbangugju\t\u2018thing\u2019\nduniab\tduniabju\t\u2018noise\u2019\ndlosg\tdlosgju\t\u2018canal\u2019\ntomul\ttomulgju\t\u2018room\u2019\ntowg\ttowgju\t\u2018table\u2019\ntnuub\ttnuubju\t\u2018rug\u2019\nterang\tterartju\t\u2018king\u2019\nteu\tteugju\t\u2018cow\u2019\ntem\ttemmugju\t\u2018bowl\u2019\nteep\tteepju\t\u2018purchase\u2019\ntep\ttepju\t\u2018head\u2019\nnom\tnommugju\t\u2018lamb\u2019\nnupun\tnupungju\t\u2018spoon\u2019\nmor\tmorrugju\t\u2018male\u2019\nmuul\tmuulgju\t\u2018lake\u2019\nreeg\treegju\t\u2018nut\u2019\neem\teempju\t\u2018uncle\u2019\npoolb\tpoolbju\t\u2018horse\u2019\npneu\tpneugju\t\u2018plough\u2019\npniam\tpniampju\t\u2018feather\u2019\npeg\tpegju\t\u2018pot\u2019\nwoom\twoompjuw\t\u2018together\u2019\nwnong\twnongugju\t\u2018snake\u2019\nweup\tweupju\t\u2018soup\u2019\nwgul\twgullugju\t\u2018star\u2019\nwgeun\twgeungju\t\u2018chair\u2019\nguur\tguurgju\t\u2018toe\u2019\ngiar\tgiargju\t\u2018garden\u2019\nfolm\tfolmpjuw\t\u2018warmly\u2019\nfun\tfunnugjuw\t\u2018well\u2019\n\n\n",
    "questions": "[{\"question_n\": \"Q 8.1\", \"prompt\": \"What will the diminutive form of the following words be?\", \"subprompts\": [{\"questionpart_n\": \"a. \", \"question\": \"tor \\u2018jug\\u2019\", \"answer\": \"torrugju\", \"matches_human_scoring\": false, \"fuzzy_matching\": false, \"manual_edit\": false}, {\"questionpart_n\": \"b.\", \"question\": \"tol \\u2018cart\\u2019\", \"answer\": \"tollugju\", \"matches_human_scoring\": false, \"fuzzy_matching\": false, \"manual_edit\": false}, {\"questionpart_n\": \"c.\", \"question\": \"tfolg \\u2018quarter\\u2019\", \"answer\": \"tfolgju\", \"matches_human_scoring\": false, \"fuzzy_matching\": false, \"manual_edit\": false}, {\"questionpart_n\": \"d.\", \"question\": \"no \\u2018drawer\\u2019\", \"answer\": \"nogju\", \"matches_human_scoring\": false, \"fuzzy_matching\": false, \"manual_edit\": false}, {\"questionpart_n\": \"e.\", \"question\": \"meubul \\u2018mother\\u2019\", \"answer\": \"meubulgju\", \"matches_human_scoring\": false, \"fuzzy_matching\": false, \"manual_edit\": false}, {\"questionpart_n\": \"f.\", \"question\": \"laum \\u2018strap\\u2019\", \"answer\": \"laumpju\", \"matches_human_scoring\": false, \"fuzzy_matching\": false, \"manual_edit\": false}, {\"questionpart_n\": \"g.\", \"question\": \"wgan \\u2018quietly\\u2019\", \"answer\": \"wgannugjuw\", \"matches_human_scoring\": false, \"fuzzy_matching\": false, \"manual_edit\": false}, {\"questionpart_n\": \"h.\", \"question\": \"gochun \\u2018table\\u2019\", \"answer\": \"gochungju\", \"matches_human_scoring\": false, \"fuzzy_matching\": false, \"manual_edit\": false}]}, {\"question_n\": \"Q 8.2\", \"prompt\": \"Which are the two exceptional words? Write them separated by a single comma.\", \"subprompts\": [{\"questionpart_n\": \"i.\", \"question\": \"\", \"answer\": \"[\\\"kneum, kneumugju\\\", \\\"kneumugju, kneum\\\", \\\"terartju, terang\\\", \\\"terang, terartju\\\"]\", \"matches_human_scoring\": false, \"fuzzy_matching\": false, \"manual_edit\": false}]}]",
    "obfuscated": "True",
    "obf_num": "3",
    "mapping": {
        "b": "k",
        "t": "g",
        "d": "b",
        "k": "t",
        "g": "d",
        "n": "r",
        "r": "l",
        "l": "n",
        "a": "o",
        "e": "u",
        "i": "a",
        "o": "e",
        "u": "i",
        "s": "w",
        "ch": "s",
        "f": "ch",
        "w": "f",
        "m": "m",
        "p": "p",
        "ng": "ng",
        "j": "j"
    }
}