{
    "json_invalid": false,
    "preamble": "A little Language X problem (20 marks)\n\n",
    "context": "In Language X there are various suffixes which can be added to a word to make a diminutive form, meaning roughly \u201clittle\u201d, and sometimes expressing endearment or contempt as in the next table:\n\ndaob\t\u2018book\u2019\t\tdaobjo\t\u2018little book\u2019, \u2018booklet\u2019\npiil\t\u2018couple\u2019\t\tpiilkjo\t\u2018little couple\u2019, \u2018just two\u2019\nliim\t\u2018window\u2019\t\tliimpjo\t\u2018little window\u2019\ncham\t\u2018sum\u2019\t\tchammokjo\t\u2018little sum\u2019, \u2018small amount\u2019\n\nThe choice of these suffixes follows rules which are generally strict but allow exceptions. Here are some more Language X diminutives, listed in alphabetical order. In this list, two words are exceptions. (Note: all multisyllabic words in this list are stressed on the first syllable, except toneug.)\n\ndiir\tdiirkjo\t\u2018job\u2019\ndaol\tdaolkjo\t\u2018peasant\u2019\ndnaom\tdnaomokjo\t\u2018flower\u2019\ndar\tdarrokjo\t\u2018ticket\u2019\ngib\tgibjo\t\u2018roof\u2019\ngung\tgungokjo\t\u2018thing\u2019\ntoneug\ttoneugjo\t\u2018noise\u2019\ntlifk\ttlifkjo\t\u2018canal\u2019\nbimol\tbimolkjo\t\u2018room\u2019\nbichk\tbichkjo\t\u2018table\u2019\nbnoog\tbnoogjo\t\u2018rug\u2019\nbarung\tbarurbjo\t\u2018king\u2019\nbao\tbaokjo\t\u2018cow\u2019\nbam\tbammokjo\t\u2018bowl\u2019\nbaap\tbaapjo\t\u2018purchase\u2019\nbap\tbapjo\t\u2018head\u2019\nnim\tnimmokjo\t\u2018lamb\u2019\nnopon\tnoponkjo\t\u2018spoon\u2019\nmir\tmirrokjo\t\u2018male\u2019\nmool\tmoolkjo\t\u2018lake\u2019\nraak\traakjo\t\u2018nut\u2019\naam\taampjo\t\u2018uncle\u2019\npiilg\tpiilgjo\t\u2018horse\u2019\npnao\tpnaokjo\t\u2018plough\u2019\npneum\tpneumpjo\t\u2018feather\u2019\npak\tpakjo\t\u2018pot\u2019\nchiim\tchiimpjoch\t\u2018together\u2019\nchning\tchningokjo\t\u2018snake\u2019\nchaop\tchaopjo\t\u2018soup\u2019\nchkol\tchkollokjo\t\u2018star\u2019\nchkaon\tchkaonkjo\t\u2018chair\u2019\nkoor\tkoorkjo\t\u2018toe\u2019\nkeur\tkeurkjo\t\u2018garden\u2019\nsilm\tsilmpjoch\t\u2018warmly\u2019\nson\tsonnokjoch\t\u2018well\u2019\n\n\n",
    "questions": "[{\"question_n\": \"Q 8.1\", \"prompt\": \"What will the diminutive form of the following words be?\", \"subprompts\": [{\"questionpart_n\": \"a. \", \"question\": \"bir \\u2018jug\\u2019\", \"answer\": \"birrokjo\", \"matches_human_scoring\": false, \"fuzzy_matching\": false, \"manual_edit\": false}, {\"questionpart_n\": \"b.\", \"question\": \"bil \\u2018cart\\u2019\", \"answer\": \"billokjo\", \"matches_human_scoring\": false, \"fuzzy_matching\": false, \"manual_edit\": false}, {\"questionpart_n\": \"c.\", \"question\": \"bsilk \\u2018quarter\\u2019\", \"answer\": \"bsilkjo\", \"matches_human_scoring\": false, \"fuzzy_matching\": false, \"manual_edit\": false}, {\"questionpart_n\": \"d.\", \"question\": \"ni \\u2018drawer\\u2019\", \"answer\": \"nikjo\", \"matches_human_scoring\": false, \"fuzzy_matching\": false, \"manual_edit\": false}, {\"questionpart_n\": \"e.\", \"question\": \"maogol \\u2018mother\\u2019\", \"answer\": \"maogolkjo\", \"matches_human_scoring\": false, \"fuzzy_matching\": false, \"manual_edit\": false}, {\"questionpart_n\": \"f.\", \"question\": \"luom \\u2018strap\\u2019\", \"answer\": \"luompjo\", \"matches_human_scoring\": false, \"fuzzy_matching\": false, \"manual_edit\": false}, {\"questionpart_n\": \"g.\", \"question\": \"chkun \\u2018quietly\\u2019\", \"answer\": \"chkunnokjoch\", \"matches_human_scoring\": false, \"fuzzy_matching\": false, \"manual_edit\": false}, {\"questionpart_n\": \"h.\", \"question\": \"kiwon \\u2018table\\u2019\", \"answer\": \"kiwonkjo\", \"matches_human_scoring\": false, \"fuzzy_matching\": false, \"manual_edit\": false}]}, {\"question_n\": \"Q 8.2\", \"prompt\": \"Which are the two exceptional words? Write them separated by a single comma.\", \"subprompts\": [{\"questionpart_n\": \"i.\", \"question\": \"\", \"answer\": \"[\\\"dnaom, dnaomokjo\\\", \\\"dnaomokjo, dnaom\\\", \\\"barurbjo, barung\\\", \\\"barung, barurbjo\\\"]\", \"matches_human_scoring\": false, \"fuzzy_matching\": false, \"manual_edit\": false}]}]",
    "obfuscated": "True",
    "obf_num": "18",
    "mapping": {
        "b": "d",
        "t": "k",
        "d": "g",
        "k": "b",
        "g": "t",
        "n": "r",
        "r": "l",
        "l": "n",
        "a": "i",
        "e": "o",
        "i": "u",
        "o": "a",
        "u": "e",
        "s": "ch",
        "ch": "f",
        "f": "w",
        "w": "s",
        "m": "m",
        "p": "p",
        "ng": "ng",
        "j": "j"
    }
}