{
    "json_invalid": false,
    "preamble": "A little Language X problem (20 marks)\n\n",
    "context": "In Language X there are various suffixes which can be added to a word to make a diminutive form, meaning roughly \u201clittle\u201d, and sometimes expressing endearment or contempt as in the next table:\n\ntaog\t\u2018book\u2019\t\ttaogjo\t\u2018little book\u2019, \u2018booklet\u2019\npiil\t\u2018couple\u2019\t\tpiildjo\t\u2018little couple\u2019, \u2018just two\u2019\nliim\t\u2018window\u2019\t\tliimpjo\t\u2018little window\u2019\nwam\t\u2018sum\u2019\t\twammodjo\t\u2018little sum\u2019, \u2018small amount\u2019\n\nThe choice of these suffixes follows rules which are generally strict but allow exceptions. Here are some more Language X diminutives, listed in alphabetical order. In this list, two words are exceptions. (Note: all multisyllabic words in this list are stressed on the first syllable, except boneuk.)\n\ntiir\ttiirdjo\t\u2018job\u2019\ntaol\ttaoldjo\t\u2018peasant\u2019\ntnaom\ttnaomodjo\t\u2018flower\u2019\ntar\ttarrodjo\t\u2018ticket\u2019\nkig\tkigjo\t\u2018roof\u2019\nkung\tkungodjo\t\u2018thing\u2019\nboneuk\tboneukjo\t\u2018noise\u2019\nblisd\tblisdjo\t\u2018canal\u2019\ngimol\tgimoldjo\t\u2018room\u2019\ngiwd\tgiwdjo\t\u2018table\u2019\ngnook\tgnookjo\t\u2018rug\u2019\ngarung\tgarurgjo\t\u2018king\u2019\ngao\tgaodjo\t\u2018cow\u2019\ngam\tgammodjo\t\u2018bowl\u2019\ngaap\tgaapjo\t\u2018purchase\u2019\ngap\tgapjo\t\u2018head\u2019\nnim\tnimmodjo\t\u2018lamb\u2019\nnopon\tnopondjo\t\u2018spoon\u2019\nmir\tmirrodjo\t\u2018male\u2019\nmool\tmooldjo\t\u2018lake\u2019\nraad\traadjo\t\u2018nut\u2019\naam\taampjo\t\u2018uncle\u2019\npiilk\tpiilkjo\t\u2018horse\u2019\npnao\tpnaodjo\t\u2018plough\u2019\npneum\tpneumpjo\t\u2018feather\u2019\npad\tpadjo\t\u2018pot\u2019\nwiim\twiimpjow\t\u2018together\u2019\nwning\twningodjo\t\u2018snake\u2019\nwaop\twaopjo\t\u2018soup\u2019\nwdol\twdollodjo\t\u2018star\u2019\nwdaon\twdaondjo\t\u2018chair\u2019\ndoor\tdoordjo\t\u2018toe\u2019\ndeur\tdeurdjo\t\u2018garden\u2019\nfilm\tfilmpjow\t\u2018warmly\u2019\nfon\tfonnodjow\t\u2018well\u2019\n\n\n",
    "questions": "[{\"question_n\": \"Q 8.1\", \"prompt\": \"What will the diminutive form of the following words be?\", \"subprompts\": [{\"questionpart_n\": \"a. \", \"question\": \"gir \\u2018jug\\u2019\", \"answer\": \"girrodjo\", \"matches_human_scoring\": false, \"fuzzy_matching\": false, \"manual_edit\": false}, {\"questionpart_n\": \"b.\", \"question\": \"gil \\u2018cart\\u2019\", \"answer\": \"gillodjo\", \"matches_human_scoring\": false, \"fuzzy_matching\": false, \"manual_edit\": false}, {\"questionpart_n\": \"c.\", \"question\": \"gfild \\u2018quarter\\u2019\", \"answer\": \"gfildjo\", \"matches_human_scoring\": false, \"fuzzy_matching\": false, \"manual_edit\": false}, {\"questionpart_n\": \"d.\", \"question\": \"ni \\u2018drawer\\u2019\", \"answer\": \"nidjo\", \"matches_human_scoring\": false, \"fuzzy_matching\": false, \"manual_edit\": false}, {\"questionpart_n\": \"e.\", \"question\": \"maokol \\u2018mother\\u2019\", \"answer\": \"maokoldjo\", \"matches_human_scoring\": false, \"fuzzy_matching\": false, \"manual_edit\": false}, {\"questionpart_n\": \"f.\", \"question\": \"luom \\u2018strap\\u2019\", \"answer\": \"luompjo\", \"matches_human_scoring\": false, \"fuzzy_matching\": false, \"manual_edit\": false}, {\"questionpart_n\": \"g.\", \"question\": \"wdun \\u2018quietly\\u2019\", \"answer\": \"wdunnodjow\", \"matches_human_scoring\": false, \"fuzzy_matching\": false, \"manual_edit\": false}, {\"questionpart_n\": \"h.\", \"question\": \"dichon \\u2018table\\u2019\", \"answer\": \"dichondjo\", \"matches_human_scoring\": false, \"fuzzy_matching\": false, \"manual_edit\": false}]}, {\"question_n\": \"Q 8.2\", \"prompt\": \"Which are the two exceptional words? Write them separated by a single comma.\", \"subprompts\": [{\"questionpart_n\": \"i.\", \"question\": \"\", \"answer\": \"[\\\"tnaom, tnaomodjo\\\", \\\"tnaomodjo, tnaom\\\", \\\"garurgjo, garung\\\", \\\"garung, garurgjo\\\"]\", \"matches_human_scoring\": false, \"fuzzy_matching\": false, \"manual_edit\": false}]}]",
    "obfuscated": "True",
    "obf_num": "22",
    "mapping": {
        "b": "t",
        "t": "d",
        "d": "k",
        "k": "g",
        "g": "b",
        "n": "r",
        "r": "l",
        "l": "n",
        "a": "i",
        "e": "o",
        "i": "u",
        "o": "a",
        "u": "e",
        "s": "w",
        "ch": "s",
        "f": "ch",
        "w": "f",
        "m": "m",
        "p": "p",
        "ng": "ng",
        "j": "j"
    }
}