{
    "json_invalid": false,
    "preamble": "A little Language X problem (20 marks)\n\n",
    "context": "In Language X there are various suffixes which can be added to a word to make a diminutive form, meaning roughly \u201clittle\u201d, and sometimes expressing endearment or contempt as in the next table:\n\nteug\t\u2018book\u2019\t\tteugju\t\u2018little book\u2019, \u2018booklet\u2019\npool\t\u2018couple\u2019\t\tpooldju\t\u2018little couple\u2019, \u2018just two\u2019\nloom\t\u2018window\u2019\t\tloompju\t\u2018little window\u2019\nchem\t\u2018sum\u2019\t\tchemmudju\t\u2018little sum\u2019, \u2018small amount\u2019\n\nThe choice of these suffixes follows rules which are generally strict but allow exceptions. Here are some more Language X diminutives, listed in alphabetical order. In this list, two words are exceptions. (Note: all multisyllabic words in this list are stressed on the first syllable, except buniak.)\n\ntoor\ttoordju\t\u2018job\u2019\nteul\tteuldju\t\u2018peasant\u2019\ntneum\ttneumudju\t\u2018flower\u2019\nter\tterrudju\t\u2018ticket\u2019\nkog\tkogju\t\u2018roof\u2019\nkang\tkangudju\t\u2018thing\u2019\nbuniak\tbuniakju\t\u2018noise\u2019\nblofd\tblofdju\t\u2018canal\u2019\ngomul\tgomuldju\t\u2018room\u2019\ngochd\tgochdju\t\u2018table\u2019\ngnuuk\tgnuukju\t\u2018rug\u2019\ngerang\tgerargju\t\u2018king\u2019\ngeu\tgeudju\t\u2018cow\u2019\ngem\tgemmudju\t\u2018bowl\u2019\ngeep\tgeepju\t\u2018purchase\u2019\ngep\tgepju\t\u2018head\u2019\nnom\tnommudju\t\u2018lamb\u2019\nnupun\tnupundju\t\u2018spoon\u2019\nmor\tmorrudju\t\u2018male\u2019\nmuul\tmuuldju\t\u2018lake\u2019\nreed\treedju\t\u2018nut\u2019\neem\teempju\t\u2018uncle\u2019\npoolk\tpoolkju\t\u2018horse\u2019\npneu\tpneudju\t\u2018plough\u2019\npniam\tpniampju\t\u2018feather\u2019\nped\tpedju\t\u2018pot\u2019\nchoom\tchoompjuch\t\u2018together\u2019\nchnong\tchnongudju\t\u2018snake\u2019\ncheup\tcheupju\t\u2018soup\u2019\nchdul\tchdulludju\t\u2018star\u2019\nchdeun\tchdeundju\t\u2018chair\u2019\nduur\tduurdju\t\u2018toe\u2019\ndiar\tdiardju\t\u2018garden\u2019\nsolm\tsolmpjuch\t\u2018warmly\u2019\nsun\tsunnudjuch\t\u2018well\u2019\n\n\n",
    "questions": "[{\"question_n\": \"Q 8.1\", \"prompt\": \"What will the diminutive form of the following words be?\", \"subprompts\": [{\"questionpart_n\": \"a. \", \"question\": \"gor \\u2018jug\\u2019\", \"answer\": \"gorrudju\", \"matches_human_scoring\": false, \"fuzzy_matching\": false, \"manual_edit\": false}, {\"questionpart_n\": \"b.\", \"question\": \"gol \\u2018cart\\u2019\", \"answer\": \"golludju\", \"matches_human_scoring\": false, \"fuzzy_matching\": false, \"manual_edit\": false}, {\"questionpart_n\": \"c.\", \"question\": \"gsold \\u2018quarter\\u2019\", \"answer\": \"gsoldju\", \"matches_human_scoring\": false, \"fuzzy_matching\": false, \"manual_edit\": false}, {\"questionpart_n\": \"d.\", \"question\": \"no \\u2018drawer\\u2019\", \"answer\": \"nodju\", \"matches_human_scoring\": false, \"fuzzy_matching\": false, \"manual_edit\": false}, {\"questionpart_n\": \"e.\", \"question\": \"meukul \\u2018mother\\u2019\", \"answer\": \"meukuldju\", \"matches_human_scoring\": false, \"fuzzy_matching\": false, \"manual_edit\": false}, {\"questionpart_n\": \"f.\", \"question\": \"laum \\u2018strap\\u2019\", \"answer\": \"laumpju\", \"matches_human_scoring\": false, \"fuzzy_matching\": false, \"manual_edit\": false}, {\"questionpart_n\": \"g.\", \"question\": \"chdan \\u2018quietly\\u2019\", \"answer\": \"chdannudjuch\", \"matches_human_scoring\": false, \"fuzzy_matching\": false, \"manual_edit\": false}, {\"questionpart_n\": \"h.\", \"question\": \"dowun \\u2018table\\u2019\", \"answer\": \"dowundju\", \"matches_human_scoring\": false, \"fuzzy_matching\": false, \"manual_edit\": false}]}, {\"question_n\": \"Q 8.2\", \"prompt\": \"Which are the two exceptional words? Write them separated by a single comma.\", \"subprompts\": [{\"questionpart_n\": \"i.\", \"question\": \"\", \"answer\": \"[\\\"tneum, tneumudju\\\", \\\"tneumudju, tneum\\\", \\\"gerargju, gerang\\\", \\\"gerang, gerargju\\\"]\", \"matches_human_scoring\": false, \"fuzzy_matching\": false, \"manual_edit\": false}]}]",
    "obfuscated": "True",
    "obf_num": "19",
    "mapping": {
        "b": "t",
        "t": "d",
        "d": "k",
        "k": "g",
        "g": "b",
        "n": "r",
        "r": "l",
        "l": "n",
        "a": "o",
        "e": "u",
        "i": "a",
        "o": "e",
        "u": "i",
        "s": "ch",
        "ch": "f",
        "f": "w",
        "w": "s",
        "m": "m",
        "p": "p",
        "ng": "ng",
        "j": "j"
    }
}