{
    "json_invalid": false,
    "preamble": "3. Language X [10 marks]\n In the following examples, \u2019 stands for a glottal stop.",
    "context": "a. unifi lumuugu           The male calf is sleeping.\nb. laawiiw sturgu          She sees a bridegroom.\nc. fmuwe                  It is a mouse.\nd. aadooy yuuyo           He is not the donkey.\ne. reeyiid w\u2019iri          The female camel lay down.\nf. usifil muge             The leg is big.\ng. runifi mugr yurro       The female calf is not big.\nh. eeriy rud\u2019isu ridhi     The man ate the food.\ni. haaw rulwun             She collected an ox.\nj. aakiis sturi            She saw the flower.\nk. rulaawi yilumri         The bride is not sleeping.\nl. eedooy w\u2019uugu           The donkey is lying down.\nm. eehiib aayiid ligwuun   The dog is collecting the camel.\nn. tiriih ridiiwe          He has eaten a horse.\no. aahaa luwniiw yuuyo     He has not collected the ox.\np. yun\u2019aaw yuulwun         He is not collecting a shell.\nq. d\u2019isuur ridruguur yurro          She cannot eat food.\nr. aariy yigsuuke          He can meet the man.\ns. hid yurluwun            She is not collecting water.\n",
    "questions": "[{\"question_n\": \"Q 3.1\", \"prompt\": \"Translate into English:\", \"subprompts\": [{\"questionpart_n\": \"1\", \"question\": \"eeyiid aariy stiiwe\", \"answer\": \"The camel has seen the man.\", \"matches_human_scoring\": true, \"fuzzy_matching\": false, \"manual_edit\": false}, {\"questionpart_n\": \"2\", \"question\": \"kiis yiridhi\", \"answer\": \"He does not eat a flower.\", \"matches_human_scoring\": true, \"fuzzy_matching\": false, \"manual_edit\": false}, {\"questionpart_n\": \"3\", \"question\": \"tiriih ridruguure\", \"answer\": \"She can eat a horse.\", \"matches_human_scoring\": true, \"fuzzy_matching\": false, \"manual_edit\": false}, {\"questionpart_n\": \"4\", \"question\": \"eeriy hid ligwuune\", \"answer\": \"The man can collect water.\", \"matches_human_scoring\": true, \"fuzzy_matching\": false, \"manual_edit\": false}, {\"questionpart_n\": \"5\", \"question\": \"dooy sturguur yurro\", \"answer\": \"She cannot see a donkey.\", \"matches_human_scoring\": true, \"fuzzy_matching\": false, \"manual_edit\": false}]}, {\"question_n\": \"Q 3.2\", \"prompt\": \"Translate into Language X:\", \"subprompts\": [{\"questionpart_n\": \"6\", \"question\": \"A man meets the mouse.\", \"answer\": \"riy aafmuw yigsuuk\", \"matches_human_scoring\": true, \"fuzzy_matching\": false, \"manual_edit\": false}, {\"questionpart_n\": \"7\", \"question\": \"The bridegroom is not eating.\", \"answer\": \"ulaawi yiridhi\", \"matches_human_scoring\": true, \"fuzzy_matching\": false, \"manual_edit\": false}, {\"questionpart_n\": \"8\", \"question\": \"The donkey has not eaten the flower.\", \"answer\": \"eedooy aakiis ridiiw yuuyo\", \"matches_human_scoring\": true, \"fuzzy_matching\": false, \"manual_edit\": false}, {\"questionpart_n\": \"9\", \"question\": \"The mouse is not big.\", \"answer\": \"eefmuw mug yuuyo\", \"matches_human_scoring\": true, \"fuzzy_matching\": false, \"manual_edit\": false}, {\"questionpart_n\": \"10\", \"question\": \"The female dog cannot collect oxen.\", \"answer\": \"reehiib haaiiw ligwuunr yurro\", \"matches_human_scoring\": true, \"fuzzy_matching\": false, \"manual_edit\": false}]}]",
    "obfuscated": "True",
    "obf_num": "16",
    "mapping": {
        "s": "b",
        "h": "t",
        "f": "k",
        "l": "n",
        "w": "m",
        "r": "s",
        "y": "h",
        "g": "f",
        "d": "l",
        "b": "w",
        "t": "r",
        "k": "y",
        "n": "g",
        "m": "d",
        "a": "i",
        "e": "o",
        "i": "u",
        "o": "a",
        "u": "e",
        "\u2019": "\u2019"
    }
}