{
    "json_invalid": false,
    "preamble": "3. Language X [10 marks]\n In the following examples, \u2019 stands for a glottal stop.",
    "context": "a. adono mabaala           The male calf is sleeping.\nb. meesoos tyahla          She sees a bridegroom.\nc. nbasi                  It is a mouse.\nd. eewuuf faafu           He is not the donkey.\ne. hiifoow s\u2019oho          The female camel lay down.\nf. atonom bali             The leg is big.\ng. hadono balh fahhu       The female calf is not big.\nh. iihof haw\u2019ota howko     The man ate the food.\ni. kees hamsad             She collected an ox.\nj. eegoot tyaho            She saw the flower.\nk. hameeso fomabho         The bride is not sleeping.\nl. iiwuuf s\u2019aala           The donkey is lying down.\nm. iikoor eefoow molsaad   The dog is collecting the camel.\nn. yohook howoosi          He has eaten a horse.\no. eekee masdoos faafu     He has not collected the ox.\np. fad\u2019ees faamsad         He is not collecting a shell.\nq. w\u2019otaah howhalaah fahhu          She cannot eat food.\nr. eehof foltaagi          He can meet the man.\ns. kow fahmasad            She is not collecting water.\n",
    "questions": "[{\"question_n\": \"Q 3.1\", \"prompt\": \"Translate into English:\", \"subprompts\": [{\"questionpart_n\": \"1\", \"question\": \"iifoow eehof tyoosi\", \"answer\": \"The camel has seen the man.\", \"matches_human_scoring\": true, \"fuzzy_matching\": false, \"manual_edit\": false}, {\"questionpart_n\": \"2\", \"question\": \"goot fohowko\", \"answer\": \"He does not eat a flower.\", \"matches_human_scoring\": true, \"fuzzy_matching\": false, \"manual_edit\": false}, {\"questionpart_n\": \"3\", \"question\": \"yohook howhalaahi\", \"answer\": \"She can eat a horse.\", \"matches_human_scoring\": true, \"fuzzy_matching\": false, \"manual_edit\": false}, {\"questionpart_n\": \"4\", \"question\": \"iihof kow molsaadi\", \"answer\": \"The man can collect water.\", \"matches_human_scoring\": true, \"fuzzy_matching\": false, \"manual_edit\": false}, {\"questionpart_n\": \"5\", \"question\": \"wuuf tyahlaah fahhu\", \"answer\": \"She cannot see a donkey.\", \"matches_human_scoring\": true, \"fuzzy_matching\": false, \"manual_edit\": false}]}, {\"question_n\": \"Q 3.2\", \"prompt\": \"Translate into Language X:\", \"subprompts\": [{\"questionpart_n\": \"6\", \"question\": \"A man meets the mouse.\", \"answer\": \"hof eenbas foltaag\", \"matches_human_scoring\": true, \"fuzzy_matching\": false, \"manual_edit\": false}, {\"questionpart_n\": \"7\", \"question\": \"The bridegroom is not eating.\", \"answer\": \"ameeso fohowko\", \"matches_human_scoring\": true, \"fuzzy_matching\": false, \"manual_edit\": false}, {\"questionpart_n\": \"8\", \"question\": \"The donkey has not eaten the flower.\", \"answer\": \"iiwuuf eegoot howoos faafu\", \"matches_human_scoring\": true, \"fuzzy_matching\": false, \"manual_edit\": false}, {\"questionpart_n\": \"9\", \"question\": \"The mouse is not big.\", \"answer\": \"iinbas bal faafu\", \"matches_human_scoring\": true, \"fuzzy_matching\": false, \"manual_edit\": false}, {\"questionpart_n\": \"10\", \"question\": \"The female dog cannot collect oxen.\", \"answer\": \"hiikoor keeoos molsaadh fahhu\", \"matches_human_scoring\": true, \"fuzzy_matching\": false, \"manual_edit\": false}]}]",
    "obfuscated": "True",
    "obf_num": "21",
    "mapping": {
        "s": "r",
        "h": "y",
        "f": "g",
        "l": "d",
        "w": "b",
        "r": "t",
        "y": "k",
        "g": "n",
        "d": "m",
        "b": "s",
        "t": "h",
        "k": "f",
        "n": "l",
        "m": "w",
        "a": "o",
        "e": "u",
        "i": "a",
        "o": "e",
        "u": "i",
        "\u2019": "\u2019"
    }
}