{
    "json_invalid": false,
    "preamble": "3. Language X [10 marks]\n In the following examples, \u2019 stands for a glottal stop.",
    "context": "a. eguku nedeefe           The male calf is sleeping.\nb. niimuum bresfe          She sees a bridegroom.\nc. kdemo                  It is a mouse.\nd. iilaah heeha           He is not the donkey.\ne. soohuul m\u2019usu          The female camel lay down.\nf. ebukun defo             The leg is big.\ng. seguku defs hessa       The female calf is not big.\nh. oosuh sel\u2019ube sultu     The man ate the food.\ni. tiim senmeg             She collected an ox.\nj. iiyuub bresu            She saw the flower.\nk. seniimu hunedsu         The bride is not sleeping.\nl. oolaah m\u2019eefe           The donkey is lying down.\nm. ootuuw iihuul nufmeeg   The dog is collecting the camel.\nn. rusuut suluumo          He has eaten a horse.\no. iitii nemguum heeha     He has not collected the ox.\np. heg\u2019iim heenmeg         He is not collecting a shell.\nq. l\u2019ubees sulsefees hessa          She cannot eat food.\nr. iisuh hufbeeyo          He can meet the man.\ns. tul hesnemeg            She is not collecting water.\n",
    "questions": "[{\"question_n\": \"Q 3.1\", \"prompt\": \"Translate into English:\", \"subprompts\": [{\"questionpart_n\": \"1\", \"question\": \"oohuul iisuh bruumo\", \"answer\": \"The camel has seen the man.\", \"matches_human_scoring\": true, \"fuzzy_matching\": false, \"manual_edit\": false}, {\"questionpart_n\": \"2\", \"question\": \"yuub husultu\", \"answer\": \"He does not eat a flower.\", \"matches_human_scoring\": true, \"fuzzy_matching\": false, \"manual_edit\": false}, {\"questionpart_n\": \"3\", \"question\": \"rusuut sulsefeeso\", \"answer\": \"She can eat a horse.\", \"matches_human_scoring\": true, \"fuzzy_matching\": false, \"manual_edit\": false}, {\"questionpart_n\": \"4\", \"question\": \"oosuh tul nufmeego\", \"answer\": \"The man can collect water.\", \"matches_human_scoring\": true, \"fuzzy_matching\": false, \"manual_edit\": false}, {\"questionpart_n\": \"5\", \"question\": \"laah bresfees hessa\", \"answer\": \"She cannot see a donkey.\", \"matches_human_scoring\": true, \"fuzzy_matching\": false, \"manual_edit\": false}]}, {\"question_n\": \"Q 3.2\", \"prompt\": \"Translate into Language X:\", \"subprompts\": [{\"questionpart_n\": \"6\", \"question\": \"A man meets the mouse.\", \"answer\": \"suh iikdem hufbeey\", \"matches_human_scoring\": true, \"fuzzy_matching\": false, \"manual_edit\": false}, {\"questionpart_n\": \"7\", \"question\": \"The bridegroom is not eating.\", \"answer\": \"eniimu husultu\", \"matches_human_scoring\": true, \"fuzzy_matching\": false, \"manual_edit\": false}, {\"questionpart_n\": \"8\", \"question\": \"The donkey has not eaten the flower.\", \"answer\": \"oolaah iiyuub suluum heeha\", \"matches_human_scoring\": true, \"fuzzy_matching\": false, \"manual_edit\": false}, {\"questionpart_n\": \"9\", \"question\": \"The mouse is not big.\", \"answer\": \"ookdem def heeha\", \"matches_human_scoring\": true, \"fuzzy_matching\": false, \"manual_edit\": false}, {\"questionpart_n\": \"10\", \"question\": \"The female dog cannot collect oxen.\", \"answer\": \"sootuuw tiiuum nufmeegs hessa\", \"matches_human_scoring\": true, \"fuzzy_matching\": false, \"manual_edit\": false}]}]",
    "obfuscated": "True",
    "obf_num": "1",
    "mapping": {
        "s": "w",
        "h": "r",
        "f": "y",
        "l": "g",
        "w": "d",
        "r": "b",
        "y": "t",
        "g": "k",
        "d": "n",
        "b": "m",
        "t": "s",
        "k": "h",
        "n": "f",
        "m": "l",
        "a": "u",
        "e": "a",
        "i": "e",
        "o": "i",
        "u": "o",
        "\u2019": "\u2019"
    }
}