{
    "json_invalid": false,
    "preamble": "3. Language X [10 marks]\n In the following examples, \u2019 stands for a glottal stop.",
    "context": "a. utisi hukuuru           The male calf is sleeping.\nb. haafiif ndulru          She sees a bridegroom.\nc. skufe                  It is a mouse.\nd. aayoow wuuwo           He is not the donkey.\ne. leewiiy f\u2019ili          The female camel lay down.\nf. unisih kure             The leg is big.\ng. lutisi kurl wullo       The female calf is not big.\nh. eeliw luy\u2019inu liymi     The man ate the food.\ni. maaf luhfut             She collected an ox.\nj. aabiin nduli            She saw the flower.\nk. luhaafi wihukli         The bride is not sleeping.\nl. eeyoow f\u2019uuru           The donkey is lying down.\nm. eemiig aawiiy hirfuut   The dog is collecting the camel.\nn. diliim liyiife          He has eaten a horse.\no. aamaa huftiif wuuwo     He has not collected the ox.\np. wut\u2019aaf wuuhfut         He is not collecting a shell.\nq. y\u2019inuul liyluruul wullo          She cannot eat food.\nr. aaliw wirnuube          He can meet the man.\ns. miy wulhufut            She is not collecting water.\n",
    "questions": "[{\"question_n\": \"Q 3.1\", \"prompt\": \"Translate into English:\", \"subprompts\": [{\"questionpart_n\": \"1\", \"question\": \"eewiiy aaliw ndiife\", \"answer\": \"The camel has seen the man.\", \"matches_human_scoring\": true, \"fuzzy_matching\": false, \"manual_edit\": false}, {\"questionpart_n\": \"2\", \"question\": \"biin wiliymi\", \"answer\": \"He does not eat a flower.\", \"matches_human_scoring\": true, \"fuzzy_matching\": false, \"manual_edit\": false}, {\"questionpart_n\": \"3\", \"question\": \"diliim liyluruule\", \"answer\": \"She can eat a horse.\", \"matches_human_scoring\": true, \"fuzzy_matching\": false, \"manual_edit\": false}, {\"questionpart_n\": \"4\", \"question\": \"eeliw miy hirfuute\", \"answer\": \"The man can collect water.\", \"matches_human_scoring\": true, \"fuzzy_matching\": false, \"manual_edit\": false}, {\"questionpart_n\": \"5\", \"question\": \"yoow ndulruul wullo\", \"answer\": \"She cannot see a donkey.\", \"matches_human_scoring\": true, \"fuzzy_matching\": false, \"manual_edit\": false}]}, {\"question_n\": \"Q 3.2\", \"prompt\": \"Translate into Language X:\", \"subprompts\": [{\"questionpart_n\": \"6\", \"question\": \"A man meets the mouse.\", \"answer\": \"liw aaskuf wirnuub\", \"matches_human_scoring\": true, \"fuzzy_matching\": false, \"manual_edit\": false}, {\"questionpart_n\": \"7\", \"question\": \"The bridegroom is not eating.\", \"answer\": \"uhaafi wiliymi\", \"matches_human_scoring\": true, \"fuzzy_matching\": false, \"manual_edit\": false}, {\"questionpart_n\": \"8\", \"question\": \"The donkey has not eaten the flower.\", \"answer\": \"eeyoow aabiin liyiif wuuwo\", \"matches_human_scoring\": true, \"fuzzy_matching\": false, \"manual_edit\": false}, {\"questionpart_n\": \"9\", \"question\": \"The mouse is not big.\", \"answer\": \"eeskuf kur wuuwo\", \"matches_human_scoring\": true, \"fuzzy_matching\": false, \"manual_edit\": false}, {\"questionpart_n\": \"10\", \"question\": \"The female dog cannot collect oxen.\", \"answer\": \"leemiig maaiif hirfuutl wullo\", \"matches_human_scoring\": true, \"fuzzy_matching\": false, \"manual_edit\": false}]}]",
    "obfuscated": "True",
    "obf_num": "17",
    "mapping": {
        "s": "g",
        "h": "d",
        "f": "b",
        "l": "t",
        "w": "k",
        "r": "n",
        "y": "m",
        "g": "s",
        "d": "h",
        "b": "f",
        "t": "l",
        "k": "w",
        "n": "r",
        "m": "y",
        "a": "i",
        "e": "o",
        "i": "u",
        "o": "a",
        "u": "e",
        "\u2019": "\u2019"
    }
}