{
    "preamble": "3. Language X [10 marks]\n In the following examples, \u2019 stands for a glottal stop.",
    "context": "a. ilaga diwiini           The male calf is sleeping.\nb. doobaab rhitni          She sees a bridegroom.\nc. gwibu                  It is a mouse.\nd. oomeek kiike           He is not the donkey.\ne. tuukaam b\u2019ata          The female camel lay down.\nf. iragad winu             The leg is big.\ng. tilaga wint kitte       The female calf is not big.\nh. uutak tim\u2019ari tamya     The man ate the food.\ni. yoob tidbil             She collected an ox.\nj. oofaar rhita            She saw the flower.\nk. tidooba kadiwta         The bride is not sleeping.\nl. uumeek b\u2019iini           The donkey is lying down.\nm. uuyaas ookaam danbiil   The dog is collecting the camel.\nn. hataay tamaabu          He has eaten a horse.\no. ooyoo diblaab kiike     He has not collected the ox.\np. kil\u2019oob kiidbil         He is not collecting a shell.\nq. m\u2019ariit tamtiniit kitte          She cannot eat food.\nr. ootak kanriifu          He can meet the man.\ns. yam kitdibil            She is not collecting water.\n",
    "questions": "[{\"question_n\": \"Q 3.1\", \"prompt\": \"Translate into English:\", \"subprompts\": [{\"questionpart_n\": \"1\", \"question\": \"uukaam ootak rhaabu\", \"answer\": \"The camel has seen the man.\", \"matches_human_scoring\": true, \"fuzzy_matching\": false, \"manual_edit\": false}, {\"questionpart_n\": \"2\", \"question\": \"faar katamya\", \"answer\": \"He does not eat a flower.\", \"matches_human_scoring\": true, \"fuzzy_matching\": false, \"manual_edit\": false}, {\"questionpart_n\": \"3\", \"question\": \"hataay tamtiniitu\", \"answer\": \"She can eat a horse.\", \"matches_human_scoring\": true, \"fuzzy_matching\": false, \"manual_edit\": false}, {\"questionpart_n\": \"4\", \"question\": \"uutak yam danbiilu\", \"answer\": \"The man can collect water.\", \"matches_human_scoring\": true, \"fuzzy_matching\": false, \"manual_edit\": false}, {\"questionpart_n\": \"5\", \"question\": \"meek rhitniit kitte\", \"answer\": \"She cannot see a donkey.\", \"matches_human_scoring\": true, \"fuzzy_matching\": false, \"manual_edit\": false}]}, {\"question_n\": \"Q 3.2\", \"prompt\": \"Translate into Language X:\", \"subprompts\": [{\"questionpart_n\": \"6\", \"question\": \"A man meets the mouse.\", \"answer\": \"tak oogwib kanriif\", \"matches_human_scoring\": true, \"fuzzy_matching\": false, \"manual_edit\": false}, {\"questionpart_n\": \"7\", \"question\": \"The bridegroom is not eating.\", \"answer\": \"idooba katamya\", \"matches_human_scoring\": true, \"fuzzy_matching\": false, \"manual_edit\": false}, {\"questionpart_n\": \"8\", \"question\": \"The donkey has not eaten the flower.\", \"answer\": \"uumeek oofaar tamaab kiike\", \"matches_human_scoring\": true, \"fuzzy_matching\": false, \"manual_edit\": false}, {\"questionpart_n\": \"9\", \"question\": \"The mouse is not big.\", \"answer\": \"uugwib win kiike\", \"matches_human_scoring\": true, \"fuzzy_matching\": false, \"manual_edit\": false}, {\"questionpart_n\": \"10\", \"question\": \"The female dog cannot collect oxen.\", \"answer\": \"tuuyaas yooaab danbiilt kitte\", \"matches_human_scoring\": true, \"fuzzy_matching\": false, \"manual_edit\": false}]}]",
    "notes": "",
    "answers_page": 0,
    "team_review": false,
    "obfuscated": "False",
    "obf_num": "0",
    "mapping": null,
    "json_invalid": false
}