{
    "json_invalid": false,
    "preamble": "1. What time is it  ? (5 marks)\n",
    "context": "  The following expressions show how to tell the time in Language X:\nLumm ap elt 'It's 1:00'\nLumm ap lilt 'It's 2:00'\nBuusiph lilt '1:15'\nRaam pumu\u0308 '3:30'\nLamnbuusiph eltvuu\u0308tv '10:45'\nBu\u0308u\u0308t minutit elt modu\u0308 '1:05'\n\nHere are some numbers in English and Language X:\n6\tla\u0308a\u0308t\n7\ttuu\u0308vtu\n8\tlikulti\n9\tekulti\n10\tlennu\n",
    "questions": "[{\"question_n\": \"Q 1.1. \", \"prompt\": \"Translate the following times into Language X:\", \"subprompts\": [{\"questionpart_n\": \"a.\", \"question\": \"8:45\", \"answer\": \"lamnbuusiph ekulti\", \"matches_human_scoring\": false, \"fuzzy_matching\": false, \"manual_edit\": false}, {\"questionpart_n\": \"b.\", \"question\": \"4:15\", \"answer\": \"buusiph bu\u0308u\u0308t\", \"matches_human_scoring\": false, \"fuzzy_matching\": false, \"manual_edit\": false}, {\"questionpart_n\": \"c.\", \"question\": \"11:30\", \"answer\": \"raam liltvuu\u0308tv\", \"matches_human_scoring\": false, \"fuzzy_matching\": false, \"manual_edit\": false}, {\"questionpart_n\": \"d.\", \"question\": \"7:05\", \"answer\": \"bu\u0308u\u0308t minutit tuu\u0308vtu modu\u0308\", \"matches_human_scoring\": false, \"fuzzy_matching\": false, \"manual_edit\": false}, {\"questionpart_n\": \"e.\", \"question\": \"12:30\", \"answer\": \"raam elt\", \"matches_human_scoring\": false, \"fuzzy_matching\": false, \"manual_edit\": false}]}, {\"question_n\": \"Q 1.2 \", \"prompt\": \"Translate the following Language X words into digital times:\", \"subprompts\": [{\"questionpart_n\": \"a.\", \"question\": \"Liltlennuph bu\u0308u\u0308t minutit ekulti modu\u0308\", \"answer\": \"[\\\"9:25\\\", \\\"09:25\\\"]\", \"matches_human_scoring\": false, \"fuzzy_matching\": false, \"manual_edit\": false}, {\"questionpart_n\": \"b.\", \"question\": \"Buusiph pumu\u0308\", \"answer\": \"[\\\"3:15\\\", \\\"03:15\\\"]\", \"matches_human_scoring\": false, \"fuzzy_matching\": false, \"manual_edit\": false}, {\"questionpart_n\": \"c.\", \"question\": \"Raam lamn\", \"answer\": \"[\\\"2:30\\\", \\\"14:30\\\", \\\"02:30\\\"]\", \"matches_human_scoring\": false, \"fuzzy_matching\": false, \"manual_edit\": false}, {\"questionpart_n\": \"d.\", \"question\": \"Lamnbuusiph liltvuu\u0308tv\", \"answer\": \"11:45\", \"matches_human_scoring\": false, \"fuzzy_matching\": false, \"manual_edit\": false}, {\"questionpart_n\": \"e.\", \"question\": \"Lamnlennuph bu\u0308u\u0308t minutit la\u0308a\u0308t modu\u0308\", \"answer\": \"[\\\"6:35\\\", \\\"06:35\\\"]\", \"matches_human_scoring\": false, \"fuzzy_matching\": false, \"manual_edit\": false}]}]",
    "obfuscated": "True",
    "obf_num": "11",
    "mapping": {
        "b": "d",
        "d": "h",
        "h": "k",
        "k": "l",
        "l": "m",
        "m": "n",
        "n": "p",
        "p": "r",
        "r": "s",
        "s": "t",
        "t": "v",
        "v": "b",
        "a": "i",
        "a\u0308": "o",
        "e": "u",
        "i": "u\u0308",
        "o": "a",
        "u": "a\u0308",
        "u\u0308": "e",
        "minutit": "minutit"
    }
}