{
    "json_invalid": false,
    "preamble": "1. What time is it  ? (5 marks)\n",
    "context": "  The following expressions show how to tell the time in Language X:\nBudd ak ebn 'It's 1:00'\nBudd ak bibn 'It's 2:00'\nRuumikt bibn '1:15'\nLaad kudu\u0308 '3:30'\nBadhruumikt ebnpuu\u0308np '10:45'\nRu\u0308u\u0308n minutit ebn dosu\u0308 '1:05'\n\nHere are some numbers in English and Language X:\n6\tba\u0308a\u0308n\n7\tnuu\u0308pnu\n8\tbivubni\n9\tevubni\n10\tbehhu\n",
    "questions": "[{\"question_n\": \"Q 1.1. \", \"prompt\": \"Translate the following times into Language X:\", \"subprompts\": [{\"questionpart_n\": \"a.\", \"question\": \"8:45\", \"answer\": \"badhruumikt evubni\", \"matches_human_scoring\": false, \"fuzzy_matching\": false, \"manual_edit\": false}, {\"questionpart_n\": \"b.\", \"question\": \"4:15\", \"answer\": \"ruumikt ru\u0308u\u0308n\", \"matches_human_scoring\": false, \"fuzzy_matching\": false, \"manual_edit\": false}, {\"questionpart_n\": \"c.\", \"question\": \"11:30\", \"answer\": \"laad bibnpuu\u0308np\", \"matches_human_scoring\": false, \"fuzzy_matching\": false, \"manual_edit\": false}, {\"questionpart_n\": \"d.\", \"question\": \"7:05\", \"answer\": \"ru\u0308u\u0308n minutit nuu\u0308pnu dosu\u0308\", \"matches_human_scoring\": false, \"fuzzy_matching\": false, \"manual_edit\": false}, {\"questionpart_n\": \"e.\", \"question\": \"12:30\", \"answer\": \"laad ebn\", \"matches_human_scoring\": false, \"fuzzy_matching\": false, \"manual_edit\": false}]}, {\"question_n\": \"Q 1.2 \", \"prompt\": \"Translate the following Language X words into digital times:\", \"subprompts\": [{\"questionpart_n\": \"a.\", \"question\": \"Bibnbehhukt ru\u0308u\u0308n minutit evubni dosu\u0308\", \"answer\": \"[\\\"9:25\\\", \\\"09:25\\\"]\", \"matches_human_scoring\": false, \"fuzzy_matching\": false, \"manual_edit\": false}, {\"questionpart_n\": \"b.\", \"question\": \"Ruumikt kudu\u0308\", \"answer\": \"[\\\"3:15\\\", \\\"03:15\\\"]\", \"matches_human_scoring\": false, \"fuzzy_matching\": false, \"manual_edit\": false}, {\"questionpart_n\": \"c.\", \"question\": \"Laad badh\", \"answer\": \"[\\\"2:30\\\", \\\"14:30\\\", \\\"02:30\\\"]\", \"matches_human_scoring\": false, \"fuzzy_matching\": false, \"manual_edit\": false}, {\"questionpart_n\": \"d.\", \"question\": \"Badhruumikt bibnpuu\u0308np\", \"answer\": \"11:45\", \"matches_human_scoring\": false, \"fuzzy_matching\": false, \"manual_edit\": false}, {\"questionpart_n\": \"e.\", \"question\": \"Badhbehhukt ru\u0308u\u0308n minutit ba\u0308a\u0308n dosu\u0308\", \"answer\": \"[\\\"6:35\\\", \\\"06:35\\\"]\", \"matches_human_scoring\": false, \"fuzzy_matching\": false, \"manual_edit\": false}]}]",
    "obfuscated": "True",
    "obf_num": "26",
    "mapping": {
        "b": "s",
        "d": "t",
        "h": "v",
        "k": "b",
        "l": "d",
        "m": "h",
        "n": "k",
        "p": "l",
        "r": "m",
        "s": "n",
        "t": "p",
        "v": "r",
        "a": "i",
        "a\u0308": "o",
        "e": "u",
        "i": "u\u0308",
        "o": "a",
        "u": "a\u0308",
        "u\u0308": "e",
        "minutit": "minutit"
    }
}