{
    "json_invalid": false,
    "preamble": "1. What time is it  ? (5 marks)\n",
    "context": "  The following expressions show how to tell the time in Language X:\nVobb u\u0308h a\u0308vm 'It's 1:00'\nVobb u\u0308h vevm 'It's 2:00'\nPoolehs vevm '1:15'\nKu\u0308u\u0308b hobu '3:30'\nVu\u0308bdpoolehs a\u0308vmnoumn '10:45'\nPuum minutit a\u0308vm biru '1:05'\n\nHere are some numbers in English and Language X:\n6\tvaam\n7\tmounmo\n8\tvetovme\n9\ta\u0308tovme\n10\tva\u0308ddo\n",
    "questions": "[{\"question_n\": \"Q 1.1. \", \"prompt\": \"Translate the following times into Language X:\", \"subprompts\": [{\"questionpart_n\": \"a.\", \"question\": \"8:45\", \"answer\": \"vu\u0308bdpoolehs a\u0308tovme\", \"matches_human_scoring\": false, \"fuzzy_matching\": false, \"manual_edit\": false}, {\"questionpart_n\": \"b.\", \"question\": \"4:15\", \"answer\": \"poolehs puum\", \"matches_human_scoring\": false, \"fuzzy_matching\": false, \"manual_edit\": false}, {\"questionpart_n\": \"c.\", \"question\": \"11:30\", \"answer\": \"ku\u0308u\u0308b vevmnoumn\", \"matches_human_scoring\": false, \"fuzzy_matching\": false, \"manual_edit\": false}, {\"questionpart_n\": \"d.\", \"question\": \"7:05\", \"answer\": \"puum minutit mounmo biru\", \"matches_human_scoring\": false, \"fuzzy_matching\": false, \"manual_edit\": false}, {\"questionpart_n\": \"e.\", \"question\": \"12:30\", \"answer\": \"ku\u0308u\u0308b a\u0308vm\", \"matches_human_scoring\": false, \"fuzzy_matching\": false, \"manual_edit\": false}]}, {\"question_n\": \"Q 1.2 \", \"prompt\": \"Translate the following Language X words into digital times:\", \"subprompts\": [{\"questionpart_n\": \"a.\", \"question\": \"Vevmva\u0308ddohs puum minutit a\u0308tovme biru\", \"answer\": \"[\\\"9:25\\\", \\\"09:25\\\"]\", \"matches_human_scoring\": false, \"fuzzy_matching\": false, \"manual_edit\": false}, {\"questionpart_n\": \"b.\", \"question\": \"Poolehs hobu\", \"answer\": \"[\\\"3:15\\\", \\\"03:15\\\"]\", \"matches_human_scoring\": false, \"fuzzy_matching\": false, \"manual_edit\": false}, {\"questionpart_n\": \"c.\", \"question\": \"Ku\u0308u\u0308b vu\u0308bd\", \"answer\": \"[\\\"2:30\\\", \\\"14:30\\\", \\\"02:30\\\"]\", \"matches_human_scoring\": false, \"fuzzy_matching\": false, \"manual_edit\": false}, {\"questionpart_n\": \"d.\", \"question\": \"Vu\u0308bdpoolehs vevmnoumn\", \"answer\": \"11:45\", \"matches_human_scoring\": false, \"fuzzy_matching\": false, \"manual_edit\": false}, {\"questionpart_n\": \"e.\", \"question\": \"Vu\u0308bdva\u0308ddohs puum minutit vaam biru\", \"answer\": \"[\\\"6:35\\\", \\\"06:35\\\"]\", \"matches_human_scoring\": false, \"fuzzy_matching\": false, \"manual_edit\": false}]}]",
    "obfuscated": "True",
    "obf_num": "7",
    "mapping": {
        "b": "r",
        "d": "s",
        "h": "t",
        "k": "v",
        "l": "b",
        "m": "d",
        "n": "h",
        "p": "k",
        "r": "l",
        "s": "m",
        "t": "n",
        "v": "p",
        "a": "e",
        "a\u0308": "i",
        "e": "o",
        "i": "u",
        "o": "u\u0308",
        "u": "a",
        "u\u0308": "a\u0308",
        "minutit": "minutit"
    }
}