{
    "json_invalid": false,
    "preamble": "1. What time is it  ? (5 marks)\n",
    "context": "  The following expressions show how to tell the time in Language X:\nBidd uk abn 'It's 1:00'\nBidd uk ba\u0308bn 'It's 2:00'\nRiima\u0308kt ba\u0308bn '1:15'\nLuud kido '3:30'\nBudhriima\u0308kt abnpionp '10:45'\nRoon minutit abn deso '1:05'\n\nHere are some numbers in English and Language X:\n6\tbu\u0308u\u0308n\n7\tniopni\n8\tba\u0308vibna\u0308\n9\tavibna\u0308\n10\tbahhi\n",
    "questions": "[{\"question_n\": \"Q 1.1. \", \"prompt\": \"Translate the following times into Language X:\", \"subprompts\": [{\"questionpart_n\": \"a.\", \"question\": \"8:45\", \"answer\": \"budhriima\u0308kt avibna\u0308\", \"matches_human_scoring\": false, \"fuzzy_matching\": false, \"manual_edit\": false}, {\"questionpart_n\": \"b.\", \"question\": \"4:15\", \"answer\": \"riima\u0308kt roon\", \"matches_human_scoring\": false, \"fuzzy_matching\": false, \"manual_edit\": false}, {\"questionpart_n\": \"c.\", \"question\": \"11:30\", \"answer\": \"luud ba\u0308bnpionp\", \"matches_human_scoring\": false, \"fuzzy_matching\": false, \"manual_edit\": false}, {\"questionpart_n\": \"d.\", \"question\": \"7:05\", \"answer\": \"roon minutit niopni deso\", \"matches_human_scoring\": false, \"fuzzy_matching\": false, \"manual_edit\": false}, {\"questionpart_n\": \"e.\", \"question\": \"12:30\", \"answer\": \"luud abn\", \"matches_human_scoring\": false, \"fuzzy_matching\": false, \"manual_edit\": false}]}, {\"question_n\": \"Q 1.2 \", \"prompt\": \"Translate the following Language X words into digital times:\", \"subprompts\": [{\"questionpart_n\": \"a.\", \"question\": \"Ba\u0308bnbahhikt roon minutit avibna\u0308 deso\", \"answer\": \"[\\\"9:25\\\", \\\"09:25\\\"]\", \"matches_human_scoring\": false, \"fuzzy_matching\": false, \"manual_edit\": false}, {\"questionpart_n\": \"b.\", \"question\": \"Riima\u0308kt kido\", \"answer\": \"[\\\"3:15\\\", \\\"03:15\\\"]\", \"matches_human_scoring\": false, \"fuzzy_matching\": false, \"manual_edit\": false}, {\"questionpart_n\": \"c.\", \"question\": \"Luud budh\", \"answer\": \"[\\\"2:30\\\", \\\"14:30\\\", \\\"02:30\\\"]\", \"matches_human_scoring\": false, \"fuzzy_matching\": false, \"manual_edit\": false}, {\"questionpart_n\": \"d.\", \"question\": \"Budhriima\u0308kt ba\u0308bnpionp\", \"answer\": \"11:45\", \"matches_human_scoring\": false, \"fuzzy_matching\": false, \"manual_edit\": false}, {\"questionpart_n\": \"e.\", \"question\": \"Budhbahhikt roon minutit bu\u0308u\u0308n deso\", \"answer\": \"[\\\"6:35\\\", \\\"06:35\\\"]\", \"matches_human_scoring\": false, \"fuzzy_matching\": false, \"manual_edit\": false}]}]",
    "obfuscated": "True",
    "obf_num": "30",
    "mapping": {
        "b": "s",
        "d": "t",
        "h": "v",
        "k": "b",
        "l": "d",
        "m": "h",
        "n": "k",
        "p": "l",
        "r": "m",
        "s": "n",
        "t": "p",
        "v": "r",
        "a": "a\u0308",
        "a\u0308": "e",
        "e": "i",
        "i": "o",
        "o": "u",
        "u": "u\u0308",
        "u\u0308": "a",
        "minutit": "minutit"
    }
}