{
    "json_invalid": false,
    "preamble": "1. What time is it  ? (5 marks)\n",
    "context": "  The following expressions show how to tell the time in Language X:\nDihh ul adp 'It's 1:00'\nDihh ul da\u0308dp 'It's 2:00'\nSiina\u0308lv da\u0308dp '1:15'\nMuuh liho '3:30'\nDuhksiina\u0308lv adpriopr '10:45'\nSoop minutit adp heto '1:05'\n\nHere are some numbers in English and Language X:\n6\tdu\u0308u\u0308p\n7\tpiorpi\n8\tda\u0308bidpa\u0308\n9\tabidpa\u0308\n10\tdakki\n",
    "questions": "[{\"question_n\": \"Q 1.1. \", \"prompt\": \"Translate the following times into Language X:\", \"subprompts\": [{\"questionpart_n\": \"a.\", \"question\": \"8:45\", \"answer\": \"duhksiina\u0308lv abidpa\u0308\", \"matches_human_scoring\": false, \"fuzzy_matching\": false, \"manual_edit\": false}, {\"questionpart_n\": \"b.\", \"question\": \"4:15\", \"answer\": \"siina\u0308lv soop\", \"matches_human_scoring\": false, \"fuzzy_matching\": false, \"manual_edit\": false}, {\"questionpart_n\": \"c.\", \"question\": \"11:30\", \"answer\": \"muuh da\u0308dpriopr\", \"matches_human_scoring\": false, \"fuzzy_matching\": false, \"manual_edit\": false}, {\"questionpart_n\": \"d.\", \"question\": \"7:05\", \"answer\": \"soop minutit piorpi heto\", \"matches_human_scoring\": false, \"fuzzy_matching\": false, \"manual_edit\": false}, {\"questionpart_n\": \"e.\", \"question\": \"12:30\", \"answer\": \"muuh adp\", \"matches_human_scoring\": false, \"fuzzy_matching\": false, \"manual_edit\": false}]}, {\"question_n\": \"Q 1.2 \", \"prompt\": \"Translate the following Language X words into digital times:\", \"subprompts\": [{\"questionpart_n\": \"a.\", \"question\": \"Da\u0308dpdakkilv soop minutit abidpa\u0308 heto\", \"answer\": \"[\\\"9:25\\\", \\\"09:25\\\"]\", \"matches_human_scoring\": false, \"fuzzy_matching\": false, \"manual_edit\": false}, {\"questionpart_n\": \"b.\", \"question\": \"Siina\u0308lv liho\", \"answer\": \"[\\\"3:15\\\", \\\"03:15\\\"]\", \"matches_human_scoring\": false, \"fuzzy_matching\": false, \"manual_edit\": false}, {\"questionpart_n\": \"c.\", \"question\": \"Muuh duhk\", \"answer\": \"[\\\"2:30\\\", \\\"14:30\\\", \\\"02:30\\\"]\", \"matches_human_scoring\": false, \"fuzzy_matching\": false, \"manual_edit\": false}, {\"questionpart_n\": \"d.\", \"question\": \"Duhksiina\u0308lv da\u0308dpriopr\", \"answer\": \"11:45\", \"matches_human_scoring\": false, \"fuzzy_matching\": false, \"manual_edit\": false}, {\"questionpart_n\": \"e.\", \"question\": \"Duhkdakkilv soop minutit du\u0308u\u0308p heto\", \"answer\": \"[\\\"6:35\\\", \\\"06:35\\\"]\", \"matches_human_scoring\": false, \"fuzzy_matching\": false, \"manual_edit\": false}]}]",
    "obfuscated": "True",
    "obf_num": "10",
    "mapping": {
        "b": "t",
        "d": "v",
        "h": "b",
        "k": "d",
        "l": "h",
        "m": "k",
        "n": "l",
        "p": "m",
        "r": "n",
        "s": "p",
        "t": "r",
        "v": "s",
        "a": "a\u0308",
        "a\u0308": "e",
        "e": "i",
        "i": "o",
        "o": "u",
        "u": "u\u0308",
        "u\u0308": "a",
        "minutit": "minutit"
    }
}