{
    "json_invalid": false,
    "preamble": "1. What time is it  ? (5 marks)\n",
    "context": "  The following expressions show how to tell the time in Language X:\nSa\u0308tt ib usk 'It's 1:00'\nSa\u0308tt ib su\u0308sk 'It's 2:00'\nMa\u0308a\u0308hu\u0308bp su\u0308sk '1:15'\nDiit ba\u0308te '3:30'\nSitvma\u0308a\u0308hu\u0308bp uskla\u0308ekl '10:45'\nMeek minutit usk tane '1:05'\n\nHere are some numbers in English and Language X:\n6\tsook\n7\tka\u0308elka\u0308\n8\tsu\u0308ra\u0308sku\u0308\n9\tura\u0308sku\u0308\n10\tsuvva\u0308\n",
    "questions": "[{\"question_n\": \"Q 1.1. \", \"prompt\": \"Translate the following times into Language X:\", \"subprompts\": [{\"questionpart_n\": \"a.\", \"question\": \"8:45\", \"answer\": \"sitvma\u0308a\u0308hu\u0308bp ura\u0308sku\u0308\", \"matches_human_scoring\": false, \"fuzzy_matching\": false, \"manual_edit\": false}, {\"questionpart_n\": \"b.\", \"question\": \"4:15\", \"answer\": \"ma\u0308a\u0308hu\u0308bp meek\", \"matches_human_scoring\": false, \"fuzzy_matching\": false, \"manual_edit\": false}, {\"questionpart_n\": \"c.\", \"question\": \"11:30\", \"answer\": \"diit su\u0308skla\u0308ekl\", \"matches_human_scoring\": false, \"fuzzy_matching\": false, \"manual_edit\": false}, {\"questionpart_n\": \"d.\", \"question\": \"7:05\", \"answer\": \"meek minutit ka\u0308elka\u0308 tane\", \"matches_human_scoring\": false, \"fuzzy_matching\": false, \"manual_edit\": false}, {\"questionpart_n\": \"e.\", \"question\": \"12:30\", \"answer\": \"diit usk\", \"matches_human_scoring\": false, \"fuzzy_matching\": false, \"manual_edit\": false}]}, {\"question_n\": \"Q 1.2 \", \"prompt\": \"Translate the following Language X words into digital times:\", \"subprompts\": [{\"questionpart_n\": \"a.\", \"question\": \"Su\u0308sksuvva\u0308bp meek minutit ura\u0308sku\u0308 tane\", \"answer\": \"[\\\"9:25\\\", \\\"09:25\\\"]\", \"matches_human_scoring\": false, \"fuzzy_matching\": false, \"manual_edit\": false}, {\"questionpart_n\": \"b.\", \"question\": \"Ma\u0308a\u0308hu\u0308bp ba\u0308te\", \"answer\": \"[\\\"3:15\\\", \\\"03:15\\\"]\", \"matches_human_scoring\": false, \"fuzzy_matching\": false, \"manual_edit\": false}, {\"questionpart_n\": \"c.\", \"question\": \"Diit sitv\", \"answer\": \"[\\\"2:30\\\", \\\"14:30\\\", \\\"02:30\\\"]\", \"matches_human_scoring\": false, \"fuzzy_matching\": false, \"manual_edit\": false}, {\"questionpart_n\": \"d.\", \"question\": \"Sitvma\u0308a\u0308hu\u0308bp su\u0308skla\u0308ekl\", \"answer\": \"11:45\", \"matches_human_scoring\": false, \"fuzzy_matching\": false, \"manual_edit\": false}, {\"questionpart_n\": \"e.\", \"question\": \"Sitvsuvva\u0308bp meek minutit sook tane\", \"answer\": \"[\\\"6:35\\\", \\\"06:35\\\"]\", \"matches_human_scoring\": false, \"fuzzy_matching\": false, \"manual_edit\": false}]}]",
    "obfuscated": "True",
    "obf_num": "6",
    "mapping": {
        "b": "n",
        "d": "p",
        "h": "r",
        "k": "s",
        "l": "t",
        "m": "v",
        "n": "b",
        "p": "d",
        "r": "h",
        "s": "k",
        "t": "l",
        "v": "m",
        "a": "u\u0308",
        "a\u0308": "a",
        "e": "a\u0308",
        "i": "e",
        "o": "i",
        "u": "o",
        "u\u0308": "u",
        "minutit": "minutit"
    }
}