{
    "json_invalid": false,
    "preamble": "Question 5: Language X (25 marks)",
    "context": "Here are some words in Language X and their English translations. The words in Language X are all formed by a stem and an ending (or suffix); for instance, z\u0131mas\u0327s\u0131 consists of z\u0131mas\u0327- followed by -s\u0131.\n\n z\u0131mas\u0327s\u0131\t wrestler\n zacz\u0131\t lookout, optician\n \u0131sdenc\u0327\u0131c\t unsuccessful\n \u0131c\u0327\u0131rc\u0327\u0131c\t nameless\n o\u0308mrelzi  forester\n c\u0327o\u0308lc\u0327u\u0308c\t endless\n \u0131ss\u0131z\u0131\t drunkard\n kesekc\u0327\u0131c \tlacking strength\n demu\u0308ksu\u0308\t gunpowder maker\n c\u0327\u0131kc\u0327\u0131c\t lacking milk\n denissi\t fisherman\n temec\u0327ic\t cashless\n ru\u0308rzu\u0308\t candlemaker\n\n Pronunciation notes:\n\u00e7, c and \u015f like the first consonant in church, job, shoe.\ne, i are like in pet, pit, with the lips spread.\n\u00f6 and \u00fc are like e and i, but with the lips rounded.\no and u are like pot and put, with the lips rounded.\na and \u0131 (NB: no dot) are like o and u, but with the lips spread.",
    "questions": "[{\"question_n\": \"Q 5.1\", \"prompt\": \"Two of the above words are exceptions because they are loanwords from another language, and so don\\u2019t follow the same rules that the other words follow. Which two words are they?\", \"subprompts\": [{\"questionpart_n\": \"a\", \"question\": \"\", \"answer\": \"[\\\"\u0131sdenc\u0327\u0131c\\\", \\\"kesekc\u0327\u0131c\\\"]\", \"matches_human_scoring\": true, \"fuzzy_matching\": false, \"manual_edit\": false}]}, {\"question_n\": \"Q 5.2\", \"prompt\": \"Translate into Language X:  (NB Make sure you distinguish i and \\u0131 in your answer; it is better not to use capital letters.)\", \"subprompts\": [{\"questionpart_n\": \"a\", \"question\": \"milkman\", \"answer\": \"c\u0327\u0131ks\u0131\", \"matches_human_scoring\": true, \"fuzzy_matching\": false, \"manual_edit\": false}, {\"questionpart_n\": \"b\", \"question\": \"blind\", \"answer\": \"zacc\u0327\u0131c\", \"matches_human_scoring\": true, \"fuzzy_matching\": false, \"manual_edit\": false}]}, {\"question_n\": \"Q 5.3\", \"prompt\": \"Here are two more words in Language X (which are not loanwords): g\u0131n (language), senit (form, shape). Translate into Language X: (Again, make sure you distinguish i and \\u0131 in your answer; it is better not to use capital letters.) \", \"subprompts\": [{\"questionpart_n\": \"a\", \"question\": \"linguist\", \"answer\": \"g\u0131nz\u0131\", \"matches_human_scoring\": true, \"fuzzy_matching\": false, \"manual_edit\": false}, {\"questionpart_n\": \"b\", \"question\": \"mute\", \"answer\": \"g\u0131nc\u0327\u0131c\", \"matches_human_scoring\": true, \"fuzzy_matching\": false, \"manual_edit\": false}, {\"questionpart_n\": \"c\", \"question\": \"moulder (i.e someone who makes moulds or shapes things)\", \"answer\": \"senitsi\", \"matches_human_scoring\": true, \"fuzzy_matching\": false, \"manual_edit\": false}, {\"questionpart_n\": \"d\", \"question\": \"shapeless\", \"answer\": \"senitc\u0327ic\", \"matches_human_scoring\": true, \"fuzzy_matching\": false, \"manual_edit\": false}]}]",
    "obfuscated": "True",
    "obf_num": "10",
    "mapping": {
        "c": "z",
        "b": "d",
        "c\u0327": "s",
        "p": "t",
        "d": "g",
        "t": "k",
        "g": "z",
        "k": "s",
        "z": "c",
        "s": "c\u0327",
        "i": "\u0131",
        "u": "u\u0308",
        "e": "a",
        "o": "o\u0308",
        "u\u0308": "\u0131",
        "o\u0308": "a",
        "\u0131": "i",
        "a": "e",
        "r": "m",
        "l": "n",
        "m": "r",
        "n": "l",
        "s\u0327": "s\u0327"
    }
}