{
    "preamble": "7. Language X (20 marks)\n  ",
    "context": "The table below contains Language X verb forms and their English translations.\n\n1.\tdinaldalusanda\tthey were cleaning it\n2.\tbimmasata\twe (with you) were reading\n3.\tlinablabaanyo\tyou (pl.) were laundering it\n4.\tgimmatingda\tthey were shopping\n5.\tdinalusanta ida\twe (with you) cleaned them\n6.\tpinukkawyo ida\tyou (pl.) called them\n7.\tsimmagadda\tthey were sweeping\n8.\tpinukpukkawmi ida\twe (with them) were calling them\n9.\tginatgatingta ida\twe (with you) were buying them\n10.\tpinunaanda\tthey wiped it\n11.\ttimmakawta\twe (with you) were stealing\n12.\tlimmabakami\twe (with them) were laundering\n13.\tdimmaluskayo\tyou (pl.) were cleaning\n14.\ttinakawmi\twe (with them) stole it",
    "questions": "[{\"question_n\": \"Q 7.1\", \"prompt\": \"Translate into English:\", \"subprompts\": [{\"questionpart_n\": \"a.\", \"question\": \"binasayo\", \"answer\": \"you (pl.) read it\", \"matches_human_scoring\": false, \"fuzzy_matching\": false, \"manual_edit\": false}, {\"questionpart_n\": \"b.\", \"question\": \"sinagsagadanta\", \"answer\": \"we (with you) were sweeping it\", \"matches_human_scoring\": false, \"fuzzy_matching\": false, \"manual_edit\": false}, {\"questionpart_n\": \"c.\", \"question\": \"pimmukkawkami\", \"answer\": \"we (with them) were calling\", \"matches_human_scoring\": false, \"fuzzy_matching\": false, \"manual_edit\": false}]}, {\"question_n\": \"Q 7.2\", \"prompt\": \"Translate into Language X:\", \"subprompts\": [{\"questionpart_n\": \"d.\", \"question\": \"they were stealing them\", \"answer\": \"tinaktakawda ida\", \"matches_human_scoring\": false, \"fuzzy_matching\": false, \"manual_edit\": false}, {\"questionpart_n\": \"e.\", \"question\": \"we (with them) laundered it\", \"answer\": \"linabaanmi\", \"matches_human_scoring\": false, \"fuzzy_matching\": false, \"manual_edit\": false}, {\"questionpart_n\": \"f.\", \"question\": \"you (pl.) were wiping\", \"answer\": \"pimmunakayo\", \"matches_human_scoring\": false, \"fuzzy_matching\": false, \"manual_edit\": false}]}]",
    "notes": "Broke infixed morphemes into two marking tokens (i.e. A(B)C > A+B+C)",
    "answers_page": 2,
    "team_review": false,
    "obfuscated": "False",
    "obf_num": "0",
    "mapping": null,
    "json_invalid": false
}