{
    "json_invalid": false,
    "preamble": "7. Language X (20 marks)\n  ",
    "context": "The table below contains Language X verb forms and their English translations.\n\n1.\tyulogyogingolyo\tthey were cleaning it\n2.\twukkongopo\twe (with you) were reading\n3.\tgulowgowoolta\tyou (pl.) were laundering it\n4.\tbukkopumyo\tthey were shopping\n5.\tyulogingolpo uyo\twe (with you) cleaned them\n6.\tnuliddosta uyo\tyou (pl.) called them\n7.\tngukkoboyyo\tthey were sweeping\n8.\tnulidniddosku uyo\twe (with them) were calling them\n9.\tbulopbopumpo uyo\twe (with you) were buying them\n10.\tnuliloolyo\tthey wiped it\n11.\tpukkodospo\twe (with you) were stealing\n12.\tgukkowodoku\twe (with them) were laundering\n13.\tyukkogingdota\tyou (pl.) were cleaning\n14.\tpulodosku\twe (with them) stole it",
    "questions": "[{\"question_n\": \"Q 7.1\", \"prompt\": \"Translate into English:\", \"subprompts\": [{\"questionpart_n\": \"a.\", \"question\": \"wulongota\", \"answer\": \"you (pl.) read it\", \"matches_human_scoring\": false, \"fuzzy_matching\": false, \"manual_edit\": false}, {\"questionpart_n\": \"b.\", \"question\": \"ngulobngoboyolpo\", \"answer\": \"we (with you) were sweeping it\", \"matches_human_scoring\": false, \"fuzzy_matching\": false, \"manual_edit\": false}, {\"questionpart_n\": \"c.\", \"question\": \"nukkiddosdoku\", \"answer\": \"we (with them) were calling\", \"matches_human_scoring\": false, \"fuzzy_matching\": false, \"manual_edit\": false}]}, {\"question_n\": \"Q 7.2\", \"prompt\": \"Translate into Language X:\", \"subprompts\": [{\"questionpart_n\": \"d.\", \"question\": \"they were stealing them\", \"answer\": \"pulodpodosyo uyo\", \"matches_human_scoring\": false, \"fuzzy_matching\": false, \"manual_edit\": false}, {\"questionpart_n\": \"e.\", \"question\": \"we (with them) laundered it\", \"answer\": \"gulowoolku\", \"matches_human_scoring\": false, \"fuzzy_matching\": false, \"manual_edit\": false}, {\"questionpart_n\": \"f.\", \"question\": \"you (pl.) were wiping\", \"answer\": \"nukkilodota\", \"matches_human_scoring\": false, \"fuzzy_matching\": false, \"manual_edit\": false}]}]",
    "obfuscated": "True",
    "obf_num": "20",
    "mapping": {
        "b": "w",
        "d": "y",
        "g": "b",
        "k": "d",
        "l": "g",
        "m": "k",
        "n": "l",
        "ng": "m",
        "p": "n",
        "s": "ng",
        "t": "p",
        "w": "s",
        "y": "t",
        "a": "o",
        "i": "u",
        "o": "a",
        "u": "i"
    }
}