{
    "json_invalid": false,
    "preamble": "7. Language X (20 marks)\n  ",
    "context": "The table below contains Language X verb forms and their English translations.\n\n1.\tbomikbikapimbi\tthey were cleaning it\n2.\tyollipisi\twe (with you) were reading\n3.\tkomiykiyiimwu\tyou (pl.) were laundering it\n4.\tdollisonbi\tthey were shopping\n5.\tbomikapimsi obi\twe (with you) cleaned them\n6.\tngomaggitwu obi\tyou (pl.) called them\n7.\tpollidibbi\tthey were sweeping\n8.\tngomagngaggitlo obi\twe (with them) were calling them\n9.\tdomisdisonsi obi\twe (with you) were buying them\n10.\tngomamiimbi\tthey wiped it\n11.\tsolligitsi\twe (with you) were stealing\n12.\tkolliyigilo\twe (with them) were laundering\n13.\tbollikapgiwu\tyou (pl.) were cleaning\n14.\tsomigitlo\twe (with them) stole it",
    "questions": "[{\"question_n\": \"Q 7.1\", \"prompt\": \"Translate into English:\", \"subprompts\": [{\"questionpart_n\": \"a.\", \"question\": \"yomipiwu\", \"answer\": \"you (pl.) read it\", \"matches_human_scoring\": false, \"fuzzy_matching\": false, \"manual_edit\": false}, {\"questionpart_n\": \"b.\", \"question\": \"pomidpidibimsi\", \"answer\": \"we (with you) were sweeping it\", \"matches_human_scoring\": false, \"fuzzy_matching\": false, \"manual_edit\": false}, {\"questionpart_n\": \"c.\", \"question\": \"ngollaggitgilo\", \"answer\": \"we (with them) were calling\", \"matches_human_scoring\": false, \"fuzzy_matching\": false, \"manual_edit\": false}]}, {\"question_n\": \"Q 7.2\", \"prompt\": \"Translate into Language X:\", \"subprompts\": [{\"questionpart_n\": \"d.\", \"question\": \"they were stealing them\", \"answer\": \"somigsigitbi obi\", \"matches_human_scoring\": false, \"fuzzy_matching\": false, \"manual_edit\": false}, {\"questionpart_n\": \"e.\", \"question\": \"we (with them) laundered it\", \"answer\": \"komiyiimlo\", \"matches_human_scoring\": false, \"fuzzy_matching\": false, \"manual_edit\": false}, {\"questionpart_n\": \"f.\", \"question\": \"you (pl.) were wiping\", \"answer\": \"ngollamigiwu\", \"matches_human_scoring\": false, \"fuzzy_matching\": false, \"manual_edit\": false}]}]",
    "obfuscated": "True",
    "obf_num": "21",
    "mapping": {
        "b": "y",
        "d": "b",
        "g": "d",
        "k": "g",
        "l": "k",
        "m": "l",
        "n": "m",
        "ng": "n",
        "p": "ng",
        "s": "p",
        "t": "s",
        "w": "t",
        "y": "w",
        "a": "i",
        "i": "o",
        "o": "u",
        "u": "a"
    }
}