{
    "json_invalid": false,
    "preamble": "7. Language X (20 marks)\n  ",
    "context": "The table below contains Language X verb forms and their English translations.\n\n1.\tmotipmipabitmi\tthey were cleaning it\n2.\tlossibidi\twe (with you) were reading\n3.\tpotilpiliitku\tyou (pl.) were laundering it\n4.\tnossidowmi\tthey were shopping\n5.\tmotipabitdi omi\twe (with you) cleaned them\n6.\tyotangngigku omi\tyou (pl.) called them\n7.\tbossinimmi\tthey were sweeping\n8.\tyotangyangngigso omi\twe (with them) were calling them\n9.\tnotidnidowdi omi\twe (with you) were buying them\n10.\tyotatiitmi\tthey wiped it\n11.\tdossingigdi\twe (with you) were stealing\n12.\tpossilingiso\twe (with them) were laundering\n13.\tmossipabngiku\tyou (pl.) were cleaning\n14.\tdotingigso\twe (with them) stole it",
    "questions": "[{\"question_n\": \"Q 7.1\", \"prompt\": \"Translate into English:\", \"subprompts\": [{\"questionpart_n\": \"a.\", \"question\": \"lotibiku\", \"answer\": \"you (pl.) read it\", \"matches_human_scoring\": false, \"fuzzy_matching\": false, \"manual_edit\": false}, {\"questionpart_n\": \"b.\", \"question\": \"botinbinimitdi\", \"answer\": \"we (with you) were sweeping it\", \"matches_human_scoring\": false, \"fuzzy_matching\": false, \"manual_edit\": false}, {\"questionpart_n\": \"c.\", \"question\": \"yossangngigngiso\", \"answer\": \"we (with them) were calling\", \"matches_human_scoring\": false, \"fuzzy_matching\": false, \"manual_edit\": false}]}, {\"question_n\": \"Q 7.2\", \"prompt\": \"Translate into Language X:\", \"subprompts\": [{\"questionpart_n\": \"d.\", \"question\": \"they were stealing them\", \"answer\": \"dotingdingigmi omi\", \"matches_human_scoring\": false, \"fuzzy_matching\": false, \"manual_edit\": false}, {\"questionpart_n\": \"e.\", \"question\": \"we (with them) laundered it\", \"answer\": \"potiliitso\", \"matches_human_scoring\": false, \"fuzzy_matching\": false, \"manual_edit\": false}, {\"questionpart_n\": \"f.\", \"question\": \"you (pl.) were wiping\", \"answer\": \"yossatingiku\", \"matches_human_scoring\": false, \"fuzzy_matching\": false, \"manual_edit\": false}]}]",
    "obfuscated": "True",
    "obf_num": "16",
    "mapping": {
        "b": "l",
        "d": "m",
        "g": "n",
        "k": "ng",
        "l": "p",
        "m": "s",
        "n": "t",
        "ng": "w",
        "p": "y",
        "s": "b",
        "t": "d",
        "w": "g",
        "y": "k",
        "a": "i",
        "i": "o",
        "o": "u",
        "u": "a"
    }
}