{
    "json_invalid": false,
    "preamble": "3. Learning Language X (15 marks)\n  ",
    "context": "Here are some Language X sentences recorded from mother tongue (or first language) speakers of this language.\n\n(1)\tNggiju rrininy ragany lanyalanyaala.\tWe set up a fish-trap for black bream.\n(2)\tNggijuunj wimbiiny laliiny mbinguula.\tThe people called us for food.\n(3)\tYijuun njanduudi mbingu?\tHow much food have you got?\n(4)\tNgginga wijiim liwing.\tI followed the road.\n(5)\tNgginga wuyaari mbunji rriwind wiliiny.\tI speared an eel with a fish-spear.\n(6)\tNggiju ralam winyliiny rrunliiri.\tWe made a hut with grass.\n(7)\tNgginjinj rrundi wigiinyra ladiirrunja.\tThe axe happened to cut my foot.\n(8)\tNgginga yilaarri wigiinyri ladiiny.\tI cut the man with an axe.\n(9)\tNgginjinj yilarriga wigiinyri ladiiny.\tThe man cut me with an axe.\n(10)\tNjada lindi nggidi lambind yuyund.\tYou just give me one.\n(11)\tNgginga njandunj yiyiiny.\tI saw you.\n(12)\tNgginjinj wimbiiny yiyiiny.\tA person saw me.\n(13)\tNgginga wimbi yiyiirrunja rribaany.\tI happened to see two people.\n(14)\tMbunjiila ngungga liringg rriwiingga.\tThis (one) is coming for eels.\n(15)\tNgginga wimbi wanji winlidinja.\tI passed the woman by.\n(16)\tNgginjinj wimbiiny wanjiingg winlidinja.\tThe woman passed me by.\n(17)\tNggangga wanji liwiiji rrindiinj.\tThat woman was standing on the road.\n(18)\tNggijuudi rrirri nggajaangg ngganingganiiny wanjiingg.\tThat woman showed us the baby.\n(19)\tYilaarri rangga wanjiingg rrundii wimiiny.\tThe woman kicked the man in the head.\n(20)\tWanji yilarridi ranggaa rrundii wimiirrunja.\tThe woman happened to kick the man in the head.\n(21)\tNgginga wimbi mbiduu wimiiny.\tI punched the person.\n\nThe sentences (a-l) below were spoken by a person who was trying to learn Language X as a second language. This speaker makes grammatical mistakes, as in the following sentences, each of which bears an asterisk (*) to show that it is ungrammatical. In each case just one word is wrong.\n\n(a)\t*Njandunj liwing mburruny.\tYou are blocking the road.\n(b)\t*Ngginga njandunj rrundi wigiinyra ladiiny.\tI cut your foot with an axe.\n(c)\t*Nggijuunj wimbi wanjiingg yiyiiny.\tThe woman saw us.\n(d)\t*Yijuun ngginga mbunji?\tHow much meat do I have?\n(e)\t*Wimbiiny yilaarri liwiiji rrindiinj.\tThe man was standing on the road.\n(f)\t*Nggiju nggangga lanyalanyaala wiliiny.\tWe speared that black bream.\n(g)\t*Wimbi nggangga ralam winyliiny liwiiji.\tA person made that hut near the road.\n(h)\t*Nggijuunj nggangga mbingu yuyund.\tGive us that food.\n(i)\t*Njada wimbi wanji mbidu wiliiny wuyaara.\tYou stabbed the woman's hand with a fishing-spear.\n(j)\t*Njada rrundi wiliirrunja wuyaara.\tYou happened to get stabbed in the foot by a fishing-spear.\n(k)\t*Nggiju rrirri ranggaa yiyiiny.\tWe saw the child's head.\n(l)\t*Ngginga nggangga wanjiingg mbiduu wimiiny.\tI punched that woman.",
    "questions": "[{\"question_n\": \"Q 3.1\", \"prompt\": \"Locate the ungrammatical word in each sentence. Give that incorrect word, followed by the corrected word, separated by a comma. (Don't worry about the Language X word order.)\", \"subprompts\": [{\"questionpart_n\": \"a.\", \"question\": \"(a)\", \"answer\": \"njandunj, njada\", \"matches_human_scoring\": false, \"fuzzy_matching\": false, \"manual_edit\": false}, {\"questionpart_n\": \"b.\", \"question\": \"(b)\", \"answer\": \"wigiinyra, wigiinyri\", \"matches_human_scoring\": false, \"fuzzy_matching\": false, \"manual_edit\": false}, {\"questionpart_n\": \"c.\", \"question\": \"(c)\", \"answer\": \"wimbi, wimbiiny\", \"matches_human_scoring\": false, \"fuzzy_matching\": false, \"manual_edit\": false}, {\"questionpart_n\": \"d.\", \"question\": \"(d)\", \"answer\": \"ngginga, nggidi\", \"matches_human_scoring\": false, \"fuzzy_matching\": false, \"manual_edit\": false}, {\"questionpart_n\": \"e.\", \"question\": \"(e)\", \"answer\": \"wimbiiny, wimbi\", \"matches_human_scoring\": false, \"fuzzy_matching\": false, \"manual_edit\": false}, {\"questionpart_n\": \"f.\", \"question\": \"(f)\", \"answer\": \"lanyalanyaala, lanyalanya\", \"matches_human_scoring\": false, \"fuzzy_matching\": false, \"manual_edit\": false}, {\"questionpart_n\": \"g.\", \"question\": \"(g)\", \"answer\": \"wimbi, wimbiiny\", \"matches_human_scoring\": false, \"fuzzy_matching\": false, \"manual_edit\": false}, {\"questionpart_n\": \"h.\", \"question\": \"(h)\", \"answer\": \"nggijuunj, nggijuudi\", \"matches_human_scoring\": false, \"fuzzy_matching\": false, \"manual_edit\": false}, {\"questionpart_n\": \"i.\", \"question\": \"(i)\", \"answer\": \"wuyaara, wuyaari\", \"matches_human_scoring\": false, \"fuzzy_matching\": false, \"manual_edit\": false}, {\"questionpart_n\": \"j.\", \"question\": \"(j)\", \"answer\": \"njada, njandunj\", \"matches_human_scoring\": false, \"fuzzy_matching\": false, \"manual_edit\": false}, {\"questionpart_n\": \"k.\", \"question\": \"(k)\", \"answer\": \"ranggaa, rangga\", \"matches_human_scoring\": false, \"fuzzy_matching\": false, \"manual_edit\": false}, {\"questionpart_n\": \"l.\", \"question\": \"(l)\", \"answer\": \"wanjiingg, wanji\", \"matches_human_scoring\": false, \"fuzzy_matching\": false, \"manual_edit\": false}]}]",
    "obfuscated": "True",
    "obf_num": "30",
    "mapping": {
        "m": "mb",
        "n": "nd",
        "ny": "nj",
        "ng": "ngg",
        "mb": "b",
        "nd": "d",
        "nj": "j",
        "ngg": "g",
        "b": "w",
        "d": "r",
        "j": "rr",
        "g": "l",
        "w": "y",
        "r": "m",
        "rr": "n",
        "l": "ny",
        "y": "ng",
        "i": "u",
        "u": "a",
        "a": "i"
    }
}