{
    "json_invalid": false,
    "preamble": "3. Learning Language X (15 marks)\n  ",
    "context": "Here are some Language X sentences recorded from mother tongue (or first language) speakers of this language.\n\n(1)\tDiwu yingimb laramb mambamambaama.\tWe set up a fish-trap for black bream.\n(2)\tDiwuub rrinjiimb mamiimb njinduuma.\tThe people called us for food.\n(3)\tNiwuung bangguugi njindu?\tHow much food have you got?\n(4)\tDinda rriwiiny mirrind.\tI followed the road.\n(5)\tDinda rrunaali njubi yirringg rrimiimb.\tI speared an eel with a fish-spear.\n(6)\tDiwu lamany rrimbmiimb yungmiili.\tWe made a hut with grass.\n(7)\tDibib yunggi rririimbla magiiyuba.\tThe axe happened to cut my foot.\n(8)\tDinda nimaayi rririimbli magiimb.\tI cut the man with an axe.\n(9)\tDibib nimayira rririimbli magiimb.\tThe man cut me with an axe.\n(10)\tBaga minggi digi manjingg nunungg.\tYou just give me one.\n(11)\tDinda banggub niniimb.\tI saw you.\n(12)\tDibib rrinjiimb niniimb.\tA person saw me.\n(13)\tDinda rrinji niniiyuba yijaamb.\tI happened to see two people.\n(14)\tNjubiima nduda milid yirriida.\tThis (one) is coming for eels.\n(15)\tDinda rrinji rrabi rringmigiba.\tI passed the woman by.\n(16)\tDibib rrinjiimb rrabiid rringmigiba.\tThe woman passed me by.\n(17)\tDada rrabi mirriiwi yinggiib.\tThat woman was standing on the road.\n(18)\tDiwuugi yiyi dawaad dangidangiimb rrabiid.\tThat woman showed us the baby.\n(19)\tNimaayi lada rrabiid yunggii rrinyiimb.\tThe woman kicked the man in the head.\n(20)\tRrabi nimayigi ladaa yunggii rrinyiiyuba.\tThe woman happened to kick the man in the head.\n(21)\tDinda rrinji njiguu rrinyiimb.\tI punched the person.\n\nThe sentences (a-l) below were spoken by a person who was trying to learn Language X as a second language. This speaker makes grammatical mistakes, as in the following sentences, each of which bears an asterisk (*) to show that it is ungrammatical. In each case just one word is wrong.\n\n(a)\t*Banggub mirrind njuyumb.\tYou are blocking the road.\n(b)\t*Dinda banggub yunggi rririimbla magiimb.\tI cut your foot with an axe.\n(c)\t*Diwuub rrinji rrabiid niniimb.\tThe woman saw us.\n(d)\t*Niwuung dinda njubi?\tHow much meat do I have?\n(e)\t*Rrinjiimb nimaayi mirriiwi yinggiib.\tThe man was standing on the road.\n(f)\t*Diwu dada mambamambaama rrimiimb.\tWe speared that black bream.\n(g)\t*Rrinji dada lamany rrimbmiimb mirriiwi.\tA person made that hut near the road.\n(h)\t*Diwuub dada njindu nunungg.\tGive us that food.\n(i)\t*Baga rrinji rrabi njigu rrimiimb rrunaala.\tYou stabbed the woman's hand with a fishing-spear.\n(j)\t*Baga yunggi rrimiiyuba rrunaala.\tYou happened to get stabbed in the foot by a fishing-spear.\n(k)\t*Diwu yiyi ladaa niniimb.\tWe saw the child's head.\n(l)\t*Dinda dada rrabiid njiguu rrinyiimb.\tI punched that woman.",
    "questions": "[{\"question_n\": \"Q 3.1\", \"prompt\": \"Locate the ungrammatical word in each sentence. Give that incorrect word, followed by the corrected word, separated by a comma. (Don't worry about the Language X word order.)\", \"subprompts\": [{\"questionpart_n\": \"a.\", \"question\": \"(a)\", \"answer\": \"banggub, baga\", \"matches_human_scoring\": false, \"fuzzy_matching\": false, \"manual_edit\": false}, {\"questionpart_n\": \"b.\", \"question\": \"(b)\", \"answer\": \"rririimbla, rririimbli\", \"matches_human_scoring\": false, \"fuzzy_matching\": false, \"manual_edit\": false}, {\"questionpart_n\": \"c.\", \"question\": \"(c)\", \"answer\": \"rrinji, rrinjiimb\", \"matches_human_scoring\": false, \"fuzzy_matching\": false, \"manual_edit\": false}, {\"questionpart_n\": \"d.\", \"question\": \"(d)\", \"answer\": \"dinda, digi\", \"matches_human_scoring\": false, \"fuzzy_matching\": false, \"manual_edit\": false}, {\"questionpart_n\": \"e.\", \"question\": \"(e)\", \"answer\": \"rrinjiimb, rrinji\", \"matches_human_scoring\": false, \"fuzzy_matching\": false, \"manual_edit\": false}, {\"questionpart_n\": \"f.\", \"question\": \"(f)\", \"answer\": \"mambamambaama, mambamamba\", \"matches_human_scoring\": false, \"fuzzy_matching\": false, \"manual_edit\": false}, {\"questionpart_n\": \"g.\", \"question\": \"(g)\", \"answer\": \"rrinji, rrinjiimb\", \"matches_human_scoring\": false, \"fuzzy_matching\": false, \"manual_edit\": false}, {\"questionpart_n\": \"h.\", \"question\": \"(h)\", \"answer\": \"diwuub, diwuugi\", \"matches_human_scoring\": false, \"fuzzy_matching\": false, \"manual_edit\": false}, {\"questionpart_n\": \"i.\", \"question\": \"(i)\", \"answer\": \"rrunaala, rrunaali\", \"matches_human_scoring\": false, \"fuzzy_matching\": false, \"manual_edit\": false}, {\"questionpart_n\": \"j.\", \"question\": \"(j)\", \"answer\": \"baga, banggub\", \"matches_human_scoring\": false, \"fuzzy_matching\": false, \"manual_edit\": false}, {\"questionpart_n\": \"k.\", \"question\": \"(k)\", \"answer\": \"ladaa, lada\", \"matches_human_scoring\": false, \"fuzzy_matching\": false, \"manual_edit\": false}, {\"questionpart_n\": \"l.\", \"question\": \"(l)\", \"answer\": \"rrabiid, rrabi\", \"matches_human_scoring\": false, \"fuzzy_matching\": false, \"manual_edit\": false}]}]",
    "obfuscated": "True",
    "obf_num": "26",
    "mapping": {
        "m": "nj",
        "n": "ngg",
        "ny": "b",
        "ng": "d",
        "mb": "j",
        "nd": "g",
        "nj": "w",
        "ngg": "r",
        "b": "rr",
        "d": "l",
        "j": "y",
        "g": "m",
        "w": "n",
        "r": "ny",
        "rr": "ng",
        "l": "mb",
        "y": "nd",
        "i": "u",
        "u": "a",
        "a": "i"
    }
}