{
    "json_invalid": false,
    "preamble": "3. Learning Language X (15 marks)\n  ",
    "context": "Here are some Language X sentences recorded from mother tongue (or first language) speakers of this language.\n\n(1)\tBigu linying rrawang yangayangaaya.\tWe set up a fish-trap for black bream.\n(2)\tBiguungg rindiing yayiing ndimbuuya.\tThe people called us for food.\n(3)\tMiguuny ngganjuuji ndimbu?\tHow much food have you got?\n(4)\tBimba rigiin yirimb.\tI followed the road.\n(5)\tBimba rumaarri ndunggi lirinj riyiing.\tI speared an eel with a fish-spear.\n(6)\tBigu rrayan ringyiing lunyyiirri.\tWe made a hut with grass.\n(7)\tBinggingg lunji riwiingrra yajiilungga.\tThe axe happened to cut my foot.\n(8)\tBimba miyaali riwiingrri yajiing.\tI cut the man with an axe.\n(9)\tBinggingg miyaliwa riwiingrri yajiing.\tThe man cut me with an axe.\n(10)\tNggaja yinji biji yandinj mumunj.\tYou just give me one.\n(11)\tBimba ngganjungg mimiing.\tI saw you.\n(12)\tBinggingg rindiing mimiing.\tA person saw me.\n(13)\tBimba rindi mimiilungga lidaang.\tI happened to see two people.\n(14)\tNdunggiiya mbuba yirrib liriiba.\tThis (one) is coming for eels.\n(15)\tBimba rindi ranggi rinyyijingga.\tI passed the woman by.\n(16)\tBinggingg rindiing ranggiib rinyyijingga.\tThe woman passed me by.\n(17)\tBaba ranggi yiriigi linjiingg.\tThat woman was standing on the road.\n(18)\tBiguuji lili bagaab banyibanyiing ranggiib.\tThat woman showed us the baby.\n(19)\tMiyaali rraba ranggiib lunjii riniing.\tThe woman kicked the man in the head.\n(20)\tRanggi miyaliji rrabaa lunjii riniilungga.\tThe woman happened to kick the man in the head.\n(21)\tBimba rindi ndijuu riniing.\tI punched the person.\n\nThe sentences (a-l) below were spoken by a person who was trying to learn Language X as a second language. This speaker makes grammatical mistakes, as in the following sentences, each of which bears an asterisk (*) to show that it is ungrammatical. In each case just one word is wrong.\n\n(a)\t*Ngganjungg yirimb ndulung.\tYou are blocking the road.\n(b)\t*Bimba ngganjungg lunji riwiingrra yajiing.\tI cut your foot with an axe.\n(c)\t*Biguungg rindi ranggiib mimiing.\tThe woman saw us.\n(d)\t*Miguuny bimba ndunggi?\tHow much meat do I have?\n(e)\t*Rindiing miyaali yiriigi linjiingg.\tThe man was standing on the road.\n(f)\t*Bigu baba yangayangaaya riyiing.\tWe speared that black bream.\n(g)\t*Rindi baba rrayan ringyiing yiriigi.\tA person made that hut near the road.\n(h)\t*Biguungg baba ndimbu mumunj.\tGive us that food.\n(i)\t*Nggaja rindi ranggi ndiju riyiing rumaarra.\tYou stabbed the woman's hand with a fishing-spear.\n(j)\t*Nggaja lunji riyiilungga rumaarra.\tYou happened to get stabbed in the foot by a fishing-spear.\n(k)\t*Bigu lili rrabaa mimiing.\tWe saw the child's head.\n(l)\t*Bimba baba ranggiib ndijuu riniing.\tI punched that woman.",
    "questions": "[{\"question_n\": \"Q 3.1\", \"prompt\": \"Locate the ungrammatical word in each sentence. Give that incorrect word, followed by the corrected word, separated by a comma. (Don't worry about the Language X word order.)\", \"subprompts\": [{\"questionpart_n\": \"a.\", \"question\": \"(a)\", \"answer\": \"ngganjungg, nggaja\", \"matches_human_scoring\": false, \"fuzzy_matching\": false, \"manual_edit\": false}, {\"questionpart_n\": \"b.\", \"question\": \"(b)\", \"answer\": \"riwiingrra, riwiingrri\", \"matches_human_scoring\": false, \"fuzzy_matching\": false, \"manual_edit\": false}, {\"questionpart_n\": \"c.\", \"question\": \"(c)\", \"answer\": \"rindi, rindiing\", \"matches_human_scoring\": false, \"fuzzy_matching\": false, \"manual_edit\": false}, {\"questionpart_n\": \"d.\", \"question\": \"(d)\", \"answer\": \"bimba, biji\", \"matches_human_scoring\": false, \"fuzzy_matching\": false, \"manual_edit\": false}, {\"questionpart_n\": \"e.\", \"question\": \"(e)\", \"answer\": \"rindiing, rindi\", \"matches_human_scoring\": false, \"fuzzy_matching\": false, \"manual_edit\": false}, {\"questionpart_n\": \"f.\", \"question\": \"(f)\", \"answer\": \"yangayangaaya, yangayanga\", \"matches_human_scoring\": false, \"fuzzy_matching\": false, \"manual_edit\": false}, {\"questionpart_n\": \"g.\", \"question\": \"(g)\", \"answer\": \"rindi, rindiing\", \"matches_human_scoring\": false, \"fuzzy_matching\": false, \"manual_edit\": false}, {\"questionpart_n\": \"h.\", \"question\": \"(h)\", \"answer\": \"biguungg, biguuji\", \"matches_human_scoring\": false, \"fuzzy_matching\": false, \"manual_edit\": false}, {\"questionpart_n\": \"i.\", \"question\": \"(i)\", \"answer\": \"rumaarra, rumaarri\", \"matches_human_scoring\": false, \"fuzzy_matching\": false, \"manual_edit\": false}, {\"questionpart_n\": \"j.\", \"question\": \"(j)\", \"answer\": \"nggaja, ngganjungg\", \"matches_human_scoring\": false, \"fuzzy_matching\": false, \"manual_edit\": false}, {\"questionpart_n\": \"k.\", \"question\": \"(k)\", \"answer\": \"rrabaa, rraba\", \"matches_human_scoring\": false, \"fuzzy_matching\": false, \"manual_edit\": false}, {\"questionpart_n\": \"l.\", \"question\": \"(l)\", \"answer\": \"ranggiib, ranggi\", \"matches_human_scoring\": false, \"fuzzy_matching\": false, \"manual_edit\": false}]}]",
    "obfuscated": "True",
    "obf_num": "11",
    "mapping": {
        "m": "nd",
        "n": "nj",
        "ny": "ngg",
        "ng": "b",
        "mb": "d",
        "nd": "j",
        "nj": "g",
        "ngg": "w",
        "b": "r",
        "d": "rr",
        "j": "l",
        "g": "y",
        "w": "m",
        "r": "n",
        "rr": "ny",
        "l": "ng",
        "y": "mb",
        "i": "u",
        "u": "a",
        "a": "i"
    }
}