{
    "json_invalid": false,
    "preamble": "4. Language X gophers (15 marks)\n  \n",
    "context": "This problem is about the way in which Language X speakers build sentences out of a verb V, its subject S (identifying the 'do-er' of the action) and its object O (identifying the 'do-ee'). In English, SVO is almost the only possibility (as in John ate porridge), and both SOV (*John porridge ate) and OVS (*Porridge ate John) are ungrammatical (signalled by '*').\nLanguage X is different, but it's still helpful to think in terms of V, S and O.\nThe table below shows some Language X sentences with their English translations; you'll notice that some sentences have the same translation. The Language X alphabet includes some unfamiliar letters, but how they are pronounced is not relevant to the problem.\n\n1\tO\u0301ysa\u0328a\u0328 ka\u0328wi ha\u0328chzo\u0301d.\tThe man kicked the boy.\n2\tO\u0301ysa\u0328a\u0328 ka\u0328wi ba\u0328chzo\u0301d.\tThe boy kicked the man.\n3\tO\u0301ysa\u0328a\u0328 diije\u0301e\u0301go ba\u0328chzo\u0301d.\tThe boy kicked the dog.\n4\tO\u0301\u0142iijogo ka\u0328hi ha\u0328chzo\u0301d.\tThe sheep kicked the baby.\n5\t*O\u0301\u0142iijogo ka\u0328wi ba\u0328chzo\u0301d.\tThe baby kicked the man.\n6\tO\u0301\u0142iijogo yo\u0301y ha\u0328wo\u0328o\u0328djiid.\tThe bear is chasing the baby.\n7\t*Ka\u0328hi o\u0301\u0142iijogo ba\u0328chzo\u0301d.\tThe sheep kicked the baby.\n8\tKa\u0328hi ze\u0301chma\u0328a\u0328 ba\u0328chzo\u0301d.\tThe sheep kicked the turkey.\n9\tKa\u0328wi o\u0301ysa\u0328a\u0328 ha\u0328chzo\u0301d.\tThe boy kicked the man.\n10\tKa\u0328wi o\u0301ysa\u0328a\u0328 ba\u0328chzo\u0301d.\tThe man kicked the boy.\n11\tKa\u0328wi o\u0301\u0142iijogo ha\u0328chzo\u0301d.\tThe baby kicked the man.\n12\tKa\u0328wi ka\u0301o\u0328sho\u0301 ha\u0328chlo\u0328m.\tThe bull gored the man.\n13\t*Ka\u0301o\u0328sho\u0301 ka\u0328wi ba\u0328chlo\u0328m.\tThe bull gored the man.\n14\tKa\u0301o\u0328sho\u0301 yo\u0301y ba\u0328chlo\u0328m.\tThe bull gored the bear.\n15\t*Diije\u0301e\u0301go o\u0301ysa\u0328a\u0328 ha\u0328chzo\u0301d.\tThe boy kicked the dog.\n16\tTa\u0301xo wo\u0301go\u0301chocho ba\u0328wo\u0328o\u0328djiid.\tThe cat is chasing the gopher.\n17\t*Ta\u0301xo yo\u0301y ha\u0328y\u0242o\u0301y.\tThe bear bit the cat.\n18\t*Ta\u0301xo yo\u0301y ba\u0328y\u0242o\u0301y.\tThe cat bit the bear.\n19\tTa\u0301xo ze\u0301chma\u0328a\u0328 ba\u0328wo\u0328o\u0328djiid.\tThe cat is chasing the turkey.\n20\tWo\u0301go\u0301yniga\u0328a\u0328 zxoxgwa ha\u0328ya\u0328y.\tThe bee stung the spider.\n21\tWo\u0301go\u0301yniga\u0328a\u0328 \u0142a\u0301shajoo ba\u0328a\u0328x\u0242o.\tThe spider killed the ant.\n22\tWo\u0301go\u0301xzxgi\u0301i\u0301xo z xoxgwa ha\u0328ya\u0328y.\tThe bee stung the mouse.\n23\tWo\u0301go\u0301xzxgi\u0301i\u0301xo z xoxgwa ha\u0328ya\u0328y.\tThe bee stung the mouse.\n24\tWo\u0301go\u0301choxo \u0142a\u0301shajoo ba\u0328a\u0328x\u0242o.\tThe gopher killed the ant.\n25\t*Wo\u0301go\u0301chocho ta\u0301xo ha\u0328wo\u0328o\u0328djiid.\tThe cat is chasing the gopher.\n26\tWo\u0301go\u0301chocho \u0142a\u0301shajoo ba\u0328wo\u0328o\u0328djiid.\tThe gopher is chasing the ant.\n27\tYo\u0301y o\u0301\u0142iijogo ba\u0328wo\u0328o\u0328djiid.\tThe bear is chasing the baby.\n28\tYo\u0301y ko\u0328o\u0328sho\u0301 ha\u0328chlo\u0328m.\tThe bull gored the bear.\n29\tYo\u0301y ta\u0301xo ha\u0328y\u0242o\u0301y.\tThe cat bit the bear.\n30\tYo\u0301y ta\u0301xo ba\u0328y\u0242o\u0301y.\tThe bear bit the cat.\n31\tZe\u0301chma\u0328a\u0328 ka\u0328hi ha\u0328chzo\u0301d.\tThe sheep kicked the turkey.\n32\tZe\u0301chma\u0328a\u0328 ta\u0301xo ha\u0328wo\u0328o\u0328djiid.\tThe cat is chasing the turkey.\n33\tZxoxgwa wo\u0301go\u0301yniga\u0328a\u0328 ba\u0328ya\u0328y.\tThe bee stung the spider.\n34\t*Zxoxgwa wo\u0301go\u0301xzxgi\u0301i\u0301xo ba\u0328ya\u0328y.\tThe bee stung the mouse.\n35\t\u0141a\u0301shajoo wo\u0301go\u0301yniga\u0328a\u0328 ha\u0328a\u0328x\u0242o.\tThe spider killed the ant.\n36\t\u0141a\u0301shajoo wo\u0301go\u0301yniga\u0328a\u0328 ha\u0328a\u0328x\u0242o.\tThe spider killed the ant.\n37\t*\u0141a\u0301shajoo wo\u0301go\u0301choxo ha\u0328a\u0328x\u0242o.\tThe gopher killed the ant.\n38\t*\u0141a\u0301shajoo wo\u0301go\u0301chocho ha\u0328wo\u0328o\u0328djiid.\tThe gopher is chasing the ant.",
    "questions": "[{\"question_n\": \"Q 4.1\", \"prompt\": \"Q 4.1 Translate the following Language X sentences into English. If they are ungrammtical, indicate by beginning the translation with '*'.\", \"subprompts\": [{\"questionpart_n\": \"39.\", \"question\": \"Diije\u0301e\u0301go o\u0301\u0142iijogo ba\u0328wo\u0328o\u0328djiid.\", \"answer\": \"The dog is chasing the baby.\", \"matches_human_scoring\": false, \"fuzzy_matching\": false, \"manual_edit\": false}, {\"questionpart_n\": \"40\", \"question\": \"Zxoxgwa o\u0301ysa\u0328a\u0328 ha\u0328ya\u0328y.\", \"answer\": \"*The bee stung the boy.\", \"matches_human_scoring\": false, \"fuzzy_matching\": false, \"manual_edit\": false}, {\"questionpart_n\": \"41\", \"question\": \"Ta\u0301xo ka\u0328hi ba\u0328wo\u0328o\u0328djiid.\", \"answer\": \"The cat is chasing the sheep.\", \"matches_human_scoring\": false, \"fuzzy_matching\": false, \"manual_edit\": false}, {\"questionpart_n\": \"42\", \"question\": \"Wo\u0301go\u0301xzxgi\u0301i\u0301xo wo\u0301go\u0301yniga\u0328a\u0328 ha\u0328y\u0242o\u0301y.\", \"answer\": \"The spider bit the mouse.\", \"matches_human_scoring\": false, \"fuzzy_matching\": false, \"manual_edit\": false}, {\"questionpart_n\": \"43\", \"question\": \"\u0141a\u0301shajoo ka\u0328wi ba\u0328a\u0328x\u0242o.\", \"answer\": \"[\\\"*The man killed the ant.\\\",\\\"*The ant killed the man.\\\"]\", \"matches_human_scoring\": false, \"fuzzy_matching\": false, \"manual_edit\": false}]}]",
    "obfuscated": "True",
    "obf_num": "20",
    "mapping": {
        "\u0142": "d",
        "\u0242": "g",
        "b": "h",
        "ch": "j",
        "d": "k",
        "g": "l",
        "h": "m",
        "j": "n",
        "k": "s",
        "l": "sh",
        "m": "t",
        "n": "w",
        "s": "x",
        "sh": "y",
        "t": "z",
        "w": "\u0142",
        "x": "\u0242",
        "y": "b",
        "z": "ch",
        "a": "o\u0301",
        "i": "a\u0328",
        "o": "o\u0328",
        "a\u0301": "a",
        "e\u0301": "i",
        "i\u0301": "o",
        "o\u0301": "a\u0301",
        "a\u0328": "e\u0301",
        "o\u0328": "i\u0301",
        "*": "*"
    }
}