{
    "json_invalid": false,
    "preamble": "4. Language X gophers (15 marks)\n  \n",
    "context": "This problem is about the way in which Language X speakers build sentences out of a verb V, its subject S (identifying the 'do-er' of the action) and its object O (identifying the 'do-ee'). In English, SVO is almost the only possibility (as in John ate porridge), and both SOV (*John porridge ate) and OVS (*Porridge ate John) are ungrammatical (signalled by '*').\nLanguage X is different, but it's still helpful to think in terms of V, S and O.\nThe table below shows some Language X sentences with their English translations; you'll notice that some sentences have the same translation. The Language X alphabet includes some unfamiliar letters, but how they are pronounced is not relevant to the problem.\n\n1\tA\u0328yso\u0328o\u0328 ko\u0328wo ho\u0328chza\u0328d.\tThe man kicked the boy.\n2\tA\u0328yso\u0328o\u0328 ko\u0328wo bo\u0328chza\u0328d.\tThe boy kicked the man.\n3\tA\u0328yso\u0328o\u0328 dooji\u0301i\u0301ga\u0301 bo\u0328chza\u0328d.\tThe boy kicked the dog.\n4\tA\u0328\u0142ooja\u0301ga\u0301 ko\u0328ho ho\u0328chza\u0328d.\tThe sheep kicked the baby.\n5\t*A\u0328\u0142ooja\u0301ga\u0301 ko\u0328wo bo\u0328chza\u0328d.\tThe baby kicked the man.\n6\tA\u0328\u0142ooja\u0301ga\u0301 ya\u0328y ho\u0328waadjood.\tThe bear is chasing the baby.\n7\t*Ko\u0328ho a\u0328\u0142ooja\u0301ga\u0301 bo\u0328chza\u0328d.\tThe sheep kicked the baby.\n8\tKo\u0328ho zi\u0301chmo\u0328o\u0328 bo\u0328chza\u0328d.\tThe sheep kicked the turkey.\n9\tKo\u0328wo a\u0328yso\u0328o\u0328 ho\u0328chza\u0328d.\tThe boy kicked the man.\n10\tKo\u0328wo a\u0328yso\u0328o\u0328 bo\u0328chza\u0328d.\tThe man kicked the boy.\n11\tKo\u0328wo a\u0328\u0142ooja\u0301ga\u0301 ho\u0328chza\u0328d.\tThe baby kicked the man.\n12\tKo\u0328wo ke\u0301asha\u0328 ho\u0328chlam.\tThe bull gored the man.\n13\t*Ke\u0301asha\u0328 ko\u0328wo bo\u0328chlam.\tThe bull gored the man.\n14\tKe\u0301asha\u0328 ya\u0328y bo\u0328chlam.\tThe bull gored the bear.\n15\t*Dooji\u0301i\u0301ga\u0301 a\u0328yso\u0328o\u0328 ho\u0328chza\u0328d.\tThe boy kicked the dog.\n16\tTe\u0301xa\u0301 wa\u0328ga\u0328cha\u0301cha\u0301 bo\u0328waadjood.\tThe cat is chasing the gopher.\n17\t*Te\u0301xa\u0301 ya\u0328y ho\u0328y\u0242a\u0328y.\tThe bear bit the cat.\n18\t*Te\u0301xa\u0301 ya\u0328y bo\u0328y\u0242a\u0328y.\tThe cat bit the bear.\n19\tTe\u0301xa\u0301 zi\u0301chmo\u0328o\u0328 bo\u0328waadjood.\tThe cat is chasing the turkey.\n20\tWa\u0328ga\u0328ynogo\u0328o\u0328 zxa\u0301xgwi ho\u0328yo\u0328y.\tThe bee stung the spider.\n21\tWa\u0328ga\u0328ynogo\u0328o\u0328 \u0142e\u0301shija\u0301a\u0301 bo\u0328o\u0328x\u0242a\u0301.\tThe spider killed the ant.\n22\tWa\u0328ga\u0328xzxgo\u0301o\u0301xa\u0301 z xa\u0301xgwi ho\u0328yo\u0328y.\tThe bee stung the mouse.\n23\tWa\u0328ga\u0328xzxgo\u0301o\u0301xa\u0301 z xa\u0301xgwi ho\u0328yo\u0328y.\tThe bee stung the mouse.\n24\tWa\u0328ga\u0328cha\u0301xa\u0301 \u0142e\u0301shija\u0301a\u0301 bo\u0328o\u0328x\u0242a\u0301.\tThe gopher killed the ant.\n25\t*Wa\u0328ga\u0328cha\u0301cha\u0301 te\u0301xa\u0301 ho\u0328waadjood.\tThe cat is chasing the gopher.\n26\tWa\u0328ga\u0328cha\u0301cha\u0301 \u0142e\u0301shija\u0301a\u0301 bo\u0328waadjood.\tThe gopher is chasing the ant.\n27\tYa\u0328y a\u0328\u0142ooja\u0301ga\u0301 bo\u0328waadjood.\tThe bear is chasing the baby.\n28\tYa\u0328y kaasha\u0328 ho\u0328chlam.\tThe bull gored the bear.\n29\tYa\u0328y te\u0301xa\u0301 ho\u0328y\u0242a\u0328y.\tThe cat bit the bear.\n30\tYa\u0328y te\u0301xa\u0301 bo\u0328y\u0242a\u0328y.\tThe bear bit the cat.\n31\tZi\u0301chmo\u0328o\u0328 ko\u0328ho ho\u0328chza\u0328d.\tThe sheep kicked the turkey.\n32\tZi\u0301chmo\u0328o\u0328 te\u0301xa\u0301 ho\u0328waadjood.\tThe cat is chasing the turkey.\n33\tZxa\u0301xgwi wa\u0328ga\u0328ynogo\u0328o\u0328 bo\u0328yo\u0328y.\tThe bee stung the spider.\n34\t*Zxa\u0301xgwi wa\u0328ga\u0328xzxgo\u0301o\u0301xa\u0301 bo\u0328yo\u0328y.\tThe bee stung the mouse.\n35\t\u0141e\u0301shija\u0301a\u0301 wa\u0328ga\u0328ynogo\u0328o\u0328 ho\u0328o\u0328x\u0242a\u0301.\tThe spider killed the ant.\n36\t\u0141e\u0301shija\u0301a\u0301 wa\u0328ga\u0328ynogo\u0328o\u0328 ho\u0328o\u0328x\u0242a\u0301.\tThe spider killed the ant.\n37\t*\u0141e\u0301shija\u0301a\u0301 wa\u0328ga\u0328cha\u0301xa\u0301 ho\u0328o\u0328x\u0242a\u0301.\tThe gopher killed the ant.\n38\t*\u0141e\u0301shija\u0301a\u0301 wa\u0328ga\u0328cha\u0301cha\u0301 ho\u0328waadjood.\tThe gopher is chasing the ant.",
    "questions": "[{\"question_n\": \"Q 4.1\", \"prompt\": \"Q 4.1 Translate the following Language X sentences into English. If they are ungrammtical, indicate by beginning the translation with '*'.\", \"subprompts\": [{\"questionpart_n\": \"39.\", \"question\": \"Dooji\u0301i\u0301ga\u0301 a\u0328\u0142ooja\u0301ga\u0301 bo\u0328waadjood.\", \"answer\": \"The dog is chasing the baby.\", \"matches_human_scoring\": false, \"fuzzy_matching\": false, \"manual_edit\": false}, {\"questionpart_n\": \"40\", \"question\": \"Zxa\u0301xgwi a\u0328yso\u0328o\u0328 ho\u0328yo\u0328y.\", \"answer\": \"*The bee stung the boy.\", \"matches_human_scoring\": false, \"fuzzy_matching\": false, \"manual_edit\": false}, {\"questionpart_n\": \"41\", \"question\": \"Te\u0301xa\u0301 ko\u0328ho bo\u0328waadjood.\", \"answer\": \"The cat is chasing the sheep.\", \"matches_human_scoring\": false, \"fuzzy_matching\": false, \"manual_edit\": false}, {\"questionpart_n\": \"42\", \"question\": \"Wa\u0328ga\u0328xzxgo\u0301o\u0301xa\u0301 wa\u0328ga\u0328ynogo\u0328o\u0328 ho\u0328y\u0242a\u0328y.\", \"answer\": \"The spider bit the mouse.\", \"matches_human_scoring\": false, \"fuzzy_matching\": false, \"manual_edit\": false}, {\"questionpart_n\": \"43\", \"question\": \"\u0141e\u0301shija\u0301a\u0301 ko\u0328wo bo\u0328o\u0328x\u0242a\u0301.\", \"answer\": \"[\\\"*The man killed the ant.\\\",\\\"*The ant killed the man.\\\"]\", \"matches_human_scoring\": false, \"fuzzy_matching\": false, \"manual_edit\": false}]}]",
    "obfuscated": "True",
    "obf_num": "17",
    "mapping": {
        "\u0142": "d",
        "\u0242": "g",
        "b": "h",
        "ch": "j",
        "d": "k",
        "g": "l",
        "h": "m",
        "j": "n",
        "k": "s",
        "l": "sh",
        "m": "t",
        "n": "w",
        "s": "x",
        "sh": "y",
        "t": "z",
        "w": "\u0142",
        "x": "\u0242",
        "y": "b",
        "z": "ch",
        "a": "a\u0328",
        "i": "o\u0328",
        "o": "a",
        "a\u0301": "i",
        "e\u0301": "o",
        "i\u0301": "a\u0301",
        "o\u0301": "e\u0301",
        "a\u0328": "i\u0301",
        "o\u0328": "o\u0301",
        "*": "*"
    }
}