{
    "json_invalid": false,
    "preamble": "4. Language X gophers (15 marks)\n  \n",
    "context": "This problem is about the way in which Language X speakers build sentences out of a verb V, its subject S (identifying the 'do-er' of the action) and its object O (identifying the 'do-ee'). In English, SVO is almost the only possibility (as in John ate porridge), and both SOV (*John porridge ate) and OVS (*Porridge ate John) are ungrammatical (signalled by '*').\nLanguage X is different, but it's still helpful to think in terms of V, S and O.\nThe table below shows some Language X sentences with their English translations; you'll notice that some sentences have the same translation. The Language X alphabet includes some unfamiliar letters, but how they are pronounced is not relevant to the problem.\n\n1\tO\u0328wmaa hasha\u0301 da\u0242xo\u0328b.\tThe man kicked the boy.\n2\tO\u0328wmaa hasha\u0301 \u0142a\u0242xo\u0328b.\tThe boy kicked the man.\n3\tO\u0328wmaa ba\u0301a\u0301go\u0301o\u0301che\u0301 \u0142a\u0242xo\u0328b.\tThe boy kicked the dog.\n4\tO\u0328ya\u0301a\u0301ge\u0301che\u0301 hada\u0301 da\u0242xo\u0328b.\tThe sheep kicked the baby.\n5\t*O\u0328ya\u0301a\u0301ge\u0301che\u0301 hasha\u0301 \u0142a\u0242xo\u0328b.\tThe baby kicked the man.\n6\tO\u0328ya\u0301a\u0301ge\u0301che\u0301 wo\u0328w dashiibga\u0301a\u0301b.\tThe bear is chasing the baby.\n7\t*Hada\u0301 o\u0328ya\u0301a\u0301ge\u0301che\u0301 \u0142a\u0242xo\u0328b.\tThe sheep kicked the baby.\n8\tHada\u0301 xo\u0301\u0242kaa \u0142a\u0242xo\u0328b.\tThe sheep kicked the turkey.\n9\tHasha\u0301 o\u0328wmaa da\u0242xo\u0328b.\tThe boy kicked the man.\n10\tHasha\u0301 o\u0328wmaa \u0142a\u0242xo\u0328b.\tThe man kicked the boy.\n11\tHasha\u0301 o\u0328ya\u0301a\u0301ge\u0301che\u0301 da\u0242xo\u0328b.\tThe baby kicked the man.\n12\tHasha\u0301 hi\u0301ino\u0328 da\u0242jik.\tThe bull gored the man.\n13\t*Hi\u0301ino\u0328 hasha\u0301 \u0142a\u0242jik.\tThe bull gored the man.\n14\tHi\u0301ino\u0328 wo\u0328w \u0142a\u0242jik.\tThe bull gored the bear.\n15\t*Ba\u0301a\u0301go\u0301o\u0301che\u0301 o\u0328wmaa da\u0242xo\u0328b.\tThe boy kicked the dog.\n16\tSi\u0301te\u0301 sho\u0328cho\u0328\u0242e\u0301\u0242e\u0301 \u0142ashiibga\u0301a\u0301b.\tThe cat is chasing the gopher.\n17\t*Si\u0301te\u0301 wo\u0328w dawzo\u0328w.\tThe bear bit the cat.\n18\t*Si\u0301te\u0301 wo\u0328w \u0142awzo\u0328w.\tThe cat bit the bear.\n19\tSi\u0301te\u0301 xo\u0301\u0242kaa \u0142ashiibga\u0301a\u0301b.\tThe cat is chasing the turkey.\n20\tSho\u0328cho\u0328wla\u0301chaa xte\u0301tchsho dawaw.\tThe bee stung the spider.\n21\tSho\u0328cho\u0328wla\u0301chaa yi\u0301noge\u0301e\u0301 \u0142aatze\u0301.\tThe spider killed the ant.\n22\tSho\u0328cho\u0328txtcha\u0328a\u0328te\u0301 x te\u0301tchsho dawaw.\tThe bee stung the mouse.\n23\tSho\u0328cho\u0328txtcha\u0328a\u0328te\u0301 x te\u0301tchsho dawaw.\tThe bee stung the mouse.\n24\tSho\u0328cho\u0328\u0242e\u0301te\u0301 yi\u0301noge\u0301e\u0301 \u0142aatze\u0301.\tThe gopher killed the ant.\n25\t*Sho\u0328cho\u0328\u0242e\u0301\u0242e\u0301 si\u0301te\u0301 dashiibga\u0301a\u0301b.\tThe cat is chasing the gopher.\n26\tSho\u0328cho\u0328\u0242e\u0301\u0242e\u0301 yi\u0301noge\u0301e\u0301 \u0142ashiibga\u0301a\u0301b.\tThe gopher is chasing the ant.\n27\tWo\u0328w o\u0328ya\u0301a\u0301ge\u0301che\u0301 \u0142ashiibga\u0301a\u0301b.\tThe bear is chasing the baby.\n28\tWo\u0328w hiino\u0328 da\u0242jik.\tThe bull gored the bear.\n29\tWo\u0328w si\u0301te\u0301 dawzo\u0328w.\tThe cat bit the bear.\n30\tWo\u0328w si\u0301te\u0301 \u0142awzo\u0328w.\tThe bear bit the cat.\n31\tXo\u0301\u0242kaa hada\u0301 da\u0242xo\u0328b.\tThe sheep kicked the turkey.\n32\tXo\u0301\u0242kaa si\u0301te\u0301 dashiibga\u0301a\u0301b.\tThe cat is chasing the turkey.\n33\tXte\u0301tchsho sho\u0328cho\u0328wla\u0301chaa \u0142awaw.\tThe bee stung the spider.\n34\t*Xte\u0301tchsho sho\u0328cho\u0328txtcha\u0328a\u0328te\u0301 \u0142awaw.\tThe bee stung the mouse.\n35\tYi\u0301noge\u0301e\u0301 sho\u0328cho\u0328wla\u0301chaa daatze\u0301.\tThe spider killed the ant.\n36\tYi\u0301noge\u0301e\u0301 sho\u0328cho\u0328wla\u0301chaa daatze\u0301.\tThe spider killed the ant.\n37\t*Yi\u0301noge\u0301e\u0301 sho\u0328cho\u0328\u0242e\u0301te\u0301 daatze\u0301.\tThe gopher killed the ant.\n38\t*Yi\u0301noge\u0301e\u0301 sho\u0328cho\u0328\u0242e\u0301\u0242e\u0301 dashiibga\u0301a\u0301b.\tThe gopher is chasing the ant.",
    "questions": "[{\"question_n\": \"Q 4.1\", \"prompt\": \"Q 4.1 Translate the following Language X sentences into English. If they are ungrammtical, indicate by beginning the translation with '*'.\", \"subprompts\": [{\"questionpart_n\": \"39.\", \"question\": \"Ba\u0301a\u0301go\u0301o\u0301che\u0301 o\u0328ya\u0301a\u0301ge\u0301che\u0301 \u0142ashiibga\u0301a\u0301b.\", \"answer\": \"The dog is chasing the baby.\", \"matches_human_scoring\": false, \"fuzzy_matching\": false, \"manual_edit\": false}, {\"questionpart_n\": \"40\", \"question\": \"Xte\u0301tchsho o\u0328wmaa dawaw.\", \"answer\": \"*The bee stung the boy.\", \"matches_human_scoring\": false, \"fuzzy_matching\": false, \"manual_edit\": false}, {\"questionpart_n\": \"41\", \"question\": \"Si\u0301te\u0301 hada\u0301 \u0142ashiibga\u0301a\u0301b.\", \"answer\": \"The cat is chasing the sheep.\", \"matches_human_scoring\": false, \"fuzzy_matching\": false, \"manual_edit\": false}, {\"questionpart_n\": \"42\", \"question\": \"Sho\u0328cho\u0328txtcha\u0328a\u0328te\u0301 sho\u0328cho\u0328wla\u0301chaa dawzo\u0328w.\", \"answer\": \"The spider bit the mouse.\", \"matches_human_scoring\": false, \"fuzzy_matching\": false, \"manual_edit\": false}, {\"questionpart_n\": \"43\", \"question\": \"Yi\u0301noge\u0301e\u0301 hasha\u0301 \u0142aatze\u0301.\", \"answer\": \"[\\\"*The man killed the ant.\\\",\\\"*The ant killed the man.\\\"]\", \"matches_human_scoring\": false, \"fuzzy_matching\": false, \"manual_edit\": false}]}]",
    "obfuscated": "True",
    "obf_num": "1",
    "mapping": {
        "\u0142": "b",
        "\u0242": "ch",
        "b": "d",
        "ch": "g",
        "d": "h",
        "g": "j",
        "h": "k",
        "j": "l",
        "k": "m",
        "l": "n",
        "m": "s",
        "n": "sh",
        "s": "t",
        "sh": "w",
        "t": "x",
        "w": "y",
        "x": "z",
        "y": "\u0142",
        "z": "\u0242",
        "a": "o\u0328",
        "i": "a",
        "o": "i",
        "a\u0301": "o",
        "e\u0301": "a\u0301",
        "i\u0301": "e\u0301",
        "o\u0301": "i\u0301",
        "a\u0328": "o\u0301",
        "o\u0328": "a\u0328",
        "*": "*"
    }
}