{
    "json_invalid": false,
    "preamble": "4. Language X gophers (15 marks)\n  \n",
    "context": "This problem is about the way in which Language X speakers build sentences out of a verb V, its subject S (identifying the 'do-er' of the action) and its object O (identifying the 'do-ee'). In English, SVO is almost the only possibility (as in John ate porridge), and both SOV (*John porridge ate) and OVS (*Porridge ate John) are ungrammatical (signalled by '*').\nLanguage X is different, but it's still helpful to think in terms of V, S and O.\nThe table below shows some Language X sentences with their English translations; you'll notice that some sentences have the same translation. The Language X alphabet includes some unfamiliar letters, but how they are pronounced is not relevant to the problem.\n\n1\tIysoo kowi\u0301 hochzid.\tThe man kicked the boy.\n2\tIysoo kowi\u0301 bochzid.\tThe boy kicked the man.\n3\tIysoo di\u0301i\u0301jo\u0328o\u0328go\u0301 bochzid.\tThe boy kicked the dog.\n4\tI\u0142i\u0301i\u0301jo\u0301go\u0301 kohi\u0301 hochzid.\tThe sheep kicked the baby.\n5\t*I\u0142i\u0301i\u0301jo\u0301go\u0301 kowi\u0301 bochzid.\tThe baby kicked the man.\n6\tI\u0142i\u0301i\u0301jo\u0301go\u0301 yiy howa\u0301a\u0301dji\u0301i\u0301d.\tThe bear is chasing the baby.\n7\t*Kohi\u0301 i\u0142i\u0301i\u0301jo\u0301go\u0301 bochzid.\tThe sheep kicked the baby.\n8\tKohi\u0301 zo\u0328chmoo bochzid.\tThe sheep kicked the turkey.\n9\tKowi\u0301 iysoo hochzid.\tThe boy kicked the man.\n10\tKowi\u0301 iysoo bochzid.\tThe man kicked the boy.\n11\tKowi\u0301 i\u0142i\u0301i\u0301jo\u0301go\u0301 hochzid.\tThe baby kicked the man.\n12\tKowi\u0301 ka\u0328a\u0301shi hochla\u0301m.\tThe bull gored the man.\n13\t*Ka\u0328a\u0301shi kowi\u0301 bochla\u0301m.\tThe bull gored the man.\n14\tKa\u0328a\u0301shi yiy bochla\u0301m.\tThe bull gored the bear.\n15\t*Di\u0301i\u0301jo\u0328o\u0328go\u0301 iysoo hochzid.\tThe boy kicked the dog.\n16\tTa\u0328xo\u0301 wigicho\u0301cho\u0301 bowa\u0301a\u0301dji\u0301i\u0301d.\tThe cat is chasing the gopher.\n17\t*Ta\u0328xo\u0301 yiy hoy\u0242iy.\tThe bear bit the cat.\n18\t*Ta\u0328xo\u0301 yiy boy\u0242iy.\tThe cat bit the bear.\n19\tTa\u0328xo\u0301 zo\u0328chmoo bowa\u0301a\u0301dji\u0301i\u0301d.\tThe cat is chasing the turkey.\n20\tWigiyni\u0301goo zxo\u0301xgwe\u0301 hoyoy.\tThe bee stung the spider.\n21\tWigiyni\u0301goo \u0142a\u0328she\u0301jo\u0301o\u0301 boox\u0242o\u0301.\tThe spider killed the ant.\n22\tWigixzxgaaxo\u0301 z xo\u0301xgwe\u0301 hoyoy.\tThe bee stung the mouse.\n23\tWigixzxgaaxo\u0301 z xo\u0301xgwe\u0301 hoyoy.\tThe bee stung the mouse.\n24\tWigicho\u0301xo\u0301 \u0142a\u0328she\u0301jo\u0301o\u0301 boox\u0242o\u0301.\tThe gopher killed the ant.\n25\t*Wigicho\u0301cho\u0301 ta\u0328xo\u0301 howa\u0301a\u0301dji\u0301i\u0301d.\tThe cat is chasing the gopher.\n26\tWigicho\u0301cho\u0301 \u0142a\u0328she\u0301jo\u0301o\u0301 bowa\u0301a\u0301dji\u0301i\u0301d.\tThe gopher is chasing the ant.\n27\tYiy i\u0142i\u0301i\u0301jo\u0301go\u0301 bowa\u0301a\u0301dji\u0301i\u0301d.\tThe bear is chasing the baby.\n28\tYiy ka\u0301a\u0301shi hochla\u0301m.\tThe bull gored the bear.\n29\tYiy ta\u0328xo\u0301 hoy\u0242iy.\tThe cat bit the bear.\n30\tYiy ta\u0328xo\u0301 boy\u0242iy.\tThe bear bit the cat.\n31\tZo\u0328chmoo kohi\u0301 hochzid.\tThe sheep kicked the turkey.\n32\tZo\u0328chmoo ta\u0328xo\u0301 howa\u0301a\u0301dji\u0301i\u0301d.\tThe cat is chasing the turkey.\n33\tZxo\u0301xgwe\u0301 wigiyni\u0301goo boyoy.\tThe bee stung the spider.\n34\t*Zxo\u0301xgwe\u0301 wigixzxgaaxo\u0301 boyoy.\tThe bee stung the mouse.\n35\t\u0141a\u0328she\u0301jo\u0301o\u0301 wigiyni\u0301goo hoox\u0242o\u0301.\tThe spider killed the ant.\n36\t\u0141a\u0328she\u0301jo\u0301o\u0301 wigiyni\u0301goo hoox\u0242o\u0301.\tThe spider killed the ant.\n37\t*\u0141a\u0328she\u0301jo\u0301o\u0301 wigicho\u0301xo\u0301 hoox\u0242o\u0301.\tThe gopher killed the ant.\n38\t*\u0141a\u0328she\u0301jo\u0301o\u0301 wigicho\u0301cho\u0301 howa\u0301a\u0301dji\u0301i\u0301d.\tThe gopher is chasing the ant.",
    "questions": "[{\"question_n\": \"Q 4.1\", \"prompt\": \"Q 4.1 Translate the following Language X sentences into English. If they are ungrammtical, indicate by beginning the translation with '*'.\", \"subprompts\": [{\"questionpart_n\": \"39.\", \"question\": \"Di\u0301i\u0301jo\u0328o\u0328go\u0301 i\u0142i\u0301i\u0301jo\u0301go\u0301 bowa\u0301a\u0301dji\u0301i\u0301d.\", \"answer\": \"The dog is chasing the baby.\", \"matches_human_scoring\": false, \"fuzzy_matching\": false, \"manual_edit\": false}, {\"questionpart_n\": \"40\", \"question\": \"Zxo\u0301xgwe\u0301 iysoo hoyoy.\", \"answer\": \"*The bee stung the boy.\", \"matches_human_scoring\": false, \"fuzzy_matching\": false, \"manual_edit\": false}, {\"questionpart_n\": \"41\", \"question\": \"Ta\u0328xo\u0301 kohi\u0301 bowa\u0301a\u0301dji\u0301i\u0301d.\", \"answer\": \"The cat is chasing the sheep.\", \"matches_human_scoring\": false, \"fuzzy_matching\": false, \"manual_edit\": false}, {\"questionpart_n\": \"42\", \"question\": \"Wigixzxgaaxo\u0301 wigiyni\u0301goo hoy\u0242iy.\", \"answer\": \"The spider bit the mouse.\", \"matches_human_scoring\": false, \"fuzzy_matching\": false, \"manual_edit\": false}, {\"questionpart_n\": \"43\", \"question\": \"\u0141a\u0328she\u0301jo\u0301o\u0301 kowi\u0301 boox\u0242o\u0301.\", \"answer\": \"[\\\"*The man killed the ant.\\\",\\\"*The ant killed the man.\\\"]\", \"matches_human_scoring\": false, \"fuzzy_matching\": false, \"manual_edit\": false}]}]",
    "obfuscated": "True",
    "obf_num": "16",
    "mapping": {
        "\u0142": "d",
        "\u0242": "g",
        "b": "h",
        "ch": "j",
        "d": "k",
        "g": "l",
        "h": "m",
        "j": "n",
        "k": "s",
        "l": "sh",
        "m": "t",
        "n": "w",
        "s": "x",
        "sh": "y",
        "t": "z",
        "w": "\u0142",
        "x": "\u0242",
        "y": "b",
        "z": "ch",
        "a": "i",
        "i": "o",
        "o": "a\u0301",
        "a\u0301": "e\u0301",
        "e\u0301": "i\u0301",
        "i\u0301": "o\u0301",
        "o\u0301": "a\u0328",
        "a\u0328": "o\u0328",
        "o\u0328": "a",
        "*": "*"
    }
}