{
    "json_invalid": false,
    "preamble": "4. Language X gophers (15 marks)\n  \n",
    "context": "This problem is about the way in which Language X speakers build sentences out of a verb V, its subject S (identifying the 'do-er' of the action) and its object O (identifying the 'do-ee'). In English, SVO is almost the only possibility (as in John ate porridge), and both SOV (*John porridge ate) and OVS (*Porridge ate John) are ungrammatical (signalled by '*').\nLanguage X is different, but it's still helpful to think in terms of V, S and O.\nThe table below shows some Language X sentences with their English translations; you'll notice that some sentences have the same translation. The Language X alphabet includes some unfamiliar letters, but how they are pronounced is not relevant to the problem.\n\n1\tE\u0301kchi\u0301i\u0301 zi\u0301ho\u0328 xi\u0301shle\u0301t.\tThe man kicked the boy.\n2\tE\u0301kchi\u0301i\u0301 zi\u0301ho\u0328 si\u0301shle\u0301t.\tThe boy kicked the man.\n3\tE\u0301kchi\u0301i\u0301 to\u0328o\u0328yoowa si\u0301shle\u0301t.\tThe boy kicked the dog.\n4\tE\u0301mo\u0328o\u0328yawa zi\u0301xo\u0328 xi\u0301shle\u0301t.\tThe sheep kicked the baby.\n5\t*E\u0301mo\u0328o\u0328yawa zi\u0301ho\u0328 si\u0301shle\u0301t.\tThe baby kicked the man.\n6\tE\u0301mo\u0328o\u0328yawa ke\u0301k xi\u0301ho\u0301o\u0301tyo\u0328o\u0328t.\tThe bear is chasing the baby.\n7\t*Zi\u0301xo\u0328 e\u0301mo\u0328o\u0328yawa si\u0301shle\u0301t.\tThe sheep kicked the baby.\n8\tZi\u0301xo\u0328 losh\u0242i\u0301i\u0301 si\u0301shle\u0301t.\tThe sheep kicked the turkey.\n9\tZi\u0301ho\u0328 e\u0301kchi\u0301i\u0301 xi\u0301shle\u0301t.\tThe boy kicked the man.\n10\tZi\u0301ho\u0328 e\u0301kchi\u0301i\u0301 si\u0301shle\u0301t.\tThe man kicked the boy.\n11\tZi\u0301ho\u0328 e\u0301mo\u0328o\u0328yawa xi\u0301shle\u0301t.\tThe baby kicked the man.\n12\tZi\u0301ho\u0328 zio\u0301de\u0301 xi\u0301sh\u0142o\u0301\u0242.\tThe bull gored the man.\n13\t*Zio\u0301de\u0301 zi\u0301ho\u0328 si\u0301sh\u0142o\u0301\u0242.\tThe bull gored the man.\n14\tZio\u0301de\u0301 ke\u0301k si\u0301sh\u0142o\u0301\u0242.\tThe bull gored the bear.\n15\t*To\u0328o\u0328yoowa e\u0301kchi\u0301i\u0301 xi\u0301shle\u0301t.\tThe boy kicked the dog.\n16\tGija he\u0301we\u0301shasha si\u0301ho\u0301o\u0301tyo\u0328o\u0328t.\tThe cat is chasing the gopher.\n17\t*Gija ke\u0301k xi\u0301kne\u0301k.\tThe bear bit the cat.\n18\t*Gija ke\u0301k si\u0301kne\u0301k.\tThe cat bit the bear.\n19\tGija losh\u0242i\u0301i\u0301 si\u0301ho\u0301o\u0301tyo\u0328o\u0328t.\tThe cat is chasing the turkey.\n20\tHe\u0301we\u0301kbo\u0328wi\u0301i\u0301 ljajwha\u0328 xi\u0301ki\u0301k.\tThe bee stung the spider.\n21\tHe\u0301we\u0301kbo\u0328wi\u0301i\u0301 mida\u0328yaa si\u0301i\u0301jna.\tThe spider killed the ant.\n22\tHe\u0301we\u0301jljwa\u0301a\u0301ja l jajwha\u0328 xi\u0301ki\u0301k.\tThe bee stung the mouse.\n23\tHe\u0301we\u0301jljwa\u0301a\u0301ja l jajwha\u0328 xi\u0301ki\u0301k.\tThe bee stung the mouse.\n24\tHe\u0301we\u0301shaja mida\u0328yaa si\u0301i\u0301jna.\tThe gopher killed the ant.\n25\t*He\u0301we\u0301shasha gija xi\u0301ho\u0301o\u0301tyo\u0328o\u0328t.\tThe cat is chasing the gopher.\n26\tHe\u0301we\u0301shasha mida\u0328yaa si\u0301ho\u0301o\u0301tyo\u0328o\u0328t.\tThe gopher is chasing the ant.\n27\tKe\u0301k e\u0301mo\u0328o\u0328yawa si\u0301ho\u0301o\u0301tyo\u0328o\u0328t.\tThe bear is chasing the baby.\n28\tKe\u0301k zo\u0301o\u0301de\u0301 xi\u0301sh\u0142o\u0301\u0242.\tThe bull gored the bear.\n29\tKe\u0301k gija xi\u0301kne\u0301k.\tThe cat bit the bear.\n30\tKe\u0301k gija si\u0301kne\u0301k.\tThe bear bit the cat.\n31\tLosh\u0242i\u0301i\u0301 zi\u0301xo\u0328 xi\u0301shle\u0301t.\tThe sheep kicked the turkey.\n32\tLosh\u0242i\u0301i\u0301 gija xi\u0301ho\u0301o\u0301tyo\u0328o\u0328t.\tThe cat is chasing the turkey.\n33\tLjajwha\u0328 he\u0301we\u0301kbo\u0328wi\u0301i\u0301 si\u0301ki\u0301k.\tThe bee stung the spider.\n34\t*Ljajwha\u0328 he\u0301we\u0301jljwa\u0301a\u0301ja si\u0301ki\u0301k.\tThe bee stung the mouse.\n35\tMida\u0328yaa he\u0301we\u0301kbo\u0328wi\u0301i\u0301 xi\u0301i\u0301jna.\tThe spider killed the ant.\n36\tMida\u0328yaa he\u0301we\u0301kbo\u0328wi\u0301i\u0301 xi\u0301i\u0301jna.\tThe spider killed the ant.\n37\t*Mida\u0328yaa he\u0301we\u0301shaja xi\u0301i\u0301jna.\tThe gopher killed the ant.\n38\t*Mida\u0328yaa he\u0301we\u0301shasha xi\u0301ho\u0301o\u0301tyo\u0328o\u0328t.\tThe gopher is chasing the ant.",
    "questions": "[{\"question_n\": \"Q 4.1\", \"prompt\": \"Q 4.1 Translate the following Language X sentences into English. If they are ungrammtical, indicate by beginning the translation with '*'.\", \"subprompts\": [{\"questionpart_n\": \"39.\", \"question\": \"To\u0328o\u0328yoowa e\u0301mo\u0328o\u0328yawa si\u0301ho\u0301o\u0301tyo\u0328o\u0328t.\", \"answer\": \"The dog is chasing the baby.\", \"matches_human_scoring\": false, \"fuzzy_matching\": false, \"manual_edit\": false}, {\"questionpart_n\": \"40\", \"question\": \"Ljajwha\u0328 e\u0301kchi\u0301i\u0301 xi\u0301ki\u0301k.\", \"answer\": \"*The bee stung the boy.\", \"matches_human_scoring\": false, \"fuzzy_matching\": false, \"manual_edit\": false}, {\"questionpart_n\": \"41\", \"question\": \"Gija zi\u0301xo\u0328 si\u0301ho\u0301o\u0301tyo\u0328o\u0328t.\", \"answer\": \"The cat is chasing the sheep.\", \"matches_human_scoring\": false, \"fuzzy_matching\": false, \"manual_edit\": false}, {\"questionpart_n\": \"42\", \"question\": \"He\u0301we\u0301jljwa\u0301a\u0301ja he\u0301we\u0301kbo\u0328wi\u0301i\u0301 xi\u0301kne\u0301k.\", \"answer\": \"The spider bit the mouse.\", \"matches_human_scoring\": false, \"fuzzy_matching\": false, \"manual_edit\": false}, {\"questionpart_n\": \"43\", \"question\": \"Mida\u0328yaa zi\u0301ho\u0328 si\u0301i\u0301jna.\", \"answer\": \"[\\\"*The man killed the ant.\\\",\\\"*The ant killed the man.\\\"]\", \"matches_human_scoring\": false, \"fuzzy_matching\": false, \"manual_edit\": false}]}]",
    "obfuscated": "True",
    "obf_num": "21",
    "mapping": {
        "\u0142": "t",
        "\u0242": "w",
        "b": "x",
        "ch": "y",
        "d": "z",
        "g": "\u0142",
        "h": "\u0242",
        "j": "b",
        "k": "ch",
        "l": "d",
        "m": "g",
        "n": "h",
        "s": "j",
        "sh": "k",
        "t": "l",
        "w": "m",
        "x": "n",
        "y": "s",
        "z": "sh",
        "a": "e\u0301",
        "i": "i\u0301",
        "o": "o\u0301",
        "a\u0301": "a\u0328",
        "e\u0301": "o\u0328",
        "i\u0301": "a",
        "o\u0301": "i",
        "a\u0328": "o",
        "o\u0328": "a\u0301",
        "*": "*"
    }
}