{
    "json_invalid": false,
    "preamble": "Problem 1: Counting in Language X\n  \n",
    "context": "The table below shows the Language X words for some numbers. Your task is to complete the table by filling the gaps. The letters \u0161, \u010d and \u01ef are pronounced like the first sounds in shirt, chat and jug, \u00e4 is like the a in cat, and y is a combination of oo and ee (like u in French).\n\n1\tos\u030cha\u0308\n2\ts\u030cus\u030cma\u0308\n3\t__(a)__\n4\tdac\u030czzy\n5\tka\u0308a\u0308la\u0308\n6\ts\u030ciisa\u0308\n7\t__(b)__\n8\t__(c)__\n9\tovas\u030cmyd\n10\ts\u030co\u0292\u030c\u0292\u030cadad\n11\tos\u030cha\u0308jea\u0308hju\n12\tkus\u030cma\u0308jea\u0308hju\n13\ts\u030cec\u030c\u0292\u030cajea\u0308hju\n14\tdac\u030czzyjea\u0308hju\n15\t__(d)__\n18\t__(e)__\n19\t__(f)__\n23\ts\u030cus\u030cma\u0308s\u030co\u0292\u030c\u0292\u030cadty s\u030cec\u030c\u0292\u030ca\n28\t__(g)__\n36\ts\u030cec\u030c\u0292\u030cas\u030co\u0292\u030c\u0292\u030cadty s\u030ciisa\u0308\n44\t__(h)__\n52\t__(i)__\n58\tka\u0308a\u0308la\u0308s\u030co\u0292\u030c\u0292\u030cadty s\u030cuvas\u030cmud\n60\t__(j)__\n67\ts\u030ciisa\u0308s\u030co\u0292\u030c\u0292\u030cadty haa\u0308nna\u0292\u030cyd\n74\t__(k)__\n80\t__(l)__\n81\ts\u030cuvas\u030cmuds\u030co\u0292\u030c\u0292\u030cadty os\u030cha\u0308\n92\tovas\u030cmyds\u030co\u0292\u030c\u0292\u030cadty s\u030cus\u030cma\u0308\n99\t__(m)__\n\n\n\n\n\n",
    "questions": "[{\"question_n\": \"Q 1\", \"prompt\": \"Fill in each gap in turn.\", \"subprompts\": [{\"questionpart_n\": \"a. \", \"question\": \"__(a)__\", \"answer\": \"s\u030cec\u030c\u0292\u030ca\", \"matches_human_scoring\": false, \"fuzzy_matching\": false, \"manual_edit\": false}, {\"questionpart_n\": \"b.\", \"question\": \"__(b)__\", \"answer\": \"haa\u0308nna\u0292\u030cyd\", \"matches_human_scoring\": false, \"fuzzy_matching\": false, \"manual_edit\": false}, {\"questionpart_n\": \"c.\", \"question\": \"__(c)__\", \"answer\": \"s\u030cuvas\u030cmud\", \"matches_human_scoring\": false, \"fuzzy_matching\": false, \"manual_edit\": false}, {\"questionpart_n\": \"d.\", \"question\": \"__(d)__\", \"answer\": \"ka\u0308a\u0308la\u0308jea\u0308hju\", \"matches_human_scoring\": false, \"fuzzy_matching\": false, \"manual_edit\": false}, {\"questionpart_n\": \"e.\", \"question\": \"__(e)__\", \"answer\": \"s\u030cuvas\u030cmudjea\u0308hju\", \"matches_human_scoring\": false, \"fuzzy_matching\": false, \"manual_edit\": false}, {\"questionpart_n\": \"f.\", \"question\": \"__(f)__\", \"answer\": \"ovas\u030cmydjea\u0308hju\", \"matches_human_scoring\": false, \"fuzzy_matching\": false, \"manual_edit\": false}, {\"questionpart_n\": \"g.\", \"question\": \"__(g)__\", \"answer\": \"s\u030cus\u030cma\u0308s\u030co\u0292\u030c\u0292\u030cadty s\u030cuvas\u030cmud\", \"matches_human_scoring\": false, \"fuzzy_matching\": false, \"manual_edit\": false}, {\"questionpart_n\": \"h.\", \"question\": \"__(h)__\", \"answer\": \"dac\u030czzys\u030co\u0292\u030c\u0292\u030cadty dac\u030czzy\", \"matches_human_scoring\": false, \"fuzzy_matching\": false, \"manual_edit\": false}, {\"questionpart_n\": \"i.\", \"question\": \"__(i)__\", \"answer\": \"ka\u0308a\u0308la\u0308s\u030co\u0292\u030c\u0292\u030cadty s\u030cus\u030cma\u0308\", \"matches_human_scoring\": false, \"fuzzy_matching\": false, \"manual_edit\": false}, {\"questionpart_n\": \"j.\", \"question\": \"__(j)__\", \"answer\": \"s\u030ciisa\u0308s\u030co\u0292\u030c\u0292\u030cadty\", \"matches_human_scoring\": false, \"fuzzy_matching\": false, \"manual_edit\": false}, {\"questionpart_n\": \"k.\", \"question\": \"__(k)__\", \"answer\": \"haa\u0308nna\u0292\u030cyds\u030co\u0292\u030c\u0292\u030cadty dac\u030czzy\", \"matches_human_scoring\": false, \"fuzzy_matching\": false, \"manual_edit\": false}, {\"questionpart_n\": \"l.\", \"question\": \"__(l)__\", \"answer\": \"s\u030cuvas\u030cmuds\u030co\u0292\u030c\u0292\u030cadty\", \"matches_human_scoring\": false, \"fuzzy_matching\": false, \"manual_edit\": false}, {\"questionpart_n\": \"m.\", \"question\": \"__(m)__\", \"answer\": \"ovas\u030cmyds\u030co\u0292\u030c\u0292\u030cadty ovas\u030cmyd\", \"matches_human_scoring\": false, \"fuzzy_matching\": false, \"manual_edit\": false}]}]",
    "obfuscated": "True",
    "obf_num": "15",
    "mapping": {
        "s\u030c": "m",
        "c\u030c": "n",
        "\u0292\u030c": "s",
        "d": "t",
        "h": "v",
        "j": "z",
        "k": "s\u030c",
        "l": "c\u030c",
        "m": "\u0292\u030c",
        "n": "d",
        "s": "h",
        "t": "j",
        "v": "k",
        "z": "l",
        "a": "u",
        "a\u0308": "y",
        "e": "a",
        "i": "a\u0308",
        "o": "e",
        "u": "i",
        "y": "o"
    }
}