{
    "json_invalid": false,
    "preamble": "Problem 1: Counting in Language X\n  \n",
    "context": "The table below shows the Language X words for some numbers. Your task is to complete the table by filling the gaps. The letters \u0161, \u010d and \u01ef are pronounced like the first sounds in shirt, chat and jug, \u00e4 is like the a in cat, and y is a combination of oo and ee (like u in French).\n\n1\tas\u030cho\n2\ts\u030ca\u0308s\u030cmo\n3\t__(a)__\n4\tdic\u030czze\n5\tkoolo\n6\ts\u030cyyso\n7\t__(b)__\n8\t__(c)__\n9\tavis\u030cmed\n10\ts\u030ca\u0292\u030c\u0292\u030cidid\n11\tas\u030chojuohja\u0308\n12\tka\u0308s\u030cmojuohja\u0308\n13\ts\u030cuc\u030c\u0292\u030cijuohja\u0308\n14\tdic\u030czzejuohja\u0308\n15\t__(d)__\n18\t__(e)__\n19\t__(f)__\n23\ts\u030ca\u0308s\u030cmos\u030ca\u0292\u030c\u0292\u030cidte s\u030cuc\u030c\u0292\u030ci\n28\t__(g)__\n36\ts\u030cuc\u030c\u0292\u030cis\u030ca\u0292\u030c\u0292\u030cidte s\u030cyyso\n44\t__(h)__\n52\t__(i)__\n58\tkoolos\u030ca\u0292\u030c\u0292\u030cidte s\u030ca\u0308vis\u030cma\u0308d\n60\t__(j)__\n67\ts\u030cyysos\u030ca\u0292\u030c\u0292\u030cidte hionni\u0292\u030ced\n74\t__(k)__\n80\t__(l)__\n81\ts\u030ca\u0308vis\u030cma\u0308ds\u030ca\u0292\u030c\u0292\u030cidte as\u030cho\n92\tavis\u030cmeds\u030ca\u0292\u030c\u0292\u030cidte s\u030ca\u0308s\u030cmo\n99\t__(m)__\n\n\n\n\n\n",
    "questions": "[{\"question_n\": \"Q 1\", \"prompt\": \"Fill in each gap in turn.\", \"subprompts\": [{\"questionpart_n\": \"a. \", \"question\": \"__(a)__\", \"answer\": \"s\u030cuc\u030c\u0292\u030ci\", \"matches_human_scoring\": false, \"fuzzy_matching\": false, \"manual_edit\": false}, {\"questionpart_n\": \"b.\", \"question\": \"__(b)__\", \"answer\": \"hionni\u0292\u030ced\", \"matches_human_scoring\": false, \"fuzzy_matching\": false, \"manual_edit\": false}, {\"questionpart_n\": \"c.\", \"question\": \"__(c)__\", \"answer\": \"s\u030ca\u0308vis\u030cma\u0308d\", \"matches_human_scoring\": false, \"fuzzy_matching\": false, \"manual_edit\": false}, {\"questionpart_n\": \"d.\", \"question\": \"__(d)__\", \"answer\": \"koolojuohja\u0308\", \"matches_human_scoring\": false, \"fuzzy_matching\": false, \"manual_edit\": false}, {\"questionpart_n\": \"e.\", \"question\": \"__(e)__\", \"answer\": \"s\u030ca\u0308vis\u030cma\u0308djuohja\u0308\", \"matches_human_scoring\": false, \"fuzzy_matching\": false, \"manual_edit\": false}, {\"questionpart_n\": \"f.\", \"question\": \"__(f)__\", \"answer\": \"avis\u030cmedjuohja\u0308\", \"matches_human_scoring\": false, \"fuzzy_matching\": false, \"manual_edit\": false}, {\"questionpart_n\": \"g.\", \"question\": \"__(g)__\", \"answer\": \"s\u030ca\u0308s\u030cmos\u030ca\u0292\u030c\u0292\u030cidte s\u030ca\u0308vis\u030cma\u0308d\", \"matches_human_scoring\": false, \"fuzzy_matching\": false, \"manual_edit\": false}, {\"questionpart_n\": \"h.\", \"question\": \"__(h)__\", \"answer\": \"dic\u030czzes\u030ca\u0292\u030c\u0292\u030cidte dic\u030czze\", \"matches_human_scoring\": false, \"fuzzy_matching\": false, \"manual_edit\": false}, {\"questionpart_n\": \"i.\", \"question\": \"__(i)__\", \"answer\": \"koolos\u030ca\u0292\u030c\u0292\u030cidte s\u030ca\u0308s\u030cmo\", \"matches_human_scoring\": false, \"fuzzy_matching\": false, \"manual_edit\": false}, {\"questionpart_n\": \"j.\", \"question\": \"__(j)__\", \"answer\": \"s\u030cyysos\u030ca\u0292\u030c\u0292\u030cidte\", \"matches_human_scoring\": false, \"fuzzy_matching\": false, \"manual_edit\": false}, {\"questionpart_n\": \"k.\", \"question\": \"__(k)__\", \"answer\": \"hionni\u0292\u030ceds\u030ca\u0292\u030c\u0292\u030cidte dic\u030czze\", \"matches_human_scoring\": false, \"fuzzy_matching\": false, \"manual_edit\": false}, {\"questionpart_n\": \"l.\", \"question\": \"__(l)__\", \"answer\": \"s\u030ca\u0308vis\u030cma\u0308ds\u030ca\u0292\u030c\u0292\u030cidte\", \"matches_human_scoring\": false, \"fuzzy_matching\": false, \"manual_edit\": false}, {\"questionpart_n\": \"m.\", \"question\": \"__(m)__\", \"answer\": \"avis\u030cmeds\u030ca\u0292\u030c\u0292\u030cidte avis\u030cmed\", \"matches_human_scoring\": false, \"fuzzy_matching\": false, \"manual_edit\": false}]}]",
    "obfuscated": "True",
    "obf_num": "23",
    "mapping": {
        "s\u030c": "m",
        "c\u030c": "n",
        "\u0292\u030c": "s",
        "d": "t",
        "h": "v",
        "j": "z",
        "k": "s\u030c",
        "l": "c\u030c",
        "m": "\u0292\u030c",
        "n": "d",
        "s": "h",
        "t": "j",
        "v": "k",
        "z": "l",
        "a": "a\u0308",
        "a\u0308": "e",
        "e": "i",
        "i": "o",
        "o": "u",
        "u": "y",
        "y": "a"
    }
}