{
    "json_invalid": false,
    "preamble": "Problem 1: Counting in Language X\n  \n",
    "context": "The table below shows the Language X words for some numbers. Your task is to complete the table by filling the gaps. The letters \u0161, \u010d and \u01ef are pronounced like the first sounds in shirt, chat and jug, \u00e4 is like the a in cat, and y is a combination of oo and ee (like u in French).\n\n1\tic\u030cja\n2\tc\u030coc\u030cna\n3\t__(a)__\n4\thy\u0292\u030cs\u030cs\u030cu\n5\tlaama\n6\tc\u030ceeta\n7\t__(b)__\n8\t__(c)__\n9\tizyc\u030cnuh\n10\tc\u030ciddyhyh\n11\tic\u030cjaka\u0308ajko\n12\tkoc\u030cnaka\u0308ajko\n13\tc\u030ca\u0308\u0292\u030cdyka\u0308ajko\n14\thy\u0292\u030cs\u030cs\u030cuka\u0308ajko\n15\t__(d)__\n18\t__(e)__\n19\t__(f)__\n23\tc\u030coc\u030cnac\u030ciddyhvu c\u030ca\u0308\u0292\u030cdy\n28\t__(g)__\n36\tc\u030ca\u0308\u0292\u030cdyc\u030ciddyhvu c\u030ceeta\n44\t__(h)__\n52\t__(i)__\n58\tlaamac\u030ciddyhvu c\u030cozyc\u030cnoh\n60\t__(j)__\n67\tc\u030ceetac\u030ciddyhvu jyassyduh\n74\t__(k)__\n80\t__(l)__\n81\tc\u030cozyc\u030cnohc\u030ciddyhvu ic\u030cja\n92\tizyc\u030cnuhc\u030ciddyhvu c\u030coc\u030cna\n99\t__(m)__\n\n\n\n\n\n",
    "questions": "[{\"question_n\": \"Q 1\", \"prompt\": \"Fill in each gap in turn.\", \"subprompts\": [{\"questionpart_n\": \"a. \", \"question\": \"__(a)__\", \"answer\": \"c\u030ca\u0308\u0292\u030cdy\", \"matches_human_scoring\": false, \"fuzzy_matching\": false, \"manual_edit\": false}, {\"questionpart_n\": \"b.\", \"question\": \"__(b)__\", \"answer\": \"jyassyduh\", \"matches_human_scoring\": false, \"fuzzy_matching\": false, \"manual_edit\": false}, {\"questionpart_n\": \"c.\", \"question\": \"__(c)__\", \"answer\": \"c\u030cozyc\u030cnoh\", \"matches_human_scoring\": false, \"fuzzy_matching\": false, \"manual_edit\": false}, {\"questionpart_n\": \"d.\", \"question\": \"__(d)__\", \"answer\": \"laamaka\u0308ajko\", \"matches_human_scoring\": false, \"fuzzy_matching\": false, \"manual_edit\": false}, {\"questionpart_n\": \"e.\", \"question\": \"__(e)__\", \"answer\": \"c\u030cozyc\u030cnohka\u0308ajko\", \"matches_human_scoring\": false, \"fuzzy_matching\": false, \"manual_edit\": false}, {\"questionpart_n\": \"f.\", \"question\": \"__(f)__\", \"answer\": \"izyc\u030cnuhka\u0308ajko\", \"matches_human_scoring\": false, \"fuzzy_matching\": false, \"manual_edit\": false}, {\"questionpart_n\": \"g.\", \"question\": \"__(g)__\", \"answer\": \"c\u030coc\u030cnac\u030ciddyhvu c\u030cozyc\u030cnoh\", \"matches_human_scoring\": false, \"fuzzy_matching\": false, \"manual_edit\": false}, {\"questionpart_n\": \"h.\", \"question\": \"__(h)__\", \"answer\": \"hy\u0292\u030cs\u030cs\u030cuc\u030ciddyhvu hy\u0292\u030cs\u030cs\u030cu\", \"matches_human_scoring\": false, \"fuzzy_matching\": false, \"manual_edit\": false}, {\"questionpart_n\": \"i.\", \"question\": \"__(i)__\", \"answer\": \"laamac\u030ciddyhvu c\u030coc\u030cna\", \"matches_human_scoring\": false, \"fuzzy_matching\": false, \"manual_edit\": false}, {\"questionpart_n\": \"j.\", \"question\": \"__(j)__\", \"answer\": \"c\u030ceetac\u030ciddyhvu\", \"matches_human_scoring\": false, \"fuzzy_matching\": false, \"manual_edit\": false}, {\"questionpart_n\": \"k.\", \"question\": \"__(k)__\", \"answer\": \"jyassyduhc\u030ciddyhvu hy\u0292\u030cs\u030cs\u030cu\", \"matches_human_scoring\": false, \"fuzzy_matching\": false, \"manual_edit\": false}, {\"questionpart_n\": \"l.\", \"question\": \"__(l)__\", \"answer\": \"c\u030cozyc\u030cnohc\u030ciddyhvu\", \"matches_human_scoring\": false, \"fuzzy_matching\": false, \"manual_edit\": false}, {\"questionpart_n\": \"m.\", \"question\": \"__(m)__\", \"answer\": \"izyc\u030cnuhc\u030ciddyhvu izyc\u030cnuh\", \"matches_human_scoring\": false, \"fuzzy_matching\": false, \"manual_edit\": false}]}]",
    "obfuscated": "True",
    "obf_num": "22",
    "mapping": {
        "s\u030c": "n",
        "c\u030c": "s",
        "\u0292\u030c": "t",
        "d": "v",
        "h": "z",
        "j": "s\u030c",
        "k": "c\u030c",
        "l": "\u0292\u030c",
        "m": "d",
        "n": "h",
        "s": "j",
        "t": "k",
        "v": "l",
        "z": "m",
        "a": "o",
        "a\u0308": "u",
        "e": "y",
        "i": "a",
        "o": "a\u0308",
        "u": "e",
        "y": "i"
    }
}