{
    "json_invalid": false,
    "preamble": "Problem 1: Counting in Language X\n  \n",
    "context": "The table below shows the Language X words for some numbers. Your task is to complete the table by filling the gaps. The letters \u0161, \u010d and \u01ef are pronounced like the first sounds in shirt, chat and jug, \u00e4 is like the a in cat, and y is a combination of oo and ee (like u in French).\n\n1\ta\u0308dlu\n2\tdedtu\n3\t__(a)__\n4\tkoh\u0292\u030c\u0292\u030ci\n5\tnuusu\n6\tdaazu\n7\t__(b)__\n8\t__(c)__\n9\ta\u0308c\u030codtik\n10\tda\u0308jjokok\n11\ta\u0308dlumyulme\n12\tkedtumyulme\n13\tdyhjomyulme\n14\tkoh\u0292\u030c\u0292\u030cimyulme\n15\t__(d)__\n18\t__(e)__\n19\t__(f)__\n23\tdedtuda\u0308jjoks\u030ci dyhjo\n28\t__(g)__\n36\tdyhjoda\u0308jjoks\u030ci daazu\n44\t__(h)__\n52\t__(i)__\n58\tnuusuda\u0308jjoks\u030ci dec\u030codtek\n60\t__(j)__\n67\tdaazuda\u0308jjoks\u030ci louvvojik\n74\t__(k)__\n80\t__(l)__\n81\tdec\u030codtekda\u0308jjoks\u030ci a\u0308dlu\n92\ta\u0308c\u030codtikda\u0308jjoks\u030ci dedtu\n99\t__(m)__\n\n\n\n\n\n",
    "questions": "[{\"question_n\": \"Q 1\", \"prompt\": \"Fill in each gap in turn.\", \"subprompts\": [{\"questionpart_n\": \"a. \", \"question\": \"__(a)__\", \"answer\": \"dyhjo\", \"matches_human_scoring\": false, \"fuzzy_matching\": false, \"manual_edit\": false}, {\"questionpart_n\": \"b.\", \"question\": \"__(b)__\", \"answer\": \"louvvojik\", \"matches_human_scoring\": false, \"fuzzy_matching\": false, \"manual_edit\": false}, {\"questionpart_n\": \"c.\", \"question\": \"__(c)__\", \"answer\": \"dec\u030codtek\", \"matches_human_scoring\": false, \"fuzzy_matching\": false, \"manual_edit\": false}, {\"questionpart_n\": \"d.\", \"question\": \"__(d)__\", \"answer\": \"nuusumyulme\", \"matches_human_scoring\": false, \"fuzzy_matching\": false, \"manual_edit\": false}, {\"questionpart_n\": \"e.\", \"question\": \"__(e)__\", \"answer\": \"dec\u030codtekmyulme\", \"matches_human_scoring\": false, \"fuzzy_matching\": false, \"manual_edit\": false}, {\"questionpart_n\": \"f.\", \"question\": \"__(f)__\", \"answer\": \"a\u0308c\u030codtikmyulme\", \"matches_human_scoring\": false, \"fuzzy_matching\": false, \"manual_edit\": false}, {\"questionpart_n\": \"g.\", \"question\": \"__(g)__\", \"answer\": \"dedtuda\u0308jjoks\u030ci dec\u030codtek\", \"matches_human_scoring\": false, \"fuzzy_matching\": false, \"manual_edit\": false}, {\"questionpart_n\": \"h.\", \"question\": \"__(h)__\", \"answer\": \"koh\u0292\u030c\u0292\u030cida\u0308jjoks\u030ci koh\u0292\u030c\u0292\u030ci\", \"matches_human_scoring\": false, \"fuzzy_matching\": false, \"manual_edit\": false}, {\"questionpart_n\": \"i.\", \"question\": \"__(i)__\", \"answer\": \"nuusuda\u0308jjoks\u030ci dedtu\", \"matches_human_scoring\": false, \"fuzzy_matching\": false, \"manual_edit\": false}, {\"questionpart_n\": \"j.\", \"question\": \"__(j)__\", \"answer\": \"daazuda\u0308jjoks\u030ci\", \"matches_human_scoring\": false, \"fuzzy_matching\": false, \"manual_edit\": false}, {\"questionpart_n\": \"k.\", \"question\": \"__(k)__\", \"answer\": \"louvvojikda\u0308jjoks\u030ci koh\u0292\u030c\u0292\u030ci\", \"matches_human_scoring\": false, \"fuzzy_matching\": false, \"manual_edit\": false}, {\"questionpart_n\": \"l.\", \"question\": \"__(l)__\", \"answer\": \"dec\u030codtekda\u0308jjoks\u030ci\", \"matches_human_scoring\": false, \"fuzzy_matching\": false, \"manual_edit\": false}, {\"questionpart_n\": \"m.\", \"question\": \"__(m)__\", \"answer\": \"a\u0308c\u030codtikda\u0308jjoks\u030ci a\u0308c\u030codtik\", \"matches_human_scoring\": false, \"fuzzy_matching\": false, \"manual_edit\": false}]}]",
    "obfuscated": "True",
    "obf_num": "18",
    "mapping": {
        "s\u030c": "t",
        "c\u030c": "v",
        "\u0292\u030c": "z",
        "d": "s\u030c",
        "h": "c\u030c",
        "j": "\u0292\u030c",
        "k": "d",
        "l": "h",
        "m": "j",
        "n": "k",
        "s": "l",
        "t": "m",
        "v": "n",
        "z": "s",
        "a": "e",
        "a\u0308": "i",
        "e": "o",
        "i": "u",
        "o": "y",
        "u": "a",
        "y": "a\u0308"
    }
}