{
    "json_invalid": false,
    "preamble": "Problem 1: Counting in Language X\n  \n",
    "context": "The table below shows the Language X words for some numbers. Your task is to complete the table by filling the gaps. The letters \u0161, \u010d and \u01ef are pronounced like the first sounds in shirt, chat and jug, \u00e4 is like the a in cat, and y is a combination of oo and ee (like u in French).\n\n1\titc\u030ca\n2\ttotja\n3\t__(a)__\n4\ts\u030cyvssu\n5\tdaaha\n6\tteela\n7\t__(b)__\n8\t__(c)__\n9\tinytjus\u030c\n10\ttizzys\u030cys\u030c\n11\titc\u030ca\u0292\u030ca\u0308ac\u030c\u0292\u030co\n12\tkotja\u0292\u030ca\u0308ac\u030c\u0292\u030co\n13\tta\u0308vzy\u0292\u030ca\u0308ac\u030c\u0292\u030co\n14\ts\u030cyvssu\u0292\u030ca\u0308ac\u030c\u0292\u030co\n15\t__(d)__\n18\t__(e)__\n19\t__(f)__\n23\ttotjatizzys\u030cmu ta\u0308vzy\n28\t__(g)__\n36\tta\u0308vzytizzys\u030cmu teela\n44\t__(h)__\n52\t__(i)__\n58\tdaahatizzys\u030cmu tonytjos\u030c\n60\t__(j)__\n67\tteelatizzys\u030cmu c\u030cyakkyzus\u030c\n74\t__(k)__\n80\t__(l)__\n81\ttonytjos\u030ctizzys\u030cmu itc\u030ca\n92\tinytjus\u030ctizzys\u030cmu totja\n99\t__(m)__\n\n\n\n\n\n",
    "questions": "[{\"question_n\": \"Q 1\", \"prompt\": \"Fill in each gap in turn.\", \"subprompts\": [{\"questionpart_n\": \"a. \", \"question\": \"__(a)__\", \"answer\": \"ta\u0308vzy\", \"matches_human_scoring\": false, \"fuzzy_matching\": false, \"manual_edit\": false}, {\"questionpart_n\": \"b.\", \"question\": \"__(b)__\", \"answer\": \"c\u030cyakkyzus\u030c\", \"matches_human_scoring\": false, \"fuzzy_matching\": false, \"manual_edit\": false}, {\"questionpart_n\": \"c.\", \"question\": \"__(c)__\", \"answer\": \"tonytjos\u030c\", \"matches_human_scoring\": false, \"fuzzy_matching\": false, \"manual_edit\": false}, {\"questionpart_n\": \"d.\", \"question\": \"__(d)__\", \"answer\": \"daaha\u0292\u030ca\u0308ac\u030c\u0292\u030co\", \"matches_human_scoring\": false, \"fuzzy_matching\": false, \"manual_edit\": false}, {\"questionpart_n\": \"e.\", \"question\": \"__(e)__\", \"answer\": \"tonytjos\u030c\u0292\u030ca\u0308ac\u030c\u0292\u030co\", \"matches_human_scoring\": false, \"fuzzy_matching\": false, \"manual_edit\": false}, {\"questionpart_n\": \"f.\", \"question\": \"__(f)__\", \"answer\": \"inytjus\u030c\u0292\u030ca\u0308ac\u030c\u0292\u030co\", \"matches_human_scoring\": false, \"fuzzy_matching\": false, \"manual_edit\": false}, {\"questionpart_n\": \"g.\", \"question\": \"__(g)__\", \"answer\": \"totjatizzys\u030cmu tonytjos\u030c\", \"matches_human_scoring\": false, \"fuzzy_matching\": false, \"manual_edit\": false}, {\"questionpart_n\": \"h.\", \"question\": \"__(h)__\", \"answer\": \"s\u030cyvssutizzys\u030cmu s\u030cyvssu\", \"matches_human_scoring\": false, \"fuzzy_matching\": false, \"manual_edit\": false}, {\"questionpart_n\": \"i.\", \"question\": \"__(i)__\", \"answer\": \"daahatizzys\u030cmu totja\", \"matches_human_scoring\": false, \"fuzzy_matching\": false, \"manual_edit\": false}, {\"questionpart_n\": \"j.\", \"question\": \"__(j)__\", \"answer\": \"teelatizzys\u030cmu\", \"matches_human_scoring\": false, \"fuzzy_matching\": false, \"manual_edit\": false}, {\"questionpart_n\": \"k.\", \"question\": \"__(k)__\", \"answer\": \"c\u030cyakkyzus\u030ctizzys\u030cmu s\u030cyvssu\", \"matches_human_scoring\": false, \"fuzzy_matching\": false, \"manual_edit\": false}, {\"questionpart_n\": \"l.\", \"question\": \"__(l)__\", \"answer\": \"tonytjos\u030ctizzys\u030cmu\", \"matches_human_scoring\": false, \"fuzzy_matching\": false, \"manual_edit\": false}, {\"questionpart_n\": \"m.\", \"question\": \"__(m)__\", \"answer\": \"inytjus\u030ctizzys\u030cmu inytjus\u030c\", \"matches_human_scoring\": false, \"fuzzy_matching\": false, \"manual_edit\": false}]}]",
    "obfuscated": "True",
    "obf_num": "3",
    "mapping": {
        "s\u030c": "j",
        "c\u030c": "k",
        "\u0292\u030c": "l",
        "d": "m",
        "h": "n",
        "j": "s",
        "k": "t",
        "l": "v",
        "m": "z",
        "n": "s\u030c",
        "s": "c\u030c",
        "t": "\u0292\u030c",
        "v": "d",
        "z": "h",
        "a": "o",
        "a\u0308": "u",
        "e": "y",
        "i": "a",
        "o": "a\u0308",
        "u": "e",
        "y": "i"
    }
}