{
    "json_invalid": false,
    "preamble": "Problem 6: Langugage X places (15 marks)\n",
    "context": "In many languages, proper nouns often consist of two parts that describe some local geographical feature (e.g. Smallfield, Whitehill, Longridge). The same is true in Language X. Here are some two-part Language X proper nouns, including some familiar names.\n\n1 Iso\u0304\n2 Wo\u0304so\u0304ho\u0304ro\u0304\n3 Suzo\u0304cho\u0304\n4 So\u0304do\u0304w\n5 Royo\u0304so\u0304ru\n6 So\u0304zo\u0304cho\u0304\n7 Awa\n8 Fujito\u0304w\n9 Waroyo\u0304\n10 So\u0304wo\u0304so\u0304\n11 To\u0304soyo\u0304zu\n12 Wunaw\n13 Ito\u0304so\u0304\n14 Ho\u0304ro\u0304do\u0304so\u0304\n15 So\u0304cho\u0304so\u0304ru\n16 Nawzo\u0304\n17 Ho\u0304ro\u0304rumu\n\nAnd here are their jumbled up literal translations into English.\n\nA Big slope\nB Tree river\nC Slope of the mountain\nD Field village\nE Upper village\nF Upper river\nG Middle of the rice-field\nH Little field\nI Middle mountain\nJ Original rice-field\nK Mountain road\nL Cherry tree\nM Fire mount (= volcano)\nN Big rice-field\nO Mount Fuji\nP Fire river\nQ Origin of the sun\n\nOf course there are one or two difficulties. The order of the elements in the Language X words and their natural translations are not always the same. Also, when two elements combine, sometimes one of them might change slightly (as in English, where \u2018s\u2019 is pronounced as /s/ in cats but /z/ in dogs). Note that in these examples, \u2018mount\u2019 and \u2018mountain\u2019 are different words, and so are \u2018field\u2019 and \u2018rice-field\u2019.\n",
    "questions": "[{\"question_n\": \"Q 6.\", \"prompt\": \"All you have to do is match up the names and the translations by writing the corresponding letter of the translation that matches the numbered item.\", \"subprompts\": [{\"questionpart_n\": \"1\", \"question\": \"Iso\u0304\", \"answer\": \"N\", \"matches_human_scoring\": false, \"fuzzy_matching\": false, \"manual_edit\": false}, {\"questionpart_n\": \"2\", \"question\": \"Wo\u0304so\u0304ho\u0304ro\u0304\", \"answer\": \"I\", \"matches_human_scoring\": false, \"fuzzy_matching\": false, \"manual_edit\": false}, {\"questionpart_n\": \"3\", \"question\": \"Suzo\u0304cho\u0304\", \"answer\": \"B\", \"matches_human_scoring\": false, \"fuzzy_matching\": false, \"manual_edit\": false}, {\"questionpart_n\": \"4\", \"question\": \"So\u0304do\u0304w\", \"answer\": \"M\", \"matches_human_scoring\": false, \"fuzzy_matching\": false, \"manual_edit\": false}, {\"questionpart_n\": \"5\", \"question\": \"Royo\u0304so\u0304ru\", \"answer\": \"E\", \"matches_human_scoring\": false, \"fuzzy_matching\": false, \"manual_edit\": false}, {\"questionpart_n\": \"6\", \"question\": \"So\u0304zo\u0304cho\u0304\", \"answer\": \"P\", \"matches_human_scoring\": false, \"fuzzy_matching\": false, \"manual_edit\": false}, {\"questionpart_n\": \"7\", \"question\": \"Awa\", \"answer\": \"H\", \"matches_human_scoring\": false, \"fuzzy_matching\": false, \"manual_edit\": false}, {\"questionpart_n\": \"8\", \"question\": \"Fujito\u0304w\", \"answer\": \"O\", \"matches_human_scoring\": false, \"fuzzy_matching\": false, \"manual_edit\": false}, {\"questionpart_n\": \"9\", \"question\": \"Waroyo\u0304\", \"answer\": \"D\", \"matches_human_scoring\": false, \"fuzzy_matching\": false, \"manual_edit\": false}, {\"questionpart_n\": \"10\", \"question\": \"So\u0304wo\u0304so\u0304\", \"answer\": \"G\", \"matches_human_scoring\": false, \"fuzzy_matching\": false, \"manual_edit\": false}, {\"questionpart_n\": \"11\", \"question\": \"To\u0304soyo\u0304zu\", \"answer\": \"L\", \"matches_human_scoring\": false, \"fuzzy_matching\": false, \"manual_edit\": false}, {\"questionpart_n\": \"12\", \"question\": \"Wunaw\", \"answer\": \"Q\", \"matches_human_scoring\": false, \"fuzzy_matching\": false, \"manual_edit\": false}, {\"questionpart_n\": \"13\", \"question\": \"Ito\u0304so\u0304\", \"answer\": \"A\", \"matches_human_scoring\": false, \"fuzzy_matching\": false, \"manual_edit\": false}, {\"questionpart_n\": \"14\", \"question\": \"Ho\u0304ro\u0304do\u0304so\u0304\", \"answer\": \"C\", \"matches_human_scoring\": false, \"fuzzy_matching\": false, \"manual_edit\": false}, {\"questionpart_n\": \"15\", \"question\": \"So\u0304cho\u0304so\u0304ru\", \"answer\": \"F\", \"matches_human_scoring\": false, \"fuzzy_matching\": false, \"manual_edit\": false}, {\"questionpart_n\": \"16\", \"question\": \"Nawzo\u0304\", \"answer\": \"J\", \"matches_human_scoring\": false, \"fuzzy_matching\": false, \"manual_edit\": false}, {\"questionpart_n\": \"17\", \"question\": \"Ho\u0304ro\u0304rumu\", \"answer\": \"K\", \"matches_human_scoring\": false, \"fuzzy_matching\": false, \"manual_edit\": false}]}]",
    "obfuscated": "True",
    "obf_num": "7",
    "mapping": {
        "k": "s",
        "t": "s",
        "g": "z",
        "d": "z",
        "s": "t",
        "z": "d",
        "a": "o\u0304",
        "i": "u",
        "o": "a",
        "o\u0304": "i",
        "u": "o",
        "ch": "m",
        "h": "n",
        "m": "r",
        "n": "w",
        "r": "y",
        "w": "ch",
        "y": "h",
        "fuji": "fuji"
    }
}