{
    "json_invalid": false,
    "preamble": "Problem 5. You to me for them to him for us in Language X (15 marks)\n  ",
    "context": "Here are some example sentences in Language X, with their English translations.\n\nAta qi badodigu.            We two cut the pig for him.\nNaus qi odaw.               Naus gave him the pig. [Naus is a name.]\nEsu luwu taec si equjutenu.            I showed the two men the house.\nObu cuh saw.                He ate the food.\nAta cuh sigu.               We two ate the food.\nEsu cuh badutenu.           I cut the food for the two of them.\nObu hunit edaw.             He gave me the present. \nEsu cuh odenu.              I gave him food.\nObu si equjodaw.            He showed him the house.\nAta qi uligu.               We two gave you two the pig.\nSi equjedunu.               Show me the house!\nCuh badutunu.               Cut the food for the two of them!\n\nNotes: Language X has no words for \u2018the\u2019, \u2018a\u2019 or \u2018some\u2019.\n",
    "questions": "[{\"question_n\": \"Q 5\", \"prompt\": \"Provide Language X translations for the English sentences.\", \"subprompts\": [{\"questionpart_n\": \"1. \", \"question\": \"The pig ate the food.\", \"answer\": \"Qi cuh saw.\", \"matches_human_scoring\": true, \"fuzzy_matching\": false, \"manual_edit\": false}, {\"questionpart_n\": \"2. \", \"question\": \"I ate the food for Naus.\", \"answer\": \"Esu Naus cuh sodenu.\", \"matches_human_scoring\": true, \"fuzzy_matching\": false, \"manual_edit\": false}, {\"questionpart_n\": \"3\", \"question\": \"He gave the two men food.\", \"answer\": \"Obu luwu taec cuh utaw.\", \"matches_human_scoring\": true, \"fuzzy_matching\": false, \"manual_edit\": false}, {\"questionpart_n\": \"4\", \"question\": \"We two showed the two of them the pig.\", \"answer\": \"Ata qi equjutigu.\", \"matches_human_scoring\": true, \"fuzzy_matching\": false, \"manual_edit\": false}, {\"questionpart_n\": \"5\", \"question\": \"I gave myself the present. [myself = me]\", \"answer\": \"Esu hunit edenu.\", \"matches_human_scoring\": true, \"fuzzy_matching\": false, \"manual_edit\": false}, {\"questionpart_n\": \"6\", \"question\": \"Give me the pig!\", \"answer\": \"Qi edunu.\", \"matches_human_scoring\": true, \"fuzzy_matching\": false, \"manual_edit\": false}, {\"questionpart_n\": \"7\", \"question\": \"Eat the food for you two!\", \"answer\": \"Cuh sulunu.\", \"matches_human_scoring\": true, \"fuzzy_matching\": false, \"manual_edit\": false}, {\"questionpart_n\": \"8\", \"question\": \"Give the two men food!\", \"answer\": \"Luwu taec cuh utunu.\", \"matches_human_scoring\": true, \"fuzzy_matching\": false, \"manual_edit\": false}]}]",
    "obfuscated": "True",
    "obf_num": "26",
    "mapping": {
        "b": "h",
        "c": "j",
        "d": "l",
        "g": "n",
        "h": "q",
        "j": "s",
        "l": "t",
        "n": "w",
        "q": "b",
        "s": "c",
        "t": "d",
        "w": "g",
        "a": "u",
        "e": "a",
        "i": "e",
        "o": "i",
        "u": "o",
        "naus": "naus",
        " qilol": " qilol"
    }
}