{
    "json_invalid": false,
    "preamble": "Problem 5. You to me for them to him for us in Language X (15 marks)\n  ",
    "context": "Here are some example sentences in Language X, with their English translations.\n\nUwu se cugigeho.            We two cut the pig for him.\nNaus se igub.               Naus gave him the pig. [Naus is a name.]\nAto nobo wuad te asolowaqo.            I showed the two men the house.\nIco doj tub.                He ate the food.\nUwu doj teho.               We two ate the food.\nAto doj cugowaqo.           I cut the food for the two of them.\nIco joqew agub.             He gave me the present. \nAto doj igaqo.              I gave him food.\nIco te asoligub.            He showed him the house.\nUwu se oneho.               We two gave you two the pig.\nTe asolagoqo.               Show me the house!\nDoj cugowoqo.               Cut the food for the two of them!\n\nNotes: Language X has no words for \u2018the\u2019, \u2018a\u2019 or \u2018some\u2019.\n",
    "questions": "[{\"question_n\": \"Q 5\", \"prompt\": \"Provide Language X translations for the English sentences.\", \"subprompts\": [{\"questionpart_n\": \"1. \", \"question\": \"The pig ate the food.\", \"answer\": \"Se doj tub.\", \"matches_human_scoring\": true, \"fuzzy_matching\": false, \"manual_edit\": false}, {\"questionpart_n\": \"2. \", \"question\": \"I ate the food for Naus.\", \"answer\": \"Ato Naus doj tigaqo.\", \"matches_human_scoring\": true, \"fuzzy_matching\": false, \"manual_edit\": false}, {\"questionpart_n\": \"3\", \"question\": \"He gave the two men food.\", \"answer\": \"Ico nobo wuad doj owub.\", \"matches_human_scoring\": true, \"fuzzy_matching\": false, \"manual_edit\": false}, {\"questionpart_n\": \"4\", \"question\": \"We two showed the two of them the pig.\", \"answer\": \"Uwu se asoloweho.\", \"matches_human_scoring\": true, \"fuzzy_matching\": false, \"manual_edit\": false}, {\"questionpart_n\": \"5\", \"question\": \"I gave myself the present. [myself = me]\", \"answer\": \"Ato joqew agaqo.\", \"matches_human_scoring\": true, \"fuzzy_matching\": false, \"manual_edit\": false}, {\"questionpart_n\": \"6\", \"question\": \"Give me the pig!\", \"answer\": \"Se agoqo.\", \"matches_human_scoring\": true, \"fuzzy_matching\": false, \"manual_edit\": false}, {\"questionpart_n\": \"7\", \"question\": \"Eat the food for you two!\", \"answer\": \"Doj tonoqo.\", \"matches_human_scoring\": true, \"fuzzy_matching\": false, \"manual_edit\": false}, {\"questionpart_n\": \"8\", \"question\": \"Give the two men food!\", \"answer\": \"Nobo wuad doj owoqo.\", \"matches_human_scoring\": true, \"fuzzy_matching\": false, \"manual_edit\": false}]}]",
    "obfuscated": "True",
    "obf_num": "7",
    "mapping": {
        "b": "j",
        "c": "l",
        "d": "n",
        "g": "q",
        "h": "s",
        "j": "t",
        "l": "w",
        "n": "b",
        "q": "c",
        "s": "d",
        "t": "g",
        "w": "h",
        "a": "o",
        "e": "u",
        "i": "a",
        "o": "e",
        "u": "i",
        "naus": "naus",
        " qilol": " qilol"
    }
}