{
    "json_invalid": false,
    "preamble": "Problem 5. You to me for them to him for us in Language X (15 marks)\n  ",
    "context": "Here are some example sentences in Language X, with their English translations.\n\nAba ti dahohiju.            We two cut the pig for him.\nNaus ti ohac.               Naus gave him the pig. [Naus is a name.]\nEwu qucu baeg wi etunubesu.            I showed the two men the house.\nOdu gul wac.                He ate the food.\nAba gul wiju.               We two ate the food.\nEwu gul dahubesu.           I cut the food for the two of them.\nOdu lusib ehac.             He gave me the present. \nEwu gul ohesu.              I gave him food.\nOdu wi etunohac.            He showed him the house.\nAba ti uqiju.               We two gave you two the pig.\nWi etunehusu.               Show me the house!\nGul dahubusu.               Cut the food for the two of them!\n\nNotes: Language X has no words for \u2018the\u2019, \u2018a\u2019 or \u2018some\u2019.\n",
    "questions": "[{\"question_n\": \"Q 5\", \"prompt\": \"Provide Language X translations for the English sentences.\", \"subprompts\": [{\"questionpart_n\": \"1. \", \"question\": \"The pig ate the food.\", \"answer\": \"Ti gul wac.\", \"matches_human_scoring\": true, \"fuzzy_matching\": false, \"manual_edit\": false}, {\"questionpart_n\": \"2. \", \"question\": \"I ate the food for Naus.\", \"answer\": \"Ewu Naus gul wohesu.\", \"matches_human_scoring\": true, \"fuzzy_matching\": false, \"manual_edit\": false}, {\"questionpart_n\": \"3\", \"question\": \"He gave the two men food.\", \"answer\": \"Odu qucu baeg gul ubac.\", \"matches_human_scoring\": true, \"fuzzy_matching\": false, \"manual_edit\": false}, {\"questionpart_n\": \"4\", \"question\": \"We two showed the two of them the pig.\", \"answer\": \"Aba ti etunubiju.\", \"matches_human_scoring\": true, \"fuzzy_matching\": false, \"manual_edit\": false}, {\"questionpart_n\": \"5\", \"question\": \"I gave myself the present. [myself = me]\", \"answer\": \"Ewu lusib ehesu.\", \"matches_human_scoring\": true, \"fuzzy_matching\": false, \"manual_edit\": false}, {\"questionpart_n\": \"6\", \"question\": \"Give me the pig!\", \"answer\": \"Ti ehusu.\", \"matches_human_scoring\": true, \"fuzzy_matching\": false, \"manual_edit\": false}, {\"questionpart_n\": \"7\", \"question\": \"Eat the food for you two!\", \"answer\": \"Gul wuqusu.\", \"matches_human_scoring\": true, \"fuzzy_matching\": false, \"manual_edit\": false}, {\"questionpart_n\": \"8\", \"question\": \"Give the two men food!\", \"answer\": \"Qucu baeg gul ubusu.\", \"matches_human_scoring\": true, \"fuzzy_matching\": false, \"manual_edit\": false}]}]",
    "obfuscated": "True",
    "obf_num": "6",
    "mapping": {
        "b": "l",
        "c": "n",
        "d": "q",
        "g": "s",
        "h": "t",
        "j": "w",
        "l": "b",
        "n": "c",
        "q": "d",
        "s": "g",
        "t": "h",
        "w": "j",
        "a": "u",
        "e": "a",
        "i": "e",
        "o": "i",
        "u": "o",
        "naus": "naus",
        " qilol": " qilol"
    }
}