{
    "json_invalid": false,
    "preamble": "Problem 5. You to me for them to him for us in Language X (15 marks)\n  ",
    "context": "Here are some example sentences in Language X, with their English translations.\n\nIqi lu tibabuce.            We two cut the pig for him.\nNaus lu abis.               Naus gave him the pig. [Naus is a name.]\nOne hese qiow nu olegeqoje.            I showed the two men the house.\nAte wed nis.                He ate the food.\nIqi wed nuce.               We two ate the food.\nOne wed tibeqoje.           I cut the food for the two of them.\nAte dejuq obis.             He gave me the present. \nOne wed aboje.              I gave him food.\nAte nu olegabis.            He showed him the house.\nIqi lu ehuce.               We two gave you two the pig.\nNu olegobeje.               Show me the house!\nWed tibeqeje.               Cut the food for the two of them!\n\nNotes: Language X has no words for \u2018the\u2019, \u2018a\u2019 or \u2018some\u2019.\n",
    "questions": "[{\"question_n\": \"Q 5\", \"prompt\": \"Provide Language X translations for the English sentences.\", \"subprompts\": [{\"questionpart_n\": \"1. \", \"question\": \"The pig ate the food.\", \"answer\": \"Lu wed nis.\", \"matches_human_scoring\": true, \"fuzzy_matching\": false, \"manual_edit\": false}, {\"questionpart_n\": \"2. \", \"question\": \"I ate the food for Naus.\", \"answer\": \"One Naus wed naboje.\", \"matches_human_scoring\": true, \"fuzzy_matching\": false, \"manual_edit\": false}, {\"questionpart_n\": \"3\", \"question\": \"He gave the two men food.\", \"answer\": \"Ate hese qiow wed eqis.\", \"matches_human_scoring\": true, \"fuzzy_matching\": false, \"manual_edit\": false}, {\"questionpart_n\": \"4\", \"question\": \"We two showed the two of them the pig.\", \"answer\": \"Iqi lu olegequce.\", \"matches_human_scoring\": true, \"fuzzy_matching\": false, \"manual_edit\": false}, {\"questionpart_n\": \"5\", \"question\": \"I gave myself the present. [myself = me]\", \"answer\": \"One dejuq oboje.\", \"matches_human_scoring\": true, \"fuzzy_matching\": false, \"manual_edit\": false}, {\"questionpart_n\": \"6\", \"question\": \"Give me the pig!\", \"answer\": \"Lu obeje.\", \"matches_human_scoring\": true, \"fuzzy_matching\": false, \"manual_edit\": false}, {\"questionpart_n\": \"7\", \"question\": \"Eat the food for you two!\", \"answer\": \"Wed neheje.\", \"matches_human_scoring\": true, \"fuzzy_matching\": false, \"manual_edit\": false}, {\"questionpart_n\": \"8\", \"question\": \"Give the two men food!\", \"answer\": \"Hese qiow wed eqeje.\", \"matches_human_scoring\": true, \"fuzzy_matching\": false, \"manual_edit\": false}]}]",
    "obfuscated": "True",
    "obf_num": "30",
    "mapping": {
        "b": "d",
        "c": "g",
        "d": "h",
        "g": "j",
        "h": "l",
        "j": "n",
        "l": "q",
        "n": "s",
        "q": "t",
        "s": "w",
        "t": "b",
        "w": "c",
        "a": "e",
        "e": "i",
        "i": "o",
        "o": "u",
        "u": "a",
        "naus": "naus",
        " qilol": " qilol"
    }
}