{
    "json_invalid": false,
    "preamble": "Problem 8. Language X verbs (20 marks)\n  ",
    "context": "The table below shows two past-tense forms for a number of Language X verbs. These forms show whether the verb\u2019s subject is \u2018I\u2019 or \u2018he\u2019. The challenge for you is to work out how these forms are related to each other. To help you, here are some notes on how the letters are pronounced:\n\n- Vowel sounds are much as in English.\n   - A double vowel indicates that the vowel is long.\n- Consonants are also as in English except for\n   - the \u2018guttural\u2019 consonants produced at the back of the mouth (in Latin, guttur means \u2018throat\u2019):\n      - <q>: a voiced uvular plosive, like a \u2018g\u2019 but pronounced at the back of the throat.\n      - <kh>: a bit like the \u2018ch\u2019 in Scottish loch but pronounced at the back of the throat.\n      - <x>: a voiceless pharyngeal fricative, hard to describe, but a bit like a heavy \u2018h\u2019.\n      - <c>: same as x, but voiced.\n        <\u2019>: a glottal stop, like the sound in the middle of uh-oh (IPA \u0242 ).\n   - <dh>: a single sound (a \u2018retroflex\u2019 d, produced by curling the tongue-tip back)\n\nAs in English, <sh> is a single sound, as in shell.\n\n\n (a)\u2018I read\u2019,etc.  (b) \u2018He read\u2019,etc.  (c) meaning\n1.   uxwelul      uxwedul            read\n2.   uwujul        uwujtul             saw\n3.   __(3a)__      fuwtul              taught\n4.   fucul         fucdul              was destroyed\n5.   fuuhelul      __(5b)__            prevented\n6.   fuukhul        fuukhdul             announced\n7.   fu\u2019ul         fu\u2019dul              left\n8.   fecelul       __(8b)__            destroyed\n9.   feruuful      __(9b)__            began\n10.  __(10a)__     qostul              ate \n11.  quful         quftul              drank\n12.  quwuwul       quwuwtul            ran away\n13.  duukhul        __(13b)__           grazed\n14.  dhuqul        __(14b)__           fell\n15.  dhebul        dhebtul             built\n16.  deedul        deedul              refused\n17.  derul         deshul              killed\n18.  guwu\u2019ul       __(18b)__           was happy\n19.  juudhul       juudhul             reached\n20.  jurul         __(20b)__           entered\n21.  jicul         __(21b)__           cut\n22.  __(22a)__     kashul              found\n23.  kiwhaadul     kiwhaadul           opposed\n24.  nuqul         __(24b)__           rose\n25.  naasul        naastul             brought\n26.  niwidhul      niwidhul            increased\n27.  khuudul        __(27b)__           took\n28.  tujul         tujtul              went\n29.  \u2019edhul        __(29b)__           closed\n30.  yuruukhul      __(30b)__            stirred\n\n\nFootnote: <...> is the standard notation for letters, in contrast with /.../ or [...] for sounds.\n",
    "questions": "[{\"question_n\": \"Q 8\", \"prompt\": \" Some cells in this table are empty except for a row-column identifier (e.g. \\u2018__(3a)__\\u2019). Provide the words to fill the corresponding cells in the table.\", \"subprompts\": [{\"questionpart_n\": \"3a\", \"question\": \"__(3a)__\", \"answer\": \"fuwul\", \"matches_human_scoring\": true, \"fuzzy_matching\": false, \"manual_edit\": false}, {\"questionpart_n\": \"5b\", \"question\": \"__(5b)__\", \"answer\": \"fuuhedul\", \"matches_human_scoring\": true, \"fuzzy_matching\": false, \"manual_edit\": false}, {\"questionpart_n\": \"8b\", \"question\": \"__(8b)__\", \"answer\": \"fecedul\", \"matches_human_scoring\": true, \"fuzzy_matching\": false, \"manual_edit\": false}, {\"questionpart_n\": \"9b\", \"question\": \"__(9b)__\", \"answer\": \"feruuftul\", \"matches_human_scoring\": true, \"fuzzy_matching\": false, \"manual_edit\": false}, {\"questionpart_n\": \"10a\", \"question\": \"__(10a)__\", \"answer\": \"qosul\", \"matches_human_scoring\": true, \"fuzzy_matching\": false, \"manual_edit\": false}, {\"questionpart_n\": \"13b\", \"question\": \"__(13b)__\", \"answer\": \"duukhdul\", \"matches_human_scoring\": true, \"fuzzy_matching\": false, \"manual_edit\": false}, {\"questionpart_n\": \"14b\", \"question\": \"__(14b)__\", \"answer\": \"dhuqdul\", \"matches_human_scoring\": true, \"fuzzy_matching\": false, \"manual_edit\": false}, {\"questionpart_n\": \"18b\", \"question\": \"__(18b)__\", \"answer\": \"guwu\u2019dul\", \"matches_human_scoring\": true, \"fuzzy_matching\": false, \"manual_edit\": false}, {\"questionpart_n\": \"20b\", \"question\": \"__(20b)__\", \"answer\": \"jushul\", \"matches_human_scoring\": true, \"fuzzy_matching\": false, \"manual_edit\": false}, {\"questionpart_n\": \"21b\", \"question\": \"__(21b)__\", \"answer\": \"jicdul\", \"matches_human_scoring\": true, \"fuzzy_matching\": false, \"manual_edit\": false}, {\"questionpart_n\": \"22a\", \"question\": \"__(22a)__\", \"answer\": \"karul\", \"matches_human_scoring\": true, \"fuzzy_matching\": false, \"manual_edit\": false}, {\"questionpart_n\": \"24b\", \"question\": \"__(24b)__\", \"answer\": \"nuqdul\", \"matches_human_scoring\": true, \"fuzzy_matching\": false, \"manual_edit\": false}, {\"questionpart_n\": \"27b\", \"question\": \"__(27b)__\", \"answer\": \"khuudul\", \"matches_human_scoring\": true, \"fuzzy_matching\": false, \"manual_edit\": false}, {\"questionpart_n\": \"29b\", \"question\": \"__(29b)__\", \"answer\": \"\u2019edhul\", \"matches_human_scoring\": true, \"fuzzy_matching\": false, \"manual_edit\": false}, {\"questionpart_n\": \"30b\", \"question\": \"__(30b)__\", \"answer\": \"yuruukhdul\", \"matches_human_scoring\": true, \"fuzzy_matching\": false, \"manual_edit\": false}]}]",
    "obfuscated": "True",
    "obf_num": "11",
    "mapping": {
        "a": "u",
        "e": "a",
        "i": "e",
        "o": "i",
        "u": "o",
        "q": "kh",
        "x": "\u2019",
        "c": "q",
        "kh": "x",
        "\u2019": "c",
        "b": "f",
        "f": "g",
        "g": "j",
        "j": "h",
        "h": "k",
        "k": "n",
        "n": "s",
        "s": "b",
        "l": "r",
        "r": "w",
        "w": "y",
        "y": "l",
        "t": "t",
        "d": "d",
        "dh": "dh",
        "sh": "sh"
    }
}