{
    "json_invalid": false,
    "preamble": "Problem 8. Language X verbs (20 marks)\n  ",
    "context": "The table below shows two past-tense forms for a number of Language X verbs. These forms show whether the verb\u2019s subject is \u2018I\u2019 or \u2018he\u2019. The challenge for you is to work out how these forms are related to each other. To help you, here are some notes on how the letters are pronounced:\n\n- Vowel sounds are much as in English.\n   - A double vowel indicates that the vowel is long.\n- Consonants are also as in English except for\n   - the \u2018guttural\u2019 consonants produced at the back of the mouth (in Latin, guttur means \u2018throat\u2019):\n      - <q>: a voiced uvular plosive, like a \u2018g\u2019 but pronounced at the back of the throat.\n      - <kh>: a bit like the \u2018ch\u2019 in Scottish loch but pronounced at the back of the throat.\n      - <x>: a voiceless pharyngeal fricative, hard to describe, but a bit like a heavy \u2018h\u2019.\n      - <c>: same as x, but voiced.\n        <\u2019>: a glottal stop, like the sound in the middle of uh-oh (IPA \u0242 ).\n   - <dh>: a single sound (a \u2018retroflex\u2019 d, produced by curling the tongue-tip back)\n\nAs in English, <sh> is a single sound, as in shell.\n\n\n (a)\u2018I read\u2019,etc.  (b) \u2018He read\u2019,etc.  (c) meaning\n1.   oqyaror      oqyador            read\n2.   oyobor        oyobtor             saw\n3.   __(3a)__      noytor              taught\n4.   noxor         noxdor              was destroyed\n5.   noofaror      __(5b)__            prevented\n6.   noocor        noocdor             announced\n7.   nokhor         nokhdor              left\n8.   naxaror       __(8b)__            destroyed\n9.   nawoonor      __(9b)__            began\n10.  __(10a)__     \u2019ihtor              ate \n11.  \u2019onor         \u2019ontor              drank\n12.  \u2019oyoyor       \u2019oyoytor            ran away\n13.  doocor        __(13b)__           grazed\n14.  dho\u2019or        __(14b)__           fell\n15.  dhakor        dhaktor             built\n16.  daador        daador              refused\n17.  dawor         dashor              killed\n18.  soyokhor       __(18b)__           was happy\n19.  boodhor       boodhor             reached\n20.  bowor         __(20b)__           entered\n21.  bexor         __(21b)__           cut\n22.  __(22a)__     gushor              found\n23.  geyfuudor     geyfuudor           opposed\n24.  jo\u2019or         __(24b)__           rose\n25.  juuhor        juuhtor             brought\n26.  jeyedhor      jeyedhor            increased\n27.  coodor        __(27b)__           took\n28.  tobor         tobtor              went\n29.  khadhor        __(29b)__           closed\n30.  lowoocor      __(30b)__            stirred\n\n\nFootnote: <...> is the standard notation for letters, in contrast with /.../ or [...] for sounds.\n",
    "questions": "[{\"question_n\": \"Q 8\", \"prompt\": \" Some cells in this table are empty except for a row-column identifier (e.g. \\u2018__(3a)__\\u2019). Provide the words to fill the corresponding cells in the table.\", \"subprompts\": [{\"questionpart_n\": \"3a\", \"question\": \"__(3a)__\", \"answer\": \"noyor\", \"matches_human_scoring\": true, \"fuzzy_matching\": false, \"manual_edit\": false}, {\"questionpart_n\": \"5b\", \"question\": \"__(5b)__\", \"answer\": \"noofador\", \"matches_human_scoring\": true, \"fuzzy_matching\": false, \"manual_edit\": false}, {\"questionpart_n\": \"8b\", \"question\": \"__(8b)__\", \"answer\": \"naxador\", \"matches_human_scoring\": true, \"fuzzy_matching\": false, \"manual_edit\": false}, {\"questionpart_n\": \"9b\", \"question\": \"__(9b)__\", \"answer\": \"nawoontor\", \"matches_human_scoring\": true, \"fuzzy_matching\": false, \"manual_edit\": false}, {\"questionpart_n\": \"10a\", \"question\": \"__(10a)__\", \"answer\": \"\u2019ihor\", \"matches_human_scoring\": true, \"fuzzy_matching\": false, \"manual_edit\": false}, {\"questionpart_n\": \"13b\", \"question\": \"__(13b)__\", \"answer\": \"doocdor\", \"matches_human_scoring\": true, \"fuzzy_matching\": false, \"manual_edit\": false}, {\"questionpart_n\": \"14b\", \"question\": \"__(14b)__\", \"answer\": \"dho\u2019dor\", \"matches_human_scoring\": true, \"fuzzy_matching\": false, \"manual_edit\": false}, {\"questionpart_n\": \"18b\", \"question\": \"__(18b)__\", \"answer\": \"soyokhdor\", \"matches_human_scoring\": true, \"fuzzy_matching\": false, \"manual_edit\": false}, {\"questionpart_n\": \"20b\", \"question\": \"__(20b)__\", \"answer\": \"boshor\", \"matches_human_scoring\": true, \"fuzzy_matching\": false, \"manual_edit\": false}, {\"questionpart_n\": \"21b\", \"question\": \"__(21b)__\", \"answer\": \"bexdor\", \"matches_human_scoring\": true, \"fuzzy_matching\": false, \"manual_edit\": false}, {\"questionpart_n\": \"22a\", \"question\": \"__(22a)__\", \"answer\": \"guwor\", \"matches_human_scoring\": true, \"fuzzy_matching\": false, \"manual_edit\": false}, {\"questionpart_n\": \"24b\", \"question\": \"__(24b)__\", \"answer\": \"jo\u2019dor\", \"matches_human_scoring\": true, \"fuzzy_matching\": false, \"manual_edit\": false}, {\"questionpart_n\": \"27b\", \"question\": \"__(27b)__\", \"answer\": \"coodor\", \"matches_human_scoring\": true, \"fuzzy_matching\": false, \"manual_edit\": false}, {\"questionpart_n\": \"29b\", \"question\": \"__(29b)__\", \"answer\": \"khadhor\", \"matches_human_scoring\": true, \"fuzzy_matching\": false, \"manual_edit\": false}, {\"questionpart_n\": \"30b\", \"question\": \"__(30b)__\", \"answer\": \"lowoocdor\", \"matches_human_scoring\": true, \"fuzzy_matching\": false, \"manual_edit\": false}]}]",
    "obfuscated": "True",
    "obf_num": "30",
    "mapping": {
        "a": "o",
        "e": "u",
        "i": "a",
        "o": "e",
        "u": "i",
        "q": "c",
        "x": "kh",
        "c": "\u2019",
        "kh": "q",
        "\u2019": "x",
        "b": "n",
        "f": "s",
        "g": "b",
        "j": "f",
        "h": "g",
        "k": "j",
        "n": "h",
        "s": "k",
        "l": "w",
        "r": "y",
        "w": "l",
        "y": "r",
        "t": "t",
        "d": "d",
        "dh": "dh",
        "sh": "sh"
    }
}