{
    "json_invalid": false,
    "preamble": "Problem 8. Language X verbs (20 marks)\n  ",
    "context": "The table below shows two past-tense forms for a number of Language X verbs. These forms show whether the verb\u2019s subject is \u2018I\u2019 or \u2018he\u2019. The challenge for you is to work out how these forms are related to each other. To help you, here are some notes on how the letters are pronounced:\n\n- Vowel sounds are much as in English.\n   - A double vowel indicates that the vowel is long.\n- Consonants are also as in English except for\n   - the \u2018guttural\u2019 consonants produced at the back of the mouth (in Latin, guttur means \u2018throat\u2019):\n      - <q>: a voiced uvular plosive, like a \u2018g\u2019 but pronounced at the back of the throat.\n      - <kh>: a bit like the \u2018ch\u2019 in Scottish loch but pronounced at the back of the throat.\n      - <x>: a voiceless pharyngeal fricative, hard to describe, but a bit like a heavy \u2018h\u2019.\n      - <c>: same as x, but voiced.\n        <\u2019>: a glottal stop, like the sound in the middle of uh-oh (IPA \u0242 ).\n   - <dh>: a single sound (a \u2018retroflex\u2019 d, produced by curling the tongue-tip back)\n\nAs in English, <sh> is a single sound, as in shell.\n\n\n (a)\u2018I read\u2019,etc.  (b) \u2018He read\u2019,etc.  (c) meaning\n1.   ocwalol      ocwadol            read\n2.   owokol        owoktol             saw\n3.   __(3a)__      jowtol              taught\n4.   jokhol         jokhdol              was destroyed\n5.   joonalol      __(5b)__            prevented\n6.   joo\u2019ol        joo\u2019dol             announced\n7.   joqol         joqdol              left\n8.   jakhalol       __(8b)__            destroyed\n9.   jaroojol      __(9b)__            began\n10.  __(10a)__     xiftol              ate \n11.  xojol         xojtol              drank\n12.  xowowol       xowowtol            ran away\n13.  doo\u2019ol        __(13b)__           grazed\n14.  dhoxol        __(14b)__           fell\n15.  dhagol        dhagtol             built\n16.  daadol        daadol              refused\n17.  darol         dashol              killed\n18.  howoqol       __(18b)__           was happy\n19.  koodhol       koodhol             reached\n20.  korol         __(20b)__           entered\n21.  kekhol         __(21b)__           cut\n22.  __(22a)__     sushol              found\n23.  sewnuudol     sewnuudol           opposed\n24.  boxol         __(24b)__           rose\n25.  buufol        buuftol             brought\n26.  bewedhol      bewedhol            increased\n27.  \u2019oodol        __(27b)__           took\n28.  tokol         toktol              went\n29.  qadhol        __(29b)__           closed\n30.  yoroo\u2019ol      __(30b)__            stirred\n\n\nFootnote: <...> is the standard notation for letters, in contrast with /.../ or [...] for sounds.\n",
    "questions": "[{\"question_n\": \"Q 8\", \"prompt\": \" Some cells in this table are empty except for a row-column identifier (e.g. \\u2018__(3a)__\\u2019). Provide the words to fill the corresponding cells in the table.\", \"subprompts\": [{\"questionpart_n\": \"3a\", \"question\": \"__(3a)__\", \"answer\": \"jowol\", \"matches_human_scoring\": true, \"fuzzy_matching\": false, \"manual_edit\": false}, {\"questionpart_n\": \"5b\", \"question\": \"__(5b)__\", \"answer\": \"joonadol\", \"matches_human_scoring\": true, \"fuzzy_matching\": false, \"manual_edit\": false}, {\"questionpart_n\": \"8b\", \"question\": \"__(8b)__\", \"answer\": \"jakhadol\", \"matches_human_scoring\": true, \"fuzzy_matching\": false, \"manual_edit\": false}, {\"questionpart_n\": \"9b\", \"question\": \"__(9b)__\", \"answer\": \"jaroojtol\", \"matches_human_scoring\": true, \"fuzzy_matching\": false, \"manual_edit\": false}, {\"questionpart_n\": \"10a\", \"question\": \"__(10a)__\", \"answer\": \"xifol\", \"matches_human_scoring\": true, \"fuzzy_matching\": false, \"manual_edit\": false}, {\"questionpart_n\": \"13b\", \"question\": \"__(13b)__\", \"answer\": \"doo\u2019dol\", \"matches_human_scoring\": true, \"fuzzy_matching\": false, \"manual_edit\": false}, {\"questionpart_n\": \"14b\", \"question\": \"__(14b)__\", \"answer\": \"dhoxdol\", \"matches_human_scoring\": true, \"fuzzy_matching\": false, \"manual_edit\": false}, {\"questionpart_n\": \"18b\", \"question\": \"__(18b)__\", \"answer\": \"howoqdol\", \"matches_human_scoring\": true, \"fuzzy_matching\": false, \"manual_edit\": false}, {\"questionpart_n\": \"20b\", \"question\": \"__(20b)__\", \"answer\": \"koshol\", \"matches_human_scoring\": true, \"fuzzy_matching\": false, \"manual_edit\": false}, {\"questionpart_n\": \"21b\", \"question\": \"__(21b)__\", \"answer\": \"kekhdol\", \"matches_human_scoring\": true, \"fuzzy_matching\": false, \"manual_edit\": false}, {\"questionpart_n\": \"22a\", \"question\": \"__(22a)__\", \"answer\": \"surol\", \"matches_human_scoring\": true, \"fuzzy_matching\": false, \"manual_edit\": false}, {\"questionpart_n\": \"24b\", \"question\": \"__(24b)__\", \"answer\": \"boxdol\", \"matches_human_scoring\": true, \"fuzzy_matching\": false, \"manual_edit\": false}, {\"questionpart_n\": \"27b\", \"question\": \"__(27b)__\", \"answer\": \"\u2019oodol\", \"matches_human_scoring\": true, \"fuzzy_matching\": false, \"manual_edit\": false}, {\"questionpart_n\": \"29b\", \"question\": \"__(29b)__\", \"answer\": \"qadhol\", \"matches_human_scoring\": true, \"fuzzy_matching\": false, \"manual_edit\": false}, {\"questionpart_n\": \"30b\", \"question\": \"__(30b)__\", \"answer\": \"yoroo\u2019dol\", \"matches_human_scoring\": true, \"fuzzy_matching\": false, \"manual_edit\": false}]}]",
    "obfuscated": "True",
    "obf_num": "7",
    "mapping": {
        "a": "o",
        "e": "u",
        "i": "a",
        "o": "e",
        "u": "i",
        "q": "\u2019",
        "x": "q",
        "c": "x",
        "kh": "c",
        "\u2019": "kh",
        "b": "j",
        "f": "h",
        "g": "k",
        "j": "n",
        "h": "s",
        "k": "b",
        "n": "f",
        "s": "g",
        "l": "r",
        "r": "w",
        "w": "y",
        "y": "l",
        "t": "t",
        "d": "d",
        "dh": "dh",
        "sh": "sh"
    }
}