{
    "json_invalid": false,
    "preamble": "Problem 9. Who does what to who in Language X? (25 marks)\n  ",
    "context": "Here are seven Language X sentences with their English translations:\n\nLanguage X sentences:\tEnglish Translations:\nNgilawma cipidi jirdo.\tThe woman saw a kangaroo.\n\u2019iikita in\u2019inhaji jirdo.\tThe boss saw the man.\nCipidita rliymanyaji witirdo.\tThe kangaroo ate the bread.\nNgila wiyonyoo.\tThe woman slept.\nIn\u2019inha cinybica.\tThe man is coming.\nCipidita ngilaji jirdo.\tThe kangaroo saw the woman.\nIn\u2019inhata rliymanya pa\u2019rlirdo.\tThe man stole some bread.\n\nAnd here is some more Language X vocabulary:\n\nLanguage X words / phrases:\tEnglish Translation:\nwidico\t(he / she / it) chased\npodirdo\t(he /she / it) waited for\npodinyoo\t(he / she / it) kicked\npinggoyirdo\t(he / she / it) knew\npiyiyonyoo\t(he / she / it) jumped\nokorlirdo\t(he / she / it) hurt\nwanyogiyirdo\t(he / she / it) washed\nwarlinha\twild dog, dingo\nwaanya\thorse\ninybigiyo\tcream\nkuurna\tsoap\nnhoota\tneedle\nikogiyo\tclothing",
    "questions": "[{\"question_n\": \"Q 9.1\", \"prompt\": \"Translate the following into Language X.\", \"subprompts\": [{\"questionpart_n\": \"a.\", \"question\": \"The man saw the kangaroo.\", \"answer\": \"In\u2019inhata cipidiji jirdo.\", \"matches_human_scoring\": false, \"fuzzy_matching\": false, \"manual_edit\": false}, {\"questionpart_n\": \"b.\", \"question\": \"The dingo chased a kangaroo.\", \"answer\": \"Warlinhata cipidi widico.\", \"matches_human_scoring\": false, \"fuzzy_matching\": false, \"manual_edit\": false}, {\"questionpart_n\": \"c.\", \"question\": \"The dingo chased the man.\", \"answer\": \"Warlinhata in\u2019inhaji widico.\", \"matches_human_scoring\": false, \"fuzzy_matching\": false, \"manual_edit\": false}, {\"questionpart_n\": \"d.\", \"question\": \"The dingo ate some cream.\", \"answer\": \"Warlinhata inybigiyo witirdo.\", \"matches_human_scoring\": false, \"fuzzy_matching\": false, \"manual_edit\": false}, {\"questionpart_n\": \"e.\", \"question\": \"The woman ate the cream.\", \"answer\": \"Ngilawma inybigiyoji witirdo.\", \"matches_human_scoring\": false, \"fuzzy_matching\": false, \"manual_edit\": false}, {\"questionpart_n\": \"f.\", \"question\": \"The woman knew the man.\", \"answer\": \"Ngilawma in\u2019inhaji pinggoyirdo.\", \"matches_human_scoring\": false, \"fuzzy_matching\": false, \"manual_edit\": false}, {\"questionpart_n\": \"g.\", \"question\": \"The man waited for the dingo.\", \"answer\": \"In\u2019inhata warlinhaji podirdo.\", \"matches_human_scoring\": false, \"fuzzy_matching\": false, \"manual_edit\": false}, {\"questionpart_n\": \"h.\", \"question\": \"The horse jumped.\", \"answer\": \"Waanya piyiyonyoo.\", \"matches_human_scoring\": false, \"fuzzy_matching\": false, \"manual_edit\": false}]}, {\"question_n\": \"Q 9.2\", \"prompt\": \"Below are some more sentences in Language X, some of which are incorrect. Say \\\"Yes\\\" if the sentence is a grammatical sentence in Language X, and \\\"No\\\" if it is not.\", \"subprompts\": [{\"questionpart_n\": \"i.\", \"question\": \"Waanyata in\u2019inhaji podinyoo.\", \"answer\": \"Yes\", \"matches_human_scoring\": false, \"fuzzy_matching\": false, \"manual_edit\": false}, {\"questionpart_n\": \"j.\", \"question\": \"Nhootata waanya okokorlirdo.\", \"answer\": \"No\", \"matches_human_scoring\": false, \"fuzzy_matching\": false, \"manual_edit\": false}, {\"questionpart_n\": \"k.\", \"question\": \"Kuurnata ikogiyoji wanyogiyirdo.\", \"answer\": \"Yes\", \"matches_human_scoring\": false, \"fuzzy_matching\": false, \"manual_edit\": false}, {\"questionpart_n\": \"l.\", \"question\": \"\u2019iikiwma rliymanyaji witirdo.\", \"answer\": \"No\", \"matches_human_scoring\": false, \"fuzzy_matching\": false, \"manual_edit\": false}, {\"questionpart_n\": \"m.\", \"question\": \"Nhootawma waanyawmaji okokorlirdo.\", \"answer\": \"No\", \"matches_human_scoring\": false, \"fuzzy_matching\": false, \"manual_edit\": false}]}]",
    "obfuscated": "True",
    "obf_num": "8",
    "mapping": {
        "p": "rn",
        "b": "rl",
        "m": "\u2019",
        "w": "p",
        "k": "b",
        "g": "m",
        "ng": "w",
        "c": "k",
        "j": "g",
        "ny": "ng",
        "y": "c",
        "nh": "j",
        "t": "ny",
        "d": "y",
        "n": "nh",
        "l": "t",
        "rd": "d",
        "rn": "n",
        "rl": "l",
        "\u2019": "rd",
        "a": "i",
        "i": "o",
        "o": "u",
        "u": "a"
    }
}