{
    "json_invalid": false,
    "preamble": "Problem 9. Who does what to who in Language X? (25 marks)\n  ",
    "context": "Here are seven Language X sentences with their English translations:\n\nLanguage X sentences:\tEnglish Translations:\nCordikwi jobono nyornu.\tThe woman saw a kangaroo.\nPoogodi olpotinyo nyornu.\tThe boss saw the man.\nJobonodi \u2019onhwiyinyo kodornu.\tThe kangaroo ate the bread.\nCordi konhuyuu.\tThe woman slept.\nOlpoti joymoji.\tThe man is coming.\nJobonodi cordinyo nyornu.\tThe kangaroo saw the woman.\nOlpotidi \u2019onhwiyi bip\u2019ornu.\tThe man stole some bread.\n\nAnd here is some more Language X vocabulary:\n\nLanguage X words / phrases:\tEnglish Translation:\nkonoju\t(he / she / it) chased\nbunornu\t(he /she / it) waited for\nbunoyuu\t(he / she / it) kicked\nbocngunhornu\t(he / she / it) knew\nbonhonhuyuu\t(he / she / it) jumped\nugu\u2019ornu\t(he / she / it) hurt\nkiyungonhornu\t(he / she / it) washed\nki\u2019oti\twild dog, dingo\nkiiyi\thorse\noymongonhu\tcream\ngaarli\tsoap\ntuudi\tneedle\nogungonhu\tclothing",
    "questions": "[{\"question_n\": \"Q 9.1\", \"prompt\": \"Translate the following into Language X.\", \"subprompts\": [{\"questionpart_n\": \"a.\", \"question\": \"The man saw the kangaroo.\", \"answer\": \"Olpotidi jobononyo nyornu.\", \"matches_human_scoring\": false, \"fuzzy_matching\": false, \"manual_edit\": false}, {\"questionpart_n\": \"b.\", \"question\": \"The dingo chased a kangaroo.\", \"answer\": \"Ki\u2019otidi jobono konoju.\", \"matches_human_scoring\": false, \"fuzzy_matching\": false, \"manual_edit\": false}, {\"questionpart_n\": \"c.\", \"question\": \"The dingo chased the man.\", \"answer\": \"Ki\u2019otidi olpotinyo konoju.\", \"matches_human_scoring\": false, \"fuzzy_matching\": false, \"manual_edit\": false}, {\"questionpart_n\": \"d.\", \"question\": \"The dingo ate some cream.\", \"answer\": \"Ki\u2019otidi oymongonhu kodornu.\", \"matches_human_scoring\": false, \"fuzzy_matching\": false, \"manual_edit\": false}, {\"questionpart_n\": \"e.\", \"question\": \"The woman ate the cream.\", \"answer\": \"Cordikwi oymongonhunyo kodornu.\", \"matches_human_scoring\": false, \"fuzzy_matching\": false, \"manual_edit\": false}, {\"questionpart_n\": \"f.\", \"question\": \"The woman knew the man.\", \"answer\": \"Cordikwi olpotinyo bocngunhornu.\", \"matches_human_scoring\": false, \"fuzzy_matching\": false, \"manual_edit\": false}, {\"questionpart_n\": \"g.\", \"question\": \"The man waited for the dingo.\", \"answer\": \"Olpotidi ki\u2019otinyo bunornu.\", \"matches_human_scoring\": false, \"fuzzy_matching\": false, \"manual_edit\": false}, {\"questionpart_n\": \"h.\", \"question\": \"The horse jumped.\", \"answer\": \"Kiiyi bonhonhuyuu.\", \"matches_human_scoring\": false, \"fuzzy_matching\": false, \"manual_edit\": false}]}, {\"question_n\": \"Q 9.2\", \"prompt\": \"Below are some more sentences in Language X, some of which are incorrect. Say \\\"Yes\\\" if the sentence is a grammatical sentence in Language X, and \\\"No\\\" if it is not.\", \"subprompts\": [{\"questionpart_n\": \"i.\", \"question\": \"Kiiyidi olpotinyo bunoyuu.\", \"answer\": \"Yes\", \"matches_human_scoring\": false, \"fuzzy_matching\": false, \"manual_edit\": false}, {\"questionpart_n\": \"j.\", \"question\": \"Tuudidi kiiyi ugugu\u2019ornu.\", \"answer\": \"No\", \"matches_human_scoring\": false, \"fuzzy_matching\": false, \"manual_edit\": false}, {\"questionpart_n\": \"k.\", \"question\": \"Gaarlidi ogungonhunyo kiyungonhornu.\", \"answer\": \"Yes\", \"matches_human_scoring\": false, \"fuzzy_matching\": false, \"manual_edit\": false}, {\"questionpart_n\": \"l.\", \"question\": \"Poogokwi \u2019onhwiyinyo kodornu.\", \"answer\": \"No\", \"matches_human_scoring\": false, \"fuzzy_matching\": false, \"manual_edit\": false}, {\"questionpart_n\": \"m.\", \"question\": \"Tuudikwi kiiyikwinyo ugugu\u2019ornu.\", \"answer\": \"No\", \"matches_human_scoring\": false, \"fuzzy_matching\": false, \"manual_edit\": false}]}]",
    "obfuscated": "True",
    "obf_num": "13",
    "mapping": {
        "p": "rl",
        "b": "\u2019",
        "m": "p",
        "w": "b",
        "k": "m",
        "g": "w",
        "ng": "k",
        "c": "g",
        "j": "ng",
        "ny": "c",
        "y": "j",
        "nh": "ny",
        "t": "y",
        "d": "nh",
        "n": "t",
        "l": "d",
        "rd": "n",
        "rn": "l",
        "rl": "rd",
        "\u2019": "rn",
        "a": "o",
        "i": "u",
        "o": "a",
        "u": "i"
    }
}