{
    "json_invalid": false,
    "preamble": "Problem 9. Who does what to who in Language X? (25 marks)\n  ",
    "context": "Here are seven Language X sentences with their English translations:\n\nLanguage X sentences:\tEnglish Translations:\nRnongindi rlonhoko \u2019ocu.\tThe woman saw a kangaroo.\nYoolowi ogyomi\u2019o \u2019ocu.\tThe boss saw the man.\nRlonhokowi nyobdipi\u2019o nowocu.\tThe kangaroo ate the bread.\nRnongi nobupuu.\tThe woman slept.\nOgyomi rloptorli.\tThe man is coming.\nRlonhokowi rnongi\u2019o \u2019ocu.\tThe kangaroo saw the woman.\nOgyomiwi nyobdipi nhiynyocu.\tThe man stole some bread.\n\nAnd here is some more Language X vocabulary:\n\nLanguage X words / phrases:\tEnglish Translation:\nnokorlu\t(he / she / it) chased\nnhukocu\t(he /she / it) waited for\nnhukopuu\t(he / she / it) kicked\nnhornrdubocu\t(he / she / it) knew\nnhobobupuu\t(he / she / it) jumped\nulunyocu\t(he / she / it) hurt\nnipurdobocu\t(he / she / it) washed\nninyomi\twild dog, dingo\nniipi\thorse\noptordobu\tcream\nlaaji\tsoap\nmuuwi\tneedle\nolurdobu\tclothing",
    "questions": "[{\"question_n\": \"Q 9.1\", \"prompt\": \"Translate the following into Language X.\", \"subprompts\": [{\"questionpart_n\": \"a.\", \"question\": \"The man saw the kangaroo.\", \"answer\": \"Ogyomiwi rlonhoko\u2019o \u2019ocu.\", \"matches_human_scoring\": false, \"fuzzy_matching\": false, \"manual_edit\": false}, {\"questionpart_n\": \"b.\", \"question\": \"The dingo chased a kangaroo.\", \"answer\": \"Ninyomiwi rlonhoko nokorlu.\", \"matches_human_scoring\": false, \"fuzzy_matching\": false, \"manual_edit\": false}, {\"questionpart_n\": \"c.\", \"question\": \"The dingo chased the man.\", \"answer\": \"Ninyomiwi ogyomi\u2019o nokorlu.\", \"matches_human_scoring\": false, \"fuzzy_matching\": false, \"manual_edit\": false}, {\"questionpart_n\": \"d.\", \"question\": \"The dingo ate some cream.\", \"answer\": \"Ninyomiwi optordobu nowocu.\", \"matches_human_scoring\": false, \"fuzzy_matching\": false, \"manual_edit\": false}, {\"questionpart_n\": \"e.\", \"question\": \"The woman ate the cream.\", \"answer\": \"Rnongindi optordobu\u2019o nowocu.\", \"matches_human_scoring\": false, \"fuzzy_matching\": false, \"manual_edit\": false}, {\"questionpart_n\": \"f.\", \"question\": \"The woman knew the man.\", \"answer\": \"Rnongindi ogyomi\u2019o nhornrdubocu.\", \"matches_human_scoring\": false, \"fuzzy_matching\": false, \"manual_edit\": false}, {\"questionpart_n\": \"g.\", \"question\": \"The man waited for the dingo.\", \"answer\": \"Ogyomiwi ninyomi\u2019o nhukocu.\", \"matches_human_scoring\": false, \"fuzzy_matching\": false, \"manual_edit\": false}, {\"questionpart_n\": \"h.\", \"question\": \"The horse jumped.\", \"answer\": \"Niipi nhobobupuu.\", \"matches_human_scoring\": false, \"fuzzy_matching\": false, \"manual_edit\": false}]}, {\"question_n\": \"Q 9.2\", \"prompt\": \"Below are some more sentences in Language X, some of which are incorrect. Say \\\"Yes\\\" if the sentence is a grammatical sentence in Language X, and \\\"No\\\" if it is not.\", \"subprompts\": [{\"questionpart_n\": \"i.\", \"question\": \"Niipiwi ogyomi\u2019o nhukopuu.\", \"answer\": \"Yes\", \"matches_human_scoring\": false, \"fuzzy_matching\": false, \"manual_edit\": false}, {\"questionpart_n\": \"j.\", \"question\": \"Muuwiwi niipi ululunyocu.\", \"answer\": \"No\", \"matches_human_scoring\": false, \"fuzzy_matching\": false, \"manual_edit\": false}, {\"questionpart_n\": \"k.\", \"question\": \"Laajiwi olurdobu\u2019o nipurdobocu.\", \"answer\": \"Yes\", \"matches_human_scoring\": false, \"fuzzy_matching\": false, \"manual_edit\": false}, {\"questionpart_n\": \"l.\", \"question\": \"Yoolondi nyobdipi\u2019o nowocu.\", \"answer\": \"No\", \"matches_human_scoring\": false, \"fuzzy_matching\": false, \"manual_edit\": false}, {\"questionpart_n\": \"m.\", \"question\": \"Muuwindi niipindi\u2019o ululunyocu.\", \"answer\": \"No\", \"matches_human_scoring\": false, \"fuzzy_matching\": false, \"manual_edit\": false}]}]",
    "obfuscated": "True",
    "obf_num": "12",
    "mapping": {
        "p": "j",
        "b": "ny",
        "m": "y",
        "w": "nh",
        "k": "t",
        "g": "d",
        "ng": "n",
        "c": "l",
        "j": "rd",
        "ny": "rn",
        "y": "rl",
        "nh": "\u2019",
        "t": "p",
        "d": "b",
        "n": "m",
        "l": "w",
        "rd": "k",
        "rn": "g",
        "rl": "ng",
        "\u2019": "c",
        "a": "o",
        "i": "u",
        "o": "a",
        "u": "i"
    }
}