{
    "json_invalid": false,
    "preamble": "Problem 9. Who does what to who in Language X? (25 marks)\n  ",
    "context": "Here are seven Language X sentences with their English translations:\n\nLanguage X sentences:\tEnglish Translations:\nDomiynyi nocopo lowu.\tThe woman saw a kangaroo.\nNgoonho\u2019i obngorlilo lowu.\tThe boss saw the man.\nNocopo\u2019i gornnyirdilo yo\u2019owu.\tThe kangaroo ate the bread.\nDomi yornurduu.\tThe woman slept.\nObngorli nordjoni.\tThe man is coming.\nNocopo\u2019i domilo lowu.\tThe kangaroo saw the woman.\nObngorli\u2019i gornnyirdi cinggowu.\tThe man stole some bread.\n\nAnd here is some more Language X vocabulary:\n\nLanguage X words / phrases:\tEnglish Translation:\nyoponu\t(he / she / it) chased\ncupowu\t(he /she / it) waited for\ncuporduu\t(he / she / it) kicked\ncodturnowu\t(he / she / it) knew\ncornornurduu\t(he / she / it) jumped\nunhugowu\t(he / she / it) hurt\nyirdutornowu\t(he / she / it) washed\nyigorli\twild dog, dingo\nyiirdi\thorse\nordjotornu\tcream\nnhaaki\tsoap\nrluu\u2019i\tneedle\nonhutornu\tclothing",
    "questions": "[{\"question_n\": \"Q 9.1\", \"prompt\": \"Translate the following into Language X.\", \"subprompts\": [{\"questionpart_n\": \"a.\", \"question\": \"The man saw the kangaroo.\", \"answer\": \"Obngorli\u2019i nocopolo lowu.\", \"matches_human_scoring\": false, \"fuzzy_matching\": false, \"manual_edit\": false}, {\"questionpart_n\": \"b.\", \"question\": \"The dingo chased a kangaroo.\", \"answer\": \"Yigorli\u2019i nocopo yoponu.\", \"matches_human_scoring\": false, \"fuzzy_matching\": false, \"manual_edit\": false}, {\"questionpart_n\": \"c.\", \"question\": \"The dingo chased the man.\", \"answer\": \"Yigorli\u2019i obngorlilo yoponu.\", \"matches_human_scoring\": false, \"fuzzy_matching\": false, \"manual_edit\": false}, {\"questionpart_n\": \"d.\", \"question\": \"The dingo ate some cream.\", \"answer\": \"Yigorli\u2019i ordjotornu yo\u2019owu.\", \"matches_human_scoring\": false, \"fuzzy_matching\": false, \"manual_edit\": false}, {\"questionpart_n\": \"e.\", \"question\": \"The woman ate the cream.\", \"answer\": \"Domiynyi ordjotornulo yo\u2019owu.\", \"matches_human_scoring\": false, \"fuzzy_matching\": false, \"manual_edit\": false}, {\"questionpart_n\": \"f.\", \"question\": \"The woman knew the man.\", \"answer\": \"Domiynyi obngorlilo codturnowu.\", \"matches_human_scoring\": false, \"fuzzy_matching\": false, \"manual_edit\": false}, {\"questionpart_n\": \"g.\", \"question\": \"The man waited for the dingo.\", \"answer\": \"Obngorli\u2019i yigorlilo cupowu.\", \"matches_human_scoring\": false, \"fuzzy_matching\": false, \"manual_edit\": false}, {\"questionpart_n\": \"h.\", \"question\": \"The horse jumped.\", \"answer\": \"Yiirdi cornornurduu.\", \"matches_human_scoring\": false, \"fuzzy_matching\": false, \"manual_edit\": false}]}, {\"question_n\": \"Q 9.2\", \"prompt\": \"Below are some more sentences in Language X, some of which are incorrect. Say \\\"Yes\\\" if the sentence is a grammatical sentence in Language X, and \\\"No\\\" if it is not.\", \"subprompts\": [{\"questionpart_n\": \"i.\", \"question\": \"Yiirdi\u2019i obngorlilo cuporduu.\", \"answer\": \"Yes\", \"matches_human_scoring\": false, \"fuzzy_matching\": false, \"manual_edit\": false}, {\"questionpart_n\": \"j.\", \"question\": \"Rluu\u2019i\u2019i yiirdi unhunhugowu.\", \"answer\": \"No\", \"matches_human_scoring\": false, \"fuzzy_matching\": false, \"manual_edit\": false}, {\"questionpart_n\": \"k.\", \"question\": \"Nhaaki\u2019i onhutornulo yirdutornowu.\", \"answer\": \"Yes\", \"matches_human_scoring\": false, \"fuzzy_matching\": false, \"manual_edit\": false}, {\"questionpart_n\": \"l.\", \"question\": \"Ngoonhoynyi gornnyirdilo yo\u2019owu.\", \"answer\": \"No\", \"matches_human_scoring\": false, \"fuzzy_matching\": false, \"manual_edit\": false}, {\"questionpart_n\": \"m.\", \"question\": \"Rluu\u2019iynyi yiirdiynyilo unhunhugowu.\", \"answer\": \"No\", \"matches_human_scoring\": false, \"fuzzy_matching\": false, \"manual_edit\": false}]}]",
    "obfuscated": "True",
    "obf_num": "4",
    "mapping": {
        "p": "k",
        "b": "g",
        "m": "ng",
        "w": "c",
        "k": "j",
        "g": "ny",
        "ng": "y",
        "c": "nh",
        "j": "t",
        "ny": "d",
        "y": "n",
        "nh": "l",
        "t": "rd",
        "d": "rn",
        "n": "rl",
        "l": "\u2019",
        "rd": "p",
        "rn": "b",
        "rl": "m",
        "\u2019": "w",
        "a": "o",
        "i": "u",
        "o": "a",
        "u": "i"
    }
}