{
    "json_invalid": false,
    "preamble": "Problem 9. Who does what to who in Language X? (25 marks)\n  ",
    "context": "Here are seven Language X sentences with their English translations:\n\nLanguage X sentences:\tEnglish Translations:\nNhopijci togorlo dobu.\tThe woman saw a kangaroo.\nKoonyorni o\u2019kordido dobu.\tThe boss saw the man.\nTogorlorni wolcinido jornobu.\tThe kangaroo ate the bread.\nNhopi jolunuu.\tThe woman slept.\nO\u2019kordi tonngoti.\tThe man is coming.\nTogorlorni nhopido dobu.\tThe kangaroo saw the woman.\nO\u2019kordirni wolcini gikwobu.\tThe man stole some bread.\n\nAnd here is some more Language X vocabulary:\n\nLanguage X words / phrases:\tEnglish Translation:\njorlotu\t(he / she / it) chased\ngurlobu\t(he /she / it) waited for\ngurlonuu\t(he / she / it) kicked\ngonhyulobu\t(he / she / it) knew\ngololunuu\t(he / she / it) jumped\nunyuwobu\t(he / she / it) hurt\njinuyolobu\t(he / she / it) washed\njiwordi\twild dog, dingo\njiini\thorse\nonngoyolu\tcream\nnyaami\tsoap\nrduurni\tneedle\nonyuyolu\tclothing",
    "questions": "[{\"question_n\": \"Q 9.1\", \"prompt\": \"Translate the following into Language X.\", \"subprompts\": [{\"questionpart_n\": \"a.\", \"question\": \"The man saw the kangaroo.\", \"answer\": \"O\u2019kordirni togorlodo dobu.\", \"matches_human_scoring\": false, \"fuzzy_matching\": false, \"manual_edit\": false}, {\"questionpart_n\": \"b.\", \"question\": \"The dingo chased a kangaroo.\", \"answer\": \"Jiwordirni togorlo jorlotu.\", \"matches_human_scoring\": false, \"fuzzy_matching\": false, \"manual_edit\": false}, {\"questionpart_n\": \"c.\", \"question\": \"The dingo chased the man.\", \"answer\": \"Jiwordirni o\u2019kordido jorlotu.\", \"matches_human_scoring\": false, \"fuzzy_matching\": false, \"manual_edit\": false}, {\"questionpart_n\": \"d.\", \"question\": \"The dingo ate some cream.\", \"answer\": \"Jiwordirni onngoyolu jornobu.\", \"matches_human_scoring\": false, \"fuzzy_matching\": false, \"manual_edit\": false}, {\"questionpart_n\": \"e.\", \"question\": \"The woman ate the cream.\", \"answer\": \"Nhopijci onngoyoludo jornobu.\", \"matches_human_scoring\": false, \"fuzzy_matching\": false, \"manual_edit\": false}, {\"questionpart_n\": \"f.\", \"question\": \"The woman knew the man.\", \"answer\": \"Nhopijci o\u2019kordido gonhyulobu.\", \"matches_human_scoring\": false, \"fuzzy_matching\": false, \"manual_edit\": false}, {\"questionpart_n\": \"g.\", \"question\": \"The man waited for the dingo.\", \"answer\": \"O\u2019kordirni jiwordido gurlobu.\", \"matches_human_scoring\": false, \"fuzzy_matching\": false, \"manual_edit\": false}, {\"questionpart_n\": \"h.\", \"question\": \"The horse jumped.\", \"answer\": \"Jiini gololunuu.\", \"matches_human_scoring\": false, \"fuzzy_matching\": false, \"manual_edit\": false}]}, {\"question_n\": \"Q 9.2\", \"prompt\": \"Below are some more sentences in Language X, some of which are incorrect. Say \\\"Yes\\\" if the sentence is a grammatical sentence in Language X, and \\\"No\\\" if it is not.\", \"subprompts\": [{\"questionpart_n\": \"i.\", \"question\": \"Jiinirni o\u2019kordido gurlonuu.\", \"answer\": \"Yes\", \"matches_human_scoring\": false, \"fuzzy_matching\": false, \"manual_edit\": false}, {\"questionpart_n\": \"j.\", \"question\": \"Rduurnirni jiini unyunyuwobu.\", \"answer\": \"No\", \"matches_human_scoring\": false, \"fuzzy_matching\": false, \"manual_edit\": false}, {\"questionpart_n\": \"k.\", \"question\": \"Nyaamirni onyuyoludo jinuyolobu.\", \"answer\": \"Yes\", \"matches_human_scoring\": false, \"fuzzy_matching\": false, \"manual_edit\": false}, {\"questionpart_n\": \"l.\", \"question\": \"Koonyojci wolcinido jornobu.\", \"answer\": \"No\", \"matches_human_scoring\": false, \"fuzzy_matching\": false, \"manual_edit\": false}, {\"questionpart_n\": \"m.\", \"question\": \"Rduurnijci jiinijcido unyunyuwobu.\", \"answer\": \"No\", \"matches_human_scoring\": false, \"fuzzy_matching\": false, \"manual_edit\": false}]}]",
    "obfuscated": "True",
    "obf_num": "28",
    "mapping": {
        "p": "m",
        "b": "w",
        "m": "k",
        "w": "g",
        "k": "ng",
        "g": "c",
        "ng": "j",
        "c": "ny",
        "j": "y",
        "ny": "nh",
        "y": "t",
        "nh": "d",
        "t": "n",
        "d": "l",
        "n": "rd",
        "l": "rn",
        "rd": "rl",
        "rn": "\u2019",
        "rl": "p",
        "\u2019": "b",
        "a": "o",
        "i": "u",
        "o": "a",
        "u": "i"
    }
}