{
    "json_invalid": false,
    "preamble": "Problem 9. Who does what to who in Language X? (25 marks)\n  ",
    "context": "Here are seven Language X sentences with their English translations:\n\nLanguage X sentences:\tEnglish Translations:\n\u2019ijardla pidingi binyo.\tThe woman saw a kangaroo.\nTiirniga ictikabi binyo.\tThe boss saw the man.\nPidingiga nhiwlamabi rdiginyo.\tThe kangaroo ate the bread.\n\u2019ija rdiwomoo.\tThe woman slept.\nIctika pimnipa.\tThe man is coming.\nPidingiga \u2019ijabi binyo.\tThe kangaroo saw the woman.\nIctikaga nhiwlama datnhinyo.\tThe man stole some bread.\n\nAnd here is some more Language X vocabulary:\n\nLanguage X words / phrases:\tEnglish Translation:\nrdingipo\t(he / she / it) chased\ndonginyo\t(he /she / it) waited for\ndongimoo\t(he / she / it) kicked\ndi\u2019rlowinyo\t(he / she / it) knew\ndiwiwomoo\t(he / she / it) jumped\nornonhinyo\t(he / she / it) hurt\nrdamorliwinyo\t(he / she / it) washed\nrdanhika\twild dog, dingo\nrdaama\thorse\nimnirliwo\tcream\nrnuuya\tsoap\nkooga\tneedle\nirnorliwo\tclothing",
    "questions": "[{\"question_n\": \"Q 9.1\", \"prompt\": \"Translate the following into Language X.\", \"subprompts\": [{\"questionpart_n\": \"a.\", \"question\": \"The man saw the kangaroo.\", \"answer\": \"Ictikaga pidingibi binyo.\", \"matches_human_scoring\": false, \"fuzzy_matching\": false, \"manual_edit\": false}, {\"questionpart_n\": \"b.\", \"question\": \"The dingo chased a kangaroo.\", \"answer\": \"Rdanhikaga pidingi rdingipo.\", \"matches_human_scoring\": false, \"fuzzy_matching\": false, \"manual_edit\": false}, {\"questionpart_n\": \"c.\", \"question\": \"The dingo chased the man.\", \"answer\": \"Rdanhikaga ictikabi rdingipo.\", \"matches_human_scoring\": false, \"fuzzy_matching\": false, \"manual_edit\": false}, {\"questionpart_n\": \"d.\", \"question\": \"The dingo ate some cream.\", \"answer\": \"Rdanhikaga imnirliwo rdiginyo.\", \"matches_human_scoring\": false, \"fuzzy_matching\": false, \"manual_edit\": false}, {\"questionpart_n\": \"e.\", \"question\": \"The woman ate the cream.\", \"answer\": \"\u2019ijardla imnirliwobi rdiginyo.\", \"matches_human_scoring\": false, \"fuzzy_matching\": false, \"manual_edit\": false}, {\"questionpart_n\": \"f.\", \"question\": \"The woman knew the man.\", \"answer\": \"\u2019ijardla ictikabi di\u2019rlowinyo.\", \"matches_human_scoring\": false, \"fuzzy_matching\": false, \"manual_edit\": false}, {\"questionpart_n\": \"g.\", \"question\": \"The man waited for the dingo.\", \"answer\": \"Ictikaga rdanhikabi donginyo.\", \"matches_human_scoring\": false, \"fuzzy_matching\": false, \"manual_edit\": false}, {\"questionpart_n\": \"h.\", \"question\": \"The horse jumped.\", \"answer\": \"Rdaama diwiwomoo.\", \"matches_human_scoring\": false, \"fuzzy_matching\": false, \"manual_edit\": false}]}, {\"question_n\": \"Q 9.2\", \"prompt\": \"Below are some more sentences in Language X, some of which are incorrect. Say \\\"Yes\\\" if the sentence is a grammatical sentence in Language X, and \\\"No\\\" if it is not.\", \"subprompts\": [{\"questionpart_n\": \"i.\", \"question\": \"Rdaamaga ictikabi dongimoo.\", \"answer\": \"Yes\", \"matches_human_scoring\": false, \"fuzzy_matching\": false, \"manual_edit\": false}, {\"questionpart_n\": \"j.\", \"question\": \"Koogaga rdaama ornornonhinyo.\", \"answer\": \"No\", \"matches_human_scoring\": false, \"fuzzy_matching\": false, \"manual_edit\": false}, {\"questionpart_n\": \"k.\", \"question\": \"Rnuuyaga irnorliwobi rdamorliwinyo.\", \"answer\": \"Yes\", \"matches_human_scoring\": false, \"fuzzy_matching\": false, \"manual_edit\": false}, {\"questionpart_n\": \"l.\", \"question\": \"Tiirnirdla nhiwlamabi rdiginyo.\", \"answer\": \"No\", \"matches_human_scoring\": false, \"fuzzy_matching\": false, \"manual_edit\": false}, {\"questionpart_n\": \"m.\", \"question\": \"Koogardla rdaamardlabi ornornonhinyo.\", \"answer\": \"No\", \"matches_human_scoring\": false, \"fuzzy_matching\": false, \"manual_edit\": false}]}]",
    "obfuscated": "True",
    "obf_num": "24",
    "mapping": {
        "p": "y",
        "b": "nh",
        "m": "t",
        "w": "d",
        "k": "n",
        "g": "l",
        "ng": "rd",
        "c": "rn",
        "j": "rl",
        "ny": "\u2019",
        "y": "p",
        "nh": "b",
        "t": "m",
        "d": "w",
        "n": "k",
        "l": "g",
        "rd": "ng",
        "rn": "c",
        "rl": "j",
        "\u2019": "ny",
        "a": "i",
        "i": "o",
        "o": "u",
        "u": "a"
    }
}