{
    "json_invalid": false,
    "preamble": "Problem 9. Who does what to who in Language X? (25 marks)\n  ",
    "context": "Here are seven Language X sentences with their English translations:\n\nLanguage X sentences:\tEnglish Translations:\nWutop\u2019o kurnuyu guda.\tThe woman saw a kangaroo.\nRduubunyo unhrdujogu guda.\tThe boss saw the man.\nKurnuyunyo luc\u2019ongogu punyuda.\tThe kangaroo ate the bread.\nWuto pucangaa.\tThe woman slept.\nUnhrdujo kungrluko.\tThe man is coming.\nKurnuyunyo wutogu guda.\tThe kangaroo saw the woman.\nUnhrdujonyo luc\u2019ongo rnordluda.\tThe man stole some bread.\n\nAnd here is some more Language X vocabulary:\n\nLanguage X words / phrases:\tEnglish Translation:\npuyuka\t(he / she / it) chased\nrnayuda\t(he /she / it) waited for\nrnayungaa\t(he / she / it) kicked\nrnuwmacuda\t(he / she / it) knew\nrnucucangaa\t(he / she / it) jumped\nabaluda\t(he / she / it) hurt\npongamucuda\t(he / she / it) washed\npolujo\twild dog, dingo\npoongo\thorse\nungrlumuca\tcream\nbiino\tsoap\njaanyo\tneedle\nubamuca\tclothing",
    "questions": "[{\"question_n\": \"Q 9.1\", \"prompt\": \"Translate the following into Language X.\", \"subprompts\": [{\"questionpart_n\": \"a.\", \"question\": \"The man saw the kangaroo.\", \"answer\": \"Unhrdujonyo kurnuyugu guda.\", \"matches_human_scoring\": false, \"fuzzy_matching\": false, \"manual_edit\": false}, {\"questionpart_n\": \"b.\", \"question\": \"The dingo chased a kangaroo.\", \"answer\": \"Polujonyo kurnuyu puyuka.\", \"matches_human_scoring\": false, \"fuzzy_matching\": false, \"manual_edit\": false}, {\"questionpart_n\": \"c.\", \"question\": \"The dingo chased the man.\", \"answer\": \"Polujonyo unhrdujogu puyuka.\", \"matches_human_scoring\": false, \"fuzzy_matching\": false, \"manual_edit\": false}, {\"questionpart_n\": \"d.\", \"question\": \"The dingo ate some cream.\", \"answer\": \"Polujonyo ungrlumuca punyuda.\", \"matches_human_scoring\": false, \"fuzzy_matching\": false, \"manual_edit\": false}, {\"questionpart_n\": \"e.\", \"question\": \"The woman ate the cream.\", \"answer\": \"Wutop\u2019o ungrlumucagu punyuda.\", \"matches_human_scoring\": false, \"fuzzy_matching\": false, \"manual_edit\": false}, {\"questionpart_n\": \"f.\", \"question\": \"The woman knew the man.\", \"answer\": \"Wutop\u2019o unhrdujogu rnuwmacuda.\", \"matches_human_scoring\": false, \"fuzzy_matching\": false, \"manual_edit\": false}, {\"questionpart_n\": \"g.\", \"question\": \"The man waited for the dingo.\", \"answer\": \"Unhrdujonyo polujogu rnayuda.\", \"matches_human_scoring\": false, \"fuzzy_matching\": false, \"manual_edit\": false}, {\"questionpart_n\": \"h.\", \"question\": \"The horse jumped.\", \"answer\": \"Poongo rnucucangaa.\", \"matches_human_scoring\": false, \"fuzzy_matching\": false, \"manual_edit\": false}]}, {\"question_n\": \"Q 9.2\", \"prompt\": \"Below are some more sentences in Language X, some of which are incorrect. Say \\\"Yes\\\" if the sentence is a grammatical sentence in Language X, and \\\"No\\\" if it is not.\", \"subprompts\": [{\"questionpart_n\": \"i.\", \"question\": \"Poongonyo unhrdujogu rnayungaa.\", \"answer\": \"Yes\", \"matches_human_scoring\": false, \"fuzzy_matching\": false, \"manual_edit\": false}, {\"questionpart_n\": \"j.\", \"question\": \"Jaanyonyo poongo ababaluda.\", \"answer\": \"No\", \"matches_human_scoring\": false, \"fuzzy_matching\": false, \"manual_edit\": false}, {\"questionpart_n\": \"k.\", \"question\": \"Biinonyo ubamucagu pongamucuda.\", \"answer\": \"Yes\", \"matches_human_scoring\": false, \"fuzzy_matching\": false, \"manual_edit\": false}, {\"questionpart_n\": \"l.\", \"question\": \"Rduubup\u2019o luc\u2019ongogu punyuda.\", \"answer\": \"No\", \"matches_human_scoring\": false, \"fuzzy_matching\": false, \"manual_edit\": false}, {\"questionpart_n\": \"m.\", \"question\": \"Jaanyop\u2019o poongop\u2019ogu ababaluda.\", \"answer\": \"No\", \"matches_human_scoring\": false, \"fuzzy_matching\": false, \"manual_edit\": false}]}]",
    "obfuscated": "True",
    "obf_num": "9",
    "mapping": {
        "p": "n",
        "b": "l",
        "m": "rd",
        "w": "rn",
        "k": "rl",
        "g": "\u2019",
        "ng": "p",
        "c": "b",
        "j": "m",
        "ny": "w",
        "y": "k",
        "nh": "g",
        "t": "ng",
        "d": "c",
        "n": "j",
        "l": "ny",
        "rd": "y",
        "rn": "nh",
        "rl": "t",
        "\u2019": "d",
        "a": "u",
        "i": "a",
        "o": "i",
        "u": "o"
    }
}