{
    "json_invalid": false,
    "preamble": "Problem 9. Who does what to who in Language X? (25 marks)\n  ",
    "context": "Here are seven Language X sentences with their English translations:\n\nLanguage X sentences:\tEnglish Translations:\nBoyirlrni molojo wonhu.\tThe woman saw a kangaroo.\nNoo\u2019oci onynongiwo wonhu.\tThe boss saw the man.\nMolojoci dogrnikiwo rloconhu.\tThe kangaroo ate the bread.\nBoyi rlogukuu.\tThe woman slept.\nOnynongi mokrdomi.\tThe man is coming.\nMolojoci boyiwo wonhu.\tThe kangaroo saw the woman.\nOnynongici dogrniki lindonhu.\tThe man stole some bread.\n\nAnd here is some more Language X vocabulary:\n\nLanguage X words / phrases:\tEnglish Translation:\nrlojomu\t(he / she / it) chased\nlujonhu\t(he /she / it) waited for\nlujokuu\t(he / she / it) kicked\nlobpugonhu\t(he / she / it) knew\nlogogukuu\t(he / she / it) jumped\nu\u2019udonhu\t(he / she / it) hurt\nrlikupogonhu\t(he / she / it) washed\nrlidongi\twild dog, dingo\nrliiki\thorse\nokrdopogu\tcream\n\u2019aati\tsoap\nnguuci\tneedle\no\u2019upogu\tclothing",
    "questions": "[{\"question_n\": \"Q 9.1\", \"prompt\": \"Translate the following into Language X.\", \"subprompts\": [{\"questionpart_n\": \"a.\", \"question\": \"The man saw the kangaroo.\", \"answer\": \"Onynongici molojowo wonhu.\", \"matches_human_scoring\": false, \"fuzzy_matching\": false, \"manual_edit\": false}, {\"questionpart_n\": \"b.\", \"question\": \"The dingo chased a kangaroo.\", \"answer\": \"Rlidongici molojo rlojomu.\", \"matches_human_scoring\": false, \"fuzzy_matching\": false, \"manual_edit\": false}, {\"questionpart_n\": \"c.\", \"question\": \"The dingo chased the man.\", \"answer\": \"Rlidongici onynongiwo rlojomu.\", \"matches_human_scoring\": false, \"fuzzy_matching\": false, \"manual_edit\": false}, {\"questionpart_n\": \"d.\", \"question\": \"The dingo ate some cream.\", \"answer\": \"Rlidongici okrdopogu rloconhu.\", \"matches_human_scoring\": false, \"fuzzy_matching\": false, \"manual_edit\": false}, {\"questionpart_n\": \"e.\", \"question\": \"The woman ate the cream.\", \"answer\": \"Boyirlrni okrdopoguwo rloconhu.\", \"matches_human_scoring\": false, \"fuzzy_matching\": false, \"manual_edit\": false}, {\"questionpart_n\": \"f.\", \"question\": \"The woman knew the man.\", \"answer\": \"Boyirlrni onynongiwo lobpugonhu.\", \"matches_human_scoring\": false, \"fuzzy_matching\": false, \"manual_edit\": false}, {\"questionpart_n\": \"g.\", \"question\": \"The man waited for the dingo.\", \"answer\": \"Onynongici rlidongiwo lujonhu.\", \"matches_human_scoring\": false, \"fuzzy_matching\": false, \"manual_edit\": false}, {\"questionpart_n\": \"h.\", \"question\": \"The horse jumped.\", \"answer\": \"Rliiki logogukuu.\", \"matches_human_scoring\": false, \"fuzzy_matching\": false, \"manual_edit\": false}]}, {\"question_n\": \"Q 9.2\", \"prompt\": \"Below are some more sentences in Language X, some of which are incorrect. Say \\\"Yes\\\" if the sentence is a grammatical sentence in Language X, and \\\"No\\\" if it is not.\", \"subprompts\": [{\"questionpart_n\": \"i.\", \"question\": \"Rliikici onynongiwo lujokuu.\", \"answer\": \"Yes\", \"matches_human_scoring\": false, \"fuzzy_matching\": false, \"manual_edit\": false}, {\"questionpart_n\": \"j.\", \"question\": \"Nguucici rliiki u\u2019u\u2019udonhu.\", \"answer\": \"No\", \"matches_human_scoring\": false, \"fuzzy_matching\": false, \"manual_edit\": false}, {\"questionpart_n\": \"k.\", \"question\": \"\u2019aatici o\u2019upoguwo rlikupogonhu.\", \"answer\": \"Yes\", \"matches_human_scoring\": false, \"fuzzy_matching\": false, \"manual_edit\": false}, {\"questionpart_n\": \"l.\", \"question\": \"Noo\u2019orlrni dogrnikiwo rloconhu.\", \"answer\": \"No\", \"matches_human_scoring\": false, \"fuzzy_matching\": false, \"manual_edit\": false}, {\"questionpart_n\": \"m.\", \"question\": \"Nguucirlrni rliikirlrniwo u\u2019u\u2019udonhu.\", \"answer\": \"No\", \"matches_human_scoring\": false, \"fuzzy_matching\": false, \"manual_edit\": false}]}]",
    "obfuscated": "True",
    "obf_num": "5",
    "mapping": {
        "p": "t",
        "b": "d",
        "m": "n",
        "w": "l",
        "k": "rd",
        "g": "rn",
        "ng": "rl",
        "c": "\u2019",
        "j": "p",
        "ny": "b",
        "y": "m",
        "nh": "w",
        "t": "k",
        "d": "g",
        "n": "ng",
        "l": "c",
        "rd": "j",
        "rn": "ny",
        "rl": "y",
        "\u2019": "nh",
        "a": "o",
        "i": "u",
        "o": "a",
        "u": "i"
    }
}