{
    "json_invalid": false,
    "preamble": "1.Language X : not a hard problem\n  Language X  is a   language spoken by the People X  and people of other ethnic groups in the Region X    . ",
    "context": "Here are eight Language X  sentences and their English translations.\n\nSigay kinycab ace cagib bihi.\tThe beautiful girl is not rich.\nTunginya ace cagib diwisai.\tThe singer is not happy.\nBubihiiny ace debiny gina ditingi.\tThe wealth is not from his father.\nRim debiny budiwisaiiny.\tMoney is not happiness.\nBunuci ace cagib gicim gina puginy ace.\tThe car is not coming from the field\nPinyeyai ace gutiny nepiw ace debiny tunginya.\tThe man in front of the house is not a singer.\nWigaiw ace debiny enyceb diti ace.\tThe gift is not for the father.\nSigay diwisai ace cagib punyimay.\tThe happy girl is not crying.\n",
    "questions": "[{\"question_n\": \"Q 1\", \"prompt\": \"Translate the following into Language X.\", \"subprompts\": [{\"questionpart_n\": \"a.\", \"question\": \"Beauty is not a gift.\", \"answer\": \"[\\\"Bukinycabiny debiny wigaiw.\\\", \\\"Bukinycabiny ace debiny wigaiw.\\\"]\", \"matches_human_scoring\": false, \"fuzzy_matching\": false, \"manual_edit\": false}, {\"questionpart_n\": \"b.\", \"question\": \"The rich girl is not a singer.\", \"answer\": \"Sigay bihi ace debiny tunginya.\", \"matches_human_scoring\": false, \"fuzzy_matching\": false, \"manual_edit\": false}, {\"questionpart_n\": \"c.\", \"question\": \"His wealth is not for the girl.\", \"answer\": \"Bubihiinyngi debiny enyceb sigay ace.\", \"matches_human_scoring\": false, \"fuzzy_matching\": false, \"manual_edit\": false}, {\"questionpart_n\": \"d.\", \"question\": \"The man is not coming.\", \"answer\": \"Pinyeyai ace cagib gicim.\", \"matches_human_scoring\": false, \"fuzzy_matching\": false, \"manual_edit\": false}, {\"questionpart_n\": \"e.\", \"question\": \"The gift from the singer is not beautiful.\", \"answer\": \"Wigaiw ace gina tunginya ace cagib kinycab.\", \"matches_human_scoring\": false, \"fuzzy_matching\": false, \"manual_edit\": false}]}]",
    "obfuscated": "True",
    "obf_num": "9",
    "mapping": {
        "a": "i",
        "e": "u",
        "i": "a",
        "u": "e",
        "p": "t",
        "t": "c",
        "c": "k",
        "k": "b",
        "b": "d",
        "d": "g",
        "g": "s",
        "s": "y",
        "y": "h",
        "h": "w",
        "w": "r",
        "r": "n",
        "n": "ny",
        "ny": "ng",
        "ng": "m",
        "m": "p"
    }
}