{
    "json_invalid": false,
    "preamble": "1.Language X : not a hard problem\n  Language X  is a   language spoken by the People X  and people of other ethnic groups in the Region X    . ",
    "context": "Here are eight Language X  sentences and their English translations.\n\nPumet nugreny eri remuny nyucu.\tThe beautiful girl is not rich.\nWasuge eri remuny ngukupeu.\tThe singer is not happy.\nNyanyucuug eri nginyug mude nguwusu.\tThe wealth is not from his father.\nBuy nginyug nyangukupeuug.\tMoney is not happiness.\nNyadaru eri remuny muruy mude hamug eri.\tThe car is not coming from the field\nHugiteu eri mawug dihuk eri nginyug wasuge.\tThe man in front of the house is not a singer.\nKumeuk eri nginyug igriny nguwu eri.\tThe gift is not for the father.\nPumet ngukupeu eri remuny haguyet.\tThe happy girl is not crying.\n",
    "questions": "[{\"question_n\": \"Q 1\", \"prompt\": \"Translate the following into Language X.\", \"subprompts\": [{\"questionpart_n\": \"a.\", \"question\": \"Beauty is not a gift.\", \"answer\": \"[\\\"Nyanugrenyug nginyug kumeuk.\\\", \\\"Nyanugrenyug eri nginyug kumeuk.\\\"]\", \"matches_human_scoring\": false, \"fuzzy_matching\": false, \"manual_edit\": false}, {\"questionpart_n\": \"b.\", \"question\": \"The rich girl is not a singer.\", \"answer\": \"Pumet nyucu eri nginyug wasuge.\", \"matches_human_scoring\": false, \"fuzzy_matching\": false, \"manual_edit\": false}, {\"questionpart_n\": \"c.\", \"question\": \"His wealth is not for the girl.\", \"answer\": \"Nyanyucuugsu nginyug igriny pumet eri.\", \"matches_human_scoring\": false, \"fuzzy_matching\": false, \"manual_edit\": false}, {\"questionpart_n\": \"d.\", \"question\": \"The man is not coming.\", \"answer\": \"Hugiteu eri remuny muruy.\", \"matches_human_scoring\": false, \"fuzzy_matching\": false, \"manual_edit\": false}, {\"questionpart_n\": \"e.\", \"question\": \"The gift from the singer is not beautiful.\", \"answer\": \"Kumeuk eri mude wasuge eri remuny nugreny.\", \"matches_human_scoring\": false, \"fuzzy_matching\": false, \"manual_edit\": false}]}]",
    "obfuscated": "True",
    "obf_num": "5",
    "mapping": {
        "a": "u",
        "e": "a",
        "i": "e",
        "u": "i",
        "p": "w",
        "t": "r",
        "c": "n",
        "k": "ny",
        "b": "ng",
        "d": "m",
        "g": "p",
        "s": "t",
        "y": "c",
        "h": "k",
        "w": "b",
        "r": "d",
        "n": "g",
        "ny": "s",
        "ng": "y",
        "m": "h"
    }
}