{
    "json_invalid": false,
    "preamble": "1.Language X : not a hard problem\n  Language X  is a   language spoken by the People X  and people of other ethnic groups in the Region X    . ",
    "context": "Here are eight Language X  sentences and their English translations.\n\nTupec nyusneng eni nepung nguku.\tThe beautiful girl is not rich.\nRayuse eni nepung mubuteu.\tThe singer is not happy.\nNgangukuus eni mingus puge muruyu.\tThe wealth is not from his father.\nDuh mingus ngamubuteuus.\tMoney is not happiness.\nNgaganu eni nepung punuh puge wapus eni.\tThe car is not coming from the field\nWusiceu eni parus giwub eni mingus rayuse.\tThe man in front of the house is not a singer.\nBupeub eni mingus isning muru eni.\tThe gift is not for the father.\nTupec mubuteu eni nepung wasuhec.\tThe happy girl is not crying.\n",
    "questions": "[{\"question_n\": \"Q 1\", \"prompt\": \"Translate the following into Language X.\", \"subprompts\": [{\"questionpart_n\": \"a.\", \"question\": \"Beauty is not a gift.\", \"answer\": \"[\\\"Nganyusnengus mingus bupeub.\\\", \\\"Nganyusnengus eni mingus bupeub.\\\"]\", \"matches_human_scoring\": false, \"fuzzy_matching\": false, \"manual_edit\": false}, {\"questionpart_n\": \"b.\", \"question\": \"The rich girl is not a singer.\", \"answer\": \"Tupec nguku eni mingus rayuse.\", \"matches_human_scoring\": false, \"fuzzy_matching\": false, \"manual_edit\": false}, {\"questionpart_n\": \"c.\", \"question\": \"His wealth is not for the girl.\", \"answer\": \"Ngangukuusyu mingus isning tupec eni.\", \"matches_human_scoring\": false, \"fuzzy_matching\": false, \"manual_edit\": false}, {\"questionpart_n\": \"d.\", \"question\": \"The man is not coming.\", \"answer\": \"Wusiceu eni nepung punuh.\", \"matches_human_scoring\": false, \"fuzzy_matching\": false, \"manual_edit\": false}, {\"questionpart_n\": \"e.\", \"question\": \"The gift from the singer is not beautiful.\", \"answer\": \"Bupeub eni puge rayuse eni nepung nyusneng.\", \"matches_human_scoring\": false, \"fuzzy_matching\": false, \"manual_edit\": false}]}]",
    "obfuscated": "True",
    "obf_num": "12",
    "mapping": {
        "a": "u",
        "e": "a",
        "i": "e",
        "u": "i",
        "p": "r",
        "t": "n",
        "c": "ny",
        "k": "ng",
        "b": "m",
        "d": "p",
        "g": "t",
        "s": "c",
        "y": "k",
        "h": "b",
        "w": "d",
        "r": "g",
        "n": "s",
        "ny": "y",
        "ng": "h",
        "m": "w"
    }
}