{
    "json_invalid": false,
    "preamble": "1.Language X : not a hard problem\n  Language X  is a   language spoken by the People X  and people of other ethnic groups in the Region X    . ",
    "context": "Here are eight Language X  sentences and their English translations.\n\nKecub mehngup unga ngucep pede.\tThe beautiful girl is not rich.\nNyiwehu unga ngucep tegekue.\tThe singer is not happy.\nPipedeeh unga tapeh ceyu tenyewe.\tThe wealth is not from his father.\nSer tapeh pitegekueeh.\tMoney is not happiness.\nPiyinge unga ngucep cenger ceyu niceh unga.\tThe car is not coming from the field\nNehabue unga cinyeh yaneg unga tapeh nyiwehu.\tThe man in front of the house is not a singer.\nGecueg unga tapeh ahngap tenye unga.\tThe gift is not for the father.\nKecub tegekue unga ngucep niherub.\tThe happy girl is not crying.\n",
    "questions": "[{\"question_n\": \"Q 1\", \"prompt\": \"Translate the following into Language X.\", \"subprompts\": [{\"questionpart_n\": \"a.\", \"question\": \"Beauty is not a gift.\", \"answer\": \"[\\\"Pimehngupeh tapeh gecueg.\\\", \\\"Pimehngupeh unga tapeh gecueg.\\\"]\", \"matches_human_scoring\": false, \"fuzzy_matching\": false, \"manual_edit\": false}, {\"questionpart_n\": \"b.\", \"question\": \"The rich girl is not a singer.\", \"answer\": \"Kecub pede unga tapeh nyiwehu.\", \"matches_human_scoring\": false, \"fuzzy_matching\": false, \"manual_edit\": false}, {\"questionpart_n\": \"c.\", \"question\": \"His wealth is not for the girl.\", \"answer\": \"Pipedeehwe tapeh ahngap kecub unga.\", \"matches_human_scoring\": false, \"fuzzy_matching\": false, \"manual_edit\": false}, {\"questionpart_n\": \"d.\", \"question\": \"The man is not coming.\", \"answer\": \"Nehabue unga ngucep cenger.\", \"matches_human_scoring\": false, \"fuzzy_matching\": false, \"manual_edit\": false}, {\"questionpart_n\": \"e.\", \"question\": \"The gift from the singer is not beautiful.\", \"answer\": \"Gecueg unga ceyu nyiwehu unga ngucep mehngup.\", \"matches_human_scoring\": false, \"fuzzy_matching\": false, \"manual_edit\": false}]}]",
    "obfuscated": "True",
    "obf_num": "29",
    "mapping": {
        "a": "e",
        "e": "i",
        "i": "u",
        "u": "a",
        "p": "ny",
        "t": "ng",
        "c": "m",
        "k": "p",
        "b": "t",
        "d": "c",
        "g": "k",
        "s": "b",
        "y": "d",
        "h": "g",
        "w": "s",
        "r": "y",
        "n": "h",
        "ny": "w",
        "ng": "r",
        "m": "n"
    }
}