{
    "json_invalid": false,
    "preamble": "1.Language X : not a hard problem\n  Language X  is a   language spoken by the People X  and people of other ethnic groups in the Region X    . ",
    "context": "Here are eight Language X  sentences and their English translations.\n\nBekud pewmut uma muket tege.\tThe beautiful girl is not rich.\nNgirewu uma muket cesebue.\tThe singer is not happy.\nTitegeew uma catew kehu cengere.\tThe wealth is not from his father.\nYen catew ticesebueew.\tMoney is not happiness.\nTihime uma muket kemen kehu nyikew uma.\tThe car is not coming from the field\nNyewadue uma kingew hanyes uma catew ngirewu.\tThe man in front of the house is not a singer.\nSekues uma catew awmat cenge uma.\tThe gift is not for the father.\nBekud cesebue uma muket nyiwenud.\tThe happy girl is not crying.\n",
    "questions": "[{\"question_n\": \"Q 1\", \"prompt\": \"Translate the following into Language X.\", \"subprompts\": [{\"questionpart_n\": \"a.\", \"question\": \"Beauty is not a gift.\", \"answer\": \"[\\\"Tipewmutew catew sekues.\\\", \\\"Tipewmutew uma catew sekues.\\\"]\", \"matches_human_scoring\": false, \"fuzzy_matching\": false, \"manual_edit\": false}, {\"questionpart_n\": \"b.\", \"question\": \"The rich girl is not a singer.\", \"answer\": \"Bekud tege uma catew ngirewu.\", \"matches_human_scoring\": false, \"fuzzy_matching\": false, \"manual_edit\": false}, {\"questionpart_n\": \"c.\", \"question\": \"His wealth is not for the girl.\", \"answer\": \"Titegeewre catew awmat bekud uma.\", \"matches_human_scoring\": false, \"fuzzy_matching\": false, \"manual_edit\": false}, {\"questionpart_n\": \"d.\", \"question\": \"The man is not coming.\", \"answer\": \"Nyewadue uma muket kemen.\", \"matches_human_scoring\": false, \"fuzzy_matching\": false, \"manual_edit\": false}, {\"questionpart_n\": \"e.\", \"question\": \"The gift from the singer is not beautiful.\", \"answer\": \"Sekues uma kehu ngirewu uma muket pewmut.\", \"matches_human_scoring\": false, \"fuzzy_matching\": false, \"manual_edit\": false}]}]",
    "obfuscated": "True",
    "obf_num": "4",
    "mapping": {
        "a": "e",
        "e": "i",
        "i": "u",
        "u": "a",
        "p": "ng",
        "t": "m",
        "c": "p",
        "k": "t",
        "b": "c",
        "d": "k",
        "g": "b",
        "s": "d",
        "y": "g",
        "h": "s",
        "w": "y",
        "r": "h",
        "n": "w",
        "ny": "r",
        "ng": "n",
        "m": "ny"
    }
}