{
    "json_invalid": false,
    "preamble": "1.Language X : not a hard problem\n  Language X  is a   language spoken by the People X  and people of other ethnic groups in the Region X    . ",
    "context": "Here are eight Language X  sentences and their English translations.\n\nDebug terpuc upa pubec cese.\tThe beautiful girl is not rich.\nMineru upa pubec keyedue.\tThe singer is not happy.\nCiceseer upa kacer bewu kemene.\tThe wealth is not from his father.\nHeny kacer cikeyedueer.\tMoney is not happiness.\nCiwipe upa pubec bepeny bewu ngiber upa.\tThe car is not coming from the field\nNgerague upa bimer wangey upa kacer mineru.\tThe man in front of the house is not a singer.\nYebuey upa kacer arpac keme upa.\tThe gift is not for the father.\nDebug keyedue upa pubec ngirenyug.\tThe happy girl is not crying.\n",
    "questions": "[{\"question_n\": \"Q 1\", \"prompt\": \"Translate the following into Language X.\", \"subprompts\": [{\"questionpart_n\": \"a.\", \"question\": \"Beauty is not a gift.\", \"answer\": \"[\\\"Citerpucer kacer yebuey.\\\", \\\"Citerpucer upa kacer yebuey.\\\"]\", \"matches_human_scoring\": false, \"fuzzy_matching\": false, \"manual_edit\": false}, {\"questionpart_n\": \"b.\", \"question\": \"The rich girl is not a singer.\", \"answer\": \"Debug cese upa kacer mineru.\", \"matches_human_scoring\": false, \"fuzzy_matching\": false, \"manual_edit\": false}, {\"questionpart_n\": \"c.\", \"question\": \"His wealth is not for the girl.\", \"answer\": \"Ciceseerne kacer arpac debug upa.\", \"matches_human_scoring\": false, \"fuzzy_matching\": false, \"manual_edit\": false}, {\"questionpart_n\": \"d.\", \"question\": \"The man is not coming.\", \"answer\": \"Ngerague upa pubec bepeny.\", \"matches_human_scoring\": false, \"fuzzy_matching\": false, \"manual_edit\": false}, {\"questionpart_n\": \"e.\", \"question\": \"The gift from the singer is not beautiful.\", \"answer\": \"Yebuey upa bewu mineru upa pubec terpuc.\", \"matches_human_scoring\": false, \"fuzzy_matching\": false, \"manual_edit\": false}]}]",
    "obfuscated": "True",
    "obf_num": "25",
    "mapping": {
        "a": "e",
        "e": "i",
        "i": "u",
        "u": "a",
        "p": "m",
        "t": "p",
        "c": "t",
        "k": "c",
        "b": "k",
        "d": "b",
        "g": "d",
        "s": "g",
        "y": "s",
        "h": "y",
        "w": "h",
        "r": "w",
        "n": "r",
        "ny": "n",
        "ng": "ny",
        "m": "ng"
    }
}