{
    "json_invalid": false,
    "preamble": "Language X\n  ",
    "context": "A major part of language change is sound change, where a language\u2019s phonemes shift around over time. Sound changes typically apply in a regular way to all words that have a particular sound pattern, and you can assume that this is so for all the sound changes in this problem. These changes can be described neatly with rules like this:\nt > d / r_\nThis rule means that all instances of the /t/ sound change to /d/ when they stand after /r/, so a word like tree would become dree, while: \np > \u2205 / _#\nmeans that all instances of /p/ disappear (change to \u2018zero\u2019) at the end of a word (i.e. before a word boundary, represented as the hash #), so stop would become sto. If the rule applies everywhere, the rule is written as follows:\np > \u2205\nThis rule would change all instances of /p/ to nothing, so pop would become o.\n\nIn the table below are some Language X words, with each word\u2019s meaning in the top row and various pronunciations due to sound changes in lower rows. These groups of words represent seven stages in the very early history of the language, in a random order.\n\n\n\tshare\trow of teeth\tknee\twar\thundred\tdog\tprop\nA\tco\u0301t\u0259s\tt\u0259\u0301r\u0259s\tt\u0259\u0301ma\tt\u0259\u0301n\u0259-\tterk\u0259\u0301r\tta\u0259\u0304\u0301\tskuro-\nB\tco\u0301d\u0259s\td\u0259\u0301r\u0259s\td\u0259\u0301ma\tt\u0259\u0301n\u0259-\tterk\u0259\u0301r\tta\u0259\u0304\u0301\tskuro-\nC\tj\u02b0o\u0301d\u0259s\tb\u0259\u0301rj\u02b0\u0259s\tb\u0259\u0301ma\tt\u0259\u0301n\u0259-\tterk\u0259\u0301r\tta\u0259\u0304\u0301\tskurj\u02b0o-\nD\tj\u02b0o\u0301d\u0259s\tb\u0259\u0301rj\u02b0\u0259s\tb\u0259\u0301ma\tt\u0259\u0301n\u0259-\tperk\u0259\u0301r\tpa\u0259\u0304\u0301\tskurj\u02b0o-\nE\tco\u0301t\u0259\tt\u0259\u0301r\u0259\tt\u0259\u0301ma\tt\u0259\u0301n\u0259-\tterk\u0259\u0301r\tta\u0259\u0304\u0301\tskuro-\nF\tj\u02b0o\u0301d\u0259s\td\u0259\u0301r\u0259s\td\u0259\u0301ma\tt\u0259\u0301n\u0259-\tterk\u0259\u0301r\tta\u0259\u0304\u0301\tskuro-\nG\tj\u02b0o\u0301d\u0259s\td\u0259\u0301rj\u02b0\u0259s\td\u0259\u0301ma\tt\u0259\u0301n\u0259-\tterk\u0259\u0301r\tta\u0259\u0304\u0301\tskurj\u02b0o-\n\n(The accent \u00b4 on a vowel can be ignored; /\u0259/ is the weak vowel at the beginning of about.) As you can see, between these stages of Language X, some sound changes have occurred. ",
    "questions": "[{\"question_n\": \"Q 2.1\", \"prompt\": \"Put the stages A-G in historical order. Give the appropriate letters.\", \"subprompts\": [{\"questionpart_n\": \"a.\", \"question\": \"What was the first stage?\", \"answer\": \"D\", \"matches_human_scoring\": false, \"fuzzy_matching\": false, \"manual_edit\": false}, {\"questionpart_n\": \"b.\", \"question\": \"What was the second stage?\", \"answer\": \"C\", \"matches_human_scoring\": false, \"fuzzy_matching\": false, \"manual_edit\": false}, {\"questionpart_n\": \"c.\", \"question\": \"What was the third stage?\", \"answer\": \"G\", \"matches_human_scoring\": false, \"fuzzy_matching\": false, \"manual_edit\": false}, {\"questionpart_n\": \"d.\", \"question\": \"What was the fourth stage?\", \"answer\": \"F\", \"matches_human_scoring\": false, \"fuzzy_matching\": false, \"manual_edit\": false}, {\"questionpart_n\": \"e.\", \"question\": \"What was the fifth stage?\", \"answer\": \"B\", \"matches_human_scoring\": false, \"fuzzy_matching\": false, \"manual_edit\": false}, {\"questionpart_n\": \"f.\", \"question\": \"What was the sixth stage?\", \"answer\": \"A\", \"matches_human_scoring\": false, \"fuzzy_matching\": false, \"manual_edit\": false}, {\"questionpart_n\": \"g.\", \"question\": \"What was the seventh (latest) stage?\", \"answer\": \"E\", \"matches_human_scoring\": false, \"fuzzy_matching\": false, \"manual_edit\": false}]}]",
    "obfuscated": "True",
    "obf_num": "2",
    "mapping": {
        "p": "c",
        "c": "p",
        "b": "j",
        "j": "b",
        "t": "k",
        "k": "t",
        "d": "g",
        "g": "d",
        "m": "r",
        "n": "m",
        "r": "n",
        "a": "o",
        "e": "u",
        "o": "\u0259",
        "u": "a",
        "\u0259": "e",
        "\u0304": "\u0304",
        "\u0301": "\u0301",
        "s": "s",
        "\u02b0": "\u02b0"
    }
}