{
    "preamble": "Problem 8. $$$Language X$$$ (20 marks)\n &&& &&&",
    "context": "Here are some $$$Language X$$$ sentences with their English translations.\n\n$$$Language X$$$\tEnglish\n@@@Baliililitok.@@@\tI ran.\n@@@Baliilitok.@@@\tHe / she ran.\n@@@Baliililih.@@@\tI\u2019ve run / I am running.\n@@@Johnat niyah.@@@\tJohn is fat.\n@@@Pamat kayyah.@@@\tPam is pregnant.\n@@@Baliilih.@@@\tHe / she has run or He /she is running.\n@@@Chikayyah.@@@\tYou\u2019re pregnant.\n@@@Saniyah.@@@\tI\u2019m fat.\n@@@Hattakat chaahah.@@@\tThe man is tall.\n@@@Hattakat taloowatok.@@@\tThe man sang.\n@@@Hattak chaahah piisalitok.@@@\tI saw the tall man.\n@@@Hattak chaahah ishpiisatok.@@@\tYou saw the tall man.\n\nHere are some more examples.\n\n$$$Language X$$$\tEnglish\n@@@Sayyit sabashah.@@@\tMy leg is cut.\n@@@Sapiisatok.@@@\tHe / she saw me.\n@@@Issapiisatok.@@@\tYou saw me.\n@@@Hattak anolitok.@@@\tHe/she told the man.\n@@@Ofit sayyi sakopolitok.@@@\tThe dog bit my leg.\n@@@Ofit amofi kopolitok.@@@\tThe dog bit my dog.\n@@@Chimanolilitok.@@@\tI told you.\n@@@Amanolitok.@@@\tHe / she told me.\n@@@Sashkit hattak piisatok.@@@\tMy mother saw the man.\n@@@Sashkit chibaliilitok.@@@\tYour mother ran.",
    "questions": "[{\"question_n\": \"Q 8.1\", \"prompt\": \"Translate the following into $$$Language X$$$.\", \"subprompts\": [{\"questionpart_n\": \"a.\", \"question\": \"He / she saw John.\", \"answer\": \"@@@John piisatok.@@@\", \"matches_human_scoring\": false, \"fuzzy_matching\": false, \"manual_edit\": false}, {\"questionpart_n\": \"b.\", \"question\": \"I sang.\", \"answer\": \"@@@Taloowalitok.@@@\", \"matches_human_scoring\": false, \"fuzzy_matching\": false, \"manual_edit\": false}, {\"questionpart_n\": \"c.\", \"question\": \"You\\u2019re singing.\", \"answer\": \"@@@Ishtaloowah.@@@\", \"matches_human_scoring\": false, \"fuzzy_matching\": false, \"manual_edit\": false}, {\"questionpart_n\": \"d.\", \"question\": \"I\\u2019m pregnant.\", \"answer\": \"@@@Sakayyah.@@@\", \"matches_human_scoring\": false, \"fuzzy_matching\": false, \"manual_edit\": false}, {\"questionpart_n\": \"e.\", \"question\": \"He / she saw the fat man.\", \"answer\": \"@@@Hattak niyah piisatok.@@@\", \"matches_human_scoring\": false, \"fuzzy_matching\": false, \"manual_edit\": false}]}, {\"question_n\": \"Q 8.2\", \"prompt\": \"Translate the following into English.\", \"subprompts\": [{\"questionpart_n\": \"f.\", \"question\": \"@@@Chiyyit chibashah.@@@\", \"answer\": \"Your leg is cut.\", \"matches_human_scoring\": false, \"fuzzy_matching\": false, \"manual_edit\": false}, {\"questionpart_n\": \"g.\", \"question\": \"@@@Chiyyit bashah.@@@\", \"answer\": \"Your leg is cut.\", \"matches_human_scoring\": false, \"fuzzy_matching\": false, \"manual_edit\": false}, {\"questionpart_n\": \"h.\", \"question\": \"@@@Amofi ishpiisatok.@@@\", \"answer\": \"You saw my dog.\", \"matches_human_scoring\": false, \"fuzzy_matching\": false, \"manual_edit\": false}, {\"questionpart_n\": \"i.\", \"question\": \"@@@Shki ampiisalitok.@@@\", \"answer\": \"I saw my mother.\", \"matches_human_scoring\": false, \"fuzzy_matching\": false, \"manual_edit\": false}, {\"questionpart_n\": \"j.\", \"question\": \"@@@Amofit chiyyi chikopolitok.@@@\", \"answer\": \"My dog bit your leg.\", \"matches_human_scoring\": false, \"fuzzy_matching\": false, \"manual_edit\": false}]}]",
    "notes": "Reorganised problems to keep all data in the context.",
    "answers_page": 3,
    "team_review": false
}