{
    "preamble": "Problem 3. $$$Language X$$$ (20 marks)\n &&& $$$Language X$$$ is a &&& &&&language spoken by nearly 8,000 people around the world. It is the official language of $$$Country X$$$, although most of its speakers live in other countries&&& &&&.&&&",
    "context": "Below are some sentences in $$$Language X$$$ with a possible translation into English. Note that a\u0304 and u\u0304 are long vowels, and that g represents the ng sound in \u201csing\u201d.\n\n$$$Language X$$$\tEnglish\n@@@Kua kai noa a au.@@@\tI have only eaten.\n@@@Kua fai fakatino foki ne ta\u0304 e ia.@@@\tThere have also been pictures that he drew.\n@@@Muhu moa tu\u0304mau.@@@\tThere are always plenty of birds.\n@@@Ne fai faiaoga e ka\u0304muta.@@@\tThe carpenter had teachers.\n@@@Kua kitia e ia a au.@@@\tHe has seen me.\n@@@To kai he moa ka holoholo e au e ika.@@@\tThe bird that I will wash will eat the fish.\n@@@Ne totou a Sione.@@@\tSione read.\n@@@Ta\u0304 tu\u0304mau e Mele e fakatino.@@@\tMele is always drawing the picture.\n@@@Ne kai e ika ne takafaga he tama.@@@\tThe fish that the child caught ate.\n@@@To holoholo foki he tama e vaka ne ta\u0304 he ka\u0304muta.@@@\tThe child will also wash the canoe that the carpenter built.\n@@@To muhu ika a Mele.@@@\tMele will have plenty of fish.\n@@@Muhu tama foki e faiaoga ka kitia he moa.@@@\tThe teacher also has plenty of children that the bird will see.\n@@@Fai vaka a Sione ne holoholo e au.@@@\tSione has canoes that I washed.",
    "questions": "[{\"question_n\": \"Q3.1\", \"prompt\": \" Translate the following sentences into English. If there are multiple possible translations, give only one.\", \"subprompts\": [{\"questionpart_n\": \"a.\", \"question\": \"@@@Fai moa noa.@@@\", \"answer\": \"There are only birds.\", \"matches_human_scoring\": false, \"fuzzy_matching\": false, \"manual_edit\": false}, {\"questionpart_n\": \"b.\", \"question\": \"@@@Kua holoholo foki he faiaoga ne takafaga e au a ia.@@@\", \"answer\": \"The teacher that I caught has also washed him.\", \"matches_human_scoring\": false, \"fuzzy_matching\": false, \"manual_edit\": false}, {\"questionpart_n\": \"c.\", \"question\": \"@@@To muhu vaka e tama ne kitia he moa ka holoholo e Sione.@@@\", \"answer\": \"[\\\"The child that the bird saw will have plenty of canoes that Sione will wash.\\\", \\\"The child that the bird that Sione will wash saw will have plenty of canoes.\\\", \\\"The child will have plenty of canoes that the bird that Sione will wash saw.\\\"]\", \"matches_human_scoring\": false, \"fuzzy_matching\": false, \"manual_edit\": false}]}, {\"question_n\": \"Q3.2\", \"prompt\": \"Translate the following sentences into $$$Language X$$$.\", \"subprompts\": [{\"questionpart_n\": \"a.\", \"question\": \"He will also read.\", \"answer\": \"@@@To totou foki a ia.@@@\", \"matches_human_scoring\": false, \"fuzzy_matching\": false, \"manual_edit\": false}, {\"questionpart_n\": \"b.\", \"question\": \"Sione has only had fish that the teacher will eat.\", \"answer\": \"@@@Kua fai ika noa a Sione ka kai he faiaoga.@@@\", \"matches_human_scoring\": false, \"fuzzy_matching\": false, \"manual_edit\": false}, {\"questionpart_n\": \"c.\", \"question\": \"The teacher that Mele saw built the canoe.\", \"answer\": \"@@@Ne ta\\u0304 he faiaoga ne kitia e Mele e vaka.@@@\", \"matches_human_scoring\": false, \"fuzzy_matching\": false, \"manual_edit\": false}, {\"questionpart_n\": \"d.\", \"question\": \"There have always been plenty of carpenters.\", \"answer\": \"@@@Kua muhu ka\\u0304muta tu\\u0304mau.@@@\", \"matches_human_scoring\": false, \"fuzzy_matching\": false, \"manual_edit\": false}]}]",
    "notes": "Removed bold in $$$Language X$$$, removed italics in English. Removed clause brackets in marking scheme.",
    "answers_page": 2,
    "team_review": false
}