{
    "preamble": "Problem 2. $$$Language X$$$ (20 marks)\n &&& &&&",
    "context": "$$$Language X$$$ is written with Roman script, with some additions. The accents on the vowels represent tones. e and \u1eb9 represent different vowel sounds. These distinctions are important in $$$Language X$$$ pronunciation. \n\nHere are some numbers in $$$Language X$$$:\n\n@@@\u00e8ji@@@\t2\n@@@\u1eb9\u0300rin@@@\t4\n@@@\u00e0run@@@\t5\n@@@\u1eb9\u0300rinl\u00e1@@@\t14\n@@@e\u00e9j\u00ecdilogun@@@\t18\n@@@\u1eb9\u1eb9\u0301r\u00ecndilog\u00f3ji@@@\t36\n@@@\u1eb9\u0300r\u00ecndog\u00f3ji@@@\t44\n@@@\u00e0\u00e1dorin@@@\t70\n@@@\u1eb9\u1eb9\u0301t\u00e0dilog\u00f3rin@@@\t77\n@@@\u1eb9\u0300t\u00e0dog\u00f3rin@@@\t83",
    "questions": "[{\"question_n\": \"Q 2.1\", \"prompt\": \"Write the following $$$Language X$$$ numbers in figures\", \"subprompts\": [{\"questionpart_n\": \"a.\", \"question\": \"@@@\\u00e0\\u00e1dota@@@\", \"answer\": \"50\", \"matches_human_scoring\": false, \"fuzzy_matching\": false, \"manual_edit\": false}, {\"questionpart_n\": \"b.\", \"question\": \"@@@\\u00e0r\\u00f9ndog\\u00f3rin@@@\", \"answer\": \"85\", \"matches_human_scoring\": false, \"fuzzy_matching\": false, \"manual_edit\": false}, {\"questionpart_n\": \"c.\", \"question\": \"@@@a\\u00e1r\\u00f9ndilog\\u00f3rin@@@\", \"answer\": \"75\", \"matches_human_scoring\": false, \"fuzzy_matching\": false, \"manual_edit\": false}, {\"questionpart_n\": \"d.\", \"question\": \"@@@\\u1eb9\\u0300t\\u00e0dog\\u00f3run@@@\", \"answer\": \"103\", \"matches_human_scoring\": false, \"fuzzy_matching\": false, \"manual_edit\": false}, {\"questionpart_n\": \"e.\", \"question\": \"@@@\\u00f2k\\u00e1ndilog\\u00f3ji@@@\", \"answer\": \"39\", \"matches_human_scoring\": false, \"fuzzy_matching\": false, \"manual_edit\": false}]}, {\"question_n\": \"Q 2.2\", \"prompt\": \"Write out the following in $$$Language X$$$.\", \"subprompts\": [{\"questionpart_n\": \"f.\", \"question\": \"12\", \"answer\": \"@@@\\u00e8jil\\u00e1@@@\", \"matches_human_scoring\": false, \"fuzzy_matching\": false, \"manual_edit\": false}, {\"questionpart_n\": \"g.\", \"question\": \"90\", \"answer\": \"@@@\\u00e0\\u00e1dorun@@@\", \"matches_human_scoring\": false, \"fuzzy_matching\": false, \"manual_edit\": false}, {\"questionpart_n\": \"h.\", \"question\": \"57\", \"answer\": \"@@@\\u1eb9\\u1eb9\\u0301t\\u00e0dilog\\u00f3ta@@@\", \"matches_human_scoring\": false, \"fuzzy_matching\": false, \"manual_edit\": false}, {\"questionpart_n\": \"i.\", \"question\": \"45\", \"answer\": \"@@@\\u00e0r\\u00f9ndog\\u00f3ji@@@\", \"matches_human_scoring\": false, \"fuzzy_matching\": false, \"manual_edit\": false}, {\"questionpart_n\": \"j.\", \"question\": \"99\", \"answer\": \"@@@\\u00f2k\\u00e1ndilog\\u00f3run@@@\", \"matches_human_scoring\": false, \"fuzzy_matching\": false, \"manual_edit\": false}]}]",
    "notes": "Removed the instruction to write on answer sheets",
    "answers_page": 2,
    "team_review": false
}