{
    "preamble": "Problem 5. $$$Language X$$$ (25 marks)\n &&& &&&",
    "context": "Below are some sentences in $$$Language X$$$ and their English translations. Note that \u0105, \u0119, \u012f, \u01eb and \u0173 are nasal vowels, while p\u2019, t\u2019 and y are consonants. $$$Language X$$$ is a tonal language, but here tones have been omitted for simplicity. Note also that here \u201cdeer\u201d is used exclusively to refer to one deer, while \u201cdeers\u201d is used to refer to multiple deers.\n\n$$$Language X$$$\tEnglish\n@@@kimp\u0119nem\u0105 ipih\u0173m\u0173@@@\tOur deers saw the cedar.\n@@@k\u0105kana p\u0119xi@@@\tYour mother waited for the deer.\n@@@imh\u0173nem\u0105 t'oym\u0105t'\u0119@@@\tTheir cedar hit the person.\n@@@iwkine iwp'im\u0105t'\u0119@@@\tTheir blankets hit the heads.\n@@@kip'\u01ebyna ip'\u012fwxi@@@\tOur brother waited for the sparrows.\n@@@k\u0105wcine ip'\u01ebym\u0173@@@\tYour eyes saw the brother.\n@@@t'oyna ikixi@@@\tThe person waited for the blanket.\n@@@kanem\u0105 ip'\u012fwm\u0105t'\u0119@@@\tThe mothers hit the sparrow.\n@@@\u0105mcinem\u0105 ip'\u01ebym\u0173@@@\tHis eye saw the brothers.\n@@@\u0105mp'\u01ebynem\u0105 iwcim\u0173@@@\tHis brothers saw the eyes.\n@@@kine ipip\u0119m\u0105t'\u0119@@@\tThe blankets hit the deers.\n\nNB: some of the $$$Language X$$$ sentences above would be considered odd by a native $$$Language X$$$ speaker, who would use a passive construction instead. For simplicity, an active construction has been used here in all cases.",
    "questions": "[{\"question_n\": \"Q5.1\", \"prompt\": \"Translate the following into English:\", \"subprompts\": [{\"questionpart_n\": \"a.\", \"question\": \"@@@imt'oynem\\u0105 iwh\\u0173m\\u0173@@@\", \"answer\": \"Their people saw the cedars.\", \"matches_human_scoring\": false, \"fuzzy_matching\": false, \"manual_edit\": false}, {\"questionpart_n\": \"b.\", \"question\": \"@@@\\u0105p\\u0119na kam\\u0105t'\\u0119@@@\", \"answer\": \"His deer hit the mother.\", \"matches_human_scoring\": false, \"fuzzy_matching\": false, \"manual_edit\": false}, {\"questionpart_n\": \"c.\", \"question\": \"@@@\\u0105wh\\u0173ne ipit'oym\\u0105t'\\u0119@@@\", \"answer\": \"His cedars hit the people.\", \"matches_human_scoring\": false, \"fuzzy_matching\": false, \"manual_edit\": false}, {\"questionpart_n\": \"d.\", \"question\": \"@@@p'\\u012fwnem\\u0105 ipip\\u0119xi@@@\", \"answer\": \"The sparrows waited for the deers.\", \"matches_human_scoring\": false, \"fuzzy_matching\": false, \"manual_edit\": false}]}, {\"question_n\": \"Q5.2\", \"prompt\": \"Translate the following into $$$Language X$$$:\", \"subprompts\": [{\"questionpart_n\": \"a.\", \"question\": \"Your sparrows waited for the mothers.\", \"answer\": \"@@@k\\u0105mp'\\u012fwnem\\u0105 ipikaxi@@@\", \"matches_human_scoring\": false, \"fuzzy_matching\": false, \"manual_edit\": false}, {\"questionpart_n\": \"b.\", \"question\": \"The heads saw the blanket.\", \"answer\": \"@@@p'ine ipikim\\u0173@@@\", \"matches_human_scoring\": false, \"fuzzy_matching\": false, \"manual_edit\": false}, {\"questionpart_n\": \"c.\", \"question\": \"Our eyes saw the heads.\", \"answer\": \"@@@kiwcine iwp'im\\u0173@@@\", \"matches_human_scoring\": false, \"fuzzy_matching\": false, \"manual_edit\": false}, {\"questionpart_n\": \"d.\", \"question\": \"Their deer waited for the brother.\", \"answer\": \"@@@ip\\u0119na p'\\u01ebyxi@@@\", \"matches_human_scoring\": false, \"fuzzy_matching\": false, \"manual_edit\": false}]}]",
    "notes": "Remove bold in $$$Language X$$$s, remove italics in English.",
    "answers_page": 2,
    "team_review": false
}