{
    "preamble": "Problem 10. You Know How To Whistle, Don\u2019t You? (25 marks)\n &&& &&&",
    "context": "Below are several $$$Language X$$$ whistle-sentences, with the tones of the whistles given in order, followed by their English meanings in a shuffled order. $$$Language X$$$ has four distinct tones, and a hyphen between two tones in the whistle-sentences indicates a sliding tone (which indicates a similar sliding tone in the matching word from the language).\n\n$$$Language X$$$ (whistle)\tEnglish\n@@@2, 3, 2, 3@@@\tI am going nowhere.\n@@@1, 2, 4, 3@@@\tWhere are you coming from?\n@@@3, 3, 4, 2, 4@@@\tI\u2019ll probably come at noon.\n@@@3, 2, 2, 3, 1-3@@@\tI am gathering coffee.\n@@@3, 1, 2, 3, 4-3@@@\tI am going to get firewood.\n@@@1, 3, 2, 4, 3, 4@@@\tWhat time this afternoon will you come?\n@@@3, 1, 3, 1, 4, 4@@@\tIs there firewood there?\n@@@3, 2, 4, 2, 3, 4@@@\tI am taking it to Tenango.\n@@@1, 3, 2, 4, 3, 3-2@@@\tWhat time tomorrow will you come?\n@@@2, 3, 3, 1, 2, 3, 3@@@\tNothing, I am cutting firewood.\n@@@2, 3, 4, 2, 4, 3, 3-2, 4, 2, 4@@@\tI will probably not come until tomorrow, probably *.\n\n* \u201cprobably\u201d is repeated in $$$Language X$$$ sentence.\n\nBelow are some of the actual $$$Language X$$$ words for which the whistles above have been substituted, followed by their English meanings in random order. The tones of the syllables in the $$$Language X$$$ words are provided in superscript after each syllable.\n\n$$$Language X$$$\tEnglish\n(a) @@@h\u00f1a\u00b9@@@\t(i) nothing\n(b) @@@s\u0241ai\u2074@@@\t(ii) Tenango\n(c) @@@\u010di\u00b3ki\u00b9@@@\t(iii) gather\n(d) @@@ka\u00b3vhe\u00b2@@@\t(iv) where?\n(e) @@@khoi\u00b2\u0241e\u2074@@@\t(v) later\n(f) @@@li\u00b2hme\u00b3@@@\t(vi) firewood\n(g) @@@li\u00b2h\u00f1a\u00b3@@@\t(vii) you will come\n(h) @@@n\u010di\u00b3se\u00b3@@@\t(viii) coffee\n(i) @@@vhi\u00b3k\u0241a\u2074\u02c9\u00b3@@@\t(ix) nowhere\n(j) @@@v\u0241e\u00b3\u0161koa\u00b9\u02c9\u00b3@@@\t(x) noon\n(k) @@@khoa\u00b2\u0241ai\u2074ni\u00b3@@@\t(xi) go to get\n(l) @@@te\u00b3na\u00b2nko\u2074@@@\t(xii) probably\n\n",
    "questions": "[{\"question_n\": \"Q 10.1\", \"prompt\": \"Determine the correct correspondences. For each letter, give the roman numeral of the corresponding English translation.\", \"subprompts\": [{\"questionpart_n\": \"(a)\", \"question\": \"@@@h\\u00f1a\\u00b9@@@\", \"answer\": \"iv\", \"matches_human_scoring\": false, \"fuzzy_matching\": false, \"manual_edit\": false}, {\"questionpart_n\": \"(b)\", \"question\": \"@@@s\\u0241ai\\u2074@@@\", \"answer\": \"v\", \"matches_human_scoring\": false, \"fuzzy_matching\": false, \"manual_edit\": false}, {\"questionpart_n\": \"(c)\", \"question\": \"@@@\\u010di\\u00b3ki\\u00b9@@@\", \"answer\": \"vi\", \"matches_human_scoring\": false, \"fuzzy_matching\": false, \"manual_edit\": false}, {\"questionpart_n\": \"(d)\", \"question\": \"@@@ka\\u00b3vhe\\u00b2@@@\", \"answer\": \"viii\", \"matches_human_scoring\": false, \"fuzzy_matching\": false, \"manual_edit\": false}, {\"questionpart_n\": \"(e)\", \"question\": \"@@@khoi\\u00b2\\u0241e\\u2074@@@\", \"answer\": \"xii\", \"matches_human_scoring\": false, \"fuzzy_matching\": false, \"manual_edit\": false}, {\"questionpart_n\": \"(f)\", \"question\": \"@@@li\\u00b2hme\\u00b3@@@\", \"answer\": \"i\", \"matches_human_scoring\": false, \"fuzzy_matching\": false, \"manual_edit\": false}, {\"questionpart_n\": \"(g)\", \"question\": \"@@@li\\u00b2h\\u00f1a\\u00b3@@@\", \"answer\": \"ix\", \"matches_human_scoring\": false, \"fuzzy_matching\": false, \"manual_edit\": false}, {\"questionpart_n\": \"(h)\", \"question\": \"@@@n\\u010di\\u00b3se\\u00b3@@@\", \"answer\": \"x\", \"matches_human_scoring\": false, \"fuzzy_matching\": false, \"manual_edit\": false}, {\"questionpart_n\": \"(i)\", \"question\": \"@@@vhi\\u00b3k\\u0241a\\u2074\\u02c9\\u00b3@@@\", \"answer\": \"xi\", \"matches_human_scoring\": false, \"fuzzy_matching\": false, \"manual_edit\": false}, {\"questionpart_n\": \"(j)\", \"question\": \"@@@v\\u0241e\\u00b3\\u0161koa\\u00b9\\u02c9\\u00b3@@@\", \"answer\": \"iii\", \"matches_human_scoring\": false, \"fuzzy_matching\": false, \"manual_edit\": false}, {\"questionpart_n\": \"(k)\", \"question\": \"@@@khoa\\u00b2\\u0241ai\\u2074ni\\u00b3@@@\", \"answer\": \"vii\", \"matches_human_scoring\": false, \"fuzzy_matching\": false, \"manual_edit\": false}, {\"questionpart_n\": \"(l)\", \"question\": \"@@@te\\u00b3na\\u00b2nko\\u2074@@@\", \"answer\": \"ii\", \"matches_human_scoring\": false, \"fuzzy_matching\": false, \"manual_edit\": false}]}, {\"question_n\": \"Q 10.2\", \"prompt\": \"@@@hme\\u00b9@@@ is a question-word (e.g. who, what, when, why) in $$$Language X$$$ Which one is it?\", \"subprompts\": [{\"questionpart_n\": \"(a)\", \"question\": \"\", \"answer\": \"what\", \"matches_human_scoring\": false, \"fuzzy_matching\": false, \"manual_edit\": false}]}, {\"question_n\": \"Q 10.3\", \"prompt\": \"A syllable @@@ti\\u00b2@@@ is attached to several of the verbs in the sentences which are conveyed by the whistles shown above. What does it mean?\", \"subprompts\": [{\"questionpart_n\": \"(a)\", \"question\": \"\", \"answer\": \"[\\\"I\\\",\\\"me\\\"]\", \"matches_human_scoring\": false, \"fuzzy_matching\": false, \"manual_edit\": false}]}, {\"question_n\": \"Q 10.4\", \"prompt\": \"Give the meaning of the following $$$Language X$$$ words:\", \"subprompts\": [{\"questionpart_n\": \"(a)\", \"question\": \"@@@n\\u010dao\\u00b3\\u02c9\\u00b2@@@\", \"answer\": \"tomorrow\", \"matches_human_scoring\": false, \"fuzzy_matching\": false, \"manual_edit\": false}, {\"questionpart_n\": \"(b)\", \"question\": \"@@@va\\u00b3te\\u00b3@@@\", \"answer\": \"cut\", \"matches_human_scoring\": false, \"fuzzy_matching\": false, \"manual_edit\": false}]}, {\"question_n\": \"Q 10.5\", \"prompt\": \"What tonal pattern does the verb \\u201ctake (it)\\u201d have?\", \"subprompts\": [{\"questionpart_n\": \"(a)\", \"question\": \"\", \"answer\": \"@@@3, 4@@@\", \"matches_human_scoring\": false, \"fuzzy_matching\": false, \"manual_edit\": false}]}]",
    "notes": "",
    "answers_page": 3,
    "team_review": false
}