{
    "preamble": "Round 2 Problem 1. $$$Language X$$$ possessions\n &&& &&&\n$$$Language X$$$ is usually written in a different script, which has been transliterated here using the English alphabet with some special marks to indicate particular pronunciations. Because $$$Language X$$$ has many more sounds (especially different consonant sounds such as four distinct ways of pronouncing a \u201cd\u201d), you will see accents on vowels (such as \u012b) and dots under consonants (such as \u1e0d) in the transliteration used here. In your answer, you need to include these special marks where necessary.\n",
    "context": "Here are some $$$Language X$$$ sentences, phrases and words with their English translations.\n\n@@@tim\u012bs\u00e3ga pais\u0101 cha?@@@\tDo you have money?\n@@@tim\u012bsita pais\u0101 chaina.@@@\tYou do not have money.\n@@@Anilki \u0101m\u0101 cha.@@@\tAnil has a mother.\n@@@mas\u00e3ga pais\u0101 cha.@@@\tI have money.\n@@@Anils\u00e3ga t\u012bnvat\u0101 churo\u021b chan.@@@\tAnil has three cigarettes.\n@@@Anilko buv\u0101 cha.@@@\tAnil has a father.\n@@@Anilsita pais\u0101 cha.@@@\tAnil has money.\n@@@Rameshsita dui\u021b\u0101 kalam chan.@@@\tRamesh has two pens.\n@@@Binduki \u0101m\u0101 chaina.@@@\tBindu does not have a mother.\n@@@Bindus\u00e3ga churo\u021b cha?@@@\tDoes Bindu have a cigarette?\n@@@Rameshko mo\u021bar cha?@@@\tDoes Ramesh have a car?\n@@@Binduka dui\u021b\u0101 ghar chan.@@@\tBindu has two houses.\n@@@Bindusita churo\u021b cha.@@@\tBindu has a cigarette.\n@@@Binduko mo\u021bar cha.@@@\tBindu has (a) car.\n@@@Gitas\u00e3ga s\u0101bun chaina.@@@\tGita does not have soap.\n@@@Gitaka dui\u021b\u0101 mo\u021bar chan.@@@\tGita has two cars.\n@@@ek ba\u021b\u021b\u0101 churo\u021b@@@\tone packet of cigarettes\n@@@das rupiy\u0101\u0303@@@\tten rupees &&& &&&\n@@@k\u0101p\u012b@@@\tnotebook\n@@@mi\u021bh\u0101\u012b@@@\tsweets, candies\n@@@p\u0113nsila@@@\tpencil\n@@@\u015br\u012bma@@@\thusband\n@@@n\u0101tini@@@\tgranddaughter\n@@@pariv\u0101r@@@\tfamily\n@@@ko\u021bhaharu@@@\trooms\n@@@s\u0101\u0303co@@@\tkey\n\n",
    "questions": "[{\"question_n\": \"Q 1\", \"prompt\": \"Translate these sentences into $$$Language X$$$. In some cases, two different translations are possible. In such cases, you should provide both translations separated by a comma.\", \"subprompts\": [{\"questionpart_n\": \"a.\", \"question\": \"I have a notebook.\", \"answer\": \"[\\\"@@@mas\\u00e3ga k\\u0101p\\u012b cha.@@@, @@@masita k\\u0101p\\u012b cha.@@@\\\", \\\"@@@masita k\\u0101p\\u012b cha.@@@, @@@mas\\u00e3ga k\\u0101p\\u012b cha.@@@\\\"]\", \"matches_human_scoring\": false, \"fuzzy_matching\": false, \"manual_edit\": false}, {\"questionpart_n\": \"b.\", \"question\": \"Bindu does not have one packet of cigarettes.\", \"answer\": \"[\\\"@@@Bindus\\u00e3ga ek ba\\u021b\\u021b\\u0101 churo\\u021b chaina.@@@, @@@Bindusita ek ba\\u021b\\u021b\\u0101 churo\\u021b chaina.@@@\\\", \\\"@@@Bindusita ek ba\\u021b\\u021b\\u0101 churo\\u021b chaina.@@@, @@@Bindus\\u00e3ga ek ba\\u021b\\u021b\\u0101 churo\\u021b chaina.@@@\\\"]\", \"matches_human_scoring\": false, \"fuzzy_matching\": false, \"manual_edit\": false}, {\"questionpart_n\": \"c.\", \"question\": \"Gita has a husband.\", \"answer\": \"@@@Gitako \\u015br\\u012bman cha.@@@\", \"matches_human_scoring\": false, \"fuzzy_matching\": false, \"manual_edit\": false}, {\"questionpart_n\": \"d.\", \"question\": \"Ramesh has a granddaughter.\", \"answer\": \"@@@Rameshki n\\u0101tini cha.@@@\", \"matches_human_scoring\": false, \"fuzzy_matching\": false, \"manual_edit\": false}, {\"questionpart_n\": \"e.\", \"question\": \"Do you have ten rupees?\", \"answer\": \"[\\\"@@@tim\\u012bsita das rupiy\\u0101\\u0303 chan?@@@, @@@tim\\u012bs\\u00e3ga das rupiy\\u0101\\u0303 chan?@@@\\\", \\\"@@@tim\\u012bs\\u00e3ga das rupiy\\u0101\\u0303 chan?@@@, @@@tim\\u012bsita das rupiy\\u0101\\u0303 chan?@@@\\\"]\", \"matches_human_scoring\": false, \"fuzzy_matching\": false, \"manual_edit\": false}, {\"questionpart_n\": \"f.\", \"question\": \"The house has three rooms.\", \"answer\": \"@@@Gharka t\\u012bnvat\\u0101 ko\\u021bhaharu chan.@@@\", \"matches_human_scoring\": false, \"fuzzy_matching\": false, \"manual_edit\": false}, {\"questionpart_n\": \"g.\", \"question\": \"The family does not have a granddaughter.\", \"answer\": \"@@@pariv\\u0101rki n\\u0101tini chaina.@@@\", \"matches_human_scoring\": false, \"fuzzy_matching\": false, \"manual_edit\": false}, {\"questionpart_n\": \"h.\", \"question\": \"Do you have sweets?\", \"answer\": \"[\\\"@@@tim\\u012bsita mi\\u021bh\\u0101\\u012b chan?@@@, @@@tim\\u012bs\\u00e3ga mi\\u021bh\\u0101\\u012b chan?@@@\\\", \\\"@@@tim\\u012bs\\u00e3ga mi\\u021bh\\u0101\\u012b chan?@@@, @@@tim\\u012bsita mi\\u021bh\\u0101\\u012b chan?@@@\\\"]\", \"matches_human_scoring\": false, \"fuzzy_matching\": false, \"manual_edit\": false}, {\"questionpart_n\": \"i.\", \"question\": \"Anil does not have a key.\", \"answer\": \"[\\\"@@@Anils\\u00e3ga s\\u0101\\u0303co chaina.@@@, @@@Anilsita s\\u0101\\u0303co chaina.@@@\\\", \\\"@@@Anilsita s\\u0101\\u0303co chaina.@@@, @@@Anils\\u00e3ga s\\u0101\\u0303co chaina.@@@\\\"]\", \"matches_human_scoring\": false, \"fuzzy_matching\": false, \"manual_edit\": false}, {\"questionpart_n\": \"j.\", \"question\": \"I do not have a pencil.\", \"answer\": \"[\\\"@@@masita p\\u0113nsila chaina.@@@, @@@mas\\u00e3ga p\\u0113nsila chaina.@@@\\\", \\\"@@@mas\\u00e3ga p\\u0113nsila chaina.@@@, @@@masita p\\u0113nsila chaina.@@@\\\"]\", \"matches_human_scoring\": false, \"fuzzy_matching\": false, \"manual_edit\": false}]}]",
    "notes": "Great question but need to make sure the answers are in the desired format.",
    "answers_page": 3,
    "team_review": true
}