{
    "preamble": "Problem 1. Double $$$Language X$$$ (5 marks)\n",
    "context": "&&& $$$Language X$$$ &&& &&& is spoken in $$$Country X$$$ and in part of $$$Country Y$$$. &&& Here are some $$$Language X$$$ words and phrases in different grammatical forms, with their English translations.\n\n@@@ik heet@@@\tI am called\t@@@heten@@@\tto be called\n@@@ik huur@@@\tI rent\t@@@huren@@@\tto rent\n@@@een nek@@@\ta neck\t@@@nekken@@@\tnecks\n@@@een heer@@@\ta man\t@@@heren@@@\tmen\n@@@ik gok@@@\tI bet\t@@@gokken@@@\tto bet\n@@@ik leef@@@\tI live\t@@@leven@@@\tto live\n@@@een lip@@@\ta lip\t@@@lippen@@@\tlips\n@@@ik maak@@@\tI make\t@@@maken@@@\tto make\n@@@ik geef@@@\tI give\t@@@geven@@@\tto give\n@@@ik woon@@@\tI live\t(1)\tto live\n@@@een haar@@@\ta hair\t(2)\thairs\n(3)\tan ear\t@@@oren@@@\tears\n@@@een uur@@@\tan hour\t(4)\thours\n(5)\tan address\t@@@adressen@@@\taddresses\n(6)\tI erase\t@@@gommen@@@\tto erase\n(7)\ta raven\t@@@raven@@@\travens\n@@@ik stap@@@\tI step\t(8)\tto step\n\n\u201c@@@Rood@@@\u201d means \u201cred\u201d and \u201c@@@vet@@@\u201d means \u201cfat\u201d; and here are some more $$$Language X$$$ phrases:\n\n@@@de wijn is duur@@@\tthe wine is expensive\t@@@de dure wijn@@@\tthe expensive wine\n@@@de motor is stil@@@\tthe motor is quiet\t@@@de stille motor@@@\tthe quiet motor\n\n",
    "questions": "[{\"question_n\": \"Q 1.1\", \"prompt\": \"Fill in the missing words numbered (1) to (8) in the table.\", \"subprompts\": [{\"questionpart_n\": \"1\", \"question\": \"(1)\", \"answer\": \"@@@wonen@@@\", \"matches_human_scoring\": false, \"fuzzy_matching\": false, \"manual_edit\": false}, {\"questionpart_n\": \"2\", \"question\": \"(2)\", \"answer\": \"@@@haren@@@\", \"matches_human_scoring\": false, \"fuzzy_matching\": false, \"manual_edit\": false}, {\"questionpart_n\": \"3\", \"question\": \"(3)\", \"answer\": \"@@@een oor@@@\", \"matches_human_scoring\": false, \"fuzzy_matching\": false, \"manual_edit\": false}, {\"questionpart_n\": \"4\", \"question\": \"(4)\", \"answer\": \"@@@uren@@@\", \"matches_human_scoring\": false, \"fuzzy_matching\": false, \"manual_edit\": false}, {\"questionpart_n\": \"5\", \"question\": \"(5)\", \"answer\": \"@@@een adres@@@\", \"matches_human_scoring\": false, \"fuzzy_matching\": false, \"manual_edit\": false}, {\"questionpart_n\": \"6\", \"question\": \"(6)\", \"answer\": \"@@@ik gom@@@\", \"matches_human_scoring\": false, \"fuzzy_matching\": false, \"manual_edit\": false}, {\"questionpart_n\": \"7\", \"question\": \"(7)\", \"answer\": \"@@@een raaf@@@\", \"matches_human_scoring\": false, \"fuzzy_matching\": false, \"manual_edit\": false}, {\"questionpart_n\": \"8\", \"question\": \"(8)\", \"answer\": \"@@@stappen@@@\", \"matches_human_scoring\": false, \"fuzzy_matching\": false, \"manual_edit\": false}]}, {\"question_n\": \"Q 1.2\", \"prompt\": \"How would you say the following in $$$Language X$$$?\", \"subprompts\": [{\"questionpart_n\": \"9\", \"question\": \"the red hair\", \"answer\": \"@@@de rode haar@@@\", \"matches_human_scoring\": false, \"fuzzy_matching\": false, \"manual_edit\": false}, {\"questionpart_n\": \"10\", \"question\": \"the fat man\", \"answer\": \"@@@de vette heer@@@\", \"matches_human_scoring\": false, \"fuzzy_matching\": false, \"manual_edit\": false}]}]",
    "notes": "",
    "answers_page": 2,
    "team_review": false
}