{
    "preamble": "Problem 6. $$$Language X$$$ (15 marks)\n",
    "context": "Below are some questions in $$$Language X$$$, in a random order, and their English translations, in alphabetical order. Note that \u00eb is a vowel and \u00e7 is a consonant.\n\n1.\t@@@Pse \u00ebsht\u00eb n\u00eb Angli?@@@\ta)\tDid you drink anything?\n2.\t@@@Kujt ia shiti?@@@\tb)\tDid you kill someone?\n3.\t@@@K\u00eb vrau?@@@\tc)\tHow did you dance?\n4.\t@@@Pse ia shite?@@@\td)\tHow much did he cut?\n5.\t@@@Kur arriti n\u00eb Angli?@@@\te)\tWhat did he buy?\n6.\t@@@Kush \u00ebsht\u00eb gati?@@@\tf)\tWhat did you drink?\n7.\t@@@Kur m\u00ebsove shqip?@@@\tg)\tWhat is this?\n8.\t@@@Sa preu?@@@\th)\tWhen did he sell it to him?\n9.\t@@@Ku \u00ebsht\u00eb i ati?@@@\ti)\tWhen did he arrive in England?\n10.\t@@@\u00c7far\u00eb bleu?@@@\tj)\tWhen did you learn $$$Language X$$$?\n11.\t@@@Kush \u00ebsht\u00eb n\u00eb Angli?@@@\tk)\tWhere is his father?\n12.\t@@@Si k\u00ebrceve?@@@\tl)\tWhere did the cat go?\n13.\t@@@\u00c7far\u00eb \u00ebsht\u00eb kjo?@@@\tm)\tWho did he wash?\n14.\t@@@Ku vajti macja?@@@\tn)\tWho did he sell it to?\n15.\t@@@K\u00eb lau?@@@\to)\tWho did he kill?\n16.\t@@@A vrave dik\u00eb?@@@\tp)\tWho is in England?\n17.\t@@@\u00c7far\u00eb pive?@@@\tq)\tWho is ready?\n18.\t@@@Kur ia shiti?@@@\tr)\tWho is this?\n19.\t@@@Kush \u00ebsht\u00eb kjo?@@@\ts)\tWhy did you sell it to him?\n20.\t@@@A pive gj\u00eb?@@@\tt)\tWhy did you learn $$$Language X$$$?\n21.\t@@@Pse m\u00ebsove shqip?@@@\tu)\tWhy is he in England?",
    "questions": "[{\"question_n\": \"Q 6.1\", \"prompt\": \"Match the $$$Language X$$$ sentences to their English translations. Write the corresponding letter of the word that matches the numbered item.\", \"subprompts\": [{\"questionpart_n\": \"1.\", \"question\": \"1. @@@Pse \\u00ebsht\\u00eb n\\u00eb Angli?@@@\", \"answer\": \"U\", \"matches_human_scoring\": false, \"fuzzy_matching\": false, \"manual_edit\": false}, {\"questionpart_n\": \"2.\", \"question\": \"2. @@@Kujt ia shiti?@@@\", \"answer\": \"N\", \"matches_human_scoring\": false, \"fuzzy_matching\": false, \"manual_edit\": false}, {\"questionpart_n\": \"3.\", \"question\": \"3. @@@K\\u00eb vrau?@@@\", \"answer\": \"O\", \"matches_human_scoring\": false, \"fuzzy_matching\": false, \"manual_edit\": false}, {\"questionpart_n\": \"4.\", \"question\": \"4. @@@Pse ia shite?@@@\", \"answer\": \"S\", \"matches_human_scoring\": false, \"fuzzy_matching\": false, \"manual_edit\": false}, {\"questionpart_n\": \"5.\", \"question\": \"5. @@@Kur arriti n\\u00eb Angli?@@@\", \"answer\": \"I\", \"matches_human_scoring\": false, \"fuzzy_matching\": false, \"manual_edit\": false}, {\"questionpart_n\": \"6.\", \"question\": \"6. @@@Kush \\u00ebsht\\u00eb gati?@@@\", \"answer\": \"Q\", \"matches_human_scoring\": false, \"fuzzy_matching\": false, \"manual_edit\": false}, {\"questionpart_n\": \"7.\", \"question\": \"7. @@@Kur m\\u00ebsove shqip?@@@\", \"answer\": \"J\", \"matches_human_scoring\": false, \"fuzzy_matching\": false, \"manual_edit\": false}, {\"questionpart_n\": \"8.\", \"question\": \"8. @@@Sa preu?@@@\", \"answer\": \"D\", \"matches_human_scoring\": false, \"fuzzy_matching\": false, \"manual_edit\": false}, {\"questionpart_n\": \"9.\", \"question\": \"9. @@@Ku \\u00ebsht\\u00eb i ati?@@@\", \"answer\": \"K\", \"matches_human_scoring\": false, \"fuzzy_matching\": false, \"manual_edit\": false}, {\"questionpart_n\": \"10.\", \"question\": \"10. @@@\\u00c7far\\u00eb bleu?@@@\", \"answer\": \"E\", \"matches_human_scoring\": false, \"fuzzy_matching\": false, \"manual_edit\": false}, {\"questionpart_n\": \"11.\", \"question\": \"11. @@@Kush \\u00ebsht\\u00eb n\\u00eb Angli?@@@\", \"answer\": \"P\", \"matches_human_scoring\": false, \"fuzzy_matching\": false, \"manual_edit\": false}, {\"questionpart_n\": \"12.\", \"question\": \"12. @@@Si k\\u00ebrceve?@@@\", \"answer\": \"C\", \"matches_human_scoring\": false, \"fuzzy_matching\": false, \"manual_edit\": false}, {\"questionpart_n\": \"13.\", \"question\": \"13. @@@\\u00c7far\\u00eb \\u00ebsht\\u00eb kjo?@@@\", \"answer\": \"G\", \"matches_human_scoring\": false, \"fuzzy_matching\": false, \"manual_edit\": false}, {\"questionpart_n\": \"14.\", \"question\": \"14. @@@Ku vajti macja?@@@\", \"answer\": \"L\", \"matches_human_scoring\": false, \"fuzzy_matching\": false, \"manual_edit\": false}, {\"questionpart_n\": \"15.\", \"question\": \"15. @@@K\\u00eb lau?@@@\", \"answer\": \"M\", \"matches_human_scoring\": false, \"fuzzy_matching\": false, \"manual_edit\": false}, {\"questionpart_n\": \"16.\", \"question\": \"16. @@@A vrave dik\\u00eb?@@@\", \"answer\": \"B\", \"matches_human_scoring\": false, \"fuzzy_matching\": false, \"manual_edit\": false}, {\"questionpart_n\": \"17.\", \"question\": \"17. @@@\\u00c7far\\u00eb pive?@@@\", \"answer\": \"F\", \"matches_human_scoring\": false, \"fuzzy_matching\": false, \"manual_edit\": false}, {\"questionpart_n\": \"18.\", \"question\": \"18. @@@Kur ia shiti?@@@\", \"answer\": \"H\", \"matches_human_scoring\": false, \"fuzzy_matching\": false, \"manual_edit\": false}, {\"questionpart_n\": \"19.\", \"question\": \"19. @@@Kush \\u00ebsht\\u00eb kjo?@@@\", \"answer\": \"R\", \"matches_human_scoring\": false, \"fuzzy_matching\": false, \"manual_edit\": false}, {\"questionpart_n\": \"20.\", \"question\": \"20. @@@A pive gj\\u00eb?@@@\", \"answer\": \"A\", \"matches_human_scoring\": false, \"fuzzy_matching\": false, \"manual_edit\": false}, {\"questionpart_n\": \"21.\", \"question\": \"21. @@@Pse m\\u00ebsove shqip?@@@\", \"answer\": \"T\", \"matches_human_scoring\": false, \"fuzzy_matching\": false, \"manual_edit\": false}]}, {\"question_n\": \"Q 6.2\", \"prompt\": \"Translate to English:\", \"subprompts\": [{\"questionpart_n\": \"a.\", \"question\": \"@@@Ku k\\u00ebrceu?@@@\", \"answer\": \"Where did he dance?\", \"matches_human_scoring\": false, \"fuzzy_matching\": false, \"manual_edit\": false}, {\"questionpart_n\": \"b.\", \"question\": \"@@@A \\u00ebsht\\u00eb macja gati?@@@\", \"answer\": \"Is the cat ready?\", \"matches_human_scoring\": false, \"fuzzy_matching\": false, \"manual_edit\": false}, {\"questionpart_n\": \"c.\", \"question\": \"@@@\\u00c7far\\u00eb preve?@@@\", \"answer\": \"What did you cut?\", \"matches_human_scoring\": false, \"fuzzy_matching\": false, \"manual_edit\": false}, {\"questionpart_n\": \"d.\", \"question\": \"@@@A shiti gj\\u00eb?@@@\", \"answer\": \"Did he sell anything?\", \"matches_human_scoring\": false, \"fuzzy_matching\": false, \"manual_edit\": false}]}, {\"question_n\": \"Q 6.3\", \"prompt\": \"Translate to $$$Language X$$$:\", \"subprompts\": [{\"questionpart_n\": \"a.\", \"question\": \"How much did his father drink?\", \"answer\": \"@@@Sa piu i ati?@@@\", \"matches_human_scoring\": false, \"fuzzy_matching\": false, \"manual_edit\": false}, {\"questionpart_n\": \"b.\", \"question\": \"Who sold it to him?\", \"answer\": \"@@@Kush ia shiti?@@@\", \"matches_human_scoring\": false, \"fuzzy_matching\": false, \"manual_edit\": false}, {\"questionpart_n\": \"c.\", \"question\": \"How did the cat dance?\", \"answer\": \"@@@Si k\\u00ebrceu macja?@@@\", \"matches_human_scoring\": false, \"fuzzy_matching\": false, \"manual_edit\": false}, {\"questionpart_n\": \"d.\", \"question\": \"Where did you arrive?\", \"answer\": \"@@@Ku arrite?@@@\", \"matches_human_scoring\": false, \"fuzzy_matching\": false, \"manual_edit\": false}]}]",
    "notes": "",
    "answers_page": 2,
    "team_review": false
}