{
    "preamble": "Problem 1. The $$$Language X$$$ word machine (10 marks)\n&&& &&&",
    "context": "Below are some words in $$$Language X$$$ with their English translations:\n\n@@@aturesine@@@\tbouquet\n@@@amkate@@@\tbread\n@@@omola@@@\tchild\n@@@amola@@@\tchildren\n@@@isabamatu@@@\tcobbler/shoemaker\n@@@enti@@@\tdate tree\n@@@amadu@@@\tdentist\n@@@oluganda@@@\tdialect\n@@@omuntundu@@@\tdwarf\n@@@emelisini@@@\tfleet\n@@@eture@@@\tflowers\n@@@omukazi@@@\tgirl\n@@@imukazi@@@\tgirls\n@@@olengi@@@\thorse\n@@@ilengi@@@\thorses\n@@@amukamo@@@\tkingdom\n@@@afidi@@@\tmachine\n@@@omuntu@@@\tman\n@@@akalini@@@\tpen\n@@@ikalini@@@\tpens\n@@@ijamura@@@\tpresident\n@@@eshuli@@@\thead teacher\n@@@ajamuri@@@\trepublic\n@@@uruzi@@@\triver\n@@@ishule@@@\tschool\n@@@emeli@@@\tship\n@@@uruzindi@@@\tstream\n@@@adu@@@\ttooth\n\n__(a)__\tmachinist\n@@@ajamura@@@\t__(b)__\n__(c)__\tships\n__(d)__\tflower\n@@@amkamate@@@\t__(e)__\n__(f)__\tgroup of girls\n__(g)__\tpony\n@@@oluga@@@\t__(h)__\n__(i)__\tshoe\n__(j)__\tking",
    "questions": "[{\"question_n\": \"Q 1.1\", \"prompt\": \"Supply the missing items (__(a)__ to __(j)__) below.\", \"subprompts\": [{\"questionpart_n\": \"(a)\", \"question\": \"__(a)__\", \"answer\": \"@@@afimadi@@@\", \"matches_human_scoring\": false, \"fuzzy_matching\": false, \"manual_edit\": false}, {\"questionpart_n\": \"(b)\", \"question\": \"__(b)__\", \"answer\": \"presidents\", \"matches_human_scoring\": false, \"fuzzy_matching\": false, \"manual_edit\": false}, {\"questionpart_n\": \"(c)\", \"question\": \"__(c)__\", \"answer\": \"@@@imeli@@@\", \"matches_human_scoring\": false, \"fuzzy_matching\": false, \"manual_edit\": false}, {\"questionpart_n\": \"(d)\", \"question\": \"__(d)__\", \"answer\": \"@@@ature@@@\", \"matches_human_scoring\": false, \"fuzzy_matching\": false, \"manual_edit\": false}, {\"questionpart_n\": \"(e)\", \"question\": \"__(e)__\", \"answer\": \"baker\", \"matches_human_scoring\": false, \"fuzzy_matching\": false, \"manual_edit\": false}, {\"questionpart_n\": \"(f)\", \"question\": \"__(f)__\", \"answer\": \"@@@omukazisini@@@\", \"matches_human_scoring\": false, \"fuzzy_matching\": false, \"manual_edit\": false}, {\"questionpart_n\": \"(g)\", \"question\": \"__(g)__\", \"answer\": \"@@@olengindi@@@\", \"matches_human_scoring\": false, \"fuzzy_matching\": false, \"manual_edit\": false}, {\"questionpart_n\": \"(h)\", \"question\": \"__(h)__\", \"answer\": \"language\", \"matches_human_scoring\": false, \"fuzzy_matching\": false, \"manual_edit\": false}, {\"questionpart_n\": \"(i)\", \"question\": \"__(i)__\", \"answer\": \"@@@isabatu@@@\", \"matches_human_scoring\": false, \"fuzzy_matching\": false, \"manual_edit\": false}, {\"questionpart_n\": \"(j)\", \"question\": \"__(j)__\", \"answer\": \"@@@omukama@@@\", \"matches_human_scoring\": false, \"fuzzy_matching\": false, \"manual_edit\": false}]}, {\"question_n\": \"Q 1.2\", \"prompt\": \"Below are three more $$$Language X$$$ words and three possible translations for each. Pick the one you believe to be correct. Write only the letter of the correct answer.\", \"subprompts\": [{\"questionpart_n\": \"1. \", \"question\": \"$$$Language X$$$ word: @@@imulenzi@@@. A: fruit, B: boys, C: bridge\", \"answer\": \"B\", \"matches_human_scoring\": false, \"fuzzy_matching\": false, \"manual_edit\": false}, {\"questionpart_n\": \"2. \", \"question\": \"$$$Language X$$$ word: @@@aposino@@@. A: baggage, B: classroom, C: parent\", \"answer\": \"A\", \"matches_human_scoring\": false, \"fuzzy_matching\": false, \"manual_edit\": false}, {\"questionpart_n\": \"3. \", \"question\": \"$$$Language X$$$ word: @@@iwelemase@@@. A: book, B: library, C: librarian\", \"answer\": \"C\", \"matches_human_scoring\": false, \"fuzzy_matching\": false, \"manual_edit\": false}]}]",
    "notes": "Dropped open-ended question at the end.",
    "answers_page": 2,
    "team_review": false
}