{
    "preamble": "Problem 1. $$$Language X$$$ (5 marks)\nThe &&& &&& inscriptions &&& &&& are written in the ancient $$$Language X$$$, which is closely related to $$$Language Y$$$. The original translators used the similarity of many words to their $$$Language Y$$$ relatives to help them to understand the meaning of many passages.",
    "context": "Below are some $$$Language X$$$ words &&& &&&, their $$$Language Y$$$ equivalents, and their English translations.\n\n$$$Language X$$$\t$$$Language Y$$$\tEnglish\n@@@sestu@@@\t@@@sisto@@@\tplace, set up\n@@@reper@@@\t@@@pro re@@@\tfor the business\n@@@frehtu@@@\t@@@frictum@@@\trubbed down\n@@@tefe@@@\t@@@tibi@@@\tfor you\n__(a)__\t@@@sanctam@@@\tholy\n@@@tref@@@\t@@@tris@@@\tthree\n@@@rufra@@@\t@@@rubram@@@\tred\n@@@katluper@@@\t@@@pro catulum@@@\tfor the kid\n@@@kuvertu@@@\t@@@converto@@@\treturn\n@@@turuf@@@\t@@@tauros@@@\tbulls\n__(b)__\t@@@ovis@@@\tsheep\n@@@rehte@@@\t@@@recte@@@\trightly\n@@@uhtur@@@\t@@@auctor@@@\tofficial\n__(c)__ \t@@@pro tribu@@@\tfor the tribe\n@@@traf@@@\t@@@trans@@@\tacross\n__(d)__\t@@@forum@@@\ttown square\n@@@kanetu@@@\t@@@canito@@@\tsing\n@@@ustetu@@@\t@@@ostento@@@\tshow\n@@@estu@@@\t@@@istum@@@\tthat one\n__(e)__\t@@@inito@@@\tgo in\n\nHere is a sentence in $$$Language X$$$ &&& &&& with an English translation provided below.\nNote that the phrases in <brackets> are not present in the $$$Language X$$$, but are given to clarify the translation.\n\n@@@Vukuku Iuviu tref vetluf Marte Hu\u0159ie feitu pupluper tutas Ikuvinas tutaper Ikuvina.@@@\n\u201cAt the temple of Jove, prepare three calves <as a sacrifice> to Mars Hodius for the community of the town of Iguvium, <and> for the town of Iguvium.\u201d\n\n$$$Language X$$$\t$$$Language Y$$$\tEnglish\n__(f)__\t@@@urbs@@@\ttown\n__(g)__\t@@@populum@@@\t__(h)__\n__(i)__\t@@@vitulos@@@\t__(j)__",
    "questions": "[{\"question_n\": \"Q 1.1\", \"prompt\": \"For each letter (a)-(e), give the word that belongs in the corresponding gap.\", \"subprompts\": [{\"questionpart_n\": \"(a)\", \"question\": \"(a)\", \"answer\": \"@@@sahta@@@\", \"matches_human_scoring\": false, \"fuzzy_matching\": false, \"manual_edit\": false}, {\"questionpart_n\": \"(b)\", \"question\": \"(b)\", \"answer\": \"@@@uvef@@@\", \"matches_human_scoring\": false, \"fuzzy_matching\": false, \"manual_edit\": false}, {\"questionpart_n\": \"(c)\", \"question\": \"(c)\", \"answer\": \"@@@trefuper@@@\", \"matches_human_scoring\": false, \"fuzzy_matching\": false, \"manual_edit\": false}, {\"questionpart_n\": \"(d)\", \"question\": \"(d)\", \"answer\": \"@@@furu@@@\", \"matches_human_scoring\": false, \"fuzzy_matching\": false, \"manual_edit\": false}, {\"questionpart_n\": \"(e)\", \"question\": \"(e)\", \"answer\": \"@@@enetu@@@\", \"matches_human_scoring\": false, \"fuzzy_matching\": false, \"manual_edit\": false}]}, {\"question_n\": \"Q 1.2\", \"prompt\": \"For each letter (f)-(j), give the word that belongs in the corresponding gap in the table above.\", \"subprompts\": [{\"questionpart_n\": \"(f)\", \"question\": \"(f)\", \"answer\": \"[\\\"@@@tuta@@@\\\",\\\"@@@tutas@@@\\\"]\", \"matches_human_scoring\": false, \"fuzzy_matching\": false, \"manual_edit\": false}, {\"questionpart_n\": \"(g)\", \"question\": \"(g)\", \"answer\": \"@@@puplu@@@\", \"matches_human_scoring\": false, \"fuzzy_matching\": false, \"manual_edit\": false}, {\"questionpart_n\": \"(h)\", \"question\": \"(h)\", \"answer\": \"community\", \"matches_human_scoring\": false, \"fuzzy_matching\": false, \"manual_edit\": false}, {\"questionpart_n\": \"(i)\", \"question\": \"(i)\", \"answer\": \"@@@vetluf@@@\", \"matches_human_scoring\": false, \"fuzzy_matching\": false, \"manual_edit\": false}, {\"questionpart_n\": \"(j)\", \"question\": \"(j)\", \"answer\": \"calves\", \"matches_human_scoring\": false, \"fuzzy_matching\": false, \"manual_edit\": false}]}]",
    "notes": "Converted blank lines (___) into labelled subparts. Removed bold on $$$Language Y$$$ and $$$Language X$$$. Removed italics on English. Moved additional context between questions up. Edited the question text from \"Complete the following table\" to \"Fill in the gaps in the table above\"",
    "answers_page": 3,
    "team_review": false
}