{
    "preamble": "Round 2 Problem 5 $$$Language X$$$\n&&&& &&&",
    "context": "Here are some $$$Language X$$$ sentences with their English translations. A pipante is a small wooden boat rowed with shovels and a guapote is a type of edible freshwater fish, sometimes called a wolf cichlid.\n\n1.\t@@@kuring man yaihmat yak yamtasyang.@@@\tI do not make a pipante next to you.\n2.\t@@@yang dakiwan ulamak balna kaswi yang mikit yak.@@@\tMy master eats clams above me.\n3.\t@@@kubamhni balna mukus balna yayamwaski witingna yaninamak taanit yak.@@@\tThe owls do not make clouds in front of their farm.\n4.\t@@@yangna dikitna yak witing palani dakaasman.@@@\tYou do not hear his raft under us.\n5.\t@@@man kammapani wainiku man mamat yak buiwi.@@@\tYour company shakes the moon above you.\n6.\t@@@yang kuringki yaihnit yak wakurusni balna buknina kurahtayang.@@@\tI open the scorpions\u2019 book next to my pipante.\n7.\t@@@man walamabis yang pinkisil talwaski witing daniwan balna yaihnitna yak.@@@\tYour son does not see my pencil next to his masters.\n8.\t@@@mukusni balna witing sunipai balna yak dakakaawi palani kinit.@@@\tThe clouds hear her spiders under the raft.\n9.\t@@@man sumalu balna kisauri kakaswi yang dangkit yak.@@@\tYour dogs eat coriander behind me.\n10.\t@@@man mumalalah yang yaihkit yak kastasman.@@@\tYou do not eat your guapote next to me.\n11.\t@@@was supai balna t\u00e2nitna yak dakaaman.@@@\tYou hear water in front of spiders.\n12.\t@@@yamak yak yang titinghki wakisa talwi.@@@\tMy grandmother sees a banana at a farm.",
    "questions": "[{\"question_n\": \"Q 5.1\", \"prompt\": \"Translate these sentences into English:\", \"subprompts\": [{\"questionpart_n\": \"13.\", \"question\": \"@@@waiku dakaayang man damat yak.@@@\", \"answer\": \"I hear a moon below you.\", \"matches_human_scoring\": false, \"fuzzy_matching\": false, \"manual_edit\": false}, {\"questionpart_n\": \"14.\", \"question\": \"@@@ulamakni man kubamhma yaihnit yak buitaman.@@@\", \"answer\": \"You shake the clam next to your owl.\", \"matches_human_scoring\": false, \"fuzzy_matching\": false, \"manual_edit\": false}, {\"questionpart_n\": \"15.\", \"question\": \"@@@man wakimasa talasyangna yang walakibis balna taanitna yak.@@@\", \"answer\": \"We do not see your banana in front of my sons.\", \"matches_human_scoring\": false, \"fuzzy_matching\": false, \"manual_edit\": false}]}, {\"question_n\": \"Q 5.2\", \"prompt\": \"Translate these sentences into $$$Language X$$$:\", \"subprompts\": [{\"questionpart_n\": \"16.\", \"question\": \"Our masters do not open the clouds in front of us.\", \"answer\": \"@@@yangna dakinawan balna mukusni balna kurarahwaski yangna taakitna yak.@@@\", \"matches_human_scoring\": false, \"fuzzy_matching\": false, \"manual_edit\": false}, {\"questionpart_n\": \"17.\", \"question\": \"You make the dog\\u2019s raft next to the water.\", \"answer\": \"@@@wasni yaihnit yak sunilu palani yamtaman.@@@\", \"matches_human_scoring\": false, \"fuzzy_matching\": false, \"manual_edit\": false}, {\"questionpart_n\": \"18.\", \"question\": \"I shake pencils above your (pl) grandmother.\", \"answer\": \"@@@pinsil balna buitayang manna titinghmana minit yak.@@@\", \"matches_human_scoring\": false, \"fuzzy_matching\": false, \"manual_edit\": false}]}]",
    "notes": "Reordered two sentences in the context.",
    "answers_page": 2,
    "team_review": false
}