{
    "preamble": "Problem A3. $$$Language X$$$ (20 marks)\n &&& &&& This problem focuses on the language's treatment of numbers by considering cube numbers (the product of multiplying a number by itself three times; for example 23 = 2 x 2 x 2 = 8). ",
    "context": "Here is a table of cubes, showing cubes for the integers 1-10:\n\nN\t1\t2\t3\t4\t5\t6\t7\t8\t9\t10\t\nN\u00B3\t1\t8\t27\t64\t125\t216\t343\t512\t729\t1000\n\nThe table below gives the $$$Language X$$$ expressions for the cubes of all the integers from 1 to 10, but in a random order.\n\n@@@eser tarumpao yuow ptae eser traowo eser@@@\n@@@eser traowo yuow@@@\n@@@naempr@@@\n@@@naempr ptae eser traowo eser@@@\n@@@naempr tarumpao yuow ptae yuow traowo naempr@@@\n@@@naempr traowo yempoka@@@\n@@@tarumpao@@@\n@@@yempoka tarumpao yempoka ptae naempr traowo yempoka@@@\n@@@yuow ptae yempoka traowo tampui@@@\n@@@yuow tarumpao yempoka ptae naempr traowo yuow@@@\n\n",
    "questions": "[{\"question_n\": \"Q 3.1\", \"prompt\": \"Write in figures the corresponding N\\u00B3 number shown in the table of cubes.\", \"subprompts\": [{\"questionpart_n\": \"1\", \"question\": \"@@@eser tarumpao yuow ptae eser traowo eser@@@\", \"answer\": \"1000\", \"matches_human_scoring\": false, \"fuzzy_matching\": false, \"manual_edit\": false}, {\"questionpart_n\": \"2\", \"question\": \"@@@eser traowo yuow@@@\", \"answer\": \"27\", \"matches_human_scoring\": false, \"fuzzy_matching\": false, \"manual_edit\": false}, {\"questionpart_n\": \"3\", \"question\": \"@@@naempr@@@\", \"answer\": \"1\", \"matches_human_scoring\": false, \"fuzzy_matching\": false, \"manual_edit\": false}, {\"questionpart_n\": \"4\", \"question\": \"@@@naempr ptae eser traowo eser@@@\", \"answer\": \"64\", \"matches_human_scoring\": false, \"fuzzy_matching\": false, \"manual_edit\": false}, {\"questionpart_n\": \"5\", \"question\": \"@@@naempr tarumpao yuow ptae yuow traowo naempr@@@\", \"answer\": \"343\", \"matches_human_scoring\": false, \"fuzzy_matching\": false, \"manual_edit\": false}, {\"questionpart_n\": \"6\", \"question\": \"@@@naempr traowo yempoka@@@\", \"answer\": \"8\", \"matches_human_scoring\": false, \"fuzzy_matching\": false, \"manual_edit\": false}, {\"questionpart_n\": \"7\", \"question\": \"@@@tarumpao@@@\", \"answer\": \"216\", \"matches_human_scoring\": false, \"fuzzy_matching\": false, \"manual_edit\": false}, {\"questionpart_n\": \"8\", \"question\": \"@@@yempoka tarumpao yempoka ptae naempr traowo yempoka@@@\", \"answer\": \"512\", \"matches_human_scoring\": false, \"fuzzy_matching\": false, \"manual_edit\": false}, {\"questionpart_n\": \"9\", \"question\": \"@@@yuow ptae yempoka traowo tampui@@@\", \"answer\": \"125\", \"matches_human_scoring\": false, \"fuzzy_matching\": false, \"manual_edit\": false}, {\"questionpart_n\": \"10\", \"question\": \"@@@yuow tarumpao yempoka ptae naempr traowo yuow@@@\", \"answer\": \"729\", \"matches_human_scoring\": false, \"fuzzy_matching\": false, \"manual_edit\": false}]}, {\"question_n\": \"Q 3.2\", \"prompt\": \"Translate between figures and $$$Language X$$$:\", \"subprompts\": [{\"questionpart_n\": \"1\", \"question\": \"@@@naempr traowo naempr@@@\", \"answer\": \"7\", \"matches_human_scoring\": false, \"fuzzy_matching\": false, \"manual_edit\": false}, {\"questionpart_n\": \"2\", \"question\": \"@@@yempoka traowo naempr@@@\", \"answer\": \"13\", \"matches_human_scoring\": false, \"fuzzy_matching\": false, \"manual_edit\": false}, {\"questionpart_n\": \"3\", \"question\": \"@@@yempoka ptae youw traowo naempr@@@\", \"answer\": \"91\", \"matches_human_scoring\": false, \"fuzzy_matching\": false, \"manual_edit\": false}, {\"questionpart_n\": \"4\", \"question\": \"@@@naempr tarumpao naempr ptae tampui@@@\", \"answer\": \"257\", \"matches_human_scoring\": false, \"fuzzy_matching\": false, \"manual_edit\": false}, {\"questionpart_n\": \"5\", \"question\": \"5\", \"answer\": \"@@@tampui@@@\", \"matches_human_scoring\": false, \"fuzzy_matching\": false, \"manual_edit\": false}, {\"questionpart_n\": \"6\", \"question\": \"25\", \"answer\": \"@@@eser traowo naempr@@@\", \"matches_human_scoring\": false, \"fuzzy_matching\": false, \"manual_edit\": false}, {\"questionpart_n\": \"7\", \"question\": \"100\", \"answer\": \"@@@yempoka ptae eser traowo eser@@@\", \"matches_human_scoring\": false, \"fuzzy_matching\": false, \"manual_edit\": false}, {\"questionpart_n\": \"8\", \"question\": \"774\", \"answer\": \"@@@yuow tarumpao yuow ptae yuow traowo@@@\", \"matches_human_scoring\": false, \"fuzzy_matching\": false, \"manual_edit\": false}]}]",
    "notes": "Reformatted final question to avoid a second table of translations",
    "answers_page": 3,
    "team_review": false
}