{
    "preamble": "Problem 7. $$$Language X$$$ (20 marks)\n&&& $$$Language X$$$ &&& &&& has a complex but logical system of pronouns.&&&",
    "context": "Below are thirteen groups of people, followed by how they would be referred to in $$$Language X$$$.\n\n@@@nyarri@@@\tme and my grandmother\n@@@bili@@@\thim, his brother and his sister\n@@@kili@@@\tyou, your sister and your grandson\n@@@nyaan@@@\tme and my great-grandfather\n@@@kirri@@@\tyou and your brother\n@@@nyali@@@\tme and my grandparents\n@@@nyiinki@@@\tyou and your aunt\n@@@kilmu@@@\tyou, your father and your mother\n@@@nyalmu@@@\tme, my son and my mother\n@@@bili@@@\ther and her grandparents\n@@@nyaan@@@\tme and my son\n@@@nyali@@@\tme, my sister and my grandson\n@@@nyiinki@@@\ther and her great-granddaughter",
    "questions": "[{\"question_n\": \"Q 7.1\", \"prompt\": \"Give the correct $$$Language X$$$ pronoun for the following groups of people:\", \"subprompts\": [{\"questionpart_n\": \"(a)\", \"question\": \"me and my father\", \"answer\": \"@@@nyaan@@@\", \"matches_human_scoring\": false, \"fuzzy_matching\": false, \"manual_edit\": false}, {\"questionpart_n\": \"(b)\", \"question\": \"you and your granddaughter\", \"answer\": \"@@@kirri@@@\", \"matches_human_scoring\": false, \"fuzzy_matching\": false, \"manual_edit\": false}, {\"questionpart_n\": \"(c)\", \"question\": \"me, my uncle and my aunt\", \"answer\": \"@@@nyalmu@@@\", \"matches_human_scoring\": false, \"fuzzy_matching\": false, \"manual_edit\": false}, {\"questionpart_n\": \"(d)\", \"question\": \"him and his parents\", \"answer\": \"@@@bilmu@@@\", \"matches_human_scoring\": false, \"fuzzy_matching\": false, \"manual_edit\": false}, {\"questionpart_n\": \"(e)\", \"question\": \"her and her mother\", \"answer\": \"@@@nyiinki@@@\", \"matches_human_scoring\": false, \"fuzzy_matching\": false, \"manual_edit\": false}]}, {\"question_n\": \"Q 7.2\", \"prompt\": \"Which of the groups (a) \\u2013 (c) would be referred to with the pronoun @@@birri@@@? Give the correct letter.\\n(a)\\tme and my uncle\\n(b)\\tyou, your brother and your grandfather\\n(c)\\ther and her sister\", \"subprompts\": [{\"questionpart_n\": \"(a)\", \"question\": \"\", \"answer\": \"[\\\"c\\\",\\\"(c)\\\"]\", \"matches_human_scoring\": false, \"fuzzy_matching\": false, \"manual_edit\": false}]}, {\"question_n\": \"Q 7.3\", \"prompt\": \"There is another pair of pronouns in $$$Language X$$$, @@@ngakuli@@@ and @@@ngakulmu@@@, which refer to \\u201cyou, me and one other person\\u201d. Assuming that \\u201cI\\u201d and \\u201cyou\\u201d are brother and sister, which word would you use to refer to:\", \"subprompts\": [{\"questionpart_n\": \"(a)\", \"question\": \"you, me and our grandfather\", \"answer\": \"@@@ngakuli@@@\", \"matches_human_scoring\": false, \"fuzzy_matching\": false, \"manual_edit\": false}, {\"questionpart_n\": \"(b)\", \"question\": \"you, me and our aunt\", \"answer\": \"@@@ngakulmu@@@\", \"matches_human_scoring\": false, \"fuzzy_matching\": false, \"manual_edit\": false}]}]",
    "notes": "Box tick",
    "answers_page": 2,
    "team_review": false
}