{
    "preamble": "Problem 1. (In)definitely $$$Language X$$$ (5 marks)\n &&& &&&",
    "context": "How does $$$Person X$$$ say \u2018a\u2019 and \u2018the\u2019? Use these examples to find out, and fill in the blanks (marked with e.g., __(a)__) in the table. Note that a and \u0103 are pronounced differently and that the difference matters.\n\n@@@biletul@@@\tthe ticket\n@@@un bilet@@@\ta ticket\n@@@b\u0103iatul@@@\tthe boy\n@@@un b\u0103iat@@@\t__(a)__\n@@@fata@@@\tthe girl\n@@@o fat\u0103@@@\ta girl\n@@@franzela@@@\tthe bread roll\n@@@o franzel\u0103@@@\t__(b)__\n@@@leguma@@@\tthe vegetable\n__(c)__\ta vegetable\n__(d)__\tthe pencil\n@@@un creion@@@\ta pencil\n@@@cartea@@@\tthe book\n@@@o carte@@@\t__(e)__\n__(f)__\tthe love\n@@@o dragoste@@@\ta love\n@@@cas\u0103@@@\thouse\n__(g)__\ta house\n__(h)__\tthe house\n@@@prieten@@@\tfriend\n__(i)__\tthe friend\n__(j)__\ta friend",
    "questions": "[{\"question_n\": \"Q 1.\", \"prompt\": \"Fill in the blanks using the table above.\", \"subprompts\": [{\"questionpart_n\": \"a.\", \"question\": \"__(a)__\", \"answer\": \"a boy\", \"matches_human_scoring\": false, \"fuzzy_matching\": false, \"manual_edit\": false}, {\"questionpart_n\": \"b.\", \"question\": \"__(b)__\", \"answer\": \"a bread roll\", \"matches_human_scoring\": false, \"fuzzy_matching\": false, \"manual_edit\": false}, {\"questionpart_n\": \"c.\", \"question\": \"__(c)__\", \"answer\": \"@@@o legum\\u0103@@@\", \"matches_human_scoring\": false, \"fuzzy_matching\": false, \"manual_edit\": false}, {\"questionpart_n\": \"d.\", \"question\": \"__(d)__\", \"answer\": \"@@@creionul@@@\", \"matches_human_scoring\": false, \"fuzzy_matching\": false, \"manual_edit\": false}, {\"questionpart_n\": \"e.\", \"question\": \"__(e)__\", \"answer\": \"a book\", \"matches_human_scoring\": false, \"fuzzy_matching\": false, \"manual_edit\": false}, {\"questionpart_n\": \"f.\", \"question\": \"__(f)__\", \"answer\": \"@@@dragostea@@@\", \"matches_human_scoring\": false, \"fuzzy_matching\": false, \"manual_edit\": false}, {\"questionpart_n\": \"g.\", \"question\": \"__(g)__\", \"answer\": \"@@@o cas\\u0103@@@\", \"matches_human_scoring\": false, \"fuzzy_matching\": false, \"manual_edit\": false}, {\"questionpart_n\": \"h.\", \"question\": \"__(h)__\", \"answer\": \"@@@casa@@@\", \"matches_human_scoring\": false, \"fuzzy_matching\": false, \"manual_edit\": false}, {\"questionpart_n\": \"i.\", \"question\": \"__(i)__\", \"answer\": \"@@@prietenul@@@\", \"matches_human_scoring\": false, \"fuzzy_matching\": false, \"manual_edit\": false}, {\"questionpart_n\": \"j.\", \"question\": \"__(j)__\", \"answer\": \"@@@un prieten@@@\", \"matches_human_scoring\": false, \"fuzzy_matching\": false, \"manual_edit\": false}]}]",
    "notes": "Converted \"?\" in original fill in the blanks table to be a letter (because otherwise couldn't matchup letters and answers).",
    "answers_page": 2,
    "team_review": false
}