{
    "preamble": "Problem 3. Smells like $$$Language X$$$ (10 marks)\n&&& &&& $$$Language X$$$ has a large collection of verbs which all translate as \u201cto smell\u201d in English (as in It smells, not I smell it), but which describe distinctive types of smell in detail.\n",
    "context": "English has a few different verbs such as \u201csmell\u201d, \u201creek\u201d and \u201cstink\u201d, but no verbs for precise smells like those of $$$Language X$$$. To translate $$$Language X$$$ verbs into English, we need to use whole phrases. For example, @@@har\u0268m@@@, which is used to describe sweet smells, might be translated as something like \u2018smell sweet like flowers\u2019.\n\nHere are some of the $$$Language X$$$ smell verbs matched with a typical item that has the smell that they describe. (The special characters in the words are not relevant for the problem, and you won\u2019t need to copy them.)\n\na.\t@@@c\u014b\u0259s@@@\tcooked food\nb.\t@@@cr\u014bir@@@\troasted food\nc.\t@@@har\u0268m@@@\tfragrant flowers\nd.\t@@@ha\u0294@@@\tfaeces, excrement (poo)\ne.\t@@@p\u0294us@@@\told dwellings, mould, fungus\nf.\t@@@c\u014b\u025bs@@@\teye-watering smoke\ng.\t@@@p\u0294ih@@@\told (not fresh) blood\nh.\t@@@pl\u0294\u025b\u014b@@@\tblood attractive to tigers or leopards\ni.\t@@@s\u0294\u0129\u014b@@@\thuman urine, village ground ($$$People X$$$ urinate at the village edge)\n",
    "questions": "[{\"question_n\": \"Q 1.\", \"prompt\": \"Q 1. Match six of the nine verbs above to the translations below. Write the corresponding letter of the word that matches the numbered item.\", \"subprompts\": [{\"questionpart_n\": \"1\", \"question\": \"to have a sweet smell\", \"answer\": \"c\", \"matches_human_scoring\": false, \"fuzzy_matching\": false, \"manual_edit\": false}, {\"questionpart_n\": \"2\", \"question\": \"to smell like an edible something (smell like food in general)\", \"answer\": \"a\", \"matches_human_scoring\": false, \"fuzzy_matching\": false, \"manual_edit\": false}, {\"questionpart_n\": \"3\", \"question\": \"to smell like food (mostly meat in the case of $$$Language X$$$ speakers) which has been directly cooked on fire (like a BBQ)\", \"answer\": \"b\", \"matches_human_scoring\": false, \"fuzzy_matching\": false, \"manual_edit\": false}, {\"questionpart_n\": \"4\", \"question\": \"to stink, to smell very unpleasantly\", \"answer\": \"d\", \"matches_human_scoring\": false, \"fuzzy_matching\": false, \"manual_edit\": false}, {\"questionpart_n\": \"5\", \"question\": \"to have a sharp, stinging smell (stings back of throat, makes your eyes water)\", \"answer\": \"f\", \"matches_human_scoring\": false, \"fuzzy_matching\": false, \"manual_edit\": false}, {\"questionpart_n\": \"6\", \"question\": \"to have a damp, stale smell\", \"answer\": \"e\", \"matches_human_scoring\": false, \"fuzzy_matching\": false, \"manual_edit\": false}]}, {\"question_n\": \"Q 2.\", \"prompt\": \"Q 2. How would you describe in $$$Language X$$$ how each item below smells? Write the corresponding letter of the word that matches the numbered item.\", \"subprompts\": [{\"questionpart_n\": \"7\", \"question\": \"Perfume\", \"answer\": \"c\", \"matches_human_scoring\": false, \"fuzzy_matching\": false, \"manual_edit\": false}, {\"questionpart_n\": \"8\", \"question\": \"Cigarette smoke\", \"answer\": \"f\", \"matches_human_scoring\": false, \"fuzzy_matching\": false, \"manual_edit\": false}, {\"questionpart_n\": \"9\", \"question\": \"Urinals \", \"answer\": \"i\", \"matches_human_scoring\": false, \"fuzzy_matching\": false, \"manual_edit\": false}, {\"questionpart_n\": \"10\", \"question\": \"Fresh vegetable dishes \", \"answer\": \"a\", \"matches_human_scoring\": false, \"fuzzy_matching\": false, \"manual_edit\": false}, {\"questionpart_n\": \"11\", \"question\": \"Rancid (off) food\", \"answer\": \"d\", \"matches_human_scoring\": false, \"fuzzy_matching\": false, \"manual_edit\": false}, {\"questionpart_n\": \"12\", \"question\": \"Fresh bread\", \"answer\": \"a\", \"matches_human_scoring\": false, \"fuzzy_matching\": false, \"manual_edit\": false}, {\"questionpart_n\": \"13\", \"question\": \"Mushrooms\", \"answer\": \"c\", \"matches_human_scoring\": false, \"fuzzy_matching\": false, \"manual_edit\": false}, {\"questionpart_n\": \"14\", \"question\": \"Fresh, open wounds\", \"answer\": \"h\", \"matches_human_scoring\": false, \"fuzzy_matching\": false, \"manual_edit\": false}, {\"questionpart_n\": \"15\", \"question\": \"Grilled fish\", \"answer\": \"b\", \"matches_human_scoring\": false, \"fuzzy_matching\": false, \"manual_edit\": false}, {\"questionpart_n\": \"16\", \"question\": \"Dirty socks\", \"answer\": \"d\", \"matches_human_scoring\": false, \"fuzzy_matching\": false, \"manual_edit\": false}, {\"questionpart_n\": \"17\", \"question\": \"Disinfectant\", \"answer\": \"f\", \"matches_human_scoring\": false, \"fuzzy_matching\": false, \"manual_edit\": false}, {\"questionpart_n\": \"18\", \"question\": \"Flower-scented soap\", \"answer\": \"c\", \"matches_human_scoring\": false, \"fuzzy_matching\": false, \"manual_edit\": false}]}]",
    "notes": "",
    "answers_page": 3,
    "team_review": false
}