{
    "preamble": "Problem 9. $$$Language X$$$ (25 marks)\n\n&&& &&&\n",
    "context": "Below are some $$$Language X$$$ sentences about what people ate, along with their loose English translations. Sg. and pl. are short for singular and plural.\n\nNote: A chicken comb is the crest on top of a chicken\u2019s head. A tamale is a traditional&&& &&& dish, made of dough that is steamed in a corn husk or banana leaf. An avocado is a fruit that has a large seed and green flesh with green to purple or black skin. As an avocado ripens, it becomes significantly softer; unlike other fruits, however, it does not become sweet. Panela is a block of unprocessed brown sugar. A tortilla is a thin, circular flatbread usually made from maize rather than wheat, as many other breads are. A radish is a crunchy vegetable with a sharp flavour often used in salads. Marrow is a fatty substance found inside bones, sometimes spread over bread or vegetables. Greens refers to green leafy vegetables that cook down into a mushy mass.\n\n\n\nNumber \t $$$Language X$$$ \t English\n\n 1 \t @@@la jti\u0294 te stsalub mute@@@\tI ate the chicken comb.\n\n 2 \t @@@la jwe\u0294 kaxlan waj@@@ \t I ate bread.\n\n 3 \t @@@la achik\u2019 kaxlan waj ta kajpe@@@ \t You (sg.) ate bread soaked in coffee.\n\n 4 \t @@@la slo\u0294ik chab@@@ \t They ate honey.\n\n 5 \t @@@la ati\u0294 \u0294ich@@@ \t You (sg.) ate chili peppers.\n\n 6 \t @@@la ak\u2019ux kajan@@@ \t You (sg.) ate my corncob.\n\n 7 \t @@@la jwe\u0294tik jwajtik@@@ \t We ate our tortillas.\n\n 8 \t @@@la sk\u2019ux chenek@@@\u2019 \t She ate beans.\n\n 9 \t @@@la slo\u0294 manko@@@ \t She ate a ripe mango.\n\n 10 \t @@@la jk\u2019ux te mankoe@@@ \t I ate the unripe mango.\n\n 11 \t @@@la slo\u0294ik jlo\u0294baltik@@@ \t They ate our bananas.\n\n 12 \t @@@la ati\u0294 te mute@@@ \t You (sg.) ate the chicken.\n\n 13 \t @@@la ak\u2019ux kalwanextik@@@ \t You (sg.) ate our radishes.\n\n 14 \t @@@la swe\u0294ik te pats\u2019e@@@ \t They ate the tamales.\n\n 15 \t @@@la sk\u2019ux yaskal@@@ \t She ate her panela chunks.\n\n 16 \t @@@la jchik\u2019tik te ya\u0294lel ti\u0294bale@@@ \t We ate the meat soup.\n\n 17 \t @@@la jk\u2019uxtik awajanik@@@ \t We ate your (pl.) corncob.\n\n 18 \t @@@la awe\u0294 te waje@@@ \t You (sg.) ate the tortillas.\n\n 19 \t @@@la sk\u2019ux bok@@@ \t She ate raw greens.\n\n 20 \t @@@la jti\u0294 awich@@@ \t I ate your (sg.) chili peppers.\n\n 21 \t @@@la jlo\u0294 te \u0294one@@@ \t I ate the ripe avocados.\n\n 22 \t @@@la sti\u0294ik te yo\u0294tan mute@@@ \t They ate the chicken heart.\n\n 23 \t @@@la sk'ux yonik@@@ \t She ate their unripe avocados.\n\n 24 \t @@@la alo\u0294 achab@@@ \t You (sg.) ate your (sg.) honey.\n\n 25 \t @@@la sti\u0294 sejkub wakax@@@ \t She ate cow liver.\n\n 26 \t @@@la sk\u2019ux sp\u2019olik@@@ \t She ate their popcorn.\n\n 27 \t @@@la ati\u0294 sti\u0294bal mut@@@ \t You (sg.) ate chicken meat.\n\n 28 \t @@@k\u2019in@@@ \t kidney\n\n 29 \t @@@tsukum@@@ \t stomach\n\n 30 \t @@@chin bak@@@ \t marrow\n\n 31 \t @@@k\u2019oxox@@@ \t toasted tortillas\n\n\n\n",
    "questions": "[{\"question_n\": \"Q 9.1 \", \"prompt\": \"One of the foods above is an exception: the phrase(s) with this food do not follow the normal rules that determine the rest of $$$Language X$$$ phrases. Which food is it? Write your answer in English.\", \"subprompts\": [{\"questionpart_n\": \"1.\", \"question\": \"\", \"answer\": \"[\\\"chili pepper\\\", \\\"pepper\\\", \\\"peppers\\\", \\\"chili peppers\\\"] \", \"matches_human_scoring\": false, \"fuzzy_matching\": true, \"manual_edit\": false}]}, {\"question_n\": \"Q 9.2\", \"prompt\": \"Translate the following sentence into English: @@@la jti\\u0294 sk\\u2019in wakax@@@\", \"subprompts\": [{\"questionpart_n\": \"1.\", \"question\": \"\", \"answer\": \"[\\\"I ate cow kidney.\\\", \\\"I ate cow kidneys.\\\", \\\"I ate cow's kidney.\\\", \\\"I ate cows' kidney.\\\"]\", \"matches_human_scoring\": false, \"fuzzy_matching\": true, \"manual_edit\": false}]}, {\"question_n\": \"Q 9.3\", \"prompt\": \"Translate the following sentences into $$$Language X$$$:\", \"subprompts\": [{\"questionpart_n\": \"a) \", \"question\": \"You (pl.) ate cow stomach.\", \"answer\": \"@@@la ati\\u0294ik stsukum wakax@@@\", \"matches_human_scoring\": true, \"fuzzy_matching\": false, \"manual_edit\": false}, {\"questionpart_n\": \"b)\", \"question\": \"They ate her meat.\", \"answer\": \"@@@la sti\\u0294ik sti\\u0294bal@@@\", \"matches_human_scoring\": true, \"fuzzy_matching\": false, \"manual_edit\": false}, {\"questionpart_n\": \"c)\", \"question\": \"You (sg.) ate your (pl.) ripe avocados.\", \"answer\": \"@@@la alo\\u0294 awonik@@@\", \"matches_human_scoring\": true, \"fuzzy_matching\": false, \"manual_edit\": false}, {\"questionpart_n\": \"d)\", \"question\": \"I ate the panela chunks.\", \"answer\": \"@@@la jk\\u2019ux te \\u0294askale@@@\", \"matches_human_scoring\": true, \"fuzzy_matching\": false, \"manual_edit\": false}, {\"questionpart_n\": \"e) \", \"question\": \"She ate my cooked greens.\", \"answer\": \"@@@a slo\\u0294 jbok@@@\", \"matches_human_scoring\": true, \"fuzzy_matching\": false, \"manual_edit\": false}, {\"questionpart_n\": \"f) \", \"question\": \"You (pl.) ate the bean soup.\", \"answer\": \"@@@la achik\\u2019ik te ya\\u0294lel chenek\\u2019e@@@\", \"matches_human_scoring\": true, \"fuzzy_matching\": false, \"manual_edit\": false}, {\"questionpart_n\": \"g)\", \"question\": \"We ate the dough\", \"answer\": \"@@@la jwe\\u0294tik te we\\u0294bale@@@\", \"matches_human_scoring\": true, \"fuzzy_matching\": false, \"manual_edit\": false}]}, {\"question_n\": \"Q 9.4\", \"prompt\": \"One of your friends is learning $$$Language X$$$. He translates \\u201cI ate marrow\\u201d as @@@la jti\\u0294 chin bak@@@, and he is told that this one is not correct: the correct form has a different word instead of @@@jti\\u0294@@@. What is this other word?\", \"subprompts\": [{\"questionpart_n\": \"1.\", \"question\": \"\", \"answer\": \"@@@jlo\\u0294@@@\", \"matches_human_scoring\": true, \"fuzzy_matching\": false, \"manual_edit\": false}]}, {\"question_n\": \"Q 9.5\", \"prompt\": \"Another $$$Language X$$$ learner translates \\u201cShe ate your (sg.) toasted tortillas\\u201d as @@@la swe\\u0294 ak\\u2019oxox@@@, but it turns out that this translation is incorrect: the correct form has a different word instead of @@@swe\\u0294@@@. What is this other word?\", \"subprompts\": [{\"questionpart_n\": \"1.\", \"question\": \"\", \"answer\": \"@@@sk\\u2019ux@@@\", \"matches_human_scoring\": true, \"fuzzy_matching\": false, \"manual_edit\": false}]}, {\"question_n\": \"Q 9.6\", \"prompt\": \"Given that @@@ixim@@@ means \\u201cmaize,\\u201d what plant does @@@kaxlan ixim@@@ translate to in English?\", \"subprompts\": [{\"questionpart_n\": \"1.\", \"question\": \"\", \"answer\": \"wheat\", \"matches_human_scoring\": true, \"fuzzy_matching\": false, \"manual_edit\": false}]}]",
    "notes": "",
    "answers_page": 3,
    "team_review": false
}