{
    "preamble": "Problem 5. $$$Language X$$$ (30 marks)\n&&& $$$Language X$$$ is a &&& &&& language spoken &&& &&& by 10,000 people who live in hamlets and small villages &&& &&& &&&.\n",
    "context": "Here are some $$$Language X$$$ sentences and their translations. (Plural (pl) and singular (sg) are shown in the translation.)\n\n1\t@@@Apo onadewadewa babana uhilage@@@\tYou (pl) will be good because you (sg) are dying.\n2\t@@@Apo onanae babana odaladala@@@\tYou (pl) will go because you (pl) are crawling.\n3\t@@@Baha anona ma lawa memehi@@@\tThe speech has substance but the people are settled.\n4\t@@@Ega Limi natuna babana Limi ega natuna@@@\tThat is not Limi\u2019s child because Limi has no children.\t\n5\t@@@Gala gobugobuhi babana tahaya bigabigana@@@\tThe clothes are stained because the path is swampy.\t\n6\t@@@Hiduhuduhuna babana baha ega sigasigana@@@\tThey are sitting down because the speech has no end.\t\n7\t@@@Hinam ginouli idanedanenehi ma ega dewadewana@@@\tYour (sg) mother is stealing things and is never good.\n8\t@@@Inapa ega unanenae nu tahaya apo hinapanim@@@\tIf you (sg) aren\u2019t going to the path, they will imprison you (sg).\n9\t@@@Inapa unapeu apo unagobu@@@\tIf you (sg) fall, you (sg) will be dirty.\n10\t@@@Lawa pipeuna imae@@@\tThe falling person is staying.\n11\t@@@Motam daodaohi ega hilhilagehi@@@\tYour (sg) long snakes are not dead.\n12\t@@@Natuhi ega lawa memena natuna@@@\tTheir child is not the settled person\u2019s child.\n13\t@@@Ogaleya ma ega igalemi babana itowotowolo@@@\tYou (pl) see him but he does not see you (pl) because he is standing.\n14\t@@@Tahaya ibigabiga ma apo mawa inadao@@@\tThe path is muddy (because it has rained) and the distance will be long.\n15\t@@@Tewela daladalana ogaleya ma gala higobu@@@\tYou (pl) see a crawling child and the clothes are dirty.\n16\t@@@Tewela towotowolohi hipeu@@@\tThe standing children fall.\n",
    "questions": "[{\"question_n\": \"Q 5.\", \"prompt\": \"Translate between English and $$$Language X$$$. Include markings for plural (pl) and singular (sg) where necessary:\", \"subprompts\": [{\"questionpart_n\": \"A\", \"question\": \"@@@Apo onaduhuna babana motami igobu@@@\", \"answer\": \"You (pl) will sit down because your (pl) snake is dirty.\", \"matches_human_scoring\": false, \"fuzzy_matching\": false, \"manual_edit\": false}, {\"questionpart_n\": \"B\", \"question\": \"@@@Inapa unatowolo apo unamae@@@\", \"answer\": \"[\\\"If you (sg) stand, you (sg) will stay\\\", \\\"If you (sg) stand, you will be staying.\\\"]\", \"matches_human_scoring\": false, \"fuzzy_matching\": false, \"manual_edit\": false}, {\"questionpart_n\": \"C\", \"question\": \"@@@Tewela hidewadewa ma natum dewadewana@@@\", \"answer\": \"[\\\"The children are being good but your (sg) child is always being good.\\\", \\\"The children are being good but your (sg) child is always good.\\\", \\\"The children are being good but your (sg) child is being good.\\\", \\\"The children are good but your (sg) child is always being good.\\\", \\\"The children are being good but your (sg) child is good.\\\", \\\"The children are good but your (sg) child is always good.\\\", \\\"The children are good but your (sg) child is being good.\\\", \\\"The children are good but your (sg) child is good.\\\"]\", \"matches_human_scoring\": false, \"fuzzy_matching\": false, \"manual_edit\": false}, {\"questionpart_n\": \"D\", \"question\": \"@@@Unenae nu tahaya daodaona@@@\", \"answer\": \"You (sg) are going to the long path.\", \"matches_human_scoring\": false, \"fuzzy_matching\": false, \"manual_edit\": false}, {\"questionpart_n\": \"E\", \"question\": \"You (pl) steal a swampy thing.\", \"answer\": \"@@@Ginouli bigabigana odanenaya@@@\", \"matches_human_scoring\": false, \"fuzzy_matching\": false, \"manual_edit\": false}, {\"questionpart_n\": \"F\", \"question\": \"If the path is long, you (sg) will be dirty.\", \"answer\": \"@@@Inapa tahaya inadao apo unagobu@@@\", \"matches_human_scoring\": false, \"fuzzy_matching\": false, \"manual_edit\": false}, {\"questionpart_n\": \"G\", \"question\": \"Limi\\u2019s settled child is dying but is not dead.\", \"answer\": \"@@@Limi natuna memena ihilage ma ega hilhilagena@@@\", \"matches_human_scoring\": false, \"fuzzy_matching\": false, \"manual_edit\": false}, {\"questionpart_n\": \"H\", \"question\": \"The crawling children have substance.\", \"answer\": \"@@@Tewela daladalahi anohi@@@\", \"matches_human_scoring\": false, \"fuzzy_matching\": false, \"manual_edit\": false}]}]",
    "notes": "Split up table of translations into separate prompts. Added prompt to include markings of singular and plural.",
    "answers_page": 3,
    "team_review": false
}