{
    "preamble": "Problem 4. The long and the short of $$$Language X$$$ (10 marks)\n &&& &&&",
    "context": "Explanation of symbols:\n[:] This shows that the immediately preceding vowel or consonant is long, so @@@o:x\u00e9l:o@@@ starts with a long vowel and includes a double l. A long consonant sounds like two, as with the two t\u2019s in hat-trick (but not in Patrick).\n[\u00b4] Stressed (i.e. louder) syllables are marked with an acute accent [\u00b4] written over the vowel.\n[\u00e7] is pronounced like the letter s in the English word soft.\n[x] is a single consonant sound pronounced like the letter s in the English word vision.\n[\u00e6] is a vowel pronounced like the letter e in the English word bet.\n\nBelow are some words written in $$$Language X$$$ along with their English translations. Unfortunately, two of the words have their stress on the wrong syllable \u2026\n\n@@@o:x\u00e9l:o@@@\t\u2018bird\u2019\n@@@\u00e7it\u01fd:@@@\t\u2018city\u2019\n@@@p\u00e1sta@@@\t\u2018pasta\u2019\n@@@squ\u00e1d:ra@@@\t\u2018team\u2019\n@@@vi\u00f3:vet:a@@@\t\u2018violet\u2019\n@@@p\u00f3nte@@@\t\u2018bridge\u2019\n@@@n\u00f3stro@@@\t\u2018our\u2019\n@@@ven\u00edn@@@\t\u2018poison\u2019\n@@@do:\u00e7em\u00e9nte@@@\t\u2018sweetly\u2019\n@@@cot\u00e9l:o@@@\t\u2018knife\u2019\n@@@c\u00f3m:e@@@\t\u2018how\u2019\n@@@me:x\u00edn:a@@@\t\u2018medicine\u2019\n@@@d\u00e1t:ou@@@\t\u2018date\u2019 (fruit)\n@@@sco:x\u00ed:@@@\t\u2018to insult\u2019\n@@@ba:x\u00f3@@@\t\u2018kiss\u2019\n@@@po\u00ed:a@@@\t\u2018fear\u2019\n@@@p\u00fa:a@@@\t\u2018dust\u2019\n@@@r\u00e1m:o@@@\t\u2018copper\u2019\n@@@teram\u00f3t:o@@@\t\u2018earthquake\u2019\n@@@ag\u00fas:o@@@\t\u2018sharp\u2019\n@@@agus\u00e1:@@@\t\u2018to sharpen\u2019\n@@@b\u00e9stia@@@\t\u2018beast\u2019",
    "questions": "[{\"question_n\": \"Q 4.1\", \"prompt\": \"Identify the two words from the list above which have their stress on the wrong syllable and write them below with their stress on the correct syllable.\", \"subprompts\": [{\"questionpart_n\": \"g.\", \"question\": \"\", \"answer\": \"[\\\"@@@vio:v\\u00e9t:a@@@, @@@b\\u00e1:xo@@@\\\", \\\"@@@b\\u00e1:xo@@@, @@@vio:v\\u00e9t:a@@@\\\"]\", \"matches_human_scoring\": false, \"fuzzy_matching\": false, \"manual_edit\": false}]}, {\"question_n\": \"Q 4.2\", \"prompt\": \"Add accents to the following $$$Language X$$$ words to show which syllable should be stressed. Rewrite the $$$Language X$$$ word with the correct accent.\", \"subprompts\": [{\"questionpart_n\": \"a.\", \"question\": \"@@@bolac:o@@@\\t\\u2018bucket\\u2019\", \"answer\": \"@@@bol\\u00e1c:o@@@\", \"matches_human_scoring\": false, \"fuzzy_matching\": false, \"manual_edit\": false}, {\"questionpart_n\": \"b.\", \"question\": \"@@@se:i@@@\\t\\u2018six\\u2019\", \"answer\": \"@@@s\\u00e9:i@@@\", \"matches_human_scoring\": false, \"fuzzy_matching\": false, \"manual_edit\": false}, {\"questionpart_n\": \"c.\", \"question\": \"@@@furmine@@@\\t\\u2018lightning\\u2019\", \"answer\": \"@@@f\\u00farmine@@@\", \"matches_human_scoring\": false, \"fuzzy_matching\": false, \"manual_edit\": false}, {\"questionpart_n\": \"d.\", \"question\": \"@@@abitud:ine@@@\\t\\u2018habit\\u2019\", \"answer\": \"@@@abit\\u00fad:ine@@@\", \"matches_human_scoring\": false, \"fuzzy_matching\": false, \"manual_edit\": false}, {\"questionpart_n\": \"e.\", \"question\": \"@@@acordio@@@\\t\\u2018agreement\\u2019\", \"answer\": \"@@@ac\\u00f3rdio@@@\", \"matches_human_scoring\": false, \"fuzzy_matching\": false, \"manual_edit\": false}, {\"questionpart_n\": \"f.\", \"question\": \"@@@\\u00e6:goa@@@\\t\\u2018water\\u2019\", \"answer\": \"@@@\\u01fd:goa@@@\", \"matches_human_scoring\": false, \"fuzzy_matching\": false, \"manual_edit\": false}]}]",    "notes": "Added this sentence because in original answer sheet, kids just needed to add accent to printed words: \"Rewrite the $$$Language X$$$ word with the correct accent.\"",
    "answers_page": 3,
    "team_review": false
}