{
    "preamble": "Problem 2. @@@Wik-Mungkan@@@ (15 marks)\n",
    "context": "@@@Wik-Mungkan@@@ (literally: \"to swallow one's words\") is a &&& &&& language spoken &&& &&& by around 1,650 @@@Wik-Mungkan@@@ people. During the dry season, fresh water is often in short supply and is considered valuable.\n\n1.\t@@@kek kuchek@@@\tA.\talcohol\n2.\t@@@kuchek thayan@@@\tB.\tbrave\n3.\t@@@ma' ek@@@\tC.\tcrab\n4.\t@@@ma' puk pi'an@@@\tD.\tcrab shell\n5.\t@@@ma' puuy@@@\tE.\tfingernail\n6.\t@@@ma' thayan@@@\tF.\tfresh water\n7.\t@@@min@@@\tG.\tgood\n8.\t@@@ngak@@@\tH.\thandcuffs\n9.\t@@@ngak min@@@\tI.\thappy\n10.\t@@@ngak way@@@\tJ.\theart\n11.\t@@@ngangk@@@\tK.\tlaw\n12.\t@@@ngangk ek@@@\tL.\tsad\n13.\t@@@ngangk min@@@\tM.\tshoulder blade\n14.\t@@@ngangk thayan@@@\tN.\tstrong, firm\n15.\t@@@ngangk way@@@\tO.\tstubborn\n16.\t@@@puuy@@@\tP.\tthumb\n17.\t@@@puuy ek@@@\tQ.\ttop of spear\n18.\t@@@thayan@@@\tR.\ttrustworthy (with things)\n19.\t@@@wik thayan@@@\tS.\twater",
    "questions": "[{\"question_n\": \"Q 2.1\", \"prompt\": \"Determine the correct correspondences. Write the corresponding letter of the word that matches the numbered item.\", \"subprompts\": [{\"questionpart_n\": \"1.\", \"question\": \"1. @@@kek kuchek@@@\", \"answer\": \"Q\", \"matches_human_scoring\": false, \"fuzzy_matching\": false, \"manual_edit\": false}, {\"questionpart_n\": \"2.\", \"question\": \"2. @@@kuchek thayan@@@\", \"answer\": \"O\", \"matches_human_scoring\": false, \"fuzzy_matching\": false, \"manual_edit\": false}, {\"questionpart_n\": \"3.\", \"question\": \"3. @@@ma' ek@@@\", \"answer\": \"E\", \"matches_human_scoring\": false, \"fuzzy_matching\": false, \"manual_edit\": false}, {\"questionpart_n\": \"4.\", \"question\": \"4. @@@ma' puk pi'an@@@\", \"answer\": \"P\", \"matches_human_scoring\": false, \"fuzzy_matching\": false, \"manual_edit\": false}, {\"questionpart_n\": \"5.\", \"question\": \"5. @@@ma' puuy@@@\", \"answer\": \"H\", \"matches_human_scoring\": false, \"fuzzy_matching\": false, \"manual_edit\": false}, {\"questionpart_n\": \"6.\", \"question\": \"6. @@@ma' thayan@@@\", \"answer\": \"R\", \"matches_human_scoring\": false, \"fuzzy_matching\": false, \"manual_edit\": false}, {\"questionpart_n\": \"7.\", \"question\": \"7. @@@min@@@\", \"answer\": \"G\", \"matches_human_scoring\": false, \"fuzzy_matching\": false, \"manual_edit\": false}, {\"questionpart_n\": \"8.\", \"question\": \"8. @@@ngak@@@\", \"answer\": \"S\", \"matches_human_scoring\": false, \"fuzzy_matching\": false, \"manual_edit\": false}, {\"questionpart_n\": \"9.\", \"question\": \"9. @@@ngak min@@@\", \"answer\": \"F\", \"matches_human_scoring\": false, \"fuzzy_matching\": false, \"manual_edit\": false}, {\"questionpart_n\": \"10.\", \"question\": \"10. @@@ngak way@@@\", \"answer\": \"A\", \"matches_human_scoring\": false, \"fuzzy_matching\": false, \"manual_edit\": false}, {\"questionpart_n\": \"11.\", \"question\": \"11. @@@ngangk@@@\", \"answer\": \"J\", \"matches_human_scoring\": false, \"fuzzy_matching\": false, \"manual_edit\": false}, {\"questionpart_n\": \"12.\", \"question\": \"12. @@@ngangk ek@@@\", \"answer\": \"M\", \"matches_human_scoring\": false, \"fuzzy_matching\": false, \"manual_edit\": false}, {\"questionpart_n\": \"13.\", \"question\": \"13. @@@ngangk min@@@\", \"answer\": \"I\", \"matches_human_scoring\": false, \"fuzzy_matching\": false, \"manual_edit\": false}, {\"questionpart_n\": \"14.\", \"question\": \"14. @@@ngangk thayan@@@\", \"answer\": \"B\", \"matches_human_scoring\": false, \"fuzzy_matching\": false, \"manual_edit\": false}, {\"questionpart_n\": \"15.\", \"question\": \"15. @@@ngangk way@@@\", \"answer\": \"L\", \"matches_human_scoring\": false, \"fuzzy_matching\": false, \"manual_edit\": false}, {\"questionpart_n\": \"16.\", \"question\": \"16. @@@puuy@@@\", \"answer\": \"C\", \"matches_human_scoring\": false, \"fuzzy_matching\": false, \"manual_edit\": false}, {\"questionpart_n\": \"17.\", \"question\": \"17.@@@puuy ek@@@\", \"answer\": \"D\", \"matches_human_scoring\": false, \"fuzzy_matching\": false, \"manual_edit\": false}, {\"questionpart_n\": \"18.\", \"question\": \"18. @@@thayan@@@\", \"answer\": \"N\", \"matches_human_scoring\": false, \"fuzzy_matching\": false, \"manual_edit\": false}, {\"questionpart_n\": \"19.\", \"question\": \"19. @@@wik thayan@@@\", \"answer\": \"K\", \"matches_human_scoring\": false, \"fuzzy_matching\": false, \"manual_edit\": false}]}, {\"question_n\": \"Q 2.2\", \"prompt\": \"Translate into English:\", \"subprompts\": [{\"questionpart_n\": \"a.\", \"question\": \"@@@kek@@@\", \"answer\": \"spear\", \"matches_human_scoring\": false, \"fuzzy_matching\": false, \"manual_edit\": false}, {\"questionpart_n\": \"b.\", \"question\": \"@@@puuy ngangk@@@\", \"answer\": \"[\\\"crab heart\\\", \\\"heart of the crab\\\"]\", \"matches_human_scoring\": false, \"fuzzy_matching\": false, \"manual_edit\": false}, {\"questionpart_n\": \"c.\", \"question\": \"@@@way@@@\", \"answer\": \"bad\", \"matches_human_scoring\": false, \"fuzzy_matching\": false, \"manual_edit\": false}]}, {\"question_n\": \"Q 2.3\", \"prompt\": \"Translate into @@@Wik-Mungkan@@@:\", \"subprompts\": [{\"questionpart_n\": \"a.\", \"question\": \"shell\", \"answer\": \"@@@ek@@@\", \"matches_human_scoring\": false, \"fuzzy_matching\": false, \"manual_edit\": false}, {\"questionpart_n\": \"b.\", \"question\": \"hand\", \"answer\": \"@@@ma\\u2019@@@\", \"matches_human_scoring\": false, \"fuzzy_matching\": false, \"manual_edit\": false}, {\"questionpart_n\": \"c.\", \"question\": \"worried\", \"answer\": \"@@@kuchek way@@@\", \"matches_human_scoring\": false, \"fuzzy_matching\": false, \"manual_edit\": false}]}]",
    "notes": "",
    "answers_page": 2,
    "team_review": false
}