{
    "preamble": "Problem 5. $$$Language X$$$ (20 marks)\n &&& &&&",
    "context": "Examine the following words in $$$Language X$$$ and their translations\nPronunciation notes: \u0268 and \u0259 are special vowel sounds of $$$Language X$$$. The apostrophe \u2019 after a consonant means that the  consonant  slightly  changes  its  pronunciation:\nconsonants with and without the apostrophe are different in the language.\n\n@@@k\u2019erkulan\u2019@@@ \t towards the house\n@@@p\u0268zannez\u0268tl\u0259n@@@\tof your (sg.) desks\n@@@pon\u0268t@@@\t your (sg.) dog\n@@@purtn\u0268s@@@\ttheir knife\n@@@k\u0259innez\u0268s@@@\this wolves\n@@@v\u0259r\u0259l\u0259n@@@\tof my forest\n@@@purt\u0259la@@@\tfor the sake of my knife\n@@@t\u0268ez\u0268tk\u0259t@@@\twith your (sg.) lakes\n@@@k\u2019erkuezlis\u2019@@@\tfrom the houses\n@@@jus\u2019s\u2019ez\u0259@@@\tmy swans\n@@@kok\u0268sk\u0259t@@@\twith his foot\n@@@k\u2019i\u0268tlan\u2019@@@\ttowards your (sg.) hand",
    "questions": "[{\"question_n\": \"5.1 \", \"prompt\": \"Translate the following $$$Language X$$$ words into English:\", \"subprompts\": [{\"questionpart_n\": \"a\", \"question\": \"@@@p\\u0268zan\\u0268slis\\u2019@@@\", \"answer\": \"from his desk\", \"matches_human_scoring\": false, \"fuzzy_matching\": false, \"manual_edit\": false}, {\"questionpart_n\": \"b\", \"question\": \"@@@v\\u0259rrezl\\u0259n@@@\", \"answer\": \"of the forests\", \"matches_human_scoring\": false, \"fuzzy_matching\": false, \"manual_edit\": false}, {\"questionpart_n\": \"c\", \"question\": \"@@@ponn\\u0268t@@@\", \"answer\": \"your (pl.) dog\", \"matches_human_scoring\": false, \"fuzzy_matching\": false, \"manual_edit\": false}, {\"questionpart_n\": \"d\", \"question\": \"@@@jus\\u2019la@@@\", \"answer\": \"for the sake of the swan\", \"matches_human_scoring\": false, \"fuzzy_matching\": false, \"manual_edit\": false}]}, {\"question_n\": \"5.2\", \"prompt\": \"Translate the following English phrases into $$$Language X$$$:\", \"subprompts\": [{\"questionpart_n\": \"a\", \"question\": \"his hands\", \"answer\": \"@@@k\\u2019iez\\u0268s@@@\", \"matches_human_scoring\": false, \"fuzzy_matching\": false, \"manual_edit\": false}, {\"questionpart_n\": \"b\", \"question\": \"my knives\", \"answer\": \"@@@purttez\\u0259@@@\", \"matches_human_scoring\": false, \"fuzzy_matching\": false, \"manual_edit\": false}, {\"questionpart_n\": \"c\", \"question\": \"of your (pl.) feet\", \"answer\": \"@@@kokkezn\\u0268tl\\u0259n@@@\", \"matches_human_scoring\": false, \"fuzzy_matching\": false, \"manual_edit\": false}, {\"questionpart_n\": \"d\", \"question\": \"for the sake of their house\", \"answer\": \"@@@k\\u2019erkun\\u0268sla@@@\", \"matches_human_scoring\": false, \"fuzzy_matching\": false, \"manual_edit\": false}]}]",
    "notes": "",
    "answers_page": 0,
    "team_review": false
}