{
    "preamble": "Problem 1. $$$Language X$$$ \u2013 not $$$Language Y$$$ (5 marks)\n &&& &&&",
    "context": "Often the differences between languages are quite regular, as they are in the examples in the following list of $$$Language Z$$$ words with their translations into English and (in some cases) into $$$Language X$$$. See if you can spot the regularities that allow you to fill in the gaps 1-10.\n\n$$$Language X$$$\t$$$Language Z$$$\tEnglish\n@@@iat@@@\t@@@gatto@@@\tcat\n@@@bo\u0107ia@@@\t@@@bocca@@@\tmouth\n@@@furn@@@\t@@@forno@@@\toven\n@@@\u0107iamp@@@\t@@@campo@@@\tfield\n@@@banch@@@\t@@@banco@@@\tbench\n@@@pan@@@\t@@@pane@@@\tbread\n__1__\t@@@gallo@@@\tcockerel\n__2__\t@@@orto@@@\tvegetable garden\n__3__\t@@@agnello@@@\tlamb\n__4__\t@@@cane@@@\tdog\n__5__\t@@@cavallo@@@\thorse\n__6__\t@@@bosco@@@\twood\n__7__\t@@@vacca@@@\tcow\n__8__\t@@@tasso@@@\tbadger\n__9__\t@@@forca@@@\tpitchfork\n__10__\t@@@birra@@@\tbeer",
    "questions": "[{\"question_n\": \"Q 1.1\", \"prompt\": \"Fill in the gaps 1-10.\", \"subprompts\": [{\"questionpart_n\": \"1.\", \"question\": \"__1__\", \"answer\": \"@@@ial@@@\", \"matches_human_scoring\": false, \"fuzzy_matching\": false, \"manual_edit\": false}, {\"questionpart_n\": \"2.\", \"question\": \"__2__\", \"answer\": \"@@@urt@@@\", \"matches_human_scoring\": false, \"fuzzy_matching\": false, \"manual_edit\": false}, {\"questionpart_n\": \"3.\", \"question\": \"__3__\", \"answer\": \"@@@agnel@@@\", \"matches_human_scoring\": false, \"fuzzy_matching\": false, \"manual_edit\": false}, {\"questionpart_n\": \"4.\", \"question\": \"__4__\", \"answer\": \"@@@\\u0107ian@@@\", \"matches_human_scoring\": false, \"fuzzy_matching\": false, \"manual_edit\": false}, {\"questionpart_n\": \"5.\", \"question\": \"__5__\", \"answer\": \"@@@\\u0107iaval@@@\", \"matches_human_scoring\": false, \"fuzzy_matching\": false, \"manual_edit\": false}, {\"questionpart_n\": \"6.\", \"question\": \"__6__\", \"answer\": \"@@@bosch@@@\", \"matches_human_scoring\": false, \"fuzzy_matching\": false, \"manual_edit\": false}, {\"questionpart_n\": \"7.\", \"question\": \"__7__\", \"answer\": \"@@@va\\u0107ia@@@\", \"matches_human_scoring\": false, \"fuzzy_matching\": false, \"manual_edit\": false}, {\"questionpart_n\": \"8.\", \"question\": \"__8__\", \"answer\": \"@@@tas@@@\", \"matches_human_scoring\": false, \"fuzzy_matching\": false, \"manual_edit\": false}, {\"questionpart_n\": \"9.\", \"question\": \"__9__\", \"answer\": \"@@@fur\\u0107ia@@@\", \"matches_human_scoring\": false, \"fuzzy_matching\": false, \"manual_edit\": false}, {\"questionpart_n\": \"10.\", \"question\": \"__10__\", \"answer\": \"@@@bira@@@\", \"matches_human_scoring\": false, \"fuzzy_matching\": false, \"manual_edit\": false}]}]",
    "notes": "Added wording to tasks",
    "answers_page": 2,
    "team_review": false
}