{
    "preamble": "Problem 8. $$$Language X$$$ Tunes (20 marks)",
    "context": "Below are some verbs from the $$$Language X$$$ &&& &&&:\n\n@@@ho\u2019 a:waptsi@@@\tI chop them\n@@@ho\u2019 aptsi@@@\tI chop it\n@@@a:pehe\u2019a@@@\the is tying them up\n@@@pehe\u2019anapk\u00e4@@@\tthey were tying it up\n@@@a:hanlik\u00e4@@@\the stole them\n@@@hanlik\u00e4@@@\the stole it\n@@@a:wanhatiawa@@@\tlisten to them!\n@@@anhatiawa@@@\tlisten to him!\n@@@ho\u2019 a:witcema@@@\tI love them\n@@@uttenapk\u00e4@@@\tthey bit it\n@@@a:we\u2019a@@@\tthey are sick\n@@@we\u2019a@@@\the is sick\n@@@a:p\u2019\u0254tuna:we@@@\tthey fill them\n@@@a:p\u2019alo@@@\the buries them\n@@@p\u2019alona:we@@@\tthey bury it\n@@@la\u2019a@@@\the grows\n@@@p\u2019iyana:we@@@\tthey hang it\n@@@a:welatenapk\u00e4@@@\tthey overtook them\n@@@elatek\u00e4@@@\the overtook him\n@@@a:ne@@@\the goes\n@@@a:wa:ne@@@\tthey go\n@@@a:wa:k\u00e4@@@\tthey went\n@@@ho\u2019 a:k\u00e4@@@\tI went\n",
    "questions": "[{\"question_n\": \"Q 8.1\", \"prompt\": \"On your answer sheet, translate the following into English. (If you think multiple translations are possible, only give one.)\", \"subprompts\": [{\"questionpart_n\": \"(a)\", \"question\": \"@@@ho\\u2019 elate@@@\", \"answer\": \"[\\\"I overtake him\\\", \\\"I overtake it\\\", \\\"I am overtaking him\\\", \\\"I am overtaking it\\\"]\", \"matches_human_scoring\": false, \"fuzzy_matching\": false, \"manual_edit\": false}, {\"questionpart_n\": \"(b)\", \"question\": \"@@@a:p\\u2019alok\\u00e4@@@\", \"answer\": \"he buried them\", \"matches_human_scoring\": false, \"fuzzy_matching\": false, \"manual_edit\": false}, {\"questionpart_n\": \"(c)\", \"question\": \"@@@hanlina:we@@@\", \"answer\": \"[\\\"they steal him\\\", \\\"they steal it\\\", \\\"they are stealing him\\\", \\\"they are stealing it\\\"]\", \"matches_human_scoring\": false, \"fuzzy_matching\": false, \"manual_edit\": false}]}, {\"question_n\": \"Q 8.2\", \"prompt\": \"Translate into $$$Language X$$$:\", \"subprompts\": [{\"questionpart_n\": \"(a)\", \"question\": \"he went\", \"answer\": \"@@@a:k\\u00e4@@@\", \"matches_human_scoring\": false, \"fuzzy_matching\": false, \"manual_edit\": false}, {\"questionpart_n\": \"(b)\", \"question\": \"they chopped it\", \"answer\": \"@@@aptsinapk\\u00e4@@@\", \"matches_human_scoring\": false, \"fuzzy_matching\": false, \"manual_edit\": false}, {\"questionpart_n\": \"(c)\", \"question\": \"they grew\", \"answer\": \"@@@a:la\\u2019ak\\u00e4@@@\", \"matches_human_scoring\": false, \"fuzzy_matching\": false, \"manual_edit\": false}, {\"questionpart_n\": \"(d)\", \"question\": \"I bite them\", \"answer\": \"@@@ho\\u2019 a:wutte@@@\", \"matches_human_scoring\": false, \"fuzzy_matching\": false, \"manual_edit\": false}, {\"questionpart_n\": \"(e)\", \"question\": \"they are tying it up\", \"answer\": \"@@@pehe\\u2019ana:we@@@\", \"matches_human_scoring\": false, \"fuzzy_matching\": false, \"manual_edit\": false}]}, {\"question_n\": \"Q 8.3\", \"prompt\": \"Which of the $$$Language X$$$ verbs above could be considered \\u201cirregular\\u201d? Give the English translation.\", \"subprompts\": [{\"questionpart_n\": \"(f)\", \"question\": \"\", \"answer\": \"[\\\"go\\\", \\\"to go\\\"]\", \"matches_human_scoring\": false, \"fuzzy_matching\": false, \"manual_edit\": false}]}, {\"question_n\": \"Q 8.4\", \"prompt\": \"The data above allow for two possible translations of \\u201che loves it\\u201d into $$$Language X$$$. What are they? Give your answers separated by a comma.\", \"subprompts\": [{\"questionpart_n\": \"(g)\", \"question\": \"\", \"answer\": \"[\\\"@@@itcema@@@, @@@witcema@@@\\\", \\\"@@@witcema@@@, @@@itcema@@@\\\"]\", \"matches_human_scoring\": false, \"fuzzy_matching\": false, \"manual_edit\": false}]}]",
    "notes": "Give your answers separated by a comma; a) -> (a); changed morpheme division within mark scheme to avoid scoring null morphemes",
    "answers_page": 2,
    "team_review": false
}