{
    "preamble": "Round 2 Problem 4. It\u2019s true: The truth about $$$Language X$$$\n &&& &&& \n",
    "context": "Here are some sentences in $$$Language X$$$. Their English translations have been given in a random order, except that English (a) is the translation of $$$Language X$$$ sentence (1).\nThe pronunciation values of the non-English symbols and accents are not relevant for solving this problem. English words that are followed by (emph) are emphasised.\n\n$$$Language X$$$ Sentences:\tEnglish Translations:\n1. @@@Ndu\u010da kaa \u00f1\u00ed\u0241n\u00ed.@@@ \ta. The (emph) water is hot.\n2. @@@Maria k\u00fau \u0268\u0268 xas\u0268\u0241\u0268.@@@\tb. Pedro is my child.\n3. @@@\u00d1\u00ed\u0241n\u00ed ndu\u010da.@@@\tc. Juan is my husband.\n4. @@@Juan kaa l\u00fal\u00ed.@@@\td. Maria is a woman.\n5. @@@Nde\u017eu kaa \u017ea\u0241u.@@@\te. The water is hot.\n6. @@@S\u0268\u0241\u0268 Maria.@@@\tf. Maria is feminine.\n7. @@@Juan k\u00fau xa\u017eiir\u00ed.@@@\tg. The (emph) food is expensive.\n8. @@@Pedro k\u00fau xal\u00fal\u00edr\u00ed.@@@\th. Juan is small / short.\n\nHere is some further $$$Language X$$$ vocabulary:\n@@@nd\u00e1a@@@, true; @@@kw\u00e1\u00e1@@@, dark, night-like; @@@s\u00fa\u010d\u00ed@@@, young; @@@t\u00fb\u00fb@@@, black; @@@ku\u0241u@@@, sick, ill; @@@k\u01d4n\u00fa@@@, deep; @@@\u00f1\u00ed\u0241n\u00ed@@@, hot; @@@kwa\u0241\u00e1@@@, red; @@@sa\u0241ma@@@, clothes\n",
    "questions": "[{\"question_n\": \"Q 4.1\", \"prompt\": \"Match the remaining $$$Language X$$$ sentences 2-8 to their English translations b-h. Write the corresponding letter of the translation that matches the numbered item.\", \"subprompts\": [{\"questionpart_n\": \"2.\", \"question\": \"@@@Maria k\\u00fau \\u0268\\u0268 xas\\u0268\\u0241\\u0268.@@@\", \"answer\": \"d\", \"matches_human_scoring\": false, \"fuzzy_matching\": false, \"manual_edit\": false}, {\"questionpart_n\": \"3.\", \"question\": \"@@@\\u00d1\\u00ed\\u0241n\\u00ed ndu\\u010da.@@@\", \"answer\": \"e\", \"matches_human_scoring\": false, \"fuzzy_matching\": false, \"manual_edit\": false}, {\"questionpart_n\": \"4.\", \"question\": \"@@@Juan kaa l\\u00fal\\u00ed.@@@\", \"answer\": \"h\", \"matches_human_scoring\": false, \"fuzzy_matching\": false, \"manual_edit\": false}, {\"questionpart_n\": \"5.\", \"question\": \"@@@Nde\\u017eu kaa \\u017ea\\u0241u.@@@\", \"answer\": \"g\", \"matches_human_scoring\": false, \"fuzzy_matching\": false, \"manual_edit\": false}, {\"questionpart_n\": \"6.\", \"question\": \"@@@S\\u0268\\u0241\\u0268 Maria.@@@\", \"answer\": \"f\", \"matches_human_scoring\": false, \"fuzzy_matching\": false, \"manual_edit\": false}, {\"questionpart_n\": \"7.\", \"question\": \"@@@Juan k\\u00fau xa\\u017eiir\\u00ed.@@@\", \"answer\": \"c\", \"matches_human_scoring\": false, \"fuzzy_matching\": false, \"manual_edit\": false}, {\"questionpart_n\": \"8\", \"question\": \"@@@Pedro k\\u00fau xal\\u00fal\\u00edr\\u00ed.@@@\", \"answer\": \"b\", \"matches_human_scoring\": false, \"fuzzy_matching\": false, \"manual_edit\": false}]},{\"question_n\": \"Q 4.2\", \"prompt\": \"Translate the following into $$$Language X$$$:\", \"subprompts\": [{\"questionpart_n\": \"a.\", \"question\": \"depth\", \"answer\": \"@@@xak\\u01d4n\\u00fa@@@\", \"matches_human_scoring\": false, \"fuzzy_matching\": false, \"manual_edit\": false}, {\"questionpart_n\": \"b.\", \"question\": \"heat\", \"answer\": \"@@@xa\\u00f1\\u00ed\\u0241n\\u00ed@@@\", \"matches_human_scoring\": false, \"fuzzy_matching\": false, \"manual_edit\": false}, {\"questionpart_n\": \"c.\", \"question\": \"Maria is ill.\", \"answer\": \"@@@Ku\\u0241u Maria.@@@\", \"matches_human_scoring\": false, \"fuzzy_matching\": false, \"manual_edit\": false}, {\"questionpart_n\": \"d.\", \"question\": \"Pedro (emph) is blind.\", \"answer\": \"@@@Kw\\u00e1\\u00e1 Pedro.@@@\", \"matches_human_scoring\": false, \"fuzzy_matching\": false, \"manual_edit\": false}, {\"questionpart_n\": \"e.\", \"question\": \"Pedro is a blind person.\", \"answer\": \"@@@Pedro k\\u00fau \\u0268\\u0268 xakw\\u00e1\\u00e1.@@@\", \"matches_human_scoring\": false, \"fuzzy_matching\": false, \"manual_edit\": false}, {\"questionpart_n\": \"f.\", \"question\": \"The clothes are red.\", \"answer\": \"@@@Kwa\\u0241\\u00e1 sa\\u0241ma.@@@\", \"matches_human_scoring\": false, \"fuzzy_matching\": false, \"manual_edit\": false}, {\"questionpart_n\": \"g.\", \"question\": \"My clothes are the black ones.\", \"answer\": \"@@@Sa\\u0241mar\\u00ed k\\u00fau xat\\u00fb\\u00fb.@@@\", \"matches_human_scoring\": false, \"fuzzy_matching\": false, \"manual_edit\": false}, {\"questionpart_n\": \"h.\", \"question\": \"It (emph) is true.\\tNote: the translation contains no word meaning \\u2018it\\u2019.\", \"answer\": \"@@@Kaa nd\\u00e1a.@@@\", \"matches_human_scoring\": false, \"fuzzy_matching\": false, \"manual_edit\": false}, {\"questionpart_n\": \"i.\", \"question\": \"It is true.\\tNote: the translation contains no word meaning \\u2018it\\u2019.\", \"answer\": \"@@@Nd\\u00e1a.@@@\", \"matches_human_scoring\": false, \"fuzzy_matching\": false, \"manual_edit\": false}, {\"questionpart_n\": \"j.\", \"question\": \"It is the truth.\\tNote: the translation contains no word meaning \\u2018it\\u2019.\", \"answer\": \"@@@K\\u00fau xand\\u00e1a.@@@\", \"matches_human_scoring\": false, \"fuzzy_matching\": false, \"manual_edit\": false}]}]",    "notes": "Replaced underlining for emphasis with adding (emph)",
    "answers_page": 3,
    "team_review": false
}