{
    "preamble": "Problem A5. $$$Language X$$$ (25 marks)\n &&& &&& The $$$People X$$$ are a farming people noted for their sophisticated music, usually performed in the form of xylophone duets accompanied by drums; another common form is solo melodies performed on bamboo flute.\n",
    "context": "Below in Table 1 is a table of $$$Language X$$$ nouns in their singular, plural, and interrogative forms. (A noun's interrogative form\nmeans 'what X', where X is the noun's normal meaning, e.g. 'what dog?'.) This list uses the standard orthography for $$$Language X$$$, with a few modifications mentioned below.\n\nIn this problem, $$$Language X$$$ vowels can be classified on three dimensions: height, rounding, and tongue root position; these contrasts are explained below. The bracketed characters are the ones that are used just in this problem, as explained below.\n\nTable: Advanced tongue root\n\n\tUnrounded\tRounded\nHigh Height\ti\tu\nMid Height\te\to\n\nTable: Retracted tongue root\n\n\tUnrounded\tRounded\nHigh Height\t\u026a (i\u2019)\t\u028a (u\u2019)\nMid Height\t\u025b (e\u2019)\t\u0254 (o\u2019)\nLow Height\ta\n\nHeight: High vowels are pronounced with the tongue closer to the roof of your mouth, and low vowels with the tongue closer to the bottom of your mouth. Compare the high vowels in beet and boot, the mid vowels in bet and bot and the low vowel in bat.\n\nRounding: Rounded vowels are pronounced with the lips rounded/protruding, and unrounded vowels are not. Compare the rounded vowels in boot, bot with the unrounded beet, bet, bat.\n\nTongue root position: Advanced tongue root involves moving the base of the tongue forwards when saying a vowel. Retracted tongue root, in contrast, involves pushing the base of the tongue towards the back of the mouth while saying a vowel. This distinction is not found in English, but it is similar to the distinction between the vowels in beet and bit, or fool and full.\n\nAlthough $$$Language X$$$ is a tonal language, tones and vowel length are omitted here. The notation has also been simplified to make it compatible with an ordinary keyboard, as follows:\n\northography\t\u014b\t\u026a\t\u025b\t\u028a\t\u0254\nused here\tng\ti\u2019\te\u2019\tu\u2019\to\u2019\n\n\nTable 1:\nSingular\tPlural\tInterrogative\tDefinition\n@@@biri@@@\t__(a)__\t@@@bi-bo@@@\tseed\n__(b)__\t__(c)__\t@@@folongfug-bo@@@\tlung\n@@@gbie@@@\t@@@gberi@@@\t@@@gbe-bo@@@\tforehead\n__(d)__\t__(e)__\t@@@gbe\u2019-bo@@@\tleg\n@@@gbe\u2019biri@@@\t@@@gbe\u2019bie@@@\t@@@gbe\u2019bi-bo@@@\ttoe\n@@@gyili@@@\t@@@gyile@@@\t@@@gyil-bo@@@\txylophone\n__(f)__\t__(g)__\t@@@ir-bo@@@\tduiker\n@@@i\u2019li\u2019@@@\t@@@i\u2019le\u2019@@@\t@@@i\u2019l-bo@@@\tdrum\n@@@lugri@@@\t@@@lugo@@@\t@@@lug-bo@@@\tpillar\n@@@nimiri@@@\t@@@nimie@@@\t@@@nimi-bo@@@\teye\n@@@nimisu\u2019go\u2019@@@\t@@@nimisu\u2019gri\u2019@@@\t@@@nimisu\u2019g-bo@@@\tface\n@@@no\u2019ti\u2019ri\u2019@@@\t@@@no\u2019ti\u2019e\u2019@@@\t@@@no\u2019ti\u2019-bo@@@\tshoe\n@@@nyagri\u2019@@@\t@@@nyaga@@@\t@@@nyag-bo@@@\tintestine\n__(h)__\t__(i)__\t@@@ngmar-bo@@@\tmoon\n@@@pi\u2019e\u2019@@@\t@@@pi\u2019ri\u2019@@@\t@@@pi\u2019-bo@@@\troof\n@@@pu\u2019o\u2019@@@\t@@@po\u2019ri\u2019@@@\t@@@po\u2019-bo@@@\tstomach\n@@@sebiri@@@\t@@@sebie@@@\t@@@sebi-bo@@@\tbee\n@@@si\u2019e\u2019@@@\t@@@se\u2019ri\u2019@@@\t@@@se\u2019-bo@@@\twaist\n@@@vali@@@\t@@@vala@@@\t@@@val-bo@@@\tpiece of rubbish\n@@@valengvu\u2019o\u2019@@@\t@@@valengvu\u2019ri\u2019@@@\t@@@valengvu\u2019-bo@@@\ta solitary wasp\n@@@wulo@@@\t@@@wuli@@@\t__(j)__\tbamboo flute\n__(k)__\t@@@yaga@@@\t@@@yag-bo@@@\tcheek\n__(l)__\t__(m)__\t@@@zupil-bo@@@\that",
    "questions": "[{\"question_n\": \"Q 5.\", \"prompt\": \"Fill in the blanks in Table 1 corresponding to the given letters.\", \"subprompts\": [{\"questionpart_n\": \"a.\", \"question\": \"__(a)__\", \"answer\": \"@@@bie@@@\", \"matches_human_scoring\": false, \"fuzzy_matching\": false, \"manual_edit\": false}, {\"questionpart_n\": \"b\", \"question\": \"__(b)__\", \"answer\": \"@@@folongfugri@@@\", \"matches_human_scoring\": false, \"fuzzy_matching\": false, \"manual_edit\": false}, {\"questionpart_n\": \"c\", \"question\": \"__(c)__\", \"answer\": \"@@@folongfugo@@@\", \"matches_human_scoring\": false, \"fuzzy_matching\": false, \"manual_edit\": false}, {\"questionpart_n\": \"d\", \"question\": \"__(d)__\", \"answer\": \"@@@gbe\\u2019ri\\u2019@@@\", \"matches_human_scoring\": false, \"fuzzy_matching\": false, \"manual_edit\": false}, {\"questionpart_n\": \"e\", \"question\": \"__(e)__\", \"answer\": \"@@@gbi'e\\u2019@@@\", \"matches_human_scoring\": false, \"fuzzy_matching\": false, \"manual_edit\": false}, {\"questionpart_n\": \"f\", \"question\": \"__(f)__\", \"answer\": \"@@@ire@@@\", \"matches_human_scoring\": false, \"fuzzy_matching\": false, \"manual_edit\": false}, {\"questionpart_n\": \"g\", \"question\": \"__(g)__\", \"answer\": \"@@@irri@@@\", \"matches_human_scoring\": false, \"fuzzy_matching\": false, \"manual_edit\": false}, {\"questionpart_n\": \"h\", \"question\": \"__(h)__\", \"answer\": \"@@@ngmara@@@\", \"matches_human_scoring\": false, \"fuzzy_matching\": false, \"manual_edit\": false}, {\"questionpart_n\": \"i\", \"question\": \"__(i)__\", \"answer\": \"@@@ngmarri\\u2019@@@\", \"matches_human_scoring\": false, \"fuzzy_matching\": false, \"manual_edit\": false}, {\"questionpart_n\": \"j\", \"question\": \"__(j)__\", \"answer\": \"@@@wul-bo@@@\", \"matches_human_scoring\": false, \"fuzzy_matching\": false, \"manual_edit\": false}, {\"questionpart_n\": \"k\", \"question\": \"__(k)__\", \"answer\": \"@@@yagri\\u2019@@@\", \"matches_human_scoring\": false, \"fuzzy_matching\": false, \"manual_edit\": false}, {\"questionpart_n\": \"l\", \"question\": \"__(l)__\", \"answer\": \"@@@zupile@@@\", \"matches_human_scoring\": false, \"fuzzy_matching\": false, \"manual_edit\": false}, {\"questionpart_n\": \"m\", \"question\": \"__(m)__\", \"answer\": \"@@@zupili@@@\", \"matches_human_scoring\": false, \"fuzzy_matching\": false, \"manual_edit\": false}]}]",
    "notes": "Rearranged background tables for readability. Introduced a lettering system and numbered the key table.",
    "answers_page": 3,
    "team_review": false
}