{
    "preamble": "Problem A2. $$$Language X$$$ (20 marks)\nThis language was first spoken in a small area during the earlier era. However, by the time of the new era, many words had changed significantly; for example, the sound -@@@aj@@@ lost its final -@@@j@@@.",
    "context": "In the following table of words, each word has two pronunciations: that of the earlier era ($$$Language X$$$) and that of the later era ($$$Language Y$$$).\n\n$$$Language X$$$\t$$$Language Y$$$\tEnglish Translation\n@@@be?@@@\t@@@bje/@@@\t\u2018female servant\u2019\n@@@braj@@@\t@@@bje=@@@\t\u2018to exhaust\u2019\n@@@dzak@@@\t@@@dzje~k@@@\t\u2018stone\u2019\n@@@graj?@@@\t@@@gje/@@@\t\u2018to stand\u2019\n@@@gres@@@\t@@@gje|@@@\t\u2018water-chestnut\u2019\n@@@gy@@@\t@@@gi=@@@\t\u2018his\u2019\n@@@k'e@@@\t@@@ke=@@@\t\u2018chicken\u2019\n@@@l'ek@@@\t@@@de~k@@@\t(name of an ancient tribe, the Beidi, to the north of China)\n@@@l'ep@@@\t@@@de~p@@@\t\u2018butterfly\u2019\n@@@m'y@@@\t@@@mo=@@@\t\u2018soot\u2019\n@@@mraj?@@@\t@@@mje/@@@\t\u2018to share with\u2019\n@@@ng'ajs@@@\t@@@nga|@@@\t\u2018hungry\u2019\n@@@ny?@@@\t@@@ni/@@@\t\u2018ear\u2019\n@@@pry?@@@\t@@@pi/@@@\t\u2018border town\u2019\n@@@p'aj@@@\t@@@pa=@@@\t\u2018wave (noun)\u2019\n@@@p'eks@@@\t@@@pe|@@@\t\u2018favorite (noun)\u2019\n@@@raj@@@\t@@@lje=@@@\t\u2018to drag into\u2019\n@@@rajs@@@\t@@@lje|@@@\t\u2018to revile\u2019\n@@@s'yks@@@\t@@@so|@@@\t\u2018frontier\u2019\n@@@tyk@@@\t@@@ti~k@@@\t\u2018to go to\u2019\n@@@t'ep@@@\t@@@te~p@@@\t\u2018paralyzed\u2019\n\nHere is a key to the pronunciations indicated, with C and V for a consonant or a vowel:\n\nC'\tconstriction of the throat during C\n?\tthe glottal stop\nj\tthe consonant y in y in you\nng\tvelar nasal, like the n in sink\ny\tschwa [\u01dd], like the a in about\nV=\tlevel tone on the vowel\nV/\trising tone on the vowel\nV|\t'departing' tone on the vowel\nV~\t'entering' tone on the vowel\n\nTable 1\t$$$Language X$$$\t$$$Language Y$$$\t\n__(a)__\t@@@ba~k@@@\t\u2018calm, still\u2019\n__(b)__\t@@@si=@@@\t\u2018silk\u2019\n__(c)__\t@@@do/@@@\t\u2018to come to\u2019\n@@@p'at@@@\t__(d)__\t\u2018to stop in the open\u2019\n@@@dz'y@@@\t__(e)__\t\u2018wealth\u2019\n@@@p'yk@@@\t__(f)__\t\u2018north\u2019\n@@@l'aj@@@\t__(g)__\t\u2018to flow\u2019\n\nCorresponding numbers:\n\n1. @@@da=@@@\n2. @@@dzo=@@@\n3. @@@sy@@@\n4. @@@po~k@@@\n5. @@@l'y?@@@\n6. @@@b'ak@@@\n7. @@@pa~t@@@\n\nTable2\t$$$Language Y$$$\tmeaning\n__(h)__\t@@@pje=@@@\t\u2018humble\u2019\n__(i)__\t@@@pa|@@@\t\u2018to winnow\u2019\n__(j)__\t@@@mje=@@@\t\u2018rice gruel\u2019\n__(k)__\t@@@pe~k@@@\t\u2018wall (of a house)\u2019\n__(l)__\t@@@pje/@@@\t\u2018that\u2019\n__(m)__\t@@@pa/@@@\t\u2018to limp\u2019\n\nCorresponding numbers:\n\n\t$$$Language X$$$\n8.\t@@@p'aj?s@@@\n9.\t@@@p'aj?@@@\n10.\t@@@paj?@@@\n11.\t@@@pe@@@\n12.\t@@@p'ek@@@\n13.\t@@@mraj@@@\n\n\n",
    "questions": "[{\"question_n\": \"Q.A2.1.\", \"prompt\": \"Fill in the missing forms in Table 1 above. Write the corresponding number of the word that fills the implied gap.\", \"subprompts\": [{\"questionpart_n\": \"(a)\", \"question\": \"__(a)__\", \"answer\": \"6\", \"matches_human_scoring\": false, \"fuzzy_matching\": false, \"manual_edit\": false}, {\"questionpart_n\": \"(b)\", \"question\": \"__(b)__\", \"answer\": \"3\", \"matches_human_scoring\": false, \"fuzzy_matching\": false, \"manual_edit\": false}, {\"questionpart_n\": \"(c)\", \"question\": \"__(c)__\", \"answer\": \"5\", \"matches_human_scoring\": false, \"fuzzy_matching\": false, \"manual_edit\": false}, {\"questionpart_n\": \"(d)\", \"question\": \"__(d)__\", \"answer\": \"7\", \"matches_human_scoring\": false, \"fuzzy_matching\": false, \"manual_edit\": false}, {\"questionpart_n\": \"(e)\", \"question\": \"__(e)__\", \"answer\": \"2\", \"matches_human_scoring\": false, \"fuzzy_matching\": false, \"manual_edit\": false}, {\"questionpart_n\": \"(f)\", \"question\": \"__(f)__\", \"answer\": \"4\", \"matches_human_scoring\": false, \"fuzzy_matching\": false, \"manual_edit\": false}, {\"questionpart_n\": \"(g)\", \"question\": \"__(g)__\", \"answer\": \"1\", \"matches_human_scoring\": false, \"fuzzy_matching\": false, \"manual_edit\": false}]}, {\"question_n\": \"Q.A2.1\", \"prompt\": \"Match the $$$Language X$$$ forms in Table 2 with their $$$Language Y$$$ equivalents. Write the corresponding number of the word that fills the implied gap.\", \"subprompts\": [{\"questionpart_n\": \"(h)\", \"question\": \"__(h)__\", \"answer\": \"11\", \"matches_human_scoring\": false, \"fuzzy_matching\": false, \"manual_edit\": false}, {\"questionpart_n\": \"(i)\", \"question\": \"__(i)__\", \"answer\": \"8\", \"matches_human_scoring\": false, \"fuzzy_matching\": false, \"manual_edit\": false}, {\"questionpart_n\": \"(j)\", \"question\": \"__(j)__\", \"answer\": \"13\", \"matches_human_scoring\": false, \"fuzzy_matching\": false, \"manual_edit\": false}, {\"questionpart_n\": \"(k)\", \"question\": \"__(k)__\", \"answer\": \"12\", \"matches_human_scoring\": false, \"fuzzy_matching\": false, \"manual_edit\": false}, {\"questionpart_n\": \"(l)\", \"question\": \"__(l)__\", \"answer\": \"10\", \"matches_human_scoring\": false, \"fuzzy_matching\": false, \"manual_edit\": false}, {\"questionpart_n\": \"(m)\", \"question\": \"__(m)__\", \"answer\": \"9\", \"matches_human_scoring\": false, \"fuzzy_matching\": false, \"manual_edit\": false}]}, {\"question_n\": \"Q.A2.3.\", \"prompt\": \"Give the $$$Language Y$$$ pronunciations of the following $$$Language X$$$ words.\", \"subprompts\": [{\"questionpart_n\": \"1.\", \"question\": \"@@@n'y@@@, \\u2018violent\\u2019\", \"answer\": \"@@@no=@@@\", \"matches_human_scoring\": false, \"fuzzy_matching\": false, \"manual_edit\": false}, {\"questionpart_n\": \"2. \", \"question\": \"@@@rak@@@, \\u2018female servant\\u2019\", \"answer\": \"@@@lje~k@@@\", \"matches_human_scoring\": false, \"fuzzy_matching\": false, \"manual_edit\": false}, {\"questionpart_n\": \"3. \", \"question\": \"@@@pre@@@, \\u2018upright pole of stone\\u2019\", \"answer\": \"@@@pje=@@@\", \"matches_human_scoring\": false, \"fuzzy_matching\": false, \"manual_edit\": false}, {\"questionpart_n\": \"4. \", \"question\": \"@@@b'y?@@@, \\u2018double\\u2019\", \"answer\": \"@@@bo/@@@\", \"matches_human_scoring\": false, \"fuzzy_matching\": false, \"manual_edit\": false}, {\"questionpart_n\": \"5.\", \"question\": \"@@@m'ajs@@@, \\u2018dust\\u2019\", \"answer\": \"@@@ma|@@@\", \"matches_human_scoring\": false, \"fuzzy_matching\": false, \"manual_edit\": false}]}]",
    "notes": "A lot of moving pieces here. Order and question phrasing significantly changed from question.",
    "answers_page": 3,
    "team_review": false
}