{
    "preamble": "Problem 5. $$$Language X$$$ (15 marks)\n &&&$$$Language X$$$ is the official language of the $$$Country X$$$ &&& &&&. &&&",
    "context": "Here are some situations in which someone wants to know who bought what, followed by the right $$$Language X$$$ answer for each question. Phrases between *asterisks* are emphasised and would be stressed when spoken.\n\n\n\nNumber \t Question: \t $$$Language X$$$ answer: \t English translation\n\n a \t What did my friend buy?\t @@@Bilini ng kaibigan ko ang tiket.@@@ \t My friend bought *a ticket*.\n\n b \t Who bought a ticket? \t @@@Bumili ang ale ko ng tiket.@@@ \t *My aunt* bought a ticket.\n\n c \t What did Lourdes buy? \t @@@Bilini ni Lourdes ang bahay.@@@ \t Lourdes bought *the house*.\n\n d \t Did she buy the house? \t @@@Bilini niy\u00e1 ang bahay.@@@ \t She bought *the house*.\n\n e \t Did she buy the house? \t @@@Bumili kay\u00f3 ng bahay.@@@ \t *She* bought the house.\n\n f \t Who bought the house? \t @@@Bumili si Lourdes ng bahay.@@@\t *Lourdes* bought the house.\n\n g \t Who bought the house? \t @@@Bumili ang babae ng bahay.@@@ \t *The woman* bought the house.\n\n h \t Who bought the dress? \t @@@Bumili kay\u00f3 ng bar\u00f2ng.@@@ \t *He* bought the dress.\n\n i \t What did he buy? \t @@@Bilini niy\u00e1 ang bar\u00f2ng.@@@ \t He bought *the dress*.\n\n j \t Who bought my aunt a ticket? \t @@@Bumili ang kaibigan ko ng tiket para sa ale ko.@@@ \t *My friend* bought a ticket for my aunt.\n\n\n Here is some more $$$Language X$$$ vocabulary:\n\n\n child @@@anak@@@\n\n villa @@@bilya@@@\n\n Bayani (masculine first name) @@@Bayani@@@\n\n car @@@kotse@@@\n\n father @@@am\u00e1@@@\n\n took (past tense verb form) @@@inihatid@@@\n\n raincoat @@@kapote@@@\n\n mother @@@in\u00e1@@@\n\n to the station @@@sa istasyon@@@\n\n\n",
   "questions": "[{\"question_n\": \"Q5.1.\", \"prompt\": \"Provide translations for the following sentences:\", \"subprompts\": [{\"questionpart_n\": \"1\", \"question\": \"Provide the English Translation for: @@@Binili niy\\u00e1 ang bilya para sa in\\u00e1 ko.@@@ Put emphasised phrases between *asterisks*\", \"answer\": \"[\\\"He bought *the villa* for my mother.\\\", \\\"He bought *a villa* for my mother.\\\", \\\"He bought *a house* for my mother.\\\", \\\"He bought *the house* for my mother.\\\"]\", \"matches_human_scoring\": false, \"fuzzy_matching\": true, \"manual_edit\": false}, {\"questionpart_n\": \"2\", \"question\": \"Provide the English Translation for: @@@Bumili kay\\u00f3 ng bilya para sa in\\u00e1 ko.@@@ Put emphasised phrases between *asterisks*\", \"answer\": \"[\\\"*He* bought the villa for my mother.\\\", \\\"*He* bought a villa for my mother.\\\", \\\"*He* bought the house for my mother.\\\", \\\"*He* bought a house for my mother.\\\"]\", \"matches_human_scoring\": false, \"fuzzy_matching\": true, \"manual_edit\": false}, {\"questionpart_n\": \"3\", \"question\": \"Provide the English Translation for: @@@Inihatid ng anak ko ang in\\u00e1 ko sa istasyon.@@@ Put emphasised phrases between *asterisks*\", \"answer\": \"*My child* took my mother to the station.\", \"matches_human_scoring\": true, \"fuzzy_matching\": false, \"manual_edit\": false}, {\"questionpart_n\": \"4\", \"question\": \"Provide the English Translation for: @@@Inihatid ng in\\u00e1 ko ang anak ko sa istasyon.@@@ Put emphasised phrases between *asterisks*\", \"answer\": \"*My mother* took my child to the station.\", \"matches_human_scoring\": true, \"fuzzy_matching\": false, \"manual_edit\": false}, {\"questionpart_n\": \"5\", \"question\": \"Provide the $$$Language X$$$ Translation for:*My father* bought the car.\", \"answer\": \"[\\\"@@@Bumili ang am\\u00e1 ko ng kotse.@@@\\\", \\\"@@@Bumili ang ama ko ng kotse.@@@\\\", \\\"@@@Bumili and am\\u00e1 ko ng kotse.@@@\\\", \\\"@@@Bumili and ama ko ng kotse.@@@\\\",\\\"@@@Bamili ang am\\u00e1 ko ng kotse.@@@\\\", \\\"@@@Bamili and am\\u00e1 ko ng kotse.@@@\\\", \\\"@@@Bamili ang ama ko ng kotse.@@@\\\", \\\"@@@Bamili and ama ko ng kotse.@@@\\\"]\", \"matches_human_scoring\": false, \"fuzzy_matching\": true, \"manual_edit\": false}, {\"questionpart_n\": \"6\", \"question\": \"Provide the $$$Language X$$$ translation for: *She* bought the car. You do not need to include accents like \\u00e1 in your answers\", \"answer\": \"[\\\"@@@Bumili kay\\u00f3 ng kotse.@@@\\\", \\\"@@@Bumili kayo ng kotse.@@@\\\", \\\"@@@Bamili kay\\u00f3 ng kotse.@@@\\\", \\\"@@@Bamili kayo ng kotse.@@@\\\"]\", \"matches_human_scoring\": false, \"fuzzy_matching\": true, \"manual_edit\": false}, {\"questionpart_n\": \"7\", \"question\": \"Provide the $$$Language X$$$ translation for: He bought *the villa*. You do not need to include accents like \\u00e1 in your answers. Assume that the sentence is about my father.\", \"answer\": \"[\\\"@@@Bilini niy\\u00e1 ang bilya.@@@\\\", \\\"@@@Bilini niya ang bilya.@@@\\\", \\\"@@@Bilini niy\\u00e1 and bilya.@@@\\\", \\\"@@@Bilini niya and bilya.@@@\\\", \\\"@@@Binili niy\\u00e1 ang bilya.@@@\\\", \\\"@@@Binili niya ang bilya.@@@\\\", \\\"@@@Binili niy\\u00e1 and bilya.@@@\\\", \\\"@@@Binili niya and bilya.@@@\\\"] \", \"matches_human_scoring\": false, \"fuzzy_matching\": true, \"manual_edit\": false}, {\"questionpart_n\": \"8\", \"question\": \"Provide the $$$Language X$$$ translation for: Bayani bought *the raincoat*. You do not need to include accents like \\u00e1 in your answers. Assume that the sentence is about my father.\", \"answer\": \"[\\\"@@@Bilini ni Bayani ang kapote.@@@\\\", \\\"@@@Bilini ni Bayani and kapote.@@@\\\", \\\"@@@Binili ni Bayani ang kapote.@@@\\\", \\\"@@@Binili ni Bayani and kapote.@@@\\\"]\", \"matches_human_scoring\": false, \"fuzzy_matching\": true, \"manual_edit\": false}, {\"questionpart_n\": \"9\", \"question\": \"Provide the $$$Language X$$$ translation for: *He* bought the raincoat. You do not need to include accents like \\u00e1 in your answers.\", \"answer\": \"[\\\"@@@Bumili kay\\u00f3 ng kapote.@@@\\\",  \\\"@@@Bumili kayo ng kapote.@@@\\\", \\\"@@@Bamili kay\\u00f3 ng kapote.@@@\\\", \\\"@@@Bamili kayo ng kapote.@@@\\\",]\", \"matches_human_scoring\": false, \"fuzzy_matching\": true, \"manual_edit\": false}, {\"questionpart_n\": \"10\", \"question\": \"Provide the $$$Language X$$$ translation for: *Eric bought *the dress*. You do not need to include accents like \\u00e1 in your answers.\", \"answer\": \"[\\\"@@@Bumili ni Eric ang bar\\u00f2ng.@@@\\\", \\\"@@@Bumili ni Eric ang barong.@@@\\\", \\\"@@@Bamili ni Eric ang bar\\u00f2ng.@@@\\\", \\\"@@@Bamili ni Eric ang barong.@@@\\\", \\\"@@@Bumili ni Eric and bar\\u00f2ng.@@@\\\", \\\"@@@Bumili ni Eric and barong.@@@\\\", \\\"@@@Bamili ni Eric and bar\\u00f2ng.@@@\\\", \\\"@@@Bamili ni Eric and barong.@@@\\\"]\", \"matches_human_scoring\": false, \"fuzzy_matching\": true, \"manual_edit\": false}]}, {\"question_n\": \"Q5.2.\", \"prompt\": \"While playing a board game in which players can buy family members, the following is said. Give one possible $$$Language X$$$ translation for each of the English sentences.\", \"subprompts\": [{\"questionpart_n\": \"11\", \"question\": \"Rosa was bought by my father.\", \"answer\": \"[\\\"@@@Bilini ng am\\u00e1 ko si Rosa.@@@\\\", \\\"@@@Bumili ang am\\u00e1 ko ni Rosa.@@@\\\"]\", \"matches_human_scoring\": false, \"fuzzy_matching\": true, \"manual_edit\": false}, {\"questionpart_n\": \"12\", \"question\": \"My father was bought by my mother.\", \"answer\": \"[\\\"@@@Bilini ang in\\u00e1 ko ng am\\u00e1 ko.@@@\\\", \\\"@@@Bumili ng in\\u00e1 ko ang am\\u00e1 ko.@@@\\\"]\", \"matches_human_scoring\": false, \"fuzzy_matching\": true, \"manual_edit\": false}]}]",    "notes": "Split the table into separate sub prompts for easier marking",
    "answers_page": 3,
    "team_review": false
}