{
    "preamble": "Problem 1. $$$Language X$$$ (15 marks)\nThe $$$Language X$$$ poems were made up of four-liners, where each line was made up of a precise pattern of heavy and light syllables.",
    "context": "The first section of the $$$Language X$$$ poem @@@Arjunawiw\u0101h@@@ &&& &&& consisted of lines which followed the @@@\u015b\u0101rd\u016blawikr\u012bdita@@@ metre. In this metre, all lines have the same pattern: each consists of 19 syllables in an exact pattern of heavy and light syllables, except for the last syllable which can be either heavy or light. The first three syllables of a @@@\u015b\u0101rd\u016blawikr\u012bdita@@@ line are all heavy.\nBelow are two stanzas from the opening section of the @@@Arjunawiw\u0101ha@@@. NOTE: The letters \u0101, \u00e2, \u00ea, \u0115, \u012b, \u016b are vowels, while \u014b, \u00f1, \u015b, \u1e63, y are consonants. You should assume that the long vowels \u0101, \u012b, \u016b (and possibly others) occur only in heavy syllables.\n\n1.@@@lak\u1e63m\u012b ni\u014b suraloka sampun aya\u015b\u00e2\u014br\u0115\u00f1c\u0115m tapa mwa\u014b brata \n akweh sa\u014b pinilih pitu\u014b siki tik\u0101\u014b antuk ni\u014b okir mulat\nrw\u00eak\u0101\u014b \u0101di Tilottam\u0101 pam\u0115kas i\u014b kocap lawan Suprab\u0101\ntapwan marma tuhun l\u0115h\u0115\u014b l\u0115h\u0115\u014ba sa\u014bk\u00ea r\u016bpa sa\u014b hya\u014b Ratih@@@\n\n2.@@@tambeny\u00e2n lini\u014bir k\u0115t\u00eakin inam\u0115r deni\u014b wat\u0115k dewata \n samp\u016brna pwa ya mapradak\u1e63ina ta y\u00e2m\u016bj\u00e2mid\u0115r pintiga\nhya\u014b Brahm\u0101 dumadak caturmuka bat\u0101r\u00eandr\u00e2mah\u00e2kweh mata\nera\u014b mi\u014bg\u0115ka kociw\u00e2mb\u0115k ira yan k\u0101lanyan u\u014bgw i\u014b wuri@@@\n\nTable 1\nA\tB\tC\tD\nwords\t @@@y\u00eak\u0101 rakwa@@@\t @@@kapwa t\u00e2mur\u1e63ita@@@\t @@@Indra s\u0115d\u0115\u014b amwit@@@\t @@@kinon hya\u014b@@@\nposition (1-4)\t__(a)__\t__(b)__\t__(c)__\t__(d)__\nwords\t @@@da\u015bagunan@@@\t @@@tan sora@@@\t @@@pwa t\u0115kap nik\u0101@@@\t @@@r\u016bpanya dent\u00e2naku@@@ \nposition (1-4)\t__(e)__\t__(f)__\t__(g)__\t__(h)__\nwords\t @@@widy\u0101dar\u012b m\u016br t\u0115h\u0115r@@@\t @@@sinambahak\u0115n i\u014b@@@ \t @@@li\u014b hya\u014b@@@\t @@@\u015aakra nahan@@@\nposition (1-4)\t__(i)__\t__(j)__\t__(k)__\t__(l)__\nwords\t @@@lokika@@@\t @@@tan sangk\u00ea\u014b@@@\t @@@lwir sa\u014bgrah\u00ea\u014b@@@\t @@@wi\u1e63aya prayoj\u00f1ananira@@@ \nposition (1-4)\t__(m)__\t__(n)__\t__(o)__\t__(p)__\n\nTable 2\nword\t#1-19\n@@@param\u0101rthapandita@@@\t__(q)__\n@@@ametmet\u00e2\u015bray\u0101@@@\t__(r)__\n@@@santos\u00e2h\u0115l\u0115tan@@@\t__(s)__\n@@@candan\u00e2p\u0101yunan@@@\t__(t)__\n",
    "questions": "[{\"question_n\": \"Q1.1\", \"prompt\": \"The first table above contains four more lines from the first section of the @@@Arjunawiw\\u0101ha@@@ (in the @@@\\u015b\\u0101rd\\u016blawikr\\u012bdita@@@ metre), with their component parts (labelled A-D) jumbled. Match letter-labelled rows with a position (1-4) to show the position of each word-group in its line.\", \"subprompts\": [{\"questionpart_n\": \"a.\", \"question\": \"__(a)__\", \"answer\": \"1\", \"matches_human_scoring\": false, \"fuzzy_matching\": false, \"manual_edit\": false}, {\"questionpart_n\": \"b.\", \"question\": \"__(b)__\", \"answer\": \"4\", \"matches_human_scoring\": false, \"fuzzy_matching\": false, \"manual_edit\": false}, {\"questionpart_n\": \"c.\", \"question\": \"__(c)__\", \"answer\": \"3\", \"matches_human_scoring\": false, \"fuzzy_matching\": false, \"manual_edit\": false}, {\"questionpart_n\": \"d.\", \"question\": \"__(d)__\", \"answer\": \"2\", \"matches_human_scoring\": false, \"fuzzy_matching\": false, \"manual_edit\": false}, {\"questionpart_n\": \"e.\", \"question\": \"__(e)__\", \"answer\": \"3\", \"matches_human_scoring\": false, \"fuzzy_matching\": false, \"manual_edit\": false}, {\"questionpart_n\": \"f.\", \"question\": \"__(f)__\", \"answer\": \"1\", \"matches_human_scoring\": false, \"fuzzy_matching\": false, \"manual_edit\": false}, {\"questionpart_n\": \"g.\", \"question\": \"__(g)__\", \"answer\": \"2\", \"matches_human_scoring\": false, \"fuzzy_matching\": false, \"manual_edit\": false}, {\"questionpart_n\": \"h.\", \"question\": \"__(h)__\", \"answer\": \"4\", \"matches_human_scoring\": false, \"fuzzy_matching\": false, \"manual_edit\": false}, {\"questionpart_n\": \"i.\", \"question\": \"__(i)__\", \"answer\": \"4\", \"matches_human_scoring\": false, \"fuzzy_matching\": false, \"manual_edit\": false}, {\"questionpart_n\": \"j.\", \"question\": \"__(j)__\", \"answer\": \"3\", \"matches_human_scoring\": false, \"fuzzy_matching\": false, \"manual_edit\": false}, {\"questionpart_n\": \"k.\", \"question\": \"__(k)__\", \"answer\": \"1\", \"matches_human_scoring\": false, \"fuzzy_matching\": false, \"manual_edit\": false}, {\"questionpart_n\": \"l.\", \"question\": \"__(l)__\", \"answer\": \"2\", \"matches_human_scoring\": false, \"fuzzy_matching\": false, \"manual_edit\": false}, {\"questionpart_n\": \"m.\", \"question\": \"__(m)__\", \"answer\": \"4\", \"matches_human_scoring\": false, \"fuzzy_matching\": false, \"manual_edit\": false}, {\"questionpart_n\": \"n.\", \"question\": \"__(n)__\", \"answer\": \"1\", \"matches_human_scoring\": false, \"fuzzy_matching\": false, \"manual_edit\": false}, {\"questionpart_n\": \"o.\", \"question\": \"__(o)__\", \"answer\": \"3\", \"matches_human_scoring\": false, \"fuzzy_matching\": false, \"manual_edit\": false}, {\"questionpart_n\": \"p.\", \"question\": \"__(p)__\", \"answer\": \"2\", \"matches_human_scoring\": false, \"fuzzy_matching\": false, \"manual_edit\": false}]}, {\"question_n\": \"Q1.2\", \"prompt\": \"The second table above contains four more words which appear in different lines from the first section of the @@@Arjunawiw\\u0101ha@@@. Match the letter-labelled rows with a number (from 1 to 19) of the syllable in their respective lines on which these words begin.\", \"subprompts\": [{\"questionpart_n\": \"q.\", \"question\": \"__(q)__\", \"answer\": \"4\", \"matches_human_scoring\": false, \"fuzzy_matching\": false, \"manual_edit\": false}, {\"questionpart_n\": \"r.\", \"question\": \"__(r)__\", \"answer\": \"11\", \"matches_human_scoring\": false, \"fuzzy_matching\": false, \"manual_edit\": false}, {\"questionpart_n\": \"s.\", \"question\": \"__(s)__\", \"answer\": \"1\", \"matches_human_scoring\": false, \"fuzzy_matching\": false, \"manual_edit\": false}, {\"questionpart_n\": \"t.\", \"question\": \"__(t)__\", \"answer\": \"14\", \"matches_human_scoring\": false, \"fuzzy_matching\": false, \"manual_edit\": false}]}]",
    "notes": "Moved table in answer key up to context. Had to assign letters to fill-in-the-blanks task.",
    "answers_page": 2,
    "team_review": false
}