{
    "preamble": "Problem 2. $$$Language X$$$ (5 marks)\n &&& &&& In the following data, gh replaces the normal $$$Language X$$$ spelling, which uses the letter \u0263 for a voiced velar fricative \u2013 the voiced equivalent of the ch in loch and in the German Bach. The letter q represents a stop sound made with the uvula (the little point hanging down at the back of the mouth).\n",
    "context": "Here are some sentences in $$$Language X$$$ and their English translations.\n\n1\t@@@Ufgent.@@@\tThey flew.\n2\t@@@Uzzlegh.@@@\tI ran.\n3\t@@@Tufeg.@@@\tShe flew.\n4\t@@@Ur ufgegh ara.@@@\tI did not fly.\n5\t@@@Yuzzel weqcic.@@@\tA boy ran.\n6\t@@@Ur yufeg ara.@@@\tHe did not fly.\n7\t@@@Ur muqlent ara.@@@\tThey did not observe.\n8\t@@@Temuqel teqcict.@@@\tA girl observed.",
    "questions": "[{\"question_n\": \"Q 2.1\", \"prompt\": \"Translate the following sentences into $$$Language X$$$:\", \"subprompts\": [{\"questionpart_n\": \"9\", \"question\": \"I observed.\", \"answer\": \"@@@Muqlegh.@@@\", \"matches_human_scoring\": false, \"fuzzy_matching\": false, \"manual_edit\": false}, {\"questionpart_n\": \"10\", \"question\": \"They did not run.\", \"answer\": \"@@@Ur uzzlent ara.@@@\", \"matches_human_scoring\": false, \"fuzzy_matching\": false, \"manual_edit\": false}, {\"questionpart_n\": \"11\", \"question\": \"A girl ran.\", \"answer\": \"@@@Tuzzel teqcict.@@@\", \"matches_human_scoring\": false, \"fuzzy_matching\": false, \"manual_edit\": false}, {\"questionpart_n\": \"12\", \"question\": \"He did not observe.\", \"answer\": \"@@@Ur yemuqel ara.@@@\", \"matches_human_scoring\": false, \"fuzzy_matching\": false, \"manual_edit\": false}]}, {\"question_n\": \"Q 2.2\", \"prompt\": \"Which of the following rules explains why the sentence \\\"@@@Yuzzel teqcict@@@\\\" is incorrect in $$$Language X$$$? Choose just one by giving the letter of the correct answer.\\nA.\\tThe verb should come last.\\nB.\\tA verb has the prefix @@@t@@@- if its subject is feminine.\\nC.\\tIf two words combine, the first must be shorter than the second.\\nD.\\t@@@Yuzzel@@@ and @@@teqcict@@@ are both verbs, so they cannot combine.\", \"subprompts\": [{\"questionpart_n\": \"13\", \"question\": \"\", \"answer\": \"B\", \"matches_human_scoring\": false, \"fuzzy_matching\": false, \"manual_edit\": false}]}]",    "notes": "Converted a boxtick into providing a letter",
    "answers_page": 2,
    "team_review": false
}