{
    "preamble": "Problem 2. $$$Language X$$$ road trip (5 marks)\n\n &&& &&& &&& As a result of its isolation, $$$Language X$$$ has retained many characteristics of the ancestral language, making it particularly interesting for linguists.&&&",
    "context": "Four $$$People Z$$$ friends, Danute (f), Jokubas (m), Matis (m) and Regina (f) are planning a trip. Here are some extracts from their conversation. Pay attention to the extra lines and dots above and below the letters \u2013 they matter!\n\n Speaker \t      $$$Language X$$$ \t      English\n\n Danute to Jokubas    @@@Mes n\u00f3rime gr\u0105\u017eos.@@@    We want some change.\n\n Jokubas to Danute    @@@A\u0161 n\u00f3riu \u017eem\u0117lap\u012f.@@@    I want a map.\n\n Danute to Regina     @@@Jis ska\u00efto.@@@           He\u2019s reading. \n\n Jokubas to Matis     @@@Ar tu turi gr\u0105\u017eos?@@@    Do you have some change? \n\n Matis to Jokubas     @@@A\u0161 neturiu gr\u0105\u017eos.@@@    I don\u2019t have any change. \n\n Matis to the others  @@@J\u016bs einate.@@@           You\u2019re going. \n\n Regina to the others @@@Mes turime gr\u0105\u017eos.@@@    We have some change. \n\n Matis to Regina      @@@Tu turi dvirat\u012f.@@@      You have a bike.\n\n Matis to the others  @@@Regina turi dvirat\u012f.@@@  Regina has a bike.\n\n Jokubas to Danute    @@@Ska\u00eftyk \u017eem\u0117lap\u012f.@@@     Read the map!\n\n Danute to Matis and Regina @@@J\u016bs neska\u00eftote \u017eem\u0117lap\u012f.@@@ You aren\u2019t reading the map. \n\n Matis and Regina to Danute. @@@Mes einame.@@@    We\u2019re going.\n\n",
    "questions": "[{\"question_n\": \"Q 1\", \"prompt\": \"For you: From the conversation, work out how to translate these English sentences into $$$Language X$$$. Once again, make sure you pay attention to the extra lines and dots above and below the letters.\", \"subprompts\": [{\"questionpart_n\": \"1\", \"question\": \"Speaker: to Danute and Jokubas, English:Do you have a bike?\", \"answer\": \"@@@Ar j\\u016bs turite dvirat\\u012f?@@@\", \"matches_human_scoring\": true, \"fuzzy_matching\": false, \"manual_edit\": false}, {\"questionpart_n\": \"2\", \"question\": \"Speaker: to Jokubas and Matis, English: You\\u2019re not reading.\", \"answer\": \"@@@J\\u016bs neska\\u00eftote.@@@\", \"matches_human_scoring\": true, \"fuzzy_matching\": false, \"manual_edit\": false}, {\"questionpart_n\": \"3\", \"question\": \"Speaker: to Matis, English: You are going.\", \"answer\": \"@@@Tu eina.@@@\", \"matches_human_scoring\": true, \"fuzzy_matching\": false, \"manual_edit\": false}, {\"questionpart_n\": \"4\", \"question\": \"Is Matis going?\", \"answer\": \"@@@Ar Matis eina?@@@\", \"matches_human_scoring\": true, \"fuzzy_matching\": false, \"manual_edit\": false}, {\"questionpart_n\": \"5\", \"question\": \"We don\\u2019t want any change.\", \"answer\": \"@@@Mes nen\\u00f3rime gr\\u0105\\u017eos.@@@\", \"matches_human_scoring\": true, \"fuzzy_matching\": false, \"manual_edit\": false}, {\"questionpart_n\": \"6\", \"question\": \"Speaker: Jokubas to the others, English: You don\\u2019t have any change.\", \"answer\": \"@@@J\\u016bs neturite gr\\u0105\\u017eos.@@@\", \"matches_human_scoring\": true, \"fuzzy_matching\": false, \"manual_edit\": false}, {\"questionpart_n\": \"7\", \"question\": \"Don\\u2019t I have a bike?\", \"answer\": \"@@@Ar a\\u0161 neturiu dvirat\\u012f?@@@\", \"matches_human_scoring\": true, \"fuzzy_matching\": false, \"manual_edit\": false}, {\"questionpart_n\": \"8\", \"question\": \"I don\\u2019t want a map.\", \"answer\": \"@@@A\\u0161 nen\\u00f3riu \\u017eem\\u0117lap\\u012f.@@@\", \"matches_human_scoring\": true, \"fuzzy_matching\": false, \"manual_edit\": false}]}]",
    "notes": "",
    "answers_page": 3,
    "team_review": false
}