{
    "preamble": "Problem 9. Central $$$Language X$$$ sums \n Northern and Central $$$Language X$$$ are distinct but related languages. &&& &&&",
    "context": "In the following examples, you may like to know the following pronunciation facts.\n\u0272 - palatal nasal, like ni in onion.\n\u0283\u2019- postalveolar fricative, like sh in shell, but ejective (\u2018spat out\u2019)\nk\u2019 \u2013 velar stop like k in kiss, but ejective.\n\u1e2d - ee sound as in fee, but with \u2018creaky\u2019 voice.\n\u0294 - glottal stop, like the t in London butter (often written bu\u2019er).\n\u0169 \u2013 oo sound as in zoo, but nasalised like on in French bonjour. \n\nFirst, here are some numbers in Northern $$$Language X$$$:\n\n9 = @@@kara tenhiu\u0272 sante@@@\n13 = @@@kara tenhiu\u0272 git\u0283\u2019a\u1e2d@@@\n17 = @@@kanuje tenhiu\u0272 sante@@@\n20 = @@@kanuje tenhiu\u0272 giriu\u1e2d@@@\n26 = @@@karnu\u0294 tenhiu\u0272 nuji@@@\n30 = @@@karnu\u0294 tenhiu\u0272 tiria@@@\n35 = @@@giriu\u1e2d tenhiu\u0272 rnu\u0294@@@\n\nAnd now some arithmetic equalities in Central $$$Language X$$$ (where * means \u2018multiplied by\u2019):\n\n@@@nda ntsaw\u0294@@@ + @@@seska\u0294ai nda ntsaw\u0294 nda@@@ = @@@nda lien tili\u0272\u0169h\u0169\u0272@@@\n@@@ki\u0272ui@@@ + @@@nda ntsaw\u0294@@@ = @@@seska\u0294ai nui@@@\n@@@nda lien nda@@@ * @@@nui@@@ = @@@nui lien nui@@@\n@@@tili\u0272\u0169h\u0169\u0272@@@ + @@@kik\u2019ai@@@ = @@@tilija@@@ * @@@nui@@@\n@@@seska\u0294ai ranh\u0169\u0294@@@ * @@@ranh\u0169\u0294@@@ = @@@nda lien seska\u0294ai nda ntsaw\u0294 nda@@@\n@@@seska\u0294ai kik\u2019ai@@@ + @@@kik\u2019ai@@@ = @@@nui@@@ * @@@seska\u0294ai@@@\n@@@kik\u2019ai@@@ + @@@ranh\u0169\u0294@@@ = @@@nda ntsaw\u0294@@@\n@@@nda@@@ + @@@nui@@@ = @@@ranh\u0169\u0294@@@\n\nAnd finally an equality in both languages:\nNorthern $$$Language X$$$:\t\t Central $$$Language X$$$:\n@@@teriuhi\u0272@@@ * @@@kara tenhiu\u0272 nuji@@@ \t=\t @@@ranhũ\u0169\u0294 lien seska\u0294ai@@@,",
    "questions": "[{\"question_n\": \"Q9.1\", \"prompt\": \"Write out the following numbers in Northern $$$Language X$$$\", \"subprompts\": [{\"questionpart_n\": \"a.\", \"question\": \"2\", \"answer\": \"@@@nuji@@@\", \"matches_human_scoring\": false, \"fuzzy_matching\": false, \"manual_edit\": false}, {\"questionpart_n\": \"b.\", \"question\": \"31\", \"answer\": \"@@@karnu\\u0294 tenhiu\\u0272 teriuhi\\u0272@@@\", \"matches_human_scoring\": false, \"fuzzy_matching\": false, \"manual_edit\": false}]}, {\"question_n\": \"Q9.2\", \"prompt\": \"Write out the following numbers in Central $$$Language X$$$\", \"subprompts\": [{\"questionpart_n\": \"a.\", \"question\": \"9\", \"answer\": \"@@@nda ntsaw\\u0294 nda@@@\", \"matches_human_scoring\": false, \"fuzzy_matching\": false, \"manual_edit\": false}, {\"questionpart_n\": \"b.\", \"question\": \"56\", \"answer\": \"@@@nui lien seska\\u0294ai tilija@@@\", \"matches_human_scoring\": false, \"fuzzy_matching\": false, \"manual_edit\": false}, {\"questionpart_n\": \"c.\", \"question\": \"60\", \"answer\": \"@@@ranh\\u0169\\u0294 lien@@@\", \"matches_human_scoring\": false, \"fuzzy_matching\": false, \"manual_edit\": false}]}]",
    "notes": "",
    "answers_page": 3,
    "team_review": false
}