{
    "preamble": "Problem 4. $$$Language X$$$ (25 marks)\n &&& &&& When linguists first studied $$$Language X$$$, they believed that the singular and plural forms of $$$Language X$$$ nouns were completely unpredictable. More recently, however, studying the way that verbs conjugate in $$$Language X$$$ allowed linguists to find patterns in the singular and plural forms of nouns. This has allowed many nouns to be grouped according to declension patterns, although many remain unexplained.\n",
    "context": "Below are 22 $$$Language X$$$ nouns, in both singular and plural forms, each of which follow a one of the common patterns. The translations have been provided only for interest: they have no bearing on the solution to the problem.\n\nNote: t\u032a, d\u032a, \u0272, \u025f and \u014b are consonants; \u025b is the vowel in bed, and \u0254 is the vowel in not. $$$Language X$$$ has three vowel lengths: a short, aa medium, and aaa long; as well as three tones, a\u0301 high, a\u0300 low, and a\u0302 falling.\n\nSingular\tPlural\tTranslation\n@@@la\u0301j@@@\t@@@la\u0300aj@@@\tanimal\n@@@ga\u0302aar@@@\t@@@g\u025b\u0301\u025br@@@\tankle bell\n@@@\u014ba\u0300aar@@@\t@@@\u014b\u0254\u0301\u0254r@@@\tbean\n@@@di\u0301t@@@\t@@@dj\u025b\u0300\u025bt@@@\tbird\n@@@a\u0300\u025fw\u0254\u0300\u0254\u0254\u014b@@@\t@@@a\u0300\u025fo\u0301o\u014b@@@\tblacksmith\n@@@d\u032aa\u0300a\u014b@@@\t@@@d\u032a\u025b\u0302\u025b\u014b@@@\tbow, gun\n@@@g\u0254\u0301l@@@\t@@@ga\u0300al@@@\tcowdung fire\n@@@tw\u0254\u0301\u0254\u014b@@@\t@@@to\u0301\u014b@@@\tegg\n@@@ma\u0300ac@@@\t@@@m\u025b\u0302\u025bc@@@\tfire\n@@@ru\u0301p@@@\t@@@rwo\u0300op@@@\tforest\n@@@a\u0300dj\u025b\u0301\u025bl@@@\t@@@a\u0300di\u0301l@@@\tgazelle\n@@@bo\u0302ook@@@\t@@@bo\u0301ok@@@\thide\n@@@ro\u0300ok@@@\t@@@ro\u0302ok@@@\tkidney\n@@@\u0272\u0254\u0300\u0254k@@@\t@@@\u0272\u0254\u0302\u0254k@@@\tlouse\n@@@a\u0300ga\u0302aa\u0272@@@\t@@@a\u0300g\u025b\u0301\u025b\u0272@@@\tmonitor lizard\n@@@a\u0300g\u0254\u0302\u0254\u0254k@@@\t@@@a\u0300g\u0254\u0301\u0254k@@@\tmonkey\n@@@d\u032ae\u0301l@@@\t@@@d\u032a\u025b\u0300\u025bl@@@\tpath\n@@@wa\u0301al@@@\t@@@wa\u0301l@@@\tplant\n@@@\u0272e\u0302eel@@@\t@@@\u0272e\u0301el@@@\tpython\n@@@de\u0300e\u014b@@@\t@@@de\u0302e\u014b@@@\train\n@@@a\u0300ma\u0300aal@@@\t@@@a\u0300m\u025b\u0301\u025bl@@@\tsheep\n@@@a\u0300two\u0300oor@@@\t@@@a\u0300tu\u0301ur@@@\tslime\n\nBelow are some forms of 4 regular $$$Language X$$$ verbs.\n\nRoot\t1st person\t3rd person\tTranslation\n@@@n\u0254\u0300\u014b@@@\t@@@na\u0300a\u014b@@@\t@@@n\u0254\u0300\u0254\u014b@@@\tto have\n@@@ku\u0300c@@@\t@@@kwo\u0300oc@@@\t@@@ku\u0300uc@@@\tto not know\n@@@ma\u0300at@@@\t@@@ma\u0300aat@@@\t@@@m\u025b\u0300\u025b\u025bt@@@\tto smoke\n@@@l\u0254\u0300\u0254k@@@\t@@@la\u0300aak@@@\t@@@l\u0254\u0300\u0254\u0254k@@@\tto wash\n\nSome singular or plural forms of $$$Language X$$$ nouns are given below. Only two of them follow one of the common patterns demonstrated above.\n\nSingular\tPlural\tTranslation\n@@@a\u0300d\u025b\u0300\u025bn@@@\t-\tbeautiful one\n@@@mi\u0300iit@@@\t-\tfirefly\n@@@we\u0300eet@@@\t-\tmetal\n-\t@@@to\u0302o\u0272@@@\tpot\n-\t@@@\u025fa\u0302ak@@@\tevil spirit\n-\t@@@tu\u0302u\u014b@@@\thorn\n\nBelow are some more forms of $$$Language X$$$ verbs.\n\nRoot\t1st person\t3rd person\tTranslation\n__(a)__\t@@@lw\u0254\u0300\u0254\u0254j@@@\t__(b)__\tto be different\n__(c)__\t__(d)__\t@@@c\u025b\u0300\u025bm@@@\tto eat\n__(e)__\t@@@p\u025b\u0300\u025b\u025bc@@@\t__(f)__\tto loot\n@@@wi\u0300c@@@\t__(g)__\t@@@wi\u0300ic@@@\tto need\n__(h)__\t__(i)__\t@@@bo\u0300ok@@@\tto throw at\n\nBelow are the singular or plural forms of 10 more $$$Language X$$$ nouns.\n\nSingular\tPlural\tTranslation\n@@@ra\u0300aan@@@\t__(j)__\tperson\n__(k)__\t@@@wi\u0301il@@@\tbristle\n@@@r\u025b\u0300\u025b\u025bc@@@\t__(l)__\tfish\n__(m)__\t@@@ka\u0300al@@@\thole in ground\n__(n)__\t@@@ri\u0301m@@@\tblood\n@@@ko\u0301k@@@\t__(o)__\thole in tree\n__(p)__\t@@@le\u0301ek@@@\tpestle\n@@@ro\u0301l@@@\t__(q)__\tvoice\n@@@ji\u0300it\u032a@@@\t__(r)__\twell\n@@@a\u0300\u0272a\u0302aar@@@\t__(s)__\tbuffalo",
    "questions": "[{\"question_n\": \"Q 4.1\", \"prompt\": \"Which two of the six forms @@@a\\u0300d\\u025b\\u0300\\u025bn@@@, @@@mi\\u0300iit@@@, @@@we\\u0300eet@@@, @@@to\\u0302o\\u0272@@@, @@@\\u025fa\\u0302ak@@@, @@@tu\\u0302u\\u014b@@@ follow one of the common patterns above? Give the two words separated by a comma.\", \"subprompts\": [{\"questionpart_n\": \"1.\", \"question\": \"\", \"answer\": \"[\\\"@@@to\\u0302o\\u0272@@@, @@@tu\\u0302u\\u014b@@@\\\", \\\"@@@tu\\u0302u\\u014b@@@, @@@to\\u0302o\\u0272@@@\\\"]\", \"matches_human_scoring\": false, \"fuzzy_matching\": false, \"manual_edit\": false}]}, {\"question_n\": \"Q 4.2\", \"prompt\": \"Assuming that all of the verbs above conform to the same pattern, fill in the correct forms (a) - (i).\", \"subprompts\": [{\"questionpart_n\": \"(a)\", \"question\": \"__(a)__\", \"answer\": \"@@@lo\\u0300oj@@@\", \"matches_human_scoring\": false, \"fuzzy_matching\": false, \"manual_edit\": false}, {\"questionpart_n\": \"(b)\", \"question\": \"__(b)__\", \"answer\": \"@@@lo\\u0300ooj@@@\", \"matches_human_scoring\": false, \"fuzzy_matching\": false, \"manual_edit\": false}, {\"questionpart_n\": \"(c)\", \"question\": \"__(c)__\", \"answer\": \"@@@ca\\u0300m@@@\", \"matches_human_scoring\": false, \"fuzzy_matching\": false, \"manual_edit\": false}, {\"questionpart_n\": \"(d)\", \"question\": \"__(d)__\", \"answer\": \"@@@ca\\u0300am@@@\", \"matches_human_scoring\": false, \"fuzzy_matching\": false, \"manual_edit\": false}, {\"questionpart_n\": \"(e)\", \"question\": \"__(e)__\", \"answer\": \"@@@pe\\u0300ec@@@\", \"matches_human_scoring\": false, \"fuzzy_matching\": false, \"manual_edit\": false}, {\"questionpart_n\": \"(f)\", \"question\": \"__(f)__\", \"answer\": \"@@@pe\\u0300eec@@@\", \"matches_human_scoring\": false, \"fuzzy_matching\": false, \"manual_edit\": false}, {\"questionpart_n\": \"(g)\", \"question\": \"__(g)__\", \"answer\": \"@@@wj\\u025b\\u0300\\u025bc@@@\", \"matches_human_scoring\": false, \"fuzzy_matching\": false, \"manual_edit\": false}, {\"questionpart_n\": \"(h)\", \"question\": \"__(h)__\", \"answer\": \"@@@bo\\u0300k@@@\", \"matches_human_scoring\": false, \"fuzzy_matching\": false, \"manual_edit\": false}, {\"questionpart_n\": \"(i)\", \"question\": \"__(i)__\", \"answer\": \"@@@bw\\u0254\\u0300\\u0254k@@@\", \"matches_human_scoring\": false, \"fuzzy_matching\": false, \"manual_edit\": false}]}, {\"question_n\": \"Q 4.3\", \"prompt\": \"By using the common patterns demonstrated before, predict the missing forms (j) - (s). If there is more than one possible prediction, give them all, separated by commas.\", \"subprompts\": [{\"questionpart_n\": \"(j)\", \"question\": \"__(j)__\", \"answer\": \"[\\\"@@@r\\u025b\\u0301\\u025bn@@@, @@@r\\u0254\\u0301\\u0254n@@@\\\", \\\"@@@r\\u0254\\u0301\\u0254n@@@, @@@r\\u025b\\u0301\\u025bn@@@\\\"]\", \"matches_human_scoring\": false, \"fuzzy_matching\": false, \"manual_edit\": false}, {\"questionpart_n\": \"(k)\", \"question\": \"__(k)__\", \"answer\": \"[\\\"@@@wj\\u025b\\u0300\\u025b\\u025bl@@@, @@@wi\\u0302iil@@@\\\", \\\"@@@wi\\u0302iil@@@, @@@wj\\u025b\\u0300\\u025b\\u025bl@@@\\\"]\", \"matches_human_scoring\": false, \"fuzzy_matching\": false, \"manual_edit\": false}, {\"questionpart_n\": \"(l)\", \"question\": \"__(l)__\", \"answer\": \"@@@re\\u0301ec@@@\", \"matches_human_scoring\": false, \"fuzzy_matching\": false, \"manual_edit\": false}, {\"questionpart_n\": \"(m)\", \"question\": \"__(m)__\", \"answer\": \"[\\\"@@@ka\\u0301l@@@, @@@k\\u0254\\u0301l@@@\\\", \\\"@@@k\\u0254\\u0301l@@@, @@@ka\\u0301l@@@\\\"]\", \"matches_human_scoring\": false, \"fuzzy_matching\": false, \"manual_edit\": false}, {\"questionpart_n\": \"(n)\", \"question\": \"__(n)__\", \"answer\": \"@@@rj\\u025b\\u0301\\u025bm@@@\", \"matches_human_scoring\": false, \"fuzzy_matching\": false, \"manual_edit\": false}, {\"questionpart_n\": \"(o)\", \"question\": \"__(o)__\", \"answer\": \"@@@kw\\u0254\\u0300\\u0254k@@@\", \"matches_human_scoring\": false, \"fuzzy_matching\": false, \"manual_edit\": false}, {\"questionpart_n\": \"(p)\", \"question\": \"__(p)__\", \"answer\": \"[\\\"@@@l\\u025b\\u0300\\u025b\\u025bk@@@, @@@le\\u0302eek@@@\\\", \\\"@@@le\\u0302eek@@@, @@@l\\u025b\\u0300\\u025b\\u025bk@@@\\\"]\", \"matches_human_scoring\": false, \"fuzzy_matching\": false, \"manual_edit\": false}, {\"questionpart_n\": \"(q)\", \"question\": \"__(q)__\", \"answer\": \"@@@rw\\u0254\\u0300\\u0254l@@@\", \"matches_human_scoring\": false, \"fuzzy_matching\": false, \"manual_edit\": false}, {\"questionpart_n\": \"(r)\", \"question\": \"__(r)__\", \"answer\": \"@@@ji\\u0302it\\u032a@@@\", \"matches_human_scoring\": false, \"fuzzy_matching\": false, \"manual_edit\": false}, {\"questionpart_n\": \"(s)\", \"question\": \"__(s)__\", \"answer\": \"@@@a\\u0300\\u0272\\u025b\\u0301\\u025br@@@\", \"matches_human_scoring\": false, \"fuzzy_matching\": false, \"manual_edit\": false}]}]",
    "notes": "Moved tables into context; rephrased assignments accordingly.",
    "answers_page": 3,
    "team_review": false
}