{
    "preamble": "Problem 4. $$$Language X$$$ (25 marks) &&& $$$Language X$$$ is spoken by about 2.7 million speakers across the globe&&& &&&. &&& In the standard orthography used here, a syllable-final consonant letter indicates a consonant sound if it is @@@m@@@, but otherwise it indicates a tone; for example, the -@@@s@@@ in @@@mis@@@ indicates low tone (so, @@@mis@@@ = /@@@mì@@@/).",
    "context": "Here is a list of phrases in $$$Language X$$$, and their English translations in a random order.\n\nTABLE 1\n\n A \t @@@daim nplooj@@@ \t 1 \t the book\n\n B \t @@@daim ntawv@@@ \t 2 \t the breast\n\n C \t @@@kua mis@@@ \t 3 \t the coin\n\n D \t @@@kua txiv hmab@@@ \t 4 \t the fruit\n\n E \t @@@lub mis@@@ \t 5       the grape juice\n\n F \t @@@lub ntaws@@@ \t 6 \t the leaf\n\n G \t @@@lub nyiaj@@@ \t 7 \t the message (spoken)\n\n H \t @@@lub txiv@@@ \t 8 \t the message (written)\n\n I \t @@@phau khaub@@@ \t 9 \t the milk\n\n J \t @@@phau ntawv@@@ \t 10 \t the navel\n\n K \t @@@phau nyiaj@@@ \t 11 \t the nerves\n\n L \t @@@tsab ntawv@@@ \t 12 \t the pile of clothes\n\n M \t @@@tsab xov@@@ \t 13 \t the postal letter\n\n N \t @@@txoj hmab@@@ \t 14 \t the road\n\n O \t @@@txoj kev@@@ \t 15 \t the sheet of paper\n\n P \t @@@txoj kev thaj yeeb@@@ \t 16 \t the stack of bank notes\n\n Q \t @@@txoj leeg@@@ \t 17 \t the umbilical cord\n\n R \t @@@txoj ntaws@@@ \t 18 \t the vine\n\n S \t @@@zaj xov@@@ \t 19 \t the way of peace\n\n\nTABLE 2\n$$$Language X$$$ \t English\n\n __(a)__ @@@hnub@@@ \t the sun\n\n __(b)__ @@@hlua@@@ \t the rope\n\n __(c)__ @@@nkauj@@@ \t the song\n\n @@@sau@@@ __(d)__ \t the essay\n\n __(e)__ __(f)__ \t the field\n\n __(g)__ __(h)__ __(i)__ the grape",
    "questions": "[{\"question_n\": \"Q 4.1\", \"prompt\": \"&&& &&& Match up the $$$Language X$$$ phrases A-S with their English translations 1-19. Write the corresponding number of the word that matches the English translation.\", \"subprompts\": [{\"questionpart_n\": \"A\", \"question\": \"@@@daim nplooj@@@\", \"answer\": \"6\", \"matches_human_scoring\": true, \"fuzzy_matching\": false, \"manual_edit\": false}, {\"questionpart_n\": \"B\", \"question\": \"@@@daim ntawv@@@\", \"answer\": \"15\", \"matches_human_scoring\": true, \"fuzzy_matching\": false, \"manual_edit\": false}, {\"questionpart_n\": \" C \\t \", \"question\": \"@@@kua mis@@@\", \"answer\": \"9\", \"matches_human_scoring\": true, \"fuzzy_matching\": false, \"manual_edit\": false}, {\"questionpart_n\": \"D\", \"question\": \"@@@kua txiv hmab@@@\", \"answer\": \"5\", \"matches_human_scoring\": true, \"fuzzy_matching\": false, \"manual_edit\": false}, {\"questionpart_n\": \"E\", \"question\": \"@@@lub mis@@@\", \"answer\": \"2\", \"matches_human_scoring\": true, \"fuzzy_matching\": false, \"manual_edit\": false}, {\"questionpart_n\": \"F\", \"question\": \"@@@lub ntaws@@@ \", \"answer\": \"10\", \"matches_human_scoring\": true, \"fuzzy_matching\": false, \"manual_edit\": false}, {\"questionpart_n\": \"G\", \"question\": \"@@@lub nyiaj@@@ \", \"answer\": \"3\", \"matches_human_scoring\": true, \"fuzzy_matching\": false, \"manual_edit\": false}, {\"questionpart_n\": \"H\", \"question\": \"@@@lub txiv@@@\", \"answer\": \"4\", \"matches_human_scoring\": true, \"fuzzy_matching\": false, \"manual_edit\": false}, {\"questionpart_n\": \"I\", \"question\": \"@@@phau khaub@@@\", \"answer\": \"12\", \"matches_human_scoring\": true, \"fuzzy_matching\": false, \"manual_edit\": false}, {\"questionpart_n\": \"J\", \"question\": \"@@@phau ntawv@@@\", \"answer\": \"1\", \"matches_human_scoring\": true, \"fuzzy_matching\": false, \"manual_edit\": false}, {\"questionpart_n\": \"K\", \"question\": \"@@@phau nyiaj@@@\", \"answer\": \"16\", \"matches_human_scoring\": true, \"fuzzy_matching\": false, \"manual_edit\": false}, {\"questionpart_n\": \"L\", \"question\": \"@@@tsab ntawv@@@\", \"answer\": \"13\", \"matches_human_scoring\": true, \"fuzzy_matching\": false, \"manual_edit\": false}, {\"questionpart_n\": \"M\", \"question\": \"@@@tsab xov@@@\", \"answer\": \"8\", \"matches_human_scoring\": true, \"fuzzy_matching\": false, \"manual_edit\": false}, {\"questionpart_n\": \"N\", \"question\": \"@@@txoj hmab@@@\", \"answer\": \"18\", \"matches_human_scoring\": true, \"fuzzy_matching\": false, \"manual_edit\": false}, {\"questionpart_n\": \"O\", \"question\": \"@@@txoj kev@@@\", \"answer\": \"14\", \"matches_human_scoring\": true, \"fuzzy_matching\": false, \"manual_edit\": false}, {\"questionpart_n\": \"P\", \"question\": \"@@@txoj kev thaj yeeb@@@\", \"answer\": \"19\", \"matches_human_scoring\": true, \"fuzzy_matching\": false, \"manual_edit\": false}, {\"questionpart_n\": \"Q\", \"question\": \"@@@txoj leeg@@@\", \"answer\": \"11\", \"matches_human_scoring\": true, \"fuzzy_matching\": false, \"manual_edit\": false}, {\"questionpart_n\": \"R\", \"question\": \"@@@txoj ntaws@@@\", \"answer\": \"17\", \"matches_human_scoring\": true, \"fuzzy_matching\": false, \"manual_edit\": false}, {\"questionpart_n\": \"S\", \"question\": \"@@@zaj xov@@@\", \"answer\": \"7\", \"matches_human_scoring\": true, \"fuzzy_matching\": false, \"manual_edit\": false}]}, {\"question_n\": \"Q 4.2\", \"prompt\": \"Complete the table with your answer &&& &&& given that @@@teb@@@ means land. Include the $$$Language X$$$ words given as the first or last words of the phrases concerned.\", \"subprompts\": [{\"questionpart_n\": \"a\", \"question\": \"__(a)__ @@@hnub@@@\", \"answer\": \"@@@lub@@@\", \"matches_human_scoring\": true, \"fuzzy_matching\": false, \"manual_edit\": false}, {\"questionpart_n\": \"b\", \"question\": \"__(b)__ @@@hlua@@@\", \"answer\": \"@@@txoj@@@\", \"matches_human_scoring\": true, \"fuzzy_matching\": false, \"manual_edit\": false}, {\"questionpart_n\": \"c\", \"question\": \"__(c)__ @@@nkauj@@@ \", \"answer\": \"@@@zaj@@@\", \"matches_human_scoring\": true, \"fuzzy_matching\": false, \"manual_edit\": false}, {\"questionpart_n\": \"d\", \"question\": \"@@@sau@@@ __(d)__ \", \"answer\": \"@@@ntawv@@@\", \"matches_human_scoring\": true, \"fuzzy_matching\": false, \"manual_edit\": false}, {\"questionpart_n\": \"e\", \"question\": \"__(e)__ __(f)__ \", \"answer\": \"@@@daim teb@@@\", \"matches_human_scoring\": true, \"fuzzy_matching\": false, \"manual_edit\": false}, {\"questionpart_n\": \"f\", \"question\": \"__(g)__ __(h)__ __(i)__\", \"answer\": \"@@@lub txiv hmab@@@\", \"matches_human_scoring\": true, \"fuzzy_matching\": false, \"manual_edit\": false}]}]",
    "notes": "",
    "answers_page": 2,
    "team_review": false
  }