{
    "preamble": "Problem 7. $$$Language X$$$ (20 marks)",
    "context": "Here are some words in $$$Language X$$$. Normally, $$$Language X$$$ is written in &&& &&& a different script, but for ease of reading, these words have been transcribed into Latin script. For each word, the singular, plural, and \u2018directive\u2019 (meaning \u2018to\u2019 or \u2018towards\u2019) forms are given, as well as the pronunciation of the singular form. Some forms have been replaced by numbers (1) to (10). \n\nNote: in the Pronunciation column, a colon (:) after a vowel marks vowel length; \u0301  over a vowel marks stress; [\u0262] denotes a consonant like [g], but pronounced further back in the mouth.\n\nSingular\tPlural\tDirective\tPronunciation (sing.)\tTranslation\n@@@hav\u010daar@@@\t@@@hav\u010daaruud@@@\t@@@hav\u010daarluu@@@\t[@@@xav\u010da\u0301:r@@@]\t\u2018dog\u2019\n@@@\u00f6rh@@@\t@@@\u00f6rh\u00fc\u00fcd@@@\t@@@\u00f6rhr\u00fc\u00fc@@@\t[@@@\u0275\u0301rx@@@]\t\u2018household\u2019\n@@@mangar@@@\t@@@mangar nar@@@\t@@@mangarluu@@@\t[@@@ma\u0301n\u0262ar@@@]\t\u2018fool\u2019\n@@@hun@@@\t@@@hun nar@@@\t@@@hunruu@@@\t[@@@x\u028a\u0301\u014b@@@]\t\u2018man\u2019\n@@@\u00f6vs@@@\t@@@\u00f6vs\u00fc\u00fcd@@@\t@@@\u00f6vsr\u00fc\u00fc@@@\t[@@@\u0275\u0301vs@@@]\t\u2018grass\u2019\n@@@heer@@@\t@@@heer\u00fc\u00fcd@@@\t@@@heerl\u00fc\u00fc@@@\t[@@@xe\u0301:r@@@]\t\u2018field\u2019\n@@@neg@@@\t@@@neg\u00fc\u00fcd@@@\t__(1)__\t[@@@ne\u0301\u0261@@@]\t\u2018ace (playing cards)\u2019\n@@@denl\u00fc\u00fc@@@\t@@@denl\u00fc\u00fc\u010d\u00fc\u00fcd@@@\t@@@denl\u00fc\u00fcr\u00fc\u00fc@@@\t[@@@denlu\u0301:@@@]\t\u2018lamp\u2019\n@@@zutan@@@\t@@@zutanuud@@@\t@@@zutanruu@@@\t[@@@z\u028a\u0301ta\u014b@@@]\t\u2018cream soup\u2019\n@@@sugar@@@\t@@@sugaruud@@@\t@@@sugarluu@@@\t[@@@s\u028a\u0301\u0262ar@@@]\t\u2018Venus (planet)\u2019\n@@@\u0161\u00fcleg@@@\t__(2)__\t__(3)__\t[@@@\u0161u\u0301le\u0261@@@]\t\u2018poem\u2019\n@@@gal@@@\t@@@galuud@@@\t@@@galruu@@@\t[@@@\u0262a\u0301l@@@]\t\u2018fire\u2019\n@@@nuguu@@@\t@@@nuguu\u010duud@@@\t@@@nuguuruu@@@\t[@@@n\u028a\u0262\u028a\u0301:@@@]\t\u2018back (body part)\u2019\n@@@n\u00f6k\u00f6r@@@\t__(4)__\t__(5)__\t[@@@n\u0275\u0301k\u0275r@@@]\t\u2018husband\u2019\n@@@darga@@@\t__(6)__\t__(7)__\t__(8)__\t\u2018mouth\u2019\n@@@g\u00f6l\u00f6g@@@\t@@@g\u00f6l\u00f6g\u00fc\u00fcd@@@\t@@@g\u00f6l\u00f6gr\u00fc\u00fc@@@\t[@@@\u0261\u0275\u0301l\u0275\u0261@@@]\t\u2018puppy\u2019\n@@@aav@@@\t@@@aav nar@@@\t@@@aavruu@@@\t[@@@a\u0301:v@@@]\t\u2018father\u2019\n@@@h\u00fc\u00fchen@@@\t@@@h\u00fc\u00fchen nar@@@\t@@@h\u00fc\u00fchenr\u00fc\u00fc@@@\t[@@@xu\u0301:xe\u014b@@@]\t\u2018woman\u2019\n@@@ovog@@@\t__(9)__\t__(10)__\t[@@@ov\u00f3\u0262@@@]\t\u2018surname\u2019\n@@@haan\u010dlah@@@\t__(11)__\t__(12)__\t__(13)__\t\u2018king\u2019\n@@@g\u00fcrvel@@@\t__(14)__\t__(15)__\t__(16)__\t\u2018lizard\u2019\n@@@delg\u00fc\u00fcr@@@\t__(17)__\t__(18)__\t__(19)__\t\u2018store\u2019\n@@@zuun@@@\t__(20)__\t__(21)__\t__(22)__\t\u2018century\u2019\n@@@\u010danar@@@\t__(23)__\t__(24)__\t__(25)__\t\u2018quality\u2019",
    "questions": "[{\"question_n\": \"Q 9.1\", \"prompt\": \"Fill in the gaps 1-25.\", \"subprompts\": [{\"questionpart_n\": \"(1)\", \"question\": \"__(1)__\", \"answer\": \"@@@negr\\u00fc\\u00fc@@@\", \"matches_human_scoring\": false, \"fuzzy_matching\": false, \"manual_edit\": false}, {\"questionpart_n\": \"(2)\", \"question\": \"__(2)__\", \"answer\": \"@@@\\u0161\\u00fcleg\\u00fc\\u00fcd@@@\", \"matches_human_scoring\": false, \"fuzzy_matching\": false, \"manual_edit\": false}, {\"questionpart_n\": \"(3)\", \"question\": \"__(3)__\", \"answer\": \"@@@\\u0161\\u00fclegr\\u00fc\\u00fc@@@\", \"matches_human_scoring\": false, \"fuzzy_matching\": false, \"manual_edit\": false}, {\"questionpart_n\": \"(4)\", \"question\": \"__(4)__\", \"answer\": \"@@@n\\u00f6k\\u00f6r nar@@@\", \"matches_human_scoring\": false, \"fuzzy_matching\": false, \"manual_edit\": false}, {\"questionpart_n\": \"(5)\", \"question\": \"__(5)__\", \"answer\": \"@@@n\\u00f6k\\u00f6rl\\u00fc\\u00fc@@@\", \"matches_human_scoring\": false, \"fuzzy_matching\": false, \"manual_edit\": false}, {\"questionpart_n\": \"(6)\", \"question\": \"__(6)__\", \"answer\": \"@@@darga\\u010duud@@@\", \"matches_human_scoring\": false, \"fuzzy_matching\": false, \"manual_edit\": false}, {\"questionpart_n\": \"(7)\", \"question\": \"__(7)__\", \"answer\": \"@@@dargaruu@@@\", \"matches_human_scoring\": false, \"fuzzy_matching\": false, \"manual_edit\": false}, {\"questionpart_n\": \"(8)\", \"question\": \"__(8)__\", \"answer\": \"[@@@da\\u0301r\\u0262a@@@]\", \"matches_human_scoring\": false, \"fuzzy_matching\": false, \"manual_edit\": false}, {\"questionpart_n\": \"(9)\", \"question\": \"__(9)__\", \"answer\": \"@@@ovoguud@@@\", \"matches_human_scoring\": false, \"fuzzy_matching\": false, \"manual_edit\": false}, {\"questionpart_n\": \"(10)\", \"question\": \"__(10)__\", \"answer\": \"@@@ovogruu@@@\", \"matches_human_scoring\": false, \"fuzzy_matching\": false, \"manual_edit\": false}, {\"questionpart_n\": \"(11)\", \"question\": \"__(11)__\", \"answer\": \"@@@haan\\u010dlah nar@@@\", \"matches_human_scoring\": false, \"fuzzy_matching\": false, \"manual_edit\": false}, {\"questionpart_n\": \"(12)\", \"question\": \"__(12)__\", \"answer\": \"@@@haan\\u010dlahruu@@@\", \"matches_human_scoring\": false, \"fuzzy_matching\": false, \"manual_edit\": false}, {\"questionpart_n\": \"(13)\", \"question\": \"__(13)__\", \"answer\": \"[@@@xa\\u0301:n\\u010dlax@@@]\", \"matches_human_scoring\": false, \"fuzzy_matching\": false, \"manual_edit\": false}, {\"questionpart_n\": \"(14)\", \"question\": \"__(14)__\", \"answer\": \"@@@g\\u00fcrvel\\u00fc\\u00fcd@@@\", \"matches_human_scoring\": false, \"fuzzy_matching\": false, \"manual_edit\": false}, {\"questionpart_n\": \"(15)\", \"question\": \"__(15)__\", \"answer\": \"@@@g\\u00fcrvelr\\u00fc\\u00fc@@@\", \"matches_human_scoring\": false, \"fuzzy_matching\": false, \"manual_edit\": false}, {\"questionpart_n\": \"(16)\", \"question\": \"__(16)__\", \"answer\": \"[@@@\\u0261u\\u0301rvel@@@]\", \"matches_human_scoring\": false, \"fuzzy_matching\": false, \"manual_edit\": false}, {\"questionpart_n\": \"(17)\", \"question\": \"__(17)__\", \"answer\": \"@@@delg\\u00fc\\u00fcr\\u00fc\\u00fcd@@@\", \"matches_human_scoring\": false, \"fuzzy_matching\": false, \"manual_edit\": false}, {\"questionpart_n\": \"(18)\", \"question\": \"__(18)__\", \"answer\": \"@@@delg\\u00fc\\u00fcrl\\u00fc\\u00fc@@@\", \"matches_human_scoring\": false, \"fuzzy_matching\": false, \"manual_edit\": false}, {\"questionpart_n\": \"(19)\", \"question\": \"__(19)__\", \"answer\": \"[@@@delg\\u00fa:r@@@]\", \"matches_human_scoring\": false, \"fuzzy_matching\": false, \"manual_edit\": false}, {\"questionpart_n\": \"(20)\", \"question\": \"__(20)__\", \"answer\": \"@@@zuunuud@@@\", \"matches_human_scoring\": false, \"fuzzy_matching\": false, \"manual_edit\": false}, {\"questionpart_n\": \"(21)\", \"question\": \"__(21)__\", \"answer\": \"@@@zuunruu@@@\", \"matches_human_scoring\": false, \"fuzzy_matching\": false, \"manual_edit\": false}, {\"questionpart_n\": \"(22)\", \"question\": \"__(22)__\", \"answer\": \"[@@@z\\u028a\\u0301:\\u014b@@@]\", \"matches_human_scoring\": false, \"fuzzy_matching\": false, \"manual_edit\": false}, {\"questionpart_n\": \"(23)\", \"question\": \"__(23)__\", \"answer\": \"@@@\\u010danaruud@@@\", \"matches_human_scoring\": false, \"fuzzy_matching\": false, \"manual_edit\": false}, {\"questionpart_n\": \"(24)\", \"question\": \"__(24)__\", \"answer\": \"@@@\\u010danarluu@@@\", \"matches_human_scoring\": false, \"fuzzy_matching\": false, \"manual_edit\": false}, {\"questionpart_n\": \"(25)\", \"question\": \"__(25)__\", \"answer\": \"[@@@\\u010da\\u0301nar@@@]\", \"matches_human_scoring\": false, \"fuzzy_matching\": false, \"manual_edit\": false}]}, {\"question_n\": \"Q 2.2\", \"prompt\": \"One of the following $$$Language X$$$ words was originally a loanword from another language: @@@nutag@@@, @@@k\\u00fcnda@@@, @@@\\u0161oron@@@, @@@gudam\\u017e@@@, @@@ehner@@@. Which one is it? Give the full Mongolian word.\", \"subprompts\": [{\"questionpart_n\": \"(26)\", \"question\": \"\", \"answer\": \"@@@k\\u00fcnda@@@\", \"matches_human_scoring\": false, \"fuzzy_matching\": false, \"manual_edit\": false}]}]",
    "notes": "Restructed the assignments to make every table in the context, and remove explanatory component.",
    "answers_page": 3,
    "team_review": false
}