{
    "preamble": "Problem 9. You speak $$$Language X$$$, don\u2019t you? (25 marks)",
    "context": "Below are some phrases from $$$Language X$$$ along with their English translations.\n\n@@@Ufuna ukunatha itiye na?@@@\tDo you want to drink tea?\n@@@Yebo, ngiyafuna.@@@\tYes, I do (want to).\n@@@Sifuna ukuhamba.@@@\tWe want to go.\n@@@Umfana uyapheka.@@@\tThe boy is cooking.\n@@@Ngifunda ukupheka.@@@\tI am learning to cook.\n@@@Abafana bayahamba.@@@\tThe boys are going.\n@@@Abangane bayahamba na?@@@\tAre the friends going?\n@@@Umngane uyahamba angithi?@@@\tThe friend is going, isn\u2019t he?\n@@@Abafana banatha itiye na?@@@\tAre the boys drinking tea?\n@@@Umngane uyanatha.@@@\tThe friend is drinking.\n@@@Banjani abantwana?@@@\tHow are the children?\n@@@Uthunga njani?@@@\tHow do you sew?\n@@@Ufuna ukufunda angithi?@@@\tHe wants to learn, doesn't he?\n@@@Yebo, uyafuna.@@@\tYes, he does (want to).\n@@@Bangaphi abafana?@@@\tWhere are the boys?\n@@@Ubaba ubona umfana.@@@\tFather sees the boy.\n@@@Ngifunda ukukhuluma indebele ngaphi?@@@\tWhere do I learn to speak Ndebele?",
    "questions": "[{\"question_n\": \"Q 1\", \"prompt\": \"Translate the following sentences into English:\", \"subprompts\": [{\"questionpart_n\": \"(a)\", \"question\": \"@@@Yebo, bafuna ukubona.@@@\", \"answer\": \"Yes, they want to see.\", \"matches_human_scoring\": false, \"fuzzy_matching\": false, \"manual_edit\": false}, {\"questionpart_n\": \"(b)\", \"question\": \"@@@Umfana ufunda ukuthunga njani?@@@\", \"answer\": \"[\\\"How does the boy learn to sew?\\\", \\\"How is the boy learning to sew?\\\"]\", \"matches_human_scoring\": false, \"fuzzy_matching\": false, \"manual_edit\": false}, {\"questionpart_n\": \"(c)\", \"question\": \"@@@Singaphi?@@@\", \"answer\": \"Where are we?\", \"matches_human_scoring\": false, \"fuzzy_matching\": false, \"manual_edit\": false}, {\"questionpart_n\": \"(d)\", \"question\": \"@@@Ngipheka itiye.@@@\", \"answer\": \"[\\\"I am cooking tea.\\\", \\\"I am cooking the tea.\\\", \\\"I cook tea.\\\", \\\"I cook the tea.\\\"]\", \"matches_human_scoring\": false, \"fuzzy_matching\": false, \"manual_edit\": false}]}, {\"question_n\": \"Q 2\", \"prompt\": \"Translate the following sentences into $$$Language X$$$:\", \"subprompts\": [{\"questionpart_n\": \"(a)\", \"question\": \"How is the child?\", \"answer\": \"@@@Unjani umntwana?@@@\", \"matches_human_scoring\": false, \"fuzzy_matching\": false, \"manual_edit\": false}, {\"questionpart_n\": \"(b)\", \"question\": \"We are learning to cook, aren\\u2019t we?\", \"answer\": \"@@@Sifunda ukupheka angithi?@@@\", \"matches_human_scoring\": false, \"fuzzy_matching\": false, \"manual_edit\": false}, {\"questionpart_n\": \"(c)\", \"question\": \"Yes, they are speaking.\", \"answer\": \"@@@Yebo, bayakhuluma.@@@\", \"matches_human_scoring\": false, \"fuzzy_matching\": false, \"manual_edit\": false}, {\"questionpart_n\": \"(d)\", \"question\": \"Do they want to see the father?\", \"answer\": \"@@@Bafuna ukubona ubaba na?@@@\", \"matches_human_scoring\": false, \"fuzzy_matching\": false, \"manual_edit\": false}]}]",
    "notes": "Removed quite a few of the answers as fuzzy.",
    "answers_page": 2,
    "team_review": false
}