{
    "preamble": "Problem 9. $$$Language X$$$ (25 marks)\n &&& $$$Language X$$$ is a &&& &&& language, spoken by over a million people in $$$Country X$$$. It is one of the most-widely spoken indigenous languages &&& &&&, and the second most spoken language in $$$Country Z$$$ &&& &&& &&&.",
    "context": "Below are some sentences in $$$Language X$$$ with their English\ntranslations.\n\n@@@maj nume\u2019s pa le che\u2019@@@\tMy cat isn\u2019t in the tree.\n@@@sib\u2019alaj nim le b\u2019e@@@\tThe road is very big.\n@@@k\u2019o kaqal pa le raqan@@@\tThere is a rash on his leg.\n@@@na kinloq\u2019 ta le je\u2019l me\u2019s@@@\tI am not buying the pretty cat.\n@@@na xatinwiye\u2019j ta pa le kaq awo\u2019ch@@@\tI didn\u2019t wait for you in your red house.\n@@@xinutzukuj le nimaqan ajtij@@@\tThe tall teacher looked for me.\n@@@maj rachi\u2019il pa le kitijob\u2019al@@@\tHe doesn\u2019t have a friend at their school.\n@@@la k\u2019o utz awa@@@\tDo you have good food?\n@@@na xub\u2019an ta le q\u2019aq\u2019 pa le ko\u2019ch@@@\tHe didn\u2019t make the fire in their house.\n@@@xatkitijoj@@@\tThey taught you.\n@@@maj wa pa le nutijob\u2019al@@@\tThere is no food in my school.\n@@@kinkitzukuj@@@\tThey are looking for me.\n@@@k\u2019o sib\u2019alaj utz awuj@@@\tYou have a very good book.\n",
    "questions": "[{\"question_n\": \"Q 9.1\", \"prompt\": \"Translate the following into English. If you think a sentence has two possible meanings, give both.\", \"subprompts\": [{\"questionpart_n\": \"(a)\", \"question\": \"@@@maj me\\u2019s pa le ro\\u2019ch@@@\", \"answer\": \"[\\\"The cat isn\\u2019t in his house., There isn\\u2019t a cat in his house.\\\", \\\"There isn\\u2019t a cat in his house., The cat isn\\u2019t in his house.\\\"]\", \"matches_human_scoring\": false, \"fuzzy_matching\": false, \"manual_edit\": false}, {\"questionpart_n\": \"(b)\", \"question\": \"@@@na kutzukuj ta le kiwuj@@@\", \"answer\": \"He isn\\u2019t looking for their book.\", \"matches_human_scoring\": false, \"fuzzy_matching\": false, \"manual_edit\": false}, {\"questionpart_n\": \"(c)\", \"question\": \"@@@sib\\u2019alaj nimaqan le awachi\\u2019il@@@\", \"answer\": \"Your friend is very tall.\", \"matches_human_scoring\": false, \"fuzzy_matching\": false, \"manual_edit\": false}, {\"questionpart_n\": \"(d)\", \"question\": \"@@@la sib\\u2019alaj je\\u2019l le nuche\\u2019@@@\", \"answer\": \"Is my tree very pretty?\", \"matches_human_scoring\": false, \"fuzzy_matching\": false, \"manual_edit\": false}, {\"questionpart_n\": \"(e)\", \"question\": \"@@@kinb\\u2019an le nuwa@@@\", \"answer\": \"I am making my food.\", \"matches_human_scoring\": false, \"fuzzy_matching\": false, \"manual_edit\": false}]}, {\"question_n\": \"Q 9.2\", \"prompt\": \"Translate the following into $$$Language X$$$.\", \"subprompts\": [{\"questionpart_n\": \"(a)\", \"question\": \"He has a good teacher.\", \"answer\": \"@@@k\\u2019o  utz  rajtij@@@\", \"matches_human_scoring\": false, \"fuzzy_matching\": false, \"manual_edit\": false}, {\"questionpart_n\": \"(b)\", \"question\": \"He waited for you.\", \"answer\": \"@@@xatuwiye\\u2019j@@@\", \"matches_human_scoring\": false, \"fuzzy_matching\": false, \"manual_edit\": false}, {\"questionpart_n\": \"(c)\", \"question\": \"Is my red book in their tree?\", \"answer\": \"@@@la  k\\u2019o kaq  nuwuj  pa  le kiche\\u2019@@@\", \"matches_human_scoring\": false, \"fuzzy_matching\": false, \"manual_edit\": false}, {\"questionpart_n\": \"(d)\", \"question\": \"You didn't teach me in your school.\", \"answer\": \"@@@na xinattijoj ta pa le atijob\\u2019al@@@\", \"matches_human_scoring\": false, \"fuzzy_matching\": false, \"manual_edit\": false}]}]",
    "notes": "",
    "answers_page": 2,
    "team_review": false
}