{
    "preamble": "Problem 3. $$$Language X$$$ (20 marks)\n&&& $$$Language X$$$ is an indigenous language &&& &&&. &&& &&& &&&",
    "context": "Given below are some sentences in &&& &&& $$$Language X$$ and their translations into English.\n\n@@@korpa as wa isam@@@\tWe have had.\n@@@inkartek an wa an@@@\tI was glancing.\n@@@e inkar wa an@@@\tYou (sg) were seeing.\n@@@inu wa isam@@@\tHe has listened.\n@@@iperepa wa oka@@@\tThey were feeding.\n@@@e ipe wa an@@@\tYou (sg) were eating.\n@@@eci inuruypa wa oka@@@\tYou (pl) were listening a lot.\n@@@cie koretek wa isam@@@\tWe have lent you (sg).\n@@@cieci nukarruypa wa isam@@@\tWe have stared at you (pl).\n@@@eun nurepa wa oka@@@\tYou (sg) were telling us.\n@@@un etekpa wa oka@@@\tHe was tasting us.\n@@@ecien nutek wa an@@@\tYou (pl) were listening to me a little.\n@@@an yaynu wa isam@@@\tI have thought.\n@@@an eruypa wa oka@@@\tI was devouring them.\n@@@inuruypa as wa isam@@@\tWe have listened a lot.\n@@@en e wa an@@@\tThey were eating me.\n@@@e yaykore wa isam@@@\tYou (sg) have given yourself (sg).\n@@@cieci nurepa wa oka@@@\tWe were telling you (pl).\n\n\n\n\t$$$Language X$$$\tEnglish\n1\t@@@e nukarepa wa isam@@@\t__(a)__\n2\t@@@ci yaynukarpa wa oka@@@\t__(b)__\n3\t@@@e koreruy wa an@@@\t__(c)__\n4\t@@@nuruypa wa isam@@@\t__(d)__\n5\t__(e)__\tHe was listening to you (pl).\n6\t__(f)__\tYou (sg) were thinking a lot.\n7\t__(g)__\tWe were borrowing him.\n8\t__(h)__\tWe have eaten.\n9\t__(i)__\tThey were staring.\n10\t__(j)__\tI have glanced at them.\n",
    "questions": "[{\"question_n\": \"Q3.1.\", \"prompt\": \"Supply the missing translations in the table. If you think that multiple translations are possible for 1-4, write them all.\", \"subprompts\": [{\"questionpart_n\": \"(a)\", \"question\": \"__(a)__\", \"answer\": \"[\\\"You (sg) have shown them.\\\", \\\"You (sg) have showed them.\\\"]\", \"matches_human_scoring\": false, \"fuzzy_matching\": false, \"manual_edit\": false}, {\"questionpart_n\": \"(b)\", \"question\": \"__(b)__\", \"answer\": \"[\\\"We were seeing ourselves.\\\", \\\"We were looking at ourselves.\\\"]\", \"matches_human_scoring\": false, \"fuzzy_matching\": false, \"manual_edit\": false}, {\"questionpart_n\": \"(c)\", \"question\": \"__(c)__\", \"answer\": \"[\\\"He was donating you (sg)\\\", \\\"They were donating you (sg).\\\", \\\"You (sg) were donating (him).\\\"]\", \"matches_human_scoring\": false, \"fuzzy_matching\": false, \"manual_edit\": true}, {\"questionpart_n\": \"(d)\", \"question\": \"__(d)__\", \"answer\": \"[\\\"He has listened to him a lot.\\\", \\\"He has listened to them a lot.\\\", \\\"They have listened to him a lot.\\\", \\\"They have listened to them a lot.\\\"]\", \"matches_human_scoring\": false, \"fuzzy_matching\": false, \"manual_edit\": true}, {\"questionpart_n\": \"(e)\", \"question\": \"__(e)__\", \"answer\": \"@@@eci nupa wa oka@@@\", \"matches_human_scoring\": false, \"fuzzy_matching\": false, \"manual_edit\": false}, {\"questionpart_n\": \"(f)\", \"question\": \"__(f)__\", \"answer\": \"@@@e yaynuruy wa an@@@\", \"matches_human_scoring\": false, \"fuzzy_matching\": false, \"manual_edit\": false}, {\"questionpart_n\": \"(g)\", \"question\": \"__(g)__\", \"answer\": \"@@@ci koretekre wa an@@@\", \"matches_human_scoring\": false, \"fuzzy_matching\": false, \"manual_edit\": false}, {\"questionpart_n\": \"(h)\", \"question\": \"__(h)__\", \"answer\": \"@@@ipepa as wa isam@@@\", \"matches_human_scoring\": false, \"fuzzy_matching\": false, \"manual_edit\": false}, {\"questionpart_n\": \"(i)\", \"question\": \"__(i)__\", \"answer\": \"@@@inkarruypa wa oka@@@\", \"matches_human_scoring\": false, \"fuzzy_matching\": false, \"manual_edit\": false}, {\"questionpart_n\": \"(j)\", \"question\": \"__(j)__\", \"answer\": \"@@@an nukartekpa wa isam@@@\", \"matches_human_scoring\": false, \"fuzzy_matching\": false, \"manual_edit\": false}]}]",
    "notes": "Edited format to display as table.",
    "answers_page": 2,
    "team_review": false
}