{
    "preamble": "Question 4 $$$Language X$$$ Possessives (9 marks)\n$$$Language X$$$ &&& &&& contains quite a few loanwords from English &&& &&&.\n\n",
    "context": "The following table contains some nouns and the possessive forms (\u201cmy X\u201d, \u201cyour X\u201d, etc.) for those nouns. Note that $$$Language X$$$ distinguishes between singular and plural \u201cyou\u201d, and also\ndistinguishes between inclusive \u201cwe\u201d (we including you) and exclusive \u201cwe\u201d (we not including you).\n\n@@@arakbus@@@\t\"gun\"\n@@@askana@@@\t\"his/her clothes\"\n@@@bilamkana@@@\t\"their fish\"\n@@@bilammana@@@\t\"your (plural) fish\"\n@@@diimuih@@@\t\"snake\"\n@@@diikanamuih@@@\t\"their snake\"\n@@@diimamuih@@@\t\"your (singular) snake\"\n@@@gaadni@@@\t\"our (inclusive) god\"\n@@@iibin@@@\t\"heaven\"\n@@@kahma@@@\t\"iguana\"\n@@@kapak@@@\t\"manner\"\n@@@kapakka@@@\t\"his/her manner\"\n@@@karaskanamak@@@\t\"their knee\"\n@@@kiika@@@\t\"his/her stone\"\n@@@kululuk@@@\t\"woodpecker\"\n@@@liima@@@\t\"lemon\"\n@@@mistu@@@\t\"cat\"\n@@@sapaaka@@@\t\"his/her forehead\"\n@@@sikbilh@@@\t\"horsefly\"\n@@@siknibilh@@@\t\"our (inclusive) horsefly\"\n@@@suumanalu@@@\t\"your (plural) dog\"\n@@@paunimak@@@\t\"our (inclusive) tomato\"\n@@@taikinatai@@@\t\"our (exclusive) grey squirrel\"\n@@@taim@@@\t\"time\"\n@@@uumamak@@@\t\"your (singular) window\"\n@@@waikinaku@@@\t\"our (exclusive) moon\"\n@@@wasakanala@@@\t\"their possum\"\n\nThe list below contains pieces (in alphabetical order) of words in $$$Language X$$$. \n\n@@@a@@@\n@@@bin@@@\n@@@bus@@@\n@@@ii@@@\n@@@ka@@@\n@@@ka@@@\n@@@ka@@@\n@@@ka@@@\n@@@kah@@@\n@@@ki@@@\n@@@ki@@@\n@@@ki@@@\n@@@ku@@@\n@@@lii@@@\n@@@lu@@@\n@@@luk@@@\n@@@ma@@@\n@@@ma@@@\n@@@ma@@@\n@@@ma@@@\n@@@mis@@@\n@@@na@@@\n@@@na@@@\n@@@na@@@\n@@@na@@@\n@@@ni@@@\n@@@pak@@@\n@@@rak@@@\n@@@tai@@@\n@@@tai@@@\n@@@taim@@@\n@@@tu@@@\n\n\n\n",
    "questions": "[{\"question_n\": \"Q 4.1\", \"prompt\": \"The $$$Language X$$$ words for the meanings below can be made from the pieces listed (in alphabetical order) above. You may not use a piece more than once, but some pieces will be left over. Translate the meanings below into $$$Language X$$$.\", \"subprompts\": [{\"questionpart_n\": \"(1)\", \"question\": \"\\\"his/her grey squirrel\\\"\", \"answer\": \"@@@taikatai@@@\", \"matches_human_scoring\": false, \"fuzzy_matching\": false, \"manual_edit\": false}, {\"questionpart_n\": \"(2)\", \"question\": \"\\\"our (inclusive) heaven\\\"\", \"answer\": \"@@@iinibin@@@\", \"matches_human_scoring\": false, \"fuzzy_matching\": false, \"manual_edit\": false}, {\"questionpart_n\": \"(3)\", \"question\": \"\\\"your (plural) iguana\\\"\", \"answer\": \"@@@kahmanama@@@\", \"matches_human_scoring\": false, \"fuzzy_matching\": false, \"manual_edit\": false}, {\"questionpart_n\": \"(4)\", \"question\": \"his/her gun\", \"answer\": \"@@@arakkabus@@@\", \"matches_human_scoring\": false, \"fuzzy_matching\": false, \"manual_edit\": false}, {\"questionpart_n\": \"(5)\", \"question\": \"\\\"your (singular) lemon\\\"\", \"answer\": \"@@@liimama@@@\", \"matches_human_scoring\": false, \"fuzzy_matching\": false, \"manual_edit\": false}, {\"questionpart_n\": \"(6)\", \"question\": \"\\\"their woodpecker\\\"\", \"answer\": \"@@@kulukanaluk@@@\", \"matches_human_scoring\": false, \"fuzzy_matching\": false, \"manual_edit\": false}, {\"questionpart_n\": \"(7)\", \"question\": \"\\\"our (exclusive) time\\\"\", \"answer\": \"@@@taimkina@@@\", \"matches_human_scoring\": false, \"fuzzy_matching\": false, \"manual_edit\": false}, {\"questionpart_n\": \"(8)\", \"question\": \"\\\"my cat\\\"\", \"answer\": \"@@@miskitu@@@\", \"matches_human_scoring\": false, \"fuzzy_matching\": false, \"manual_edit\": false}]}, {\"question_n\": \"Q 4.2\", \"prompt\": \"The remaining pieces (those that you did not use in 4.1) can be rearranged into an $$$Language X$$$ word. What is the word, and what does it mean?\", \"subprompts\": [{\"questionpart_n\": \"a\", \"question\": \"What is the word?\", \"answer\": \"@@@kapakkina@@@\", \"matches_human_scoring\": false, \"fuzzy_matching\": false, \"manual_edit\": false}, {\"questionpart_n\": \"b\", \"question\": \"What does it mean?\", \"answer\": \"our (exclusive) manner\", \"matches_human_scoring\": false, \"fuzzy_matching\": false, \"manual_edit\": false}]}]",
    "notes": "Final question requires context from previous?",
    "answers_page": 3,
    "team_review": false
}