{
    "preamble": "Problem 4. A Dog\u2019s Breakfast (10 marks)",
    "context": "Below are some sentences in the $$$Language X$$$, followed by their English translations:\n\n@@@It-tifel ikanta l-kanzunetta.@@@\tThe boy sings the song.\n@@@It-tifel ma jinsultax il-\u0121ardinar.@@@\tThe boy doesn't insult the gardener\n@@@Il-kelb tat-tifel huwa imqareb.@@@\tThe boy's dog is naughty.\n@@@Il-ktieb tan-negozjant g\u0127ani huwa ma\u0127mu\u0121.@@@\tThe rich merchant's book is dirty.\n@@@Il-kolazzjon tal-kelb huwa tajjeb.@@@\tThe dog's breakfast is good.\n@@@It-tifla tal-\u0121ardinar jisma l-qattus imqareb.@@@\tThe gardener\u2019s daughter hears the naughty cat.\n@@@Is-sajjied \u017cg\u0127ir jara l-ktieb.@@@\tThe small fisherman sees the book.\n@@@Il-kantant ma jismax it-tifla.@@@\tThe singer doesn\u2019t hear the girl.\n@@@Il-farm tal-bidwi huwa kbir.@@@\tThe farmer\u2019s farm is big.\n\nBelow are ten more $$$Language X$$$ words, and their English translations on the right in random order.\nTable 2.\n(a) @@@biedja@@@\t(i) canine (adjective)\n(b) @@@negozju@@@\t(ii) fishing\n(c) @@@qtates@@@\t(iii) wealth\n(d) @@@tjieba@@@\t(iv) dirt, grime\n(e) @@@kitba@@@\t(v) vastness, immensity\n(f) @@@sajd@@@\t(vi) writing, literature\n(g) @@@g\u0127ana@@@\t(vii) agriculture\n(h) @@@kbar@@@\t(viii) business\n(i) @@@\u0127mie\u0121@@@\t(ix) virtue, goodness\n(j) @@@klieb@@@\t(x) kitten\n\n",
    "questions": "[{\"question_n\": \"Q 4.1\", \"prompt\": \"Q 4.1 Translate the following sentences into $$$Language X$$$:\", \"subprompts\": [{\"questionpart_n\": \"(a)\", \"question\": \"The girl\\u2019s book is small.\", \"answer\": \"@@@Il-ktieb tat-tifla huwa \\u017cg\\u0127ir.@@@\", \"matches_human_scoring\": false, \"fuzzy_matching\": false, \"manual_edit\": false}, {\"questionpart_n\": \"(b)\", \"question\": \"The dirty dog doesn\\u2019t see the gardener\\u2019s son.\", \"answer\": \"@@@Il-kelb ma\\u0127mu\\u0121 ma jarax it-tifel tal-\\u0121ardinar.@@@\", \"matches_human_scoring\": false, \"fuzzy_matching\": false, \"manual_edit\": false}, {\"questionpart_n\": \"(c)\", \"question\": \"The big farmer\\u2019s cat is good.\", \"answer\": \"@@@Il-qattus tal-bidwi kbir huwa tajjeb.@@@\", \"matches_human_scoring\": false, \"fuzzy_matching\": false, \"manual_edit\": false}, {\"questionpart_n\": \"(d)\", \"question\": \"The girl sees the rich boy\\u2019s breakfast.\", \"answer\": \"@@@It-tifla jara l-kolazzjon tat-tifel g\\u0127ani.@@@\", \"matches_human_scoring\": false, \"fuzzy_matching\": false, \"manual_edit\": false}]}, {\"question_n\": \"Q 4.2\", \"prompt\": \"Q 4.2 Table 2 shows ten $$$Language X$$$ words, and their English translations on the right in random order. Determine the correct correspondences. Please write the corresponding roman numeral of the word that matches the numbered item.\", \"subprompts\": [{\"questionpart_n\": \"(a)\", \"question\": \"@@@biedja@@@\", \"answer\": \"vii\", \"matches_human_scoring\": false, \"fuzzy_matching\": false, \"manual_edit\": false}, {\"questionpart_n\": \"(b)\", \"question\": \"@@@negozju@@@\", \"answer\": \"viii\", \"matches_human_scoring\": false, \"fuzzy_matching\": false, \"manual_edit\": false}, {\"questionpart_n\": \"(c)\", \"question\": \"@@@qtates@@@\", \"answer\": \"x\", \"matches_human_scoring\": false, \"fuzzy_matching\": false, \"manual_edit\": false}, {\"questionpart_n\": \"(d)\", \"question\": \"@@@tjieba@@@\", \"answer\": \"ix\", \"matches_human_scoring\": false, \"fuzzy_matching\": false, \"manual_edit\": false}, {\"questionpart_n\": \"(e)\", \"question\": \"@@@kitba@@@\", \"answer\": \"vi\", \"matches_human_scoring\": false, \"fuzzy_matching\": false, \"manual_edit\": false}, {\"questionpart_n\": \"(f)\", \"question\": \"@@@sajd@@@\", \"answer\": \"ii\", \"matches_human_scoring\": false, \"fuzzy_matching\": false, \"manual_edit\": false}, {\"questionpart_n\": \"(g)\", \"question\": \"@@@g\\u0127ana@@@\", \"answer\": \"iii\", \"matches_human_scoring\": false, \"fuzzy_matching\": false, \"manual_edit\": false}, {\"questionpart_n\": \"(h)\", \"question\": \"@@@kbar@@@\", \"answer\": \"v\", \"matches_human_scoring\": false, \"fuzzy_matching\": false, \"manual_edit\": false}, {\"questionpart_n\": \"(i)\", \"question\": \"@@@\\u0127mie\\u0121@@@\", \"answer\": \"iv\", \"matches_human_scoring\": false, \"fuzzy_matching\": false, \"manual_edit\": false}, {\"questionpart_n\": \"(j)\", \"question\": \"@@@klieb@@@\", \"answer\": \"i\", \"matches_human_scoring\": false, \"fuzzy_matching\": false, \"manual_edit\": false}]}]",
    "notes": "",
    "answers_page": 0,
    "team_review": false
}