{
    "preamble": "Problem 8. $$$Language X$$$ sums (20 marks)",
    "context": "Although many &&& &&& languages do not have words to express large numbers, $$$Language X$$$ has a rich vocabulary for them. Below are some numerical equalities in the $$$Language X$$$. (All numbers are positive integers.)\n\n@@@lurrkun rulu ga wanggang@@@ + @@@wanggang rulu ga wanggang@@@ = @@@dambumiriw rulu ga marrma@@@\n@@@lurrkun@@@ + @@@lurrkun rulu ga lurrkun@@@ = @@@dambumiriw rulu ga wanggang@@@\n@@@wanggang rulu ga marrma@@@ + @@@wanggang@@@ = @@@wanggang rulu ga lurrkun@@@\n@@@lurrkun@@@ \u00d7 @@@dambumiriw@@@ = @@@marrma rulu ga marrma@@@\n@@@wanggang rulu ga lurrkun@@@ + @@@marrma rulu ga lurrkun@@@ = @@@dambumiriw rulu ga wanggang@@@\n",
    "questions": "[{\"question_n\": \"Q 1.\", \"prompt\": \"Write the above equations in Arabic numerals.\", \"subprompts\": [{\"questionpart_n\": \"1)\", \"question\": \"@@@lurrkun rulu ga wanggang@@@ + @@@wanggang rulu ga wanggang@@@ = @@@dambumiriw rulu ga marrma@@@\", \"answer\": \"16 + 6 = 22\", \"matches_human_scoring\": false, \"fuzzy_matching\": false, \"manual_edit\": false}, {\"questionpart_n\": \"2) \", \"question\": \"@@@lurrkun@@@ + @@@lurrkun rulu ga lurrkun@@@ = @@@dambumiriw rulu ga wanggang@@@\", \"answer\": \"3 + 18 = 21\", \"matches_human_scoring\": false, \"fuzzy_matching\": false, \"manual_edit\": false}, {\"questionpart_n\": \"3) \", \"question\": \"@@@wanggang rulu ga marrma@@@ + @@@wanggang@@@ = @@@wanggang rulu ga lurrkun@@@\", \"answer\": \" 7 + 1 = 8\", \"matches_human_scoring\": false, \"fuzzy_matching\": false, \"manual_edit\": false}, {\"questionpart_n\": \"4)\", \"question\": \"@@@lurrkun@@@ \\u00d7 @@@dambumiriw@@@ = @@@marrma rulu ga marrma@@@\", \"answer\": \"3 \\u00d7 4 = 12\", \"matches_human_scoring\": false, \"fuzzy_matching\": false, \"manual_edit\": false}, {\"questionpart_n\": \"5) \", \"question\": \"@@@wanggang rulu ga lurrkun@@@ + @@@marrma rulu ga lurrkun@@@ = @@@dambumiriw rulu ga wanggang@@@\", \"answer\": \"8 + 13 = 21\", \"matches_human_scoring\": false, \"fuzzy_matching\": false, \"manual_edit\": false}]}, {\"question_n\": \"Q 2.\", \"prompt\": \"Write the following $$$Language X$$$ numbers in Arabic numerals.\", \"subprompts\": [{\"questionpart_n\": \"6)\", \"question\": \"@@@wanggang@@@\", \"answer\": \"1\", \"matches_human_scoring\": false, \"fuzzy_matching\": false, \"manual_edit\": false}, {\"questionpart_n\": \"7) \", \"question\": \"@@@dambumiriw rulu ga lurrkun@@@\", \"answer\": \"23\", \"matches_human_scoring\": false, \"fuzzy_matching\": false, \"manual_edit\": false}, {\"questionpart_n\": \"8)\", \"question\": \"@@@marrma rulu ga wanggang@@@\", \"answer\": \"11\", \"matches_human_scoring\": false, \"fuzzy_matching\": false, \"manual_edit\": false}]}, {\"question_n\": \"Q 3.\", \"prompt\": \"Write the following $$$Language X$$$ equalities in Arabic numerals.\", \"subprompts\": [{\"questionpart_n\": \"9)\", \"question\": \"@@@lurrkun rulu ga dambumiriw@@@ + @@@dambumiriw rulu ga wanggang@@@ = @@@dambumirri ga lurrkun rulu@@@\", \"answer\": \"19 + 21 = 40\", \"matches_human_scoring\": false, \"fuzzy_matching\": false, \"manual_edit\": false}, {\"questionpart_n\": \"10)\", \"question\": \"@@@lurrkun rulu ga wanggang@@@ \\u00d7 @@@marrma@@@ = @@@dambumirri ga wanggang rulu ga marrma@@@\", \"answer\": \"16 \\u00d7 2 = 32\", \"matches_human_scoring\": false, \"fuzzy_matching\": false, \"manual_edit\": false}, {\"questionpart_n\": \"11)\", \"question\": \"@@@wanggang rulu ga lurrkun@@@ \\u00d7 @@@wanggang rulu ga lurrkun@@@ = @@@marrma dambumirri ga marrma rulu ga dambumiriw@@@\", \"answer\": \"8 \\u00d7 8 = 64\", \"matches_human_scoring\": false, \"fuzzy_matching\": false, \"manual_edit\": false}, {\"questionpart_n\": \"12)\", \"question\": \"@@@marrma rulu ga marrma@@@ \\u00d7 @@@marrma rulu@@@ = @@@dambumiriw dambumirri ga dambumiriw rulu@@@\", \"answer\": \"12 \\u00d7 10 = 120\", \"matches_human_scoring\": false, \"fuzzy_matching\": false, \"manual_edit\": false}, {\"questionpart_n\": \"13)\", \"question\": \"@@@dambumirri rulu@@@ \\u00d7 @@@marrma@@@ = @@@marrma dambumirri rulu@@@\", \"answer\": \"125 \\u00d7 2 = 250\", \"matches_human_scoring\": false, \"fuzzy_matching\": false, \"manual_edit\": false}]}, {\"question_n\": \"Q 4.\", \"prompt\": \"Write the following Arabic numerals in $$$Language X$$$.\", \"subprompts\": [{\"questionpart_n\": \"14)\", \"question\": \"38\", \"answer\": \"@@@dambumirri ga marrma rulu ga lurrkun@@@\", \"matches_human_scoring\": false, \"fuzzy_matching\": false, \"manual_edit\": false}, {\"questionpart_n\": \"15)\", \"question\": \"85\", \"answer\": \"@@@lurrkun dambumirri ga marrma rulu@@@\", \"matches_human_scoring\": false, \"fuzzy_matching\": false, \"manual_edit\": false}, {\"questionpart_n\": \"16)\", \"question\": \"106\", \"answer\": \"@@@dambumiriw dambumirri ga wanggang rulu ga wanggang@@@\", \"matches_human_scoring\": false, \"fuzzy_matching\": false, \"manual_edit\": false}]}]",
    "notes": "",
    "answers_page": 2,
    "team_review": false
}