{
    "preamble": "Problem 4. $$$Language X$$$ mutants (10 marks)\n &&& &&&",
    "context": "$$$Language X$$$ has \u201cmutations\u201d. These are changes to the initial letter of a word depending on how the word is used in a sentence. For example, the city \u2018@@@Bangor@@@\u2019 is @@@Bangor@@@ in $$$Language X$$$. But in @@@Aethom i Fangor@@@ \u2018We went to @@@Bangor@@@\u2019, it appears as @@@Fangor@@@. This is because @@@b@@@ mutates to @@@f@@@ after the word @@@i@@@ \u2018to\u2019. $$$Language X$$$ mutations can be challenging for a learner. However, there is a logic to them, as you\u2019ll (hopefully) see. Here are some $$$Language X$$$ nouns in their unmutated forms with their English translations:\n@@@ceffyl@@@\t\u2018horse\u2019\n@@@tad@@@\t\u2018father\u2019\n@@@meddyg@@@\t\u2018doctor\u2019\n@@@bachgen@@@\t\u2018boy\u2019\n@@@cath@@@\t\u2018cat\u2019\n@@@ci@@@\t\u2018dog\u2019\n@@@dafad@@@\t\u2018sheep'\n@@@darlun@@@\t\u2018picture\u2019\n@@@beic@@@\t\u2018bicycle\u2019\n@@@dyn@@@\t\u2018man\u2019\n@@@Cymru@@@\t\u2018Wales\u2019\n@@@draig@@@\t\u2018dragon\u2019\n@@@theatr@@@\t\u2018theatre\u2019\n@@@Bangor@@@\t\u2018@@@Bangor@@@\u2019\n\nHere are some $$$Language X$$$ sentences with their English translations (@@@Aberystwyth@@@ is a city, and @@@Dolgellau@@@ is a town in $$$Country X$$$). Pay attention to the order of words in both $$$Language X$$$ and English!\n\n@@@Aeth Megan i Fangor@@@\tMegan went to @@@Bangor@@@\n@@@Aeth Emrys i Aberystwyth@@@\tEmrys went to @@@Aberystwyth@@@\n@@@Mae dafad yma@@@\tA sheep is here\n@@@Mae yma ddafad@@@\tHere is a sheep\n@@@Mae yn Aberystwyth dad@@@\tIn @@@Aberystwyth@@@ is father\n@@@Mae yn Dolgellau Fegan@@@\tIn @@@Dolgellau@@@ is Megan\n@@@Mae Megan yn Dolgellau@@@\tMegan is in @@@Dolgellau@@@\n@@@Gwelodd Megan ddarlun@@@\tMegan saw a picture\n@@@Gwelodd ddarlun@@@\tShe saw a picture\n@@@Gwelodd y dyn gath@@@\tThe man saw a cat",
    "questions": "[{\"question_n\": \"Q 1.\", \"prompt\": \"Which is the correct $$$Language X$$$ translation of each of the following English sentences? Give only the letter of the correct sentence.\", \"subprompts\": [{\"questionpart_n\": \"1.\", \"question\": \"He saw a bicycle in the street: a. @@@Gwelodd beic yn y stryd@@@, b. @@@Gwelodd feic yn y stryd@@@, c. @@@Gwelodd yn y stryd beic@@@, d. @@@Gwelodd yn y stryd feic@@@\", \"answer\": \"b.\", \"matches_human_scoring\": false, \"fuzzy_matching\": false, \"manual_edit\": false}, {\"questionpart_n\": \"2.\", \"question\": \"In the street, he saw a bicycle: a. @@@Gwelodd yn y stryd feic@@@, b. @@@Gwelodd yn y stryd beic@@@, c. @@@Gwelodd beic yn y stryd@@@, d. @@@Gwelodd feic yn y stryd@@@\", \"answer\": \"a.\", \"matches_human_scoring\": false, \"fuzzy_matching\": false, \"manual_edit\": false}, {\"questionpart_n\": \"3.\", \"question\": \"In the theatre, she saw a horse: a. @@@Gwelodd yn y theatr geffyl@@@, b. @@@Gwelodd ceffyl yn y theatr@@@, c. @@@Gwelodd yn y theatr ceffyl@@@, d. @@@Gwelodd geffyl yn y theatr@@@  \", \"answer\": \"a.\", \"matches_human_scoring\": false, \"fuzzy_matching\": false, \"manual_edit\": false}, {\"questionpart_n\": \"4.\", \"question\": \"The boy\\u2019s father saw a dog: a. @@@Gwelodd dad y bachgen gi@@@, b. @@@Gwelodd tad y bachgen gi@@@, c. @@@Gwelodd tad y bachgen ci@@@, d. @@@Gwelodd dad y bachgen ci@@@ \", \"answer\": \"b.\", \"matches_human_scoring\": false, \"fuzzy_matching\": false, \"manual_edit\": false}]}, {\"question_n\": \"Q 2. \", \"prompt\": \"Translate the following sentences into $$$Language X$$$. (Note: there is no $$$Language X$$$ word for \\u2018a\\u2019.)\", \"subprompts\": [{\"questionpart_n\": \"5.\", \"question\": \"Here is [a] dragon\", \"answer\": \"@@@Mae yma ddraig@@@\", \"matches_human_scoring\": false, \"fuzzy_matching\": false, \"manual_edit\": false}, {\"questionpart_n\": \"6.\", \"question\": \"The boy saw [a] cat\", \"answer\": \"@@@Gwelodd y bachgen gath@@@\", \"matches_human_scoring\": false, \"fuzzy_matching\": false, \"manual_edit\": false}, {\"questionpart_n\": \"7.\", \"question\": \"The man saw [a] doctor\", \"answer\": \"@@@Gwelodd y dyn feddyg@@@\", \"matches_human_scoring\": false, \"fuzzy_matching\": false, \"manual_edit\": false}, {\"questionpart_n\": \"8.\", \"question\": \"[A] doctor went to Wales\", \"answer\": \"@@@Aeth meddyg i Gymru@@@\", \"matches_human_scoring\": false, \"fuzzy_matching\": false, \"manual_edit\": false}, {\"questionpart_n\": \"9.\", \"question\": \"[A] dragon saw [a] doctor\", \"answer\": \"@@@Gwelodd draig feddyg@@@\", \"matches_human_scoring\": false, \"fuzzy_matching\": false, \"manual_edit\": false}, {\"questionpart_n\": \"10.\", \"question\": \"[A] doctor saw [a] dragon\", \"answer\": \"@@@Gwelodd meddyg ddraig@@@\", \"matches_human_scoring\": false, \"fuzzy_matching\": false, \"manual_edit\": false}]}]",
    "notes": "",
    "answers_page": 3,
    "team_review": false
}