{
    "preamble": "Problem 3. Definitely $$$Langauge X$$$ (10 marks)",
    "context": "$$$Langauge X$$$ has a number of different ways of saying \u2018the\u2019. Look at the following examples:\n\n$$$Langauge X$$$\tEnglish\n@@@l\u2019orso@@@\tthe bear\n@@@i treni@@@\tthe trains\n@@@il gatto@@@\tthe cat\n@@@il tavolo@@@\tthe table\n@@@l\u2019anima@@@\tthe soul\n@@@il gusto@@@\tthe taste\n@@@l\u2019agnello@@@\tthe lamb\n@@@l\u2019aula@@@\tthe classroom\n@@@la farfalla@@@\tthe butterfly\n@@@la gara@@@\tthe race\n@@@i gusti@@@\tthe tastes\n@@@le farfalle@@@\tthe butterflies\n@@@le donne@@@\tthe women\n@@@le anime@@@\tthe souls\n@@@gli alunni@@@\tthe pupils\n\nNow look at this further set of $$$Langauge X$$$ words\n\n@@@lo scopo@@@\tthe purpose\n@@@la scopa@@@\tthe broom\n@@@il sarto@@@\tthe tailor\n@@@lo sforzo@@@\tthe effort\n@@@lo zaino@@@\tthe backpack\n@@@i sassi@@@\tthe stones\n@@@la sala@@@\tthe room\n@@@la zona@@@\tthe zone\n@@@lo storico@@@\tthe historian\n@@@i successi@@@\tthe successes\n@@@il suono@@@\tthe sound\n@@@le scelte@@@\tthe choices\n@@@gli spaghetti@@@\tthe spaghetti\n@@@gli zii@@@\tthe uncles\n@@@gli scemi@@@\tthe fools\n@@@le zie@@@\tthe aunts\n@@@la storia@@@\thistory\n\n\n\n\n\n\n\n\n\n",
    "questions": "[{\"question_n\": \"Q 3.1\", \"prompt\": \"How would you translate the following into $$$Langauge X$$$?\", \"subprompts\": [{\"questionpart_n\": \"1.\", \"question\": \"the woman\", \"answer\": \"@@@la donna@@@\", \"matches_human_scoring\": false, \"fuzzy_matching\": false, \"manual_edit\": false}, {\"questionpart_n\": \"2.\", \"question\": \"the train\", \"answer\": \"@@@il treno@@@\", \"matches_human_scoring\": false, \"fuzzy_matching\": false, \"manual_edit\": false}, {\"questionpart_n\": \"3.\", \"question\": \"the tables\", \"answer\": \"@@@i tavoli@@@\", \"matches_human_scoring\": false, \"fuzzy_matching\": false, \"manual_edit\": false}, {\"questionpart_n\": \"4.\", \"question\": \"the cats\", \"answer\": \"@@@i gatti@@@\", \"matches_human_scoring\": false, \"fuzzy_matching\": false, \"manual_edit\": false}, {\"questionpart_n\": \"5.\", \"question\": \"the classrooms\", \"answer\": \"@@@le aule@@@\", \"matches_human_scoring\": false, \"fuzzy_matching\": false, \"manual_edit\": false}, {\"questionpart_n\": \"6.\", \"question\": \"the pupil\", \"answer\": \"@@@l\\u2019alunno@@@\", \"matches_human_scoring\": false, \"fuzzy_matching\": false, \"manual_edit\": false}, {\"questionpart_n\": \"7.\", \"question\": \"the bears\", \"answer\": \"@@@gli orsi@@@\", \"matches_human_scoring\": false, \"fuzzy_matching\": false, \"manual_edit\": false}]}, {\"question_n\": \"Q 3.2\", \"prompt\": \"Translate the following into $$$Langauge X$$$:\", \"subprompts\": [{\"questionpart_n\": \"1.\", \"question\": \"the aunt\", \"answer\": \"@@@la zia@@@\", \"matches_human_scoring\": false, \"fuzzy_matching\": false, \"manual_edit\": false}, {\"questionpart_n\": \"2.\", \"question\": \"the uncle\", \"answer\": \"@@@lo zio@@@\", \"matches_human_scoring\": false, \"fuzzy_matching\": false, \"manual_edit\": false}, {\"questionpart_n\": \"3.\", \"question\": \"the stone\", \"answer\": \"@@@il sasso@@@\", \"matches_human_scoring\": false, \"fuzzy_matching\": false, \"manual_edit\": false}, {\"questionpart_n\": \"4.\", \"question\": \"the historians\", \"answer\": \"@@@gli storici@@@\", \"matches_human_scoring\": false, \"fuzzy_matching\": false, \"manual_edit\": false}, {\"questionpart_n\": \"5.\", \"question\": \"the backpacks\", \"answer\": \"@@@gli zaini@@@\", \"matches_human_scoring\": false, \"fuzzy_matching\": false, \"manual_edit\": false}, {\"questionpart_n\": \"6.\", \"question\": \"the success\", \"answer\": \"@@@il successo@@@\", \"matches_human_scoring\": false, \"fuzzy_matching\": false, \"manual_edit\": false}, {\"questionpart_n\": \"7.\", \"question\": \"the zones\", \"answer\": \"@@@le zone@@@\", \"matches_human_scoring\": false, \"fuzzy_matching\": false, \"manual_edit\": false}]}]",
    "notes": "",
    "answers_page": 3,
    "team_review": false
}