{
    "preamble": "Problem 7. $$$Language X$$$ and $$$Language Y$$$ (20 marks)\n&&& $$$Language X$$$ is a &&& &&& language spoken by about\n3,500 people in $$$Country X$$$. $$$Language Y$$$ is a &&& &&&\nlanguage spoken by about 2,000 in $$$Country Y$$$.\nDespite the languages not being closely related, their\nnumeral systems share many features.&&&",
    "context": "Below are some $$$Language X$$$/$$$Language Y$$$ phrases and their English translations (English-$$$Language X$$$ as the first table, $$$Language Y$$$-English as the second table).\n\nEnglish\t$$$Language X$$$\n3 wrists\t@@@g\u00e9dun pinggupanop@@@\n5 shoulders\t@@@main wayoanop@@@\n6 thumbs\t@@@wayo ge\u0301dunanop@@@\n8 ears\t@@@khotokhal bonggupanop@@@\n9 index fingers\t@@@wayafu\u0308l labulanop@@@\n10 index fingers\t@@@wayafu\u0308l mainanop@@@\n12 heads\t@@@khabe\u0301an khotokhalanop@@@\n13 heads\t@@@khabe\u0301an khabe\u0301ananop@@@\n16 shoulders\t@@@main me\u0301mainanop@@@\n17 elbows\t@@@bonggup me\u0301ntabulanop@@@\n18 ears\t@@@khotokhal me\u0301mbonggupanop@@@\n19 middle fingers\t@@@pinggup me\u0301ntafolanop@@@\n22 thumbs\t@@@wayo me\u0301wayafu\u0308lanop@@@\n23 thumbs\t@@@wayo me\u0301npinggupanop@@@\n25 ears\t@@@khotokhal me\u0301nsenananop@@@\n\n$$$Language Y$$$\tEnglish\n@@@ragpb agl\u014b@@@\t1 shoulder\n@@@mo\u0308md agn\u0303o\u0308bo\u0308 rolyo\u0308bo\u0308@@@\t2 thumbs\n@@@mj ko\u0308n\u0303o\u0308 ngb@@@\t4 forearms\n@@@mo\u0308md y\u014bo\u0308sw@@@\t6 thumbs\n@@@y\u014bo\u0308sw mj@@@\t7 bracelets\n@@@y\u014bo\u0308sw ragpb@@@\t10 bracelets\n@@@agl\u014b mo\u0308l@@@\t12 little fingers\n@@@ragpb gadlo\u0308y@@@\t13 shoulders\n@@@gadlo\u0308y ragpb@@@\t14 collar bones\n@@@mo\u0308l amn\u0303ab@@@\t16 holes\n@@@amn\u0303ab mj@@@\t17 elbows\n@@@gadlo\u0308y agl\u014b@@@\t19 collar bones\n@@@mj agn\u0303o\u0308bo\u0308 rolyo\u0308bo\u0308@@@\t20 forearms\n@@@mo\u0308l wo\u0308lo\u0308ml@@@\t21 holes\n@@@gadlo\u0308y ko\u0308n\u0303o\u0308 ngb@@@\t22 collar bones\n",
    "questions": "[{\"question_n\": \"Q7.1\", \"prompt\": \"Translate the following into $$$Language X$$$:\", \"subprompts\": [{\"questionpart_n\": \"a.\", \"question\": \"little finger\", \"answer\": \"@@@senan@@@\", \"matches_human_scoring\": false, \"fuzzy_matching\": false, \"manual_edit\": false}, {\"questionpart_n\": \"b.\", \"question\": \"21\", \"answer\": \"@@@me\\u0301wayoanop@@@\", \"matches_human_scoring\": false, \"fuzzy_matching\": false, \"manual_edit\": false}, {\"questionpart_n\": \"c.\", \"question\": \"4 index fingers\", \"answer\": \"@@@wayafu\\u0308l wayafu\\u0308lanop@@@\", \"matches_human_scoring\": false, \"fuzzy_matching\": false, \"manual_edit\": false}]}, {\"question_n\": \"Q7.2\", \"prompt\": \"Translate into $$$Language Y$$$:\", \"subprompts\": [{\"questionpart_n\": \"a.\", \"question\": \"index finger\", \"answer\": \"@@@ko\\u0308\\u00f1o\\u0308 ngb@@@\", \"matches_human_scoring\": false, \"fuzzy_matching\": false, \"manual_edit\": false}, {\"questionpart_n\": \"b.\", \"question\": \"5\", \"answer\": \"@@@mo\\u0308md@@@\", \"matches_human_scoring\": false, \"fuzzy_matching\": false, \"manual_edit\": false}, {\"questionpart_n\": \"c.\", \"question\": \"23 ring fingers\", \"answer\": \"@@@agn\\u0303o\\u0308bo\\u0308 rolyo\\u0308bo\\u0308 mo\\u0308md@@@\", \"matches_human_scoring\": false, \"fuzzy_matching\": false, \"manual_edit\": false}]}, {\"question_n\": \"Q7.3\", \"prompt\": \"Translate into English, from either $$$Language X$$$ or $$$Language Y$$$ (if you think multiple translations are possible, give all)\", \"subprompts\": [{\"questionpart_n\": \"a.\", \"question\": \"@@@lafol@@@\", \"answer\": \"forearm\", \"matches_human_scoring\": false, \"fuzzy_matching\": false, \"manual_edit\": false}, {\"questionpart_n\": \"b.\", \"question\": \"@@@agn\\u0303o\\u0308bo\\u0308 rolyo\\u0308bo\\u0308@@@\", \"answer\": \"[\\\"ring finger\\\", \\\"2\\\", \\\"20\\\"]\", \"matches_human_scoring\": false, \"fuzzy_matching\": false, \"manual_edit\": true}, {\"questionpart_n\": \"c.\", \"question\": \"@@@wayo me\\u0301ngge\\u0301dunanop@@@\", \"answer\": \"20 thumbs\", \"matches_human_scoring\": false, \"fuzzy_matching\": false, \"manual_edit\": false}, {\"questionpart_n\": \"d.\", \"question\": \"@@@mo\\u0308md@@@\", \"answer\": \"[\\\"thumb\\\", \\\"5\\\", \\\"23\\\"]\", \"matches_human_scoring\": false, \"fuzzy_matching\": false, \"manual_edit\": true}, {\"questionpart_n\": \"e.\", \"question\": \"@@@y\\u014bo\\u0308sw y\\u014bo\\u0308sw@@@\", \"answer\": \"[\\\"6 bracelets\\\", \\\"18 bracelets\\\", \\\"24 bracelets\\\"]\", \"matches_human_scoring\": false, \"fuzzy_matching\": false, \"manual_edit\": false}]}]",
    "notes": "Tables were originally left and right, moved into vertical alignment. Removed brackets in answer key corresponding to parts.\nSingle foreign word can have multiple english Translations in Q7.3.(stored as list, but ordering needs manual edits).",
    "answers_page": 2,
    "team_review": false
}