{
    "preamble": "3d. $$$Language X$$$ past participles (10 marks)\n",
    "context": "\nHere are some examples of regular $$$Language X$$$ verbs and their past participles; for instance, @@@slibben@@@ means 'to silt up', and its past participle @@@geslibd@@@ means silted up, as in It has silted up.\n\nverb:\tenglish:\tpast participle:\n@@@slibben@@@\tto silt up\t@@@geslibd@@@\n@@@klagen@@@\tto complain\t@@@geklaagd@@@\n@@@branden@@@\tto burn\t@@@gebrand@@@\n@@@weren@@@\tto resist\t@@@geweerd@@@\n@@@tochten@@@\tto make a draft (wind)\t@@@getocht@@@\n@@@tellen@@@\tto count\t@@@geteeld@@@\n@@@raken@@@\tto hit (target)\t@@@geraakt@@@\n@@@lijmen@@@\tto glue\t@@@gelijmd@@@\n@@@kunnen@@@\tcan, be able\t@@@gekund@@@\n@@@vertellen@@@\tto tell\t@@@verteld@@@\n@@@telen@@@\tto cultivate\t@@@geteeld@@@\n@@@verhoren@@@\tto interrogate\t@@@verhoord@@@\n@@@trouwen@@@\tto marry\t@@@getrouwd@@@\n@@@schaven@@@\tto shave(woodwork)\t@@@geschaaf@@@\n@@@razen@@@\tto storm\t@@@geraasd@@@\n@@@prijzen@@@\tto put a price on\t@@@geprijsd@@@\n@@@lappen@@@\tto clean\t@@@gelapt@@@\n@@@smaken@@@\tto taste\t@@@gesmaakt@@@\n@@@praten@@@\tto talk\t@@@gepraat@@@\n@@@fietsen@@@\tto cycle\t@@@gefietst@@@\n@@@boffen@@@\tto be lucky\t@@@geboft@@@",
    "questions": "[{\"question_n\": \"Q 3.d\", \"prompt\": \"What are the past participles for the following regular verbs?\", \"subprompts\": [{\"questionpart_n\": \"1\", \"question\": \"@@@delen@@@\\t to share\", \"answer\": \"@@@gedeeled@@@\", \"matches_human_scoring\": false, \"fuzzy_matching\": false, \"manual_edit\": false}, {\"questionpart_n\": \"2\", \"question\": \"@@@horen@@@\\t to hear\", \"answer\": \"@@@gehoord@@@\", \"matches_human_scoring\": false, \"fuzzy_matching\": false, \"manual_edit\": false}, {\"questionpart_n\": \"3\", \"question\": \"@@@tappen@@@\\t to pour a beer\", \"answer\": \"@@@getapt@@@\", \"matches_human_scoring\": false, \"fuzzy_matching\": false, \"manual_edit\": false}, {\"questionpart_n\": \"4\", \"question\": \"@@@verhuizen@@@\\t to move house\", \"answer\": \"@@@verhuisd@@@\", \"matches_human_scoring\": false, \"fuzzy_matching\": false, \"manual_edit\": false}, {\"questionpart_n\": \"5\", \"question\": \"@@@landen@@@\\t to land\", \"answer\": \"@@@geland@@@\", \"matches_human_scoring\": false, \"fuzzy_matching\": false, \"manual_edit\": false}, {\"questionpart_n\": \"6\", \"question\": \"@@@kloppen@@@\\t to knock\", \"answer\": \"@@@geklopt@@@\", \"matches_human_scoring\": false, \"fuzzy_matching\": false, \"manual_edit\": false}, {\"questionpart_n\": \"7\", \"question\": \"@@@mokken@@@\\t to sulk\", \"answer\": \"@@@gemokt@@@\", \"matches_human_scoring\": false, \"fuzzy_matching\": false, \"manual_edit\": false}, {\"questionpart_n\": \"8\", \"question\": \"@@@roken@@@\\t to smoke\", \"answer\": \"@@@gerookt@@@\", \"matches_human_scoring\": false, \"fuzzy_matching\": false, \"manual_edit\": false}, {\"questionpart_n\": \"9\", \"question\": \"@@@rotten@@@\\t to rot\", \"answer\": \"@@@gerot@@@\", \"matches_human_scoring\": false, \"fuzzy_matching\": false, \"manual_edit\": false}, {\"questionpart_n\": \"10\", \"question\": \"@@@tobben@@@\\t to worry\", \"answer\": \"@@@getobd@@@\", \"matches_human_scoring\": false, \"fuzzy_matching\": false, \"manual_edit\": false}]}]",
    "notes": "added tabs and column header to make the use of english clearer",
    "answers_page": 2,
    "team_review": false
}