{
    "preamble": "Problem 4. $$$Language X$$$ (25 marks)\n &&& &&& &&&Although there is no writing tradition in $$$Language X$$$, in recent years linguists have worked with native speakers to devise an orthography (writing system).&&&",
    "context": "Below are some $$$Language X$$$ words, written in both the new orthography and a simplified phonetic transcription. The phonetic transcription is given in [square brackets], and is explained below.\n\n\u00e6 is between the e in bed and the a in cat; \u0259 is the a in about; \u0254 is the o in not; \u025e, y are similar to \u0259, i respectively, but with the lips rounded. dz is similar to the ds in cards; d\u0292 is the j in judge; \u00f0 is the th in that; \u0278 is similar to the f in fish, but pronounced using both lips; j is the y in yes; \u027e is Scottish r; ts is similar to the ts in cats; t\u0283 is the ch in church; \u03b8 is the th in thing; \u0294 is the consonant in the middle of uh- oh. The symbols \u1d50, \u207f, \u1d51 indicate that air is released through the nose before articulating the following sound. A full stop . marks a syllable boundary.\n\n@@@\u00e4thgamnzo@@@\t[@@@\u0294\u00e6.\u00f0\u0259.\u1d51gam.\u207fdz\u0254@@@]\n@@@mu\u0308znzo@@@\t[@@@my.ts\u0259.\u207fdz\u0254@@@]\n@@@brbr@@@\t[@@@\u1d50b\u0259.\u027e\u0259.\u1d50b\u0259\u027e@@@]\n@@@nafangthrwa\u0308@@@\t[@@@na.\u0278a.n\u0259\u1d51k.\u00f0\u0259\u027e.w\u00e6@@@]\n@@@bru\u0308zia\u0308@@@\t[@@@\u1d50b\u027ey.t\u0283i.\u0294\u00e6@@@]\n@@@ngthf@@@\t[@@@n\u0259\u1d51k.\u00f0\u0259\u0278@@@]\n@@@bthfrnm@@@\t[@@@\u1d50b\u0259\u03b8.\u0278\u0259\u027e.n\u0259m@@@]\n@@@nzigfu@@@\t[@@@\u207fd\u0292i\u1d51k.\u0278u@@@]\n@@@dokrenm@@@\t[@@@\u207fd\u0254.k\u027ee.n\u0259m@@@]\n@@@nzrugrm@@@\t[@@@\u207fdz\u027eu\u1d51k.\u027e\u0259m@@@]\n@@@emoth@@@\t[@@@\u0294e.m\u025e\u03b8@@@]\n@@@nzungth@@@\t[@@@\u207fdzun.\u1d51g\u0259\u03b8@@@]\n@@@emothdbo@@@\t[@@@\u0294e.m\u0254.\u00f0\u0259.\u207fd\u0259.\u1d50b\u0254@@@]\n@@@snz\u00e4ane@@@\t[@@@s\u0259.\u207fd\u0292\u00e6.\u0294a.ne@@@]\n@@@ezi@@@\t[@@@\u0294e.t\u0283i@@@]\n@@@srakw\u00e4@@@\t[@@@s\u027eak.w\u00e6@@@]\n@@@fortur@@@\t[@@@\u0278\u025e\u027e.tu\u027e@@@]\n@@@thfamnzrm@@@\t[@@@\u00f0\u0259.\u0278a.m\u0259\u207fts.\u027e\u0259m@@@]\n@@@frf@@@\t[@@@\u0278\u0259.\u027e\u0259\u0278@@@]\n@@@trn\u00e4a\u0308@@@\t[@@@t\u0259\u027e.n\u00e6.\u0294\u00e6@@@]\n@@@fzenz@@@\t[@@@\u0278\u0259.t\u0283e\u207fts@@@]\n@@@trutru@@@\t[@@@t\u027eu.t\u027eu@@@]\n@@@k\u00e4nbrim@@@\t[@@@k\u00e6n.\u1d50b\u027eim@@@]\n@@@worsin@@@\t[@@@w\u025e\u027e.sin@@@]\n@@@kondomarin@@@\t[@@@k\u025en.\u207fd\u0254.ma.\u027ein@@@]\n@@@ymdrrsu\u0308@@@\t[@@@j\u0259.m\u0259\u207ft.\u027e\u0259\u027e.sy@@@]\n@@@ktikti@@@\t[@@@k\u0259.tik.ti@@@]\n@@@zimithgr@@@\t[@@@t\u0283i.mi.\u00f0\u0259.\u1d51g\u0259\u027e@@@]\n@@@kumda@@@\t[@@@kum.\u207fda@@@]\n@@@zra\u0308mgth@@@\t[@@@ts\u027e\u00e6m.\u1d51g\u0259\u03b8@@@]\n@@@madma@@@\t[@@@ma\u207ft.ma@@@]\n@@@zsfmthzgwrmth@@@\t[@@@ts\u0259.s\u0259\u0278.m\u0259\u03b8.ts\u0259\u1d51k.w\u0259\u027e.m\u0259\u03b8@@@]",
    "questions": "[{\"question_n\": \"Q 4.1\", \"prompt\": \"Write the following in the new orthography. Note that syllable boundaries have not been marked.\", \"subprompts\": [{\"questionpart_n\": \"(a)\", \"question\": \"[@@@k\\u0259\\u207ftsy@@@]\", \"answer\": \"@@@kdsu\\u0308@@@\", \"matches_human_scoring\": false, \"fuzzy_matching\": false, \"manual_edit\": false}, {\"questionpart_n\": \"(b)\", \"question\": \"[@@@\\u1d51g\\u0259\\u1d50pka\\u027e\\u00e6@@@]\", \"answer\": \"@@@gbkara\\u0308@@@\", \"matches_human_scoring\": false, \"fuzzy_matching\": false, \"manual_edit\": false}, {\"questionpart_n\": \"(c)\", \"question\": \"[@@@t\\u0283y\\u207ftsme@@@]\", \"answer\": \"@@@zu\\u0308nzme@@@\", \"matches_human_scoring\": false, \"fuzzy_matching\": false, \"manual_edit\": false}]}, {\"question_n\": \"Q 4.2\", \"prompt\": \"Write the following in the phonemic transcription. You must mark syllable boundaries.\", \"subprompts\": [{\"questionpart_n\": \"(a)\", \"question\": \"@@@bthrathorthm@@@\", \"answer\": \"[@@@\\u1d50b\\u0259.\\u00f0\\u027ea.\\u00f0\\u025e\\u027e.\\u00f0\\u0259m@@@]\", \"matches_human_scoring\": false, \"fuzzy_matching\": false, \"manual_edit\": false}, {\"questionpart_n\": \"(b)\", \"question\": \"@@@dmnzu\\u0308rnzo@@@\", \"answer\": \"[@@@\\u207fd\\u0259m.\\u207fd\\u0292y.\\u027e\\u0259.\\u207fdz\\u0254@@@]\", \"matches_human_scoring\": false, \"fuzzy_matching\": false, \"manual_edit\": false}, {\"questionpart_n\": \"(c)\", \"question\": \"@@@komnzo@@@\", \"answer\": \"[@@@k\\u025em.\\u207fdz\\u0254@@@]\", \"matches_human_scoring\": false, \"fuzzy_matching\": false, \"manual_edit\": false}, {\"questionpart_n\": \"(d)\", \"question\": \"@@@krbua\\u0308dbe@@@\", \"answer\": \"[@@@k\\u0259.\\u027e\\u0259.\\u1d50bu.\\u0294\\u00e6.\\u207fd\\u0259.\\u1d50be@@@]\", \"matches_human_scoring\": false, \"fuzzy_matching\": false, \"manual_edit\": false}, {\"questionpart_n\": \"(e)\", \"question\": \"@@@nzenmwa\\u0308@@@\", \"answer\": \"[@@@\\u207fd\\u0292e.n\\u0259m.w\\u00e6@@@]\", \"matches_human_scoring\": false, \"fuzzy_matching\": false, \"manual_edit\": false}, {\"questionpart_n\": \"(f)\", \"question\": \"@@@rngthksi@@@\", \"answer\": \"[@@@\\u027e\\u0259.n\\u0259\\u1d51k.\\u00f0\\u0259k.si@@@]\", \"matches_human_scoring\": false, \"fuzzy_matching\": false, \"manual_edit\": false}, {\"questionpart_n\": \"(g)\", \"question\": \"@@@srminz@@@\", \"answer\": \"[@@@s\\u0259\\u027e.mi\\u207fts@@@]\", \"matches_human_scoring\": false, \"fuzzy_matching\": false, \"manual_edit\": false}, {\"questionpart_n\": \"(h)\", \"question\": \"@@@zz\\u00e4nfrefa@@@\", \"answer\": \"[@@@ts\\u0259.t\\u0283\\u00e6n.\\u0278\\u027ee.\\u0278a@@@]\", \"matches_human_scoring\": false, \"fuzzy_matching\": false, \"manual_edit\": false}]}]",
    "notes": "",
    "answers_page": 2,
    "team_review": false
}