{
    "preamble": "Problem 3. $$$Language X$$$ (20 marks)\n &&& &&&\n",
    "context": "Below are the root and causative forms of some $$$Language X$$$ verbs, in a simplified transcription. The translation of the root form has been given for interest, but is not relevant to solving the task; the causative form has a meaning similar to to make someone / something do X.\n\nNote that \u00e6, \u028c, \u0259 are vowels. \u026c = Welsh ll; \u026e is the voiced version of \u026c. j = y in yes. \u03c7 = Welsh or Scottish ch in loch; \u0281 is the voiced version of \u03c7; \u0263 is similar to \u0281. q is similar to k. \u0272 \u2248 ny in canyon. t\u0282 \u2248 ch in chip. \u0292 = si in vision; d\u0292 = j in judge. ts \u2248 ts in cats. dz \u2248 ds in lads. \u02b0 indicates that the preceding consonant is pronounced with a puff of air. $$$Language X$$$ also distinguishes tone and pharyngealisation (constriction of the throat), although these are not relevant to the problem and have not been marked.\n\nRoot \t Causative \t Translation\n\n @@@\u0281jun@@@ \t @@@\u0281zjun@@@ \t be askew\n\n @@@m\u0272\u0259@@@ \t @@@vz\u0272\u0259@@@ \t know by learned skill\n\n @@@\u0263m\u0259@@@ \t @@@\u0263zm\u0259@@@ \t blow\n\n @@@vzl\u00e6@@@ \t @@@v\u026edzl\u00e6@@@ \t learn\n\n @@@frku@@@ \t @@@fsku@@@ \t carve\n\n @@@z\u014b\u0259\u014b\u028c@@@ \t @@@\u026ez\u014b\u0259\u014b\u028c@@@ \t listen\n\n @@@sm\u028cn@@@ \t @@@\u026csm\u028cn@@@ \t be comfortable\n\n @@@s\u02b0\u028cm\u028c@@@ \t @@@\u026cts\u02b0\u028cm\u028c@@@ \t be new\n\n @@@mq\u02b0jo@@@ \t @@@fsq\u02b0jo@@@ \t congeal\n\n @@@nzvo\u0263@@@ \t @@@\u026edzvo\u0263@@@ \t scratch an itch\n\n @@@\u03c7lp\u02b0a@@@ \t @@@\u03c7sp\u02b0a@@@ \t crack open\n\n @@@v\u0292\u028cr@@@ \t @@@v\u026ed\u0292\u028cr@@@ \t shave\n\n @@@rqva@@@ \t @@@sqva@@@ \t be dilapidated\n\n @@@\u0281vrd\u0259\u0263@@@ \t @@@\u0281vzd\u0259\u0263@@@ \t sink\n\n @@@mt\u0282\u02b0\u0259@@@ \t @@@f\u026ct\u0282\u02b0\u0259@@@ \t be diligent\n\n @@@v\u026eu@@@ \t @@@v\u026ezu@@@ \t string (beads)\n\n @@@n\u0263bjo@@@ \t @@@\u0263zbjo@@@ \t fly\n\n @@@ldzi@@@ \t @@@\u026edzi@@@ \t teach\n\n",
    "questions": "[{\"question_n\": \"Q 3.1\", \"prompt\": \"Two other possible root forms of a verb would have given the causative form @@@v\\u026ezu@@@ What are they?\", \"subprompts\": [{\"questionpart_n\": \"1a.\", \"question\": \"\", \"answer\": \"[\\\"@@@m\\u026eu@@@\\\", \\\"@@@nv\\u026eu@@@\\\"]\", \"matches_human_scoring\": true, \"fuzzy_matching\": false, \"manual_edit\": false}]}, {\"question_n\": \"Q 3.2 \", \"prompt\": \"Give the causative forms of the following root verbs:\", \"subprompts\": [{\"questionpart_n\": \"1.\", \"question\": \"Root: @@@\\u0281ld\\u0292v\\u0259@@@\\tTranslation: bud, burgeon\", \"answer\": \"@@@\\u0281\\u026ed\\u0292v\\u0259@@@\", \"matches_human_scoring\": true, \"fuzzy_matching\": false, \"manual_edit\": false}, {\"questionpart_n\": \"2. \", \"question\": \"Root: @@@fs\\u0259m@@@ Translation: close (mouth)\", \"answer\": \"@@@f\\u026cts\\u0259m@@@\", \"matches_human_scoring\": true, \"fuzzy_matching\": false, \"manual_edit\": false}, {\"questionpart_n\": \"3. \", \"question\": \"Root: @@@lun@@@ Translation: get\", \"answer\": \"@@@zlun@@@\", \"matches_human_scoring\": true, \"fuzzy_matching\": false, \"manual_edit\": false}, {\"questionpart_n\": \"4. \", \"question\": \"Root: @@@md\\u0292ur@@@ Translation: be hungry\", \"answer\": \"@@@v\\u026ed\\u0292ur@@@\", \"matches_human_scoring\": true, \"fuzzy_matching\": false, \"manual_edit\": false}, {\"questionpart_n\": \"5. \", \"question\": \"Root: @@@sn\\u028c@@@  Translation: kindle\", \"answer\": \"@@@\\u026csn\\u028c@@@\", \"matches_human_scoring\": true, \"fuzzy_matching\": false, \"manual_edit\": false}, {\"questionpart_n\": \"6. \", \"question\": \"Root: @@@ftsj\\u00e6@@@  Translation: put out a fire\", \"answer\": \"@@@f\\u026ctsj\\u00e6@@@\", \"matches_human_scoring\": true, \"fuzzy_matching\": false, \"manual_edit\": false}, {\"questionpart_n\": \"7.\", \"question\": \"Root: @@@n\\u0263z\\u028cv@@@  Translation: rub (to soften hide)\", \"answer\": \"@@@\\u0263\\u026edz\\u028cv@@@\", \"matches_human_scoring\": true, \"fuzzy_matching\": false, \"manual_edit\": false}, {\"questionpart_n\": \"8.\", \"question\": \"Root: @@@\\u0281r\\u0272\\u028c@@@  Translation: be slippery\", \"answer\": \"@@@\\u0281z\\u0272\\u028c@@@\", \"matches_human_scoring\": true, \"fuzzy_matching\": false, \"manual_edit\": false}, {\"questionpart_n\": \"9.\", \"question\": \"Root: @@@\\u03c7fqra@@@  Translation: be split open\", \"answer\": \"@@@\\u03c7fsqra@@@\", \"matches_human_scoring\": true, \"fuzzy_matching\": false, \"manual_edit\": false}, {\"questionpart_n\": \"10.\", \"question\": \"Root: @@@nrg\\u0259@@@  Translation: wait\", \"answer\": \"@@@zg\\u0259@@@\", \"matches_human_scoring\": true, \"fuzzy_matching\": false, \"manual_edit\": false}]}, {\"question_n\": \"Q 3.3 \", \"prompt\": \"The root form @@@\\u0281vzj\\u028cr@@@ 'become mixed' does not have a causative form. What would you have expected the causative form to be, if it existed?\", \"subprompts\": [{\"questionpart_n\": \"11.\", \"question\": \"\", \"answer\": \"@@@\\u0281v\\u026edzj\\u028cr@@@\", \"matches_human_scoring\": true, \"fuzzy_matching\": false, \"manual_edit\": false}]}]",
    "notes": "Added root and translation to each sub prompt in Q3.2",
    "answers_page": 2,
    "team_review": false
}