{
    "preamble": "Problem 2. $$$Language X$$$ (15 marks)\n &&& &&&",
    "context": "This problem investigates $$$Language X$$$ numerals as they were spoken in 1855, 1955, and 2012. Note that some numerals are slightly simplified, and that \u014b is a consonant.\n\nSome numerals such as 2 have remained the same, while others such as 10 have changed once. However, the majority of them, including 7 and 32, have changed twice.\n\n#\t1855\t1955\\2012\n2\t@@@nuru@@@\t@@@nuru@@@\t@@@nuru@@@\n10\t@@@onemerim@@@\t@@@safur@@@\t@@@safur@@@\n7\t@@@onemenuru@@@\t@@@rimenuru@@@\t@@@fik@@@\n32\t@@@arzus safur nuru@@@\t@@@aresoyosier safur nuru@@@\t@@@ares kior beberin nuru@@@\n\nBelow are some more numerical expressions in $$$Language X$$$, representing the same value but in different years.\n+ and \u00d7 represent addition and multiplication respectively.\n\n#\t1855\t1955\\2012\n(a)\t@@@nuru \u00d7 \u014bokor@@@\t@@@rimeyosier@@@\t@@@yosier + rim@@@\n(b)\t@@@onem \u00d7 fak@@@\t@@@i\u014bokor \u00d7 rimi\u014bokor@@@\t@@@ares nuru beberin fiak@@@\n(c)\t@@@safur onem + onemefak@@@\t@@@aresoyosier rim@@@\t@@@siu \u00d7 nuru + fik@@@\n(d)\t@@@arzus di nuru yoser + safur lim@@@\t@@@safur nuru + aresonuru fak@@@\t@@@ares rim beberin wonem@@@\n\n\n#\t1855\t1955\t2012\n3\t(e)\t(f)\t@@@kior@@@\n6\t(g)\t(h)\t(i)\n8\t(j)\t(k)\t@@@war@@@\n(l)\t(m)\t(n)\t@@@safur fik@@@\n42\t(o)\t(p)\t(q)\n79\t(r)\t***\t(s)\n98\t(t)\t(u)\t(v)",
    "questions": "[{\"question_n\": \"Q2.1\", \"prompt\": \"Fill in blanks (a\\u2013d) with the corresponding numerals in digits.\", \"subprompts\": [{\"questionpart_n\": \"a.\", \"question\": \"(a)\", \"answer\": \"6\", \"matches_human_scoring\": false, \"fuzzy_matching\": false, \"manual_edit\": false}, {\"questionpart_n\": \"b.\", \"question\": \"(b)\", \"answer\": \"24\", \"matches_human_scoring\": false, \"fuzzy_matching\": false, \"manual_edit\": false}, {\"questionpart_n\": \"c.\", \"question\": \"(c)\", \"answer\": \"25\", \"matches_human_scoring\": false, \"fuzzy_matching\": false, \"manual_edit\": false}, {\"questionpart_n\": \"d.\", \"question\": \"(d)\", \"answer\": \"56\", \"matches_human_scoring\": false, \"fuzzy_matching\": false, \"manual_edit\": false}]}, {\"question_n\": \"Q2.2\", \"prompt\": \" Fill in blanks (e\\u2013v) with the corresponding numerals, written out either in $$$Language X$$$ or in digits as appropriate, taking into account the year. Write only numerals, not arithmetic expressions. You do not need to fill in the cell marked with ***.\", \"subprompts\": [{\"questionpart_n\": \"e.\", \"question\": \"(e)\", \"answer\": \"@@@\\u014bokor@@@\", \"matches_human_scoring\": false, \"fuzzy_matching\": false, \"manual_edit\": false}, {\"questionpart_n\": \"f.\", \"question\": \"(f)\", \"answer\": \"@@@i\\u014bokor@@@\", \"matches_human_scoring\": false, \"fuzzy_matching\": false, \"manual_edit\": false}, {\"questionpart_n\": \"g.\", \"question\": \"(g)\", \"answer\": \"@@@onem@@@\", \"matches_human_scoring\": false, \"fuzzy_matching\": false, \"manual_edit\": false}, {\"questionpart_n\": \"h.\", \"question\": \"(h)\", \"answer\": \"@@@rimeyosier@@@\", \"matches_human_scoring\": false, \"fuzzy_matching\": false, \"manual_edit\": false}, {\"questionpart_n\": \"i.\", \"question\": \"(i)\", \"answer\": \"@@@wonem@@@\", \"matches_human_scoring\": false, \"fuzzy_matching\": false, \"manual_edit\": false}, {\"questionpart_n\": \"j.\", \"question\": \"(j)\", \"answer\": \"@@@oneme\\u014bokor@@@\", \"matches_human_scoring\": false, \"fuzzy_matching\": false, \"manual_edit\": false}, {\"questionpart_n\": \"k.\", \"question\": \"(k)\", \"answer\": \"@@@rimi\\u014bokor@@@\", \"matches_human_scoring\": false, \"fuzzy_matching\": false, \"manual_edit\": false}, {\"questionpart_n\": \"l.\", \"question\": \"(l)\", \"answer\": \"17\", \"matches_human_scoring\": false, \"fuzzy_matching\": false, \"manual_edit\": false}, {\"questionpart_n\": \"m.\", \"question\": \"(m)\", \"answer\": \"@@@safur onemenuru@@@\", \"matches_human_scoring\": false, \"fuzzy_matching\": false, \"manual_edit\": false}, {\"questionpart_n\": \"n.\", \"question\": \"(n)\", \"answer\": \"@@@safur rimenuru@@@\", \"matches_human_scoring\": false, \"fuzzy_matching\": false, \"manual_edit\": false}, {\"questionpart_n\": \"o.\", \"question\": \"(o)\", \"answer\": \"@@@arzus di nuru nuru@@@\", \"matches_human_scoring\": false, \"fuzzy_matching\": false, \"manual_edit\": false}, {\"questionpart_n\": \"p.\", \"question\": \"(p)\", \"answer\": \"@@@aresonuru nuru@@@\", \"matches_human_scoring\": false, \"fuzzy_matching\": false, \"manual_edit\": false}, {\"questionpart_n\": \"q.\", \"question\": \"(q)\", \"answer\": \"@@@ares fiak beberin nuru@@@\", \"matches_human_scoring\": false, \"fuzzy_matching\": false, \"manual_edit\": false}, {\"questionpart_n\": \"r.\", \"question\": \"(r)\", \"answer\": \"@@@arzus di \\u014bokor safur onemefak@@@\", \"matches_human_scoring\": false, \"fuzzy_matching\": false, \"manual_edit\": false}, {\"questionpart_n\": \"s.\", \"question\": \"(s)\", \"answer\": \"@@@ares fik beberin siu@@@\", \"matches_human_scoring\": false, \"fuzzy_matching\": false, \"manual_edit\": false}, {\"questionpart_n\": \"t.\", \"question\": \"(t)\", \"answer\": \"@@@arzus di fak safur oneme\\u014bokor@@@\", \"matches_human_scoring\": false, \"fuzzy_matching\": false, \"manual_edit\": false}, {\"questionpart_n\": \"u.\", \"question\": \"(u)\", \"answer\": \"@@@aresofak safur rimi\\u014bokor@@@\", \"matches_human_scoring\": false, \"fuzzy_matching\": false, \"manual_edit\": false}, {\"questionpart_n\": \"v.\", \"question\": \"(v)\", \"answer\": \"@@@ares siu beberin war@@@\", \"matches_human_scoring\": false, \"fuzzy_matching\": false, \"manual_edit\": false}]}]",
    "notes": "Removed bold on $$$Language X$$$.",
    "answers_page": 2,
    "team_review": false
}