{
    "preamble": "Problem 4. $$$Language X$$$ (20 marks)\n&&& $$$Language X$$$ is the ancestral language of the $$$People X$$$ &&& &&&. It was used as a spoken language until the 18th century, but now is only used as the liturgical (religious) language of the $$$People X$$$ Church. However, the earliest $$$Language X$$$ writings date to before Christianisation.&&&",
    "context": "Below are some phrases in $$$Language X$$$ along with their English translations.\nNote that \u0113 and \u014d are vowels. \u0161 = sh in ship, c = ch in chip.\n\n@@@hentbnooue nte petnei\u014dt@@@\tsome beasts of your father\n@@@pm\u0113toua nana\u0161@@@\tthe eleven oaths\n@@@pma nneuhiome@@@\tthe place of their women\n@@@tape noutbn\u0113@@@\tthe head of a beast\n@@@hentme nte ouei\u014d@@@t\tsome villages of a father\n@@@paftoou nson@@@\tmy four brothers\nn@@@esanau\u0161@@@\ther oaths\n@@@petnoeik snau@@@\tyour two loaves of bread\n@@@tmaau mpeftbn\u0113 snau@@@\tthe mother of his two beasts\n@@@ouhome nte teshime nnentme@@@\ta cup of the woman of our villages\n@@@nap\u0113ue ntas\u014dne@@@\tthe heads of my sister\n@@@thafleele mpefson snau@@@\tthe lizard of his two brothers\n@@@ouh\u014db nte tesmaau@@@\ta thing of her mother\n@@@ouoeik nte premao@@@\ta loaf of bread of the rich man \n@@@netbnooue nttie nshime@@@\tthe beasts of the five women \n@@@nehb\u0113ue nouhafleele nte pra\u0161e@@@\tthe things of a joyful lizard",
    "questions": "[{\"question_n\": \"Q 4.1\", \"prompt\": \"Translate into English:\", \"subprompts\": [{\"questionpart_n\": \"1.\", \"question\": \"@@@peftoou mma@@@\", \"answer\": \"the four places\", \"matches_human_scoring\": false, \"fuzzy_matching\": false, \"manual_edit\": false}, {\"questionpart_n\": \"2.\", \"question\": \"@@@pra\\u0161e mpeutbn\\u0113@@@\", \"answer\": \"the joy of their beast\", \"matches_human_scoring\": false, \"fuzzy_matching\": false, \"manual_edit\": false}, {\"questionpart_n\": \"3.\", \"question\": \"@@@ph\\u014db nteshome@@@\", \"answer\": \"the thing of her cup\", \"matches_human_scoring\": false, \"fuzzy_matching\": false, \"manual_edit\": false}, {\"questionpart_n\": \"4.\", \"question\": \"@@@henanau\\u0161 nte tam\\u0113toua ns\\u014dne@@@\", \"answer\": \"some oaths of my eleven sisters\", \"matches_human_scoring\": false, \"fuzzy_matching\": false, \"manual_edit\": false}]}, {\"question_n\": \"Q 4.2\", \"prompt\": \"Translate into $$$Language X$$$:\", \"subprompts\": [{\"questionpart_n\": \"5.\", \"question\": \"the oath of some things of your thing\", \"answer\": \"@@@pana\\u0161 nhenhb\\u0113ue nte petnh\\u014db@@@\", \"matches_human_scoring\": false, \"fuzzy_matching\": false, \"manual_edit\": false}, {\"questionpart_n\": \"6.\", \"question\": \"the villages of his five mothers\", \"answer\": \"@@@netme nteftie mmaau@@@\", \"matches_human_scoring\": false, \"fuzzy_matching\": false, \"manual_edit\": false}, {\"questionpart_n\": \"7.\", \"question\": \"the cup of a sister of my two lizards\", \"answer\": \"@@@thome nous\\u014dne nte tahafleele snau@@@\", \"matches_human_scoring\": false, \"fuzzy_matching\": false, \"manual_edit\": false}, {\"questionpart_n\": \"8.\", \"question\": \"some women of their joyful place\", \"answer\": \"@@@henhiome nte peuma mpra\\u0161e@@@\", \"matches_human_scoring\": false, \"fuzzy_matching\": false, \"manual_edit\": false}]}]",
    "notes": "",
    "answers_page": 2,
    "team_review": false
}