{
    "preamble": "5. Swallow the salt (20)\n&&& &&& ",
    "context": "Given below are several $$$Language X$$$ phrases and their English translations:\n\n@@@a\u0263agon cidi@@@\tI swallowed the salt.\n@@@atezelmez hamu@@@\tHe will have the meat swallowed (by somebody).\n@@@atedini a@@@\tHe will take it.\n@@@hamu anetubuz@@@\tThe meat was not taken.\n@@@jifa atetuku\u0161@@@\tThe corpse will be taken out.\n@@@amanokal ane\u0161uku\u0161 cidi@@@\tThe chief didn't have the salt taken out.\n@@@a\u0263akaw hamu@@@\tI took out the meat.\n@@@itegzem@@@\tThey were slaughtered.\n@@@a\u0263asezegzem a@@@\tI'm not having him slaughtered.\n@@@ane\u0161i\u0161u aryen@@@\tHe didn't have the water drunk (by anybody).\n@@@feji abnin aryen@@@\tThe sheep is drinking the water.\n@@@idumbu feji@@@\tThey slaughtered the sheep.\n@@@cidi atetegmi@@@\tThe salt will be looked for.\n@@@amanokal abtuswud@@@\tThe chief is being watched.\n@@@cidi asetefred@@@\tThe salt is not being gathered.\n@@@amanokal asegmi i@@@\tThe chief had them looked for.\n\nNote: \u0161 is pronounced like sh in shoe; \u0292 \u2013 like s in casual; \u0263 \u2013 like a voiced h.\n",
    "questions": "[{\"question_n\": \"Q 5.1\", \"prompt\": \"Translate the following phrases into English:\", \"subprompts\": [{\"questionpart_n\": \"a.\", \"question\": \"@@@aryen aneti\\u0161u@@@\", \"answer\": \"The water was not drunk.\", \"matches_human_scoring\": false, \"fuzzy_matching\": false, \"manual_edit\": false}, {\"questionpart_n\": \"b.\", \"question\": \"@@@a\\u0263asuswud feji@@@\", \"answer\": \"I had the sheep watched.\", \"matches_human_scoring\": false, \"fuzzy_matching\": false, \"manual_edit\": false}, {\"questionpart_n\": \"c.\", \"question\": \"@@@cidi atetelmez@@@\", \"answer\": \"The salt will be swallowed.\", \"matches_human_scoring\": false, \"fuzzy_matching\": false, \"manual_edit\": false}, {\"questionpart_n\": \"d.\", \"question\": \"@@@asedini jifa@@@\", \"answer\": \"He is not taking the corpse.\", \"matches_human_scoring\": false, \"fuzzy_matching\": false, \"manual_edit\": false}]}, {\"question_n\": \"Q 5.2\", \"prompt\": \"If you know that the stem of the verb \\u201cwalk\\u201d is @@@i\\u0292uwenket@@@, translate the following phrases into $$$Language X$$$. (The stem is the part of the word which is common to all of its inflected forms. E.g., in English, the stem of the words walks and walking is walk.)\", \"subprompts\": [{\"questionpart_n\": \"e.\", \"question\": \"He is having the water taken.\", \"answer\": \"@@@abzubuz aryen@@@\", \"matches_human_scoring\": false, \"fuzzy_matching\": false, \"manual_edit\": false}, {\"questionpart_n\": \"f.\", \"question\": \"I\\u2019m having them walked.\", \"answer\": \"@@@a\\u0263ab\\u0292i\\u0292uwenket i@@@\", \"matches_human_scoring\": false, \"fuzzy_matching\": false, \"manual_edit\": false}, {\"questionpart_n\": \"g.\", \"question\": \"The chief did not drink the water.\", \"answer\": \"@@@amanokal anenin aryen@@@\", \"matches_human_scoring\": false, \"fuzzy_matching\": false, \"manual_edit\": false}, {\"questionpart_n\": \"h.\", \"question\": \"The salt was not looked for.\", \"answer\": \"@@@cidi anetegmi@@@\", \"matches_human_scoring\": false, \"fuzzy_matching\": false, \"manual_edit\": false}, {\"questionpart_n\": \"i.\", \"question\": \"He will have the salt gathered.\", \"answer\": \"@@@atesefred cidi@@@\", \"matches_human_scoring\": false, \"fuzzy_matching\": false, \"manual_edit\": false}]}]",
    "notes": "Moved footnote into task.",
    "answers_page": 2,
    "team_review": false
}