{
    "preamble": "Problem 2. $$$Language X$$$ (20 marks)\n $$$Language X$$$ &&& &&& includes a wide variety of click consonants (like the sound of tsk or tut in English), marked by the letters !, |, ||, \u01c2, and \u2019. &&& &&&",
    "context": "Below are some sentences in $$$Language X$$$ with their English translations. Note that buchu powder is a medicinal mix of herbs. \u00e3, a\u00e3, a\u0330a, ae, ua, \u1e75\u00e3, \u1e75e, and u\u0169 are vowels, and the symbols \u25cc\u0301, \u25cc\u0300, \u25cc\u0302, and \u25cc\u0304 mark tone.\n\n1.\t@@@\u00e8h |\u00e3 g\u0101\u00e3 \u0144 k\u00e1ni k\u00e3 dtsh\u00e1\u00e3@@@\tHis duck wants the buchu powder.\n2.\t@@@\u00e8h \u00e0 g\u00f9m k\u00e3 \u00e8h |\u00e3 \u01c2\u00e0\u00e3 t\u00e3 d\u00e0\u00e3 \u00e0 |n\u00e1\u0330a k\u00e3@@@\tHe ate his bone that the polecat looked at.\n3.\t@@@n\u0304 |\u00e3 d\u00e0\u00e3 ||q\u1e75\u00e3 \u0144 dt\u2019kx\u2019\u00e0ba ke \u00e8h |e b\u00f2k\u00f2s\u00e8@@@\tMy young polecat is stuck in his box.\n4.\t@@@|\u00e3\u0301 g\u0101\u00e3 \u0144 ||qh\u00faa k\u00e1ni ke b\u00f2k\u00f2s\u00e8 !xae@@@\tDoes the duck not want the big box?\n5.\t@@@n\u0304 \u00e0 k\u00f9hm ke d\u00e0hbe te \u0144 dt\u2019kx\u2019\u00e0ba k\u00e3 \u01c2\u00e0\u00e3 ke@@@\tI touched the mudwasp that is stuck to the bone.\n6.\t@@@|\u00e9 \u00e8h \u0144 ||x\u00fb\u0169 k\u00e3 dtsh\u00e1\u00e3@@@\tDoes he throw away the buchu powder?\n7.\t@@@|\u00e9 d\u00e0hbe ||qhae \u00e0 ||qh\u00faa k\u00f9hm k\u00e3 ||x\u00e0\u00e3 |\u00e3 \u01c2g\u00fa\u00e3@@@\tDid another mudwasp not touch the men\u2019s egg?\n8.\t@@@q\u00e1e \u0144 ||qh\u00faa k\u00e1ni k\u00e3 ||g\u00e0\u2019\u00e3 !xa\u00e3 t\u00e3 \u00e0 k\u00f9hm ke d\u014d\u2019le ||q\u1e75e k\u00e3@@@\tThe woman does not want the big springbok that touched the new grass.",
    "questions": "[{\"question_n\": \"Q 2.1\", \"prompt\": \"Translate the following sentences into English:\", \"subprompts\": [{\"questionpart_n\": \"9.\", \"question\": \"@@@|\\u00e9 n\\u0304 \\u00e0 g\\u00f9m ke d\\u00e0hbe ||q\\u1e75e te \\u00e0 k\\u00e1ni k\\u00e3 \\u01c2g\\u00fa\\u00e3 ke@@@\", \"answer\": \"Did I eat the young mudwasp that wanted the egg?\", \"matches_human_scoring\": false, \"fuzzy_matching\": false, \"manual_edit\": false}, {\"questionpart_n\": \"10.\", \"question\": \"@@@|\\u00e3\\u0301 ||x\\u00e0\\u00e3 \\u0144 ||qh\\u00faa g\\u00f9m k\\u00e3 dtsh\\u00e1\\u00e3 t\\u00e3 n\\u0304 \\u00e0 k\\u00f9hm k\\u00e3@@@\", \"answer\": \"Do the men not eat the buchu powder that I touched?\", \"matches_human_scoring\": false, \"fuzzy_matching\": false, \"manual_edit\": false}, {\"questionpart_n\": \"11.\", \"question\": \"@@@q\\u00e1e |\\u00e3 ||g\\u00e0\\u2019\\u00e3 t\\u00e3 \\u00e8h \\u0144 |n\\u00e1\\u0330a k\\u00e3 \\u00e0 dt\\u2019kx\\u2019\\u00e0ba ke d\\u014d\\u2019le@@@\", \"answer\": \"The woman\\u2019s springbok that he looks at was stuck on the grass.\", \"matches_human_scoring\": false, \"fuzzy_matching\": false, \"manual_edit\": false}]}, {\"question_n\": \"Q 2.2\", \"prompt\": \"Translate the following sentences into $$$Language X$$$:\", \"subprompts\": [{\"questionpart_n\": \"12.\", \"question\": \"Do I throw away the polecat\\u2019s big bone that is not stuck to my new box?\", \"answer\": \"@@@|\\u00e9 n\\u0304 \\u0144 ||x\\u00fb\\u0169 k\\u00e3 d\\u00e0\\u00e3 |\\u00e3 \\u01c2\\u00e0\\u00e3 !xa\\u00e3 t\\u00e3 \\u0144 ||qh\\u00faa dt\\u2019kx\\u2019\\u00e0ba ke n\\u0304 |e b\\u00f2k\\u00f2s\\u00e8 ||q\\u1e75e k\\u00e3@@@\", \"matches_human_scoring\": false, \"fuzzy_matching\": false, \"manual_edit\": false}, {\"questionpart_n\": \"13.\", \"question\": \"Does the young woman that I looked at eat the new buchu powder?\", \"answer\": \"@@@|\\u00e9 q\\u00e1e ||q\\u1e75e te n\\u0304 \\u00e0 |n\\u00e1\\u0330a ke \\u0144 g\\u00f9m k\\u00e3 dtsh\\u00e1\\u00e3 ||q\\u1e75\\u00e3@@@\", \"matches_human_scoring\": false, \"fuzzy_matching\": false, \"manual_edit\": false}, {\"questionpart_n\": \"14.\", \"question\": \"He did not want another egg that the men touched.\", \"answer\": \"@@@\\u00e8h \\u00e0 ||qh\\u00faa k\\u00e1ni k\\u00e3 \\u01c2g\\u00fa\\u00e3 ||qha\\u00e3 t\\u00e3 ||x\\u00e0\\u00e3 \\u00e0 k\\u00f9hm k\\u00e3@@@\", \"matches_human_scoring\": false, \"fuzzy_matching\": false, \"manual_edit\": false}, {\"questionpart_n\": \"15.\", \"question\": \"Did another springbok that doesn\\u2019t touch the polecat throw away the duck\\u2019s egg?\", \"answer\": \"@@@|\\u00e3\\u0301 ||g\\u00e0\\u2019\\u00e3 ||qha\\u00e3 t\\u00e3 \\u0144 ||qh\\u00faa k\\u00f9hm k\\u00e3 d\\u00e0\\u00e3 k\\u00e3 \\u00e0 ||x\\u00fb\\u0169 k\\u00e3 g\\u0101\\u00e3 |\\u00e3 \\u01c2g\\u00fa\\u00e3@@@\", \"matches_human_scoring\": false, \"fuzzy_matching\": false, \"manual_edit\": false}]}]",
    "notes": "Removed bolding on $$$Language X$$$. Removed italics on English. Removed brackets in 9-11 for marking on subclauses. Left answer blank for Q2.3 as it is \"Explain your solution\".",
    "answers_page": 2,
    "team_review": false
}