{
    "preamble": "Problem 1. $$$Language X$$$ (15 marks)\n &&& &&&\n",
    "context": "Below are some words in $$$Language X$$$ with their English translations. Note that \u0268 is a vowel; \u0272 \u2248 ny in canyon; \u0282 \u2248 sh in ship; ts \u2248 ts in cats; t\u0283 = ch in chip.\n\n@@@itsapaka@@@\tyour (pl) cheek\n@@@iku\u0282u@@@\this head\n@@@aputaka kuma@@@\tour city\n@@@aw\u0268ujatsi@@@\tour pond\n@@@ipina@@@\this house\n@@@ipina@@@\tyour (pl) house\n@@@imotola@@@\this motor\n@@@inamikula@@@\this friend\n@@@it\u0283u\u0282u@@@\tyour (pl) head\n@@@numunujati@@@\tmy forehead\n@@@awita@@@\tour bow\n@@@pamikula@@@\tyour (sg) friend\n@@@nupinatsi@@@\tmy hut\n@@@hit\u0283apulu kuma@@@\tyour (sg) gorilla\n@@@itsipa kuma@@@\tyour (pl) mountain\n@@@namikula@@@\tmy friend\n@@@hitsipulu@@@\tyour (sg) knee\n@@@itapaka@@@\this cheek\n@@@hirutakatsi@@@\tyour (sg) village\n@@@akapulu@@@\tour spider monkey\n@@@hitsipatsi@@@\tyour (sg) pebble\n\nBelow are some more $$$Language X$$$ words, with their English translations in a random order. The Panar\u00e1 are Indigenous &&& &&& people &&& &&& famous for their use of extremely large bows, as opposed to modern firearms.\n\n1.\t@@@hi\u0272unujati@@@\tA.\tyour (pl) arrow\n2.\t@@@ikupati@@@\tB.\tyour (sg) Panara\u0301 bow\n3.\t@@@in\u0268uja@@@\tC.\tyour (pl) creek\n4.\t@@@iukula@@@\tD.\this fish\n5.\t@@@iw\u0268\u0272\u0268tsi@@@\tE.\tyour (sg) forehead\n6.\t@@@pita kuma@@@\tF.\this lake",
    "questions": "[{\"question_n\": \"Q 1.1\", \"prompt\": \"A linguist studying $$$Language X$$$ was surprised by one of the meanings of @@@ipina@@@. Which one, and what did they expect the $$$Language X$$$ word with that meaning to be?\", \"subprompts\": [{\"questionpart_n\": \"(a)\", \"question\": \"Which meaning:\", \"answer\": \"your (pl) house\", \"matches_human_scoring\": false, \"fuzzy_matching\": false, \"manual_edit\": false}, {\"questionpart_n\": \"(b)\", \"question\": \"What was the expected $$$Language X$$$ word:\", \"answer\": \"@@@irina@@@\", \"matches_human_scoring\": false, \"fuzzy_matching\": false, \"manual_edit\": false}]}, {\"question_n\": \"Q 1.2\", \"prompt\": \"Determine the correct correspondences. Write the corresponding letter of the word that matches the numbered item.\", \"subprompts\": [{\"questionpart_n\": \"1.\", \"question\": \"1.\\t@@@hi\\u0272unujati@@@\", \"answer\": \"E\", \"matches_human_scoring\": false, \"fuzzy_matching\": false, \"manual_edit\": false}, {\"questionpart_n\": \"2.\", \"question\": \"2.\\t@@@ikupati@@@\", \"answer\": \"D\", \"matches_human_scoring\": false, \"fuzzy_matching\": false, \"manual_edit\": false}, {\"questionpart_n\": \"3.\", \"question\": \"3.\\t@@@in\\u0268uja@@@\", \"answer\": \"F\", \"matches_human_scoring\": false, \"fuzzy_matching\": false, \"manual_edit\": false}, {\"questionpart_n\": \"4.\", \"question\": \"4.\\t@@@iukula@@@\", \"answer\": \"A\", \"matches_human_scoring\": false, \"fuzzy_matching\": false, \"manual_edit\": false}, {\"questionpart_n\": \"5.\", \"question\": \"5.\\t@@@iw\\u0268\\u0272\\u0268tsi@@@\", \"answer\": \"C\", \"matches_human_scoring\": false, \"fuzzy_matching\": false, \"manual_edit\": false}, {\"questionpart_n\": \"6.\", \"question\": \"6.\\t@@@pita kuma@@@\", \"answer\": \"B\", \"matches_human_scoring\": false, \"fuzzy_matching\": false, \"manual_edit\": false}]}, {\"question_n\": \"Q 1.3\", \"prompt\": \"The linguist obtained 6 more $$$Language X$$$ words, given below. Translate them into English. They were again surprised by three of the words \\u2013 in these cases, also write what they expected the $$$Language X$$$ word with that meaning to be, separated from your first answer by a comma.\", \"subprompts\": [{\"questionpart_n\": \"7.\", \"question\": \"@@@anukula@@@\", \"answer\": \"our arrow, @@@awukula@@@\", \"matches_human_scoring\": false, \"fuzzy_matching\": false, \"manual_edit\": false}, {\"questionpart_n\": \"8.\", \"question\": \"@@@hiri\\u0272a@@@\", \"answer\": \"your (sg) house, @@@hirina@@@\", \"matches_human_scoring\": false, \"fuzzy_matching\": false, \"manual_edit\": false}, {\"questionpart_n\": \"9.\", \"question\": \"@@@inita@@@\", \"answer\": \"his bow\", \"matches_human_scoring\": false, \"fuzzy_matching\": false, \"manual_edit\": false}, {\"questionpart_n\": \"10.\", \"question\": \"@@@it\\u0283upatitsi@@@\", \"answer\": \"[\\\"your (pl) little fish\\\", \\\"your (pl) small fish\\\"]\", \"matches_human_scoring\": false, \"fuzzy_matching\": true, \"manual_edit\": false}, {\"questionpart_n\": \"11.\", \"question\": \"@@@pimotola@@@\", \"answer\": \"your (sg) motor, @@@hi\\u0272otola@@@\", \"matches_human_scoring\": false, \"fuzzy_matching\": true, \"manual_edit\": false}, {\"questionpart_n\": \"12.\", \"question\": \"@@@hiw\\u0268\\u0272\\u0268@@@\", \"answer\": \"your (sg) river\", \"matches_human_scoring\": false, \"fuzzy_matching\": false, \"manual_edit\": false}]}, {\"question_n\": \"Q 1.4\", \"prompt\": \"What would you expect the $$$Language X$$$ words with the following meanings be?\", \"subprompts\": [{\"questionpart_n\": \"13.\", \"question\": \"your (sg) ocean\", \"answer\": \"@@@p\\u0268uja kuma@@@\", \"matches_human_scoring\": false, \"fuzzy_matching\": false, \"manual_edit\": false}, {\"questionpart_n\": \"14.\", \"question\": \"our dart\", \"answer\": \"@@@awukulatsi@@@\", \"matches_human_scoring\": false, \"fuzzy_matching\": false, \"manual_edit\": false}, {\"questionpart_n\": \"15.\", \"question\": \"his arrow\", \"answer\": \"@@@inukula@@@\", \"matches_human_scoring\": false, \"fuzzy_matching\": false, \"manual_edit\": false}, {\"questionpart_n\": \"16.\", \"question\": \"my knee\", \"answer\": \"@@@nutipulu@@@\", \"matches_human_scoring\": false, \"fuzzy_matching\": false, \"manual_edit\": false}, {\"questionpart_n\": \"17.\", \"question\": \"your (pl) town\", \"answer\": \"@@@irutaka@@@\", \"matches_human_scoring\": false, \"fuzzy_matching\": false, \"manual_edit\": false}, {\"questionpart_n\": \"18.\", \"question\": \"his stone\", \"answer\": \"@@@itipa@@@\", \"matches_human_scoring\": false, \"fuzzy_matching\": false, \"manual_edit\": false}, {\"questionpart_n\": \"19.\", \"question\": \"your (sg) fish\", \"answer\": \"@@@hit\\u0283upati@@@\", \"matches_human_scoring\": false, \"fuzzy_matching\": false, \"manual_edit\": false}, {\"questionpart_n\": \"20.\", \"question\": \"our palace\", \"answer\": \"@@@apina kuma@@@\", \"matches_human_scoring\": false, \"fuzzy_matching\": false, \"manual_edit\": false}]}]",
    "notes": "Changed phrasing for match-up, and comma-separating with multiple answers",
    "answers_page": 2,
    "team_review": false
}