{
    "preamble": "Problem 2. $$$Language X$$$ (5 marks)\nHere are some $$$Language X$$$ words with their English translations. Note that sometimes two words have the same meanings - these are used in different dialects of $$$Language X$$$. The long vowels aa, ii,uu contrast with the short vowels a, i, u and are twice as long. y is a consonant.",
    "context": "Table 1: Standard Examples \n\n 1. \t @@@wati@@@ \t  \t man \t @@@watingka@@@ \t on/in a man\n\n 1. \t @@@ngarrka@@@ \t man \t @@@ngarrkangka@@@ \t on/in a man\n\n 2. \t @@@mardukuja@@@ \t woman \t @@@mardukujarla@@@ \t on/in a woman\n\n 2. \t @@@karnta@@@ \t woman \t @@@karntangka@@@ \t on/in a woman\n\n 3. \t @@@yaparranji@@@ \t teenage boy \t @@@yaparranjirla@@@ \t on/in a teenage boy\n\n 4. \t @@@jarntu@@@ \t dog \t @@@jarntungka@@@ \t on/in a dog\n\n 4. \t @@@maliki@@@ \t dog \t @@@malikirla@@@ \t on/in a dog\n\n 5. \t @@@minija@@@ \t cat \t @@@minijarla@@@ \t on/in a cat\n\n 5. \t @@@ngaya@@@ \t cat \t @@@ngayangka@@@ \t on/in a cat\n\n 6. \t @@@luurnpa@@@ \t Kingfisher bird \t @@@luurnparla@@@ \t on/in a Kingfisher\n\n 7. \t @@@kamina@@@ \t teenage girl \t @@@kaminarla@@@ \t on/in a teenage girl\n\n 8. \t @@@raa@@@  \t clearing \t @@@raangka@@@ \t in a clearing\n\n 9. \t @@@rtaka@@@ \t hand \t @@@rtakangka@@@ \t on a hand\n\n 10. \t @@@ngurra@@@ \t  home \t @@@ngurrangka@@@ \t at home\n\n 11. \t @@@yama@@@  \t shade \t __(a)__ \t in the shade\n\n 11. \t @@@malurnpa@@@ \t shade \t __(b)__  \t in the shade\n\n 12. \t @@@wulpayi@@@ \t creek \t __(c)__ \t on/in the creek\n\n 13. \t @@@jaaji@@@ \t church \t __(d)__ \t on/in a church\n\n 13. \t @@@piipa@@@ \t church \t __(e)__ \t on/in a church\n\n 14. \t @@@jamalya@@@ \t log \t __(f)__  \t on/in a log\n\n 14. \t @@@rdalyku@@@ \t log \t __(g)__ \t on/in a log\n\n\n Table 2: Possibly Irregular Examples \n\n 15. \t @@@yali@@@ \t that \t @@@yalirla@@@ \t there\n\n 16. \t @@@mirni@@@ \t like this \t @@@mirnirla@@@ \t somewhere here\n\n 17. \t @@@nyamp@@@ this \t @@@nyampurla@@@ \t here\n\n 18. \t @@@yalumpu@@@ \t that there \t @@@yalumpurla@@@ \t on that there\n\n 19. \t @@@yinya@@@ \t there \t @@@yinyarla@@@ \t over there",
    "questions": "[{\"question_n\": \"Q 2.1\", \"prompt\": \"Fill in the gaps (a)-(g).\", \"subprompts\": [{\"questionpart_n\": \"(a)\", \"question\": \"__(a)__\", \"answer\": \"@@@yamangka@@@\", \"matches_human_scoring\": true, \"fuzzy_matching\": false, \"manual_edit\": false}, {\"questionpart_n\": \"(b)\", \"question\": \"__(b)__\", \"answer\": \"@@@malurnparla@@@\", \"matches_human_scoring\": true, \"fuzzy_matching\": false, \"manual_edit\": false}, {\"questionpart_n\": \"(c)\", \"question\": \"__(c)__\", \"answer\": \"@@@wulpayirla@@@\", \"matches_human_scoring\": true, \"fuzzy_matching\": false, \"manual_edit\": false}, {\"questionpart_n\": \"(d)\", \"question\": \"__(d)__\", \"answer\": \"@@@jaajirla@@@\", \"matches_human_scoring\": true, \"fuzzy_matching\": false, \"manual_edit\": false}, {\"questionpart_n\": \"(e)\", \"question\": \"__(e)__\", \"answer\": \"@@@piiparla@@@\", \"matches_human_scoring\": true, \"fuzzy_matching\": false, \"manual_edit\": false}, {\"questionpart_n\": \"(f)\", \"question\": \"__(f)__\", \"answer\": \"@@@jamalyarla@@@\", \"matches_human_scoring\": true, \"fuzzy_matching\": false, \"manual_edit\": false}, {\"questionpart_n\": \"(g)\", \"question\": \"__(g)__\", \"answer\": \"@@@rdalykungka@@@\", \"matches_human_scoring\": true, \"fuzzy_matching\": false, \"manual_edit\": false}]},{\"question_n\": \"Q 2.2\", \"prompt\": \"For each of the rows 15-19 in Table 2 above, write either Regular or Irregular to indicate whether the example follows the pattern exemplified in Table 1.\", \"subprompts\": [{\"questionpart_n\": \"15.\", \"question\": \"15.\", \"answer\": \"Irregular\", \"matches_human_scoring\": true, \"fuzzy_matching\": false, \"manual_edit\": false},{\"questionpart_n\": \"16.\", \"question\": \"16.\", \"answer\": \"Irregular\", \"matches_human_scoring\": true, \"fuzzy_matching\": false, \"manual_edit\": false},{\"questionpart_n\": \"17.\", \"question\": \"17.\", \"answer\": \"Irregular\", \"matches_human_scoring\": true, \"fuzzy_matching\": false, \"manual_edit\": false},{\"questionpart_n\": \"18.\", \"question\": \"18.\", \"answer\": \"Regular\", \"matches_human_scoring\": true, \"fuzzy_matching\": false, \"manual_edit\": false},{\"questionpart_n\": \"19.\", \"question\": \"19.\", \"answer\": \"Irregular\", \"matches_human_scoring\": true, \"fuzzy_matching\": false, \"manual_edit\": false}]}]",
    "notes": "Removed bold\n\n",
    "answers_page": 2,
    "team_review": true
}