{
    "preamble": "Problem 10. $$$Language X$$$ (25 marks)\nLanguage games are variations of a language created by altering words in particular ways. For example, Pig Latin is a common English game. To speak Pig Latin, move any consonants from before the first vowel to the end of a word, then add -ay. For example, linguistics puzzle becomes inguisticslay uzzlepay.\nLanguage games can be used by linguists to discover facts about the phonology (the sounds) of a language that may not be obvious otherwise.\n",
    "context": "Speakers of $$$Language X$$$, &&& &&& have at least 5 documented language games, one of which is @@@sorsik sunmake@@@. Below are some $$$Language X$$$ words, written in their standard pronunciation (left), @@@sorsik sunmake@@@ pronunciation (centre), along with their English translation (right). Note the words have been written in a simplified phonetic transcription \u2013 that is, how they are pronounced, not how they are usually spelt.\n\n@@@topalit@@@\t@@@palitop@@@\talso be afraid\n(a)\t@@@tebarsat@@@\talso lack\n@@@pajsa@@@\t@@@sabak@@@\tbought\n@@@sajla@@@\t@@@lasak@@@\tchief\n@@@tage@@@\t(b)\tcome\n@@@tojsat@@@\t@@@satok@@@\tentered\n@@@koe@@@\t(c)\tdeer, baby\n@@@pammar@@@\t@@@marbap@@@\tfathers\n(d)\t@@@pansap@@@\tfirewood\n@@@pake@@@\t@@@kebak@@@\tfour\n@@@kagan@@@\t@@@kanga@@@\tgrass\n@@@sojbaloe@@@\t(h)\twill also say\n@@@pebap@@@\t(i)\tyour father\n@@@itoet@@@\t@@@toedit@@@\thear\n@@@neki@@@\t(e)\tin the house\n@@@pipi@@@\t@@@pibip@@@\tlittle\n@@@angoe@@@\t@@@koean@@@\tmy deer, baby\n(f)\t@@@pabajsok@@@\teight\n@@@osi@@@\t@@@sio@@@\tpineapple\n@@@kogujle@@@\t@@@kujlego@@@\tseven (small things)\n(g)\t@@@maigap@@@\tsleeping\n@@@mae@@@\t@@@ema@@@\tsuck\n@@@immar@@@\t@@@marip@@@\tthing\n@@@ajdik@@@\t@@@tigak@@@\tweigh\n@@@argan@@@\t@@@kanar@@@\thand\n(j)\t@@@nejbe@@@\tyour house\n\nFrom studying the @@@sorsik sunmake@@@ forms of words, linguists could deduce four rules about the pronunciation of $$$Language X$$$ words. These rules apply both in regular $$$Language X$$$ pronunciation, and in the @@@sorsik sunmake@@@ pronunciation.\nIn particular, there are some consonants or pairs of consonants which are pronounced in a different way in certain situations.\n\n",
    "questions": "[{\"question_n\": \"Q 10.1\", \"prompt\": \"Fill in the gaps (a)-(j). Note that in one case, two forms are possible \\u2013 give both.\", \"subprompts\": [{\"questionpart_n\": \"a.\", \"question\": \"__(a)__\", \"answer\": \"@@@satebar@@@\", \"matches_human_scoring\": false, \"fuzzy_matching\": false, \"manual_edit\": false}, {\"questionpart_n\": \"b.\", \"question\": \"__(b)__\", \"answer\": \"@@@keda@@@\", \"matches_human_scoring\": false, \"fuzzy_matching\": false, \"manual_edit\": false}, {\"questionpart_n\": \"c.\", \"question\": \"__(c)__\", \"answer\": \"@@@ego@@@\", \"matches_human_scoring\": false, \"fuzzy_matching\": false, \"manual_edit\": false}, {\"questionpart_n\": \"d.\", \"question\": \"__(d)__\", \"answer\": \"@@@sapan@@@\", \"matches_human_scoring\": false, \"fuzzy_matching\": false, \"manual_edit\": false}, {\"questionpart_n\": \"e.\", \"question\": \"__(e)__\", \"answer\": \"@@@kinek@@@\", \"matches_human_scoring\": false, \"fuzzy_matching\": false, \"manual_edit\": false}, {\"questionpart_n\": \"f.\", \"question\": \"__(f)__\", \"answer\": \"@@@sojbabak@@@\", \"matches_human_scoring\": false, \"fuzzy_matching\": false, \"manual_edit\": false}, {\"questionpart_n\": \"g.\", \"question\": \"__(g)__\", \"answer\": \"[\\\"@@@kammai@@@, @@@ammaik@@@\\\",\\\"@@@ammaik@@@, @@@kammai@@@\\\"]\", \"matches_human_scoring\": false, \"fuzzy_matching\": false, \"manual_edit\": false}, {\"questionpart_n\": \"h.\", \"question\": \"__(h)__\", \"answer\": \"@@@paloesok@@@\", \"matches_human_scoring\": false, \"fuzzy_matching\": false, \"manual_edit\": false}, {\"questionpart_n\": \"i.\", \"question\": \"__(i)__\", \"answer\": \"@@@pape@@@\", \"matches_human_scoring\": false, \"fuzzy_matching\": false, \"manual_edit\": false}, {\"questionpart_n\": \"j.\", \"question\": \"__(j)__\", \"answer\": \"@@@penek@@@\", \"matches_human_scoring\": false, \"fuzzy_matching\": false, \"manual_edit\": false}]}, {\"question_n\": \"Q 10.2\", \"prompt\": \"Describe these rules by filling in each of the blanks below with either one or two letters.\", \"subprompts\": [{\"questionpart_n\": \"k.\", \"question\": \"At the start and end of words:\\t __ is pronounced __, __ is pronounced __, and __ is pronounced __;\", \"answer\": \"[\\\"@@@b@@@ is pronounced @@@p@@@, @@@d@@@ is pronounced @@@t@@@, @@@g@@@ is pronounced @@@k@@@\\\", \\\"@@@b@@@ is pronounced @@@p@@@, @@@g@@@ is pronounced @@@k@@@, @@@d@@@ is pronounced @@@t@@@\\\", \\\"@@@d@@@ is pronounced @@@t@@@, @@@b@@@ is pronounced @@@p@@@, @@@g@@@ is pronounced @@@k@@@\\\", \\\"@@@d@@@ is pronounced @@@t@@@, @@@g@@@ is pronounced @@@k@@@, @@@b@@@ is pronounced @@@p@@@\\\", \\\"@@@g@@@ is pronounced @@@k@@@, @@@d@@@ is pronounced @@@t@@@, @@@b@@@ is pronounced @@@p@@@\\\", \\\"@@@g@@@ is pronounced @@@k@@@, @@@b@@@ is pronounced @@@p@@@, @@@d@@@ is pronounced @@@t@@@\\\"]\", \"matches_human_scoring\": false, \"fuzzy_matching\": false, \"manual_edit\": false}, {\"questionpart_n\": \"l.\", \"question\": \"Before any other consonant: __ is pronounced __;\", \"answer\": \"@@@g@@@ is pronounced @@@j@@@\", \"matches_human_scoring\": false, \"fuzzy_matching\": false, \"manual_edit\": false}, {\"questionpart_n\": \"m.\", \"question\": \"Everywhere: __ is pronounced @@@mm@@@;\", \"answer\": \"@@@bm@@@ is pronounced @@@mm@@@\", \"matches_human_scoring\": false, \"fuzzy_matching\": false, \"manual_edit\": false}, {\"questionpart_n\": \"n.\", \"question\": \"Everywhere: @@@bb@@@ is pronounced __, @@@dd@@@ is pronounced __, and @@@gg@@@ is pronounced __.\", \"answer\": \"@@@bb@@@ is pronounced @@@p@@@, @@@dd@@@ is pronounced @@@t@@@, and @@@gg@@@ is pronounced @@@k@@@.\", \"matches_human_scoring\": false, \"fuzzy_matching\": false, \"manual_edit\": false}]}]",
    "notes": "Question 2 may have formatting issues in scoring",
    "answers_page": 2,
    "team_review": false
}