{
    "preamble": "Problem 4. $$$Language X$$$ (10 marks)\n &&& &&&",
    "context": "Below are some sentences in $$$Language X$$$, along with their English translations.\n@@@Ndiyathanda.@@@\tI love.\n@@@Siyabathanda.@@@\tWe love them.\n@@@Sithanda isiXhosa.@@@\tWe love Xhosa.\n@@@Uyathanda.@@@\tYou (sg) love.\n@@@Uthetha isiNgesi.@@@\tYou (sg) speak English.\n@@@Bayafunda?@@@\tDo they learn?\n@@@Bayakubona.@@@\tThey see you (sg).\n@@@Niyasibona.@@@\tYou (pl) see us.\n@@@Ndiyabafundisa?@@@\tDo I teach them?\n@@@Bathetha isiRashiya.@@@\tThey speak Russian.\n@@@Nithetha isiNgesi?@@@\tDo you (pl) speak English? \n@@@Niyandibona?@@@\tDo you (pl) see me?\n@@@Ndifunda isiXhosa.@@@\tI learn Xhosa. \n@@@Basafundisa isiZulu.@@@\tThey still teach Zulu. \n@@@Sikwathanda isiNdebele.@@@\tWe also love Ndebele. \n@@@Ndingasifundisa.@@@\tI can teach us.\n@@@Ukwandibona?@@@\tDo you (sg) also see me?\n@@@Sisanifundisa.@@@\tWe still teach you (pl).\n@@@Singakufundisa.@@@\tWe can teach you (sg).\n@@@Ndisathetha isiXhosa.@@@\tI still speak Xhosa.",
    "questions": "[{\"question_n\": \"Q 4.1\", \"prompt\": \"Translate into English:\", \"subprompts\": [{\"questionpart_n\": \"1. \", \"question\": \"@@@Bayanithanda?@@@\", \"answer\": \"Do they love you (pl)?\", \"matches_human_scoring\": true, \"fuzzy_matching\": false, \"manual_edit\": false}, {\"questionpart_n\": \"2.\", \"question\": \"@@@Bafundisa isiJamani.@@@\", \"answer\": \"They teach German.\", \"matches_human_scoring\": true, \"fuzzy_matching\": false, \"manual_edit\": false}, {\"questionpart_n\": \"3.\", \"question\": \"@@@Ningabafundisa.@@@\", \"answer\": \"You (pl) can teach them.\", \"matches_human_scoring\": true, \"fuzzy_matching\": false, \"manual_edit\": false}, {\"questionpart_n\": \"4.\", \"question\": \"@@@Usandibona?@@@\", \"answer\": \"Do you (sg) still see me?\", \"matches_human_scoring\": true, \"fuzzy_matching\": false, \"manual_edit\": false}, {\"questionpart_n\": \"5.\", \"question\": \"@@@Sikwafunda isiFrentshi.@@@\", \"answer\": \"We also learn French.\", \"matches_human_scoring\": true, \"fuzzy_matching\": false, \"manual_edit\": false}]}, {\"question_n\": \"Q 4.2\", \"prompt\": \"Translate into $$$Language X$$$:\", \"subprompts\": [{\"questionpart_n\": \"6.\", \"question\": \"You (pl) speak.\", \"answer\": \"@@@Niyathetha.@@@\", \"matches_human_scoring\": true, \"fuzzy_matching\": false, \"manual_edit\": false}, {\"questionpart_n\": \"7.\", \"question\": \"You (sg) teach them.\", \"answer\": \"@@@Uyabafundisa.@@@\", \"matches_human_scoring\": true, \"fuzzy_matching\": false, \"manual_edit\": false}, {\"questionpart_n\": \"8. \", \"question\": \"They also learn English.\", \"answer\": \"@@@Bakwafunda isiNgesi.@@@\", \"matches_human_scoring\": true, \"fuzzy_matching\": false, \"manual_edit\": false}, {\"questionpart_n\": \"9.\", \"question\": \"Can I see you (pl)?\", \"answer\": \"@@@Ndinganibona?@@@\", \"matches_human_scoring\": true, \"fuzzy_matching\": false, \"manual_edit\": false}, {\"questionpart_n\": \"10.\", \"question\": \"I still learn.\", \"answer\": \"@@@Ndisafunda.@@@\", \"matches_human_scoring\": true, \"fuzzy_matching\": false, \"manual_edit\": false}, {\"questionpart_n\": \"11.\", \"question\": \"You (sg) can see them.\", \"answer\": \"@@@Ungababona.@@@\", \"matches_human_scoring\": true, \"fuzzy_matching\": false, \"manual_edit\": false}]}]",
    "notes": "footnotes",
    "answers_page": 3,
    "team_review": false
}