{
    "preamble": "$$$Language X$$$ (25 marks)\n &&& &&&",
    "context": "Below is a transcribed and translated story told by a $$$Language X$$$ speaker.\n\n1\t@@@Karrinja nyulu kirriya barrawunu.@@@\tThe woman is standing in the house.\n2\t@@@Jungku nyulu burrurri kundana.@@@\tThe man is sitting under a tree.\n3\t@@@Jungku bula nawunu rajini.@@@\tThey are here in the camp.\n4\t@@@Dabarraba nyulu waliji, nangkani burrurrii.@@@\tThis man is cooking meat.\n5\t@@@Balikajba nyulu, walijiyanyi, nana kirriya.@@@\tShe is hungry for meat, that woman.\n6\t@@@Nayi burrurri, lalujbu nyulu.@@@\tThis man, he gets up.\n7\t@@@Kanungku barri nyulu jilaba kirriyawurru.@@@\tHe then goes up to the woman.\n8\t@@@Wijbi barri nyulu kirriya walijiyanyi jangkaranyiyanyi, karrinjawurru.@@@\tThen he gives some cooked meat to the woman who\u2019s standing.\n9\t@@@Nanangkani kirriyaa, nanganja barri nyulu manii nana waliji burrurrinanja.@@@\tThat woman, she then takes that meat with her hand from the man.\n10\t@@@Jarrba barri nyulu, balikajini, nanangkani kirriyaa, nana waliji, karrinjana nanawunu barrawunu.@@@\tThen that woman hungrily eats that meat, standing there in the house.\n11\t@@@Jawikajba barri nyulu burrurri: Ninji, wanyi ninji jarrba?@@@\tShe then asks the man. What are you eating?\n12\t@@@Budangku ngawu jarrba jalanya.@@@\tI\u2019m not eating now.\n13\t@@@Jilakanyi ngawu kakuwanyi nanganjaanyi.@@@ @@@Karubu-yanyba ngawu.@@@\tI\u2019ll go and catch some fish. I\u2019m going fishing.\n14\t@@@Wunjuku ninji jilaba?@@@\tWhere are you going?\n15\t@@@Kularra ngawu jilaba, nanangkurru manangkawurru.@@@\tI\u2019m going south, to that river.\n16\t@@@Ngabungabu, malijibi nyulu kirriyaa, banjana nyulu jilaba.@@@\tLate afternoon, the woman followed him, she went after.\n17\t@@@Najba barri nyulu, burrurri, jungkuwurru, karubu-yanykurru.@@@\tThen she saw the man sitting fishing.\n18\t@@@Manangkana nyulu jungku, nana burrurri.@@@\tThat man was sitting by the river.\n19\t@@@Najba nyulu kirriya, kanungkuwurru.@@@\tHe saw the woman approaching.\n20\t@@@Kawa! Jilanji nangkurru.@@@\tCome! Come here!\n21\t@@@Jawikajba nyulu burrurri kanungkunu.@@@\tShe asked the man as she approached.\n22\t@@@Kaku ninji nanganja?@@@\tHave you caught any fish?\n23\t@@@Budangku ngawu kakuwanyi.@@@\tI\u2019ve got no fish.\n24\t@@@Budangku nayi kakuwanyi.@@@\tThere\u2019s no fish here.\n25\t@@@Ngamuyu-kiya ninji nanganja kaku nawunu. Kaja.@@@\tI thought you would have caught fish here. Lots.\n26\t@@@Yanyba nyulu nangangi.@@@\tHe said to her:\n27\t@@@Najba ngawu kaku nawunu wanamini, bilikijawurru, bungkuna.@@@\tI saw fish swimming here in the water yesterday.\n28\t@@@Budangku yalu balikajba walijiyanyi jalanya.@@@\tThey are not hungry for meat right now.\n29\t@@@Ngadijbi yaluwangka bulinjana.@@@\tThey are hiding in the water-grass.\n30\t@@@Rajiwurru barri bula kannga, budangku kakuwanyi.@@@\tThey both returned home, without any fish.\n31\t@@@Balikajini bula kannga rajiwurru, kirriya, burrurri.@@@\tThey both return home hungry \u2013 the woman (and) the man.",
    "questions": "[{\"question_n\": \"Q 9.1\", \"prompt\": \"Translate these $$$Language X$$$ sentences into English. If multiple translations are possible, give only one.\", \"subprompts\": [{\"questionpart_n\": \"a.\", \"question\": \"@@@Jungku ngawu rajini.@@@\", \"answer\": \"[\\\"I am sitting in the camp.\\\", \\\"I\\u2019m sitting in the camp.\\\"]\", \"matches_human_scoring\": false, \"fuzzy_matching\": false, \"manual_edit\": false}, {\"questionpart_n\": \"b.\", \"question\": \"@@@Jawikajba barri bula nayi burrurri.@@@\", \"answer\": \"[\\\"Then they both ask this man.\\\", \\\"Then they both ask this man.\\\", \\\"They then both ask this man.\\\", \\\"They then both ask this man.\\\", \\\"They both ask this man then.\\\", \\\"They both ask this man then.\\\"]\", \"matches_human_scoring\": false, \"fuzzy_matching\": false, \"manual_edit\": false}, {\"questionpart_n\": \"c.\", \"question\": \"@@@Budangku ngawu balikajba jalanya.@@@\", \"answer\": \"[\\\"Now I am not hungry.\\\", \\\"Now I'm not hungry.\\\", \\\"Right now I am not hungry.\\\", \\\"Right now I'm not hungry.\\\",  \\\"I am now not hungry.\\\", \\\"I'm now not hungry.\\\", \\\"I am right now not hungry.\\\", \\\"I'm right now not hungry.\\\", \\\"I am not now hungry.\\\", \\\"I'm not now hungry.\\\", \\\"I am not right now hungry.\\\", \\\"I'm not right now hungry.\\\",  \\\"I am not hungry now.\\\", \\\"I'm not hungry now.\\\", \\\"I am not hungry right now.\\\", \\\"I'm not hungry right now.\\\"]\", \"matches_human_scoring\": false, \"fuzzy_matching\": false, \"manual_edit\": false}]}, {\"question_n\": \"Q 9.2\", \"prompt\": \"Translate these English sentences into $$$Language X$$$. If you believe multiple translations are possible, give only one.\", \"subprompts\": [{\"questionpart_n\": \"d.\", \"question\": \"The man and the woman are sitting here.\", \"answer\": \"@@@Jungku bula nawunu burrurri kirriya.@@@\", \"matches_human_scoring\": false, \"fuzzy_matching\": false, \"manual_edit\": true}, {\"questionpart_n\": \"e.\", \"question\": \"That woman eats fish.\", \"answer\": \"@@@Jarrba nyulu nanangkani kirriyaa kaku.@@@\", \"matches_human_scoring\": false, \"fuzzy_matching\": false, \"manual_edit\": true}, {\"questionpart_n\": \"f.\", \"question\": \"This man cooks that meat standing under a tree.\", \"answer\": \"@@@Dabarraba nyulu nana waliji nangkani burrurrii karrinjana kundana.@@@\", \"matches_human_scoring\": false, \"fuzzy_matching\": false, \"manual_edit\": true}]}]",
    "notes": "Moved table up.",
    "answers_page": 3,
    "team_review": true
}