{
    "preamble": "A little $$$Language X$$$ problem (20 marks)\n\n",
    "context": "In $$$Language X$$$ there are various suffixes which can be added to a word to make a diminutive form, meaning roughly \u201clittle\u201d, and sometimes expressing endearment or contempt as in the next table:\n\n@@@boek@@@\t\u2018book\u2019\t\t@@@boekje@@@\t\u2018little book\u2019, \u2018booklet\u2019\n@@@paar@@@\t\u2018couple\u2019\t\t@@@paartje@@@\t\u2018little couple\u2019, \u2018just two\u2019\n@@@raam@@@\t\u2018window\u2019\t\t@@@raampje@@@\t\u2018little window\u2019\n@@@som@@@\t\u2018sum\u2019\t\t@@@sommetje@@@\t\u2018little sum\u2019, \u2018small amount\u2019\n\nThe choice of these suffixes follows rules which are generally strict but allow exceptions. Here are some more $$$Language X$$$ diminutives, listed in alphabetical order. In this list, two words are exceptions. (Note: all multisyllabic words in this list are stressed on the first syllable, except @@@geluid@@@.)\n\n@@@baan@@@\t@@@baantje@@@\t\u2018job\u2019\n@@@boer@@@\t@@@boertje@@@\t\u2018peasant\u2019\n@@@bloem@@@\t@@@bloemetje@@@\t\u2018flower\u2019\n@@@bon@@@\t@@@bonnetje@@@\t\u2018ticket\u2019\n@@@dak@@@\t@@@dakje@@@\t\u2018roof\u2019\n@@@ding@@@\t@@@dingetje@@@\t\u2018thing\u2019\n@@@geluid@@@\t@@@geluidje@@@\t\u2018noise\u2019\n@@@gracht@@@\t@@@grachtje@@@\t\u2018canal\u2019\n@@@kamer@@@\t@@@kamertje@@@\t\u2018room\u2019\n@@@kast@@@\t@@@kastje@@@\t\u2018table\u2019\n@@@kleed@@@\t@@@kleedje@@@\t\u2018rug\u2019\n@@@koning@@@\t@@@koninkje@@@\t\u2018king\u2019\n@@@koe@@@\t@@@koetje@@@\t\u2018cow\u2019\n@@@kom@@@\t@@@kommetje@@@\t\u2018bowl\u2019\n@@@koop@@@\t@@@koopje@@@\t\u2018purchase\u2019\n@@@kop@@@\t@@@kopje@@@\t\u2018head\u2019\n@@@lam@@@\t@@@lammetje@@@\t\u2018lamb\u2019\n@@@lepel@@@\t@@@lepeltje@@@\t\u2018spoon\u2019\n@@@man@@@\t@@@mannetje@@@\t\u2018male\u2019\n@@@meer@@@\t@@@meertje@@@\t\u2018lake\u2019\n@@@noot@@@\t@@@nootje@@@\t\u2018nut\u2019\n@@@oom@@@\t@@@oompje@@@\t\u2018uncle\u2019\n@@@paard@@@\t@@@paardje@@@\t\u2018horse\u2019\n@@@ploe@@@\t@@@ploetje@@@\t\u2018plough\u2019\n@@@pluim@@@\t@@@pluimpje@@@\t\u2018feather\u2019\n@@@pot@@@\t@@@potje@@@\t\u2018pot\u2019\n@@@saam@@@\t@@@saampjes@@@\t\u2018together\u2019\n@@@slang@@@\t@@@slangetje@@@\t\u2018snake\u2019\n@@@soep@@@\t@@@soepje@@@\t\u2018soup\u2019\n@@@ster@@@\t@@@sterretje@@@\t\u2018star\u2019\n@@@stoel@@@\t@@@stoeltje@@@\t\u2018chair\u2019\n@@@teen@@@\t@@@teentje@@@\t\u2018toe\u2019\n@@@tuin@@@\t@@@tuintje@@@\t\u2018garden\u2019\n@@@warm@@@\t@@@warmpjes@@@\t\u2018warmly\u2019\n@@@wel@@@\t@@@welletjes@@@\t\u2018well\u2019\n\n\n",
    "questions": "[{\"question_n\": \"Q 8.1\", \"prompt\": \"What will the diminutive form of the following words be?\", \"subprompts\": [{\"questionpart_n\": \"a. \", \"question\": \"@@@kan@@@ \\u2018jug\\u2019\", \"answer\": \"@@@kannetje@@@\", \"matches_human_scoring\": false, \"fuzzy_matching\": false, \"manual_edit\": false}, {\"questionpart_n\": \"b.\", \"question\": \"@@@kar@@@ \\u2018cart\\u2019\", \"answer\": \"@@@karretje@@@\", \"matches_human_scoring\": false, \"fuzzy_matching\": false, \"manual_edit\": false}, {\"questionpart_n\": \"c.\", \"question\": \"@@@kwart@@@ \\u2018quarter\\u2019\", \"answer\": \"@@@kwartje@@@\", \"matches_human_scoring\": false, \"fuzzy_matching\": false, \"manual_edit\": false}, {\"questionpart_n\": \"d.\", \"question\": \"@@@la@@@ \\u2018drawer\\u2019\", \"answer\": \"@@@latje@@@\", \"matches_human_scoring\": false, \"fuzzy_matching\": false, \"manual_edit\": false}, {\"questionpart_n\": \"e.\", \"question\": \"@@@moeder@@@ \\u2018mother\\u2019\", \"answer\": \"@@@moedertje@@@\", \"matches_human_scoring\": false, \"fuzzy_matching\": false, \"manual_edit\": false}, {\"questionpart_n\": \"f.\", \"question\": \"@@@riem@@@ \\u2018strap\\u2019\", \"answer\": \"@@@riempje@@@\", \"matches_human_scoring\": false, \"fuzzy_matching\": false, \"manual_edit\": false}, {\"questionpart_n\": \"g.\", \"question\": \"@@@stil@@@ \\u2018quietly\\u2019\", \"answer\": \"@@@stilletjes@@@\", \"matches_human_scoring\": false, \"fuzzy_matching\": false, \"manual_edit\": false}, {\"questionpart_n\": \"h.\", \"question\": \"@@@tafel@@@ \\u2018table\\u2019\", \"answer\": \"@@@tafeltje@@@\", \"matches_human_scoring\": false, \"fuzzy_matching\": false, \"manual_edit\": false}]}, {\"question_n\": \"Q 8.2\", \"prompt\": \"Which are the two exceptional words? Write them separated by a single comma.\", \"subprompts\": [{\"questionpart_n\": \"i.\", \"question\": \"\", \"answer\": \"[\\\"@@@bloem@@@, @@@bloemetje@@@\\\", \\\"@@@bloemetje@@@, @@@bloem@@@\\\", \\\"@@@koninkje@@@, @@@koning@@@\\\", \\\"@@@koning@@@, @@@koninkje@@@\\\"]\", \"matches_human_scoring\": false, \"fuzzy_matching\": false, \"manual_edit\": false}]}]",
    "notes": "Check how models answer Q 8.2 because the formatting requirements are quite specific",
    "answers_page": 2,
    "team_review": false
}