{
    "preamble": "5 $$$Language X$$$ (15 marks)",
    "context": "Here are some $$$Language X$$$ noun phrases in the form \u2018quantifier\u2019 (i.e. numeral or \u201cmany\u201d) + noun, with their English translations.\n\n@@@dvama uchenici@@@\ttwo students\n@@@devet garderoba@@@\tnine wardrobes\n@@@mnogo uchenici@@@\tmany students\n@@@edin sand\u0259k@@@\tone chest\n@@@tri sand\u0259ka@@@\tthree chests\n@@@mnogo sand\u0259ci@@@\tmany chests\n@@@devetima bal\u0259ci@@@\tnine morons\n@@@mnogo garderobi@@@\tmany wardrobes\n@@@shestima programisti@@@\tsix programmers\n@@@chetiri kapaka@@@\tfour covers\n@@@mnogo programisti@@@\tmany programmers\n@@@trima chistachi@@@\tthree cleaners\n@@@edin bal\u0259k@@@\tone moron\n\nNote: $$$Language X$$$ normally uses a different alphabet, but this problem uses the Roman alphabet instead, with c for a \"ts\" sound and \u0259 for the sound at the end of sofa. Otherwise, the letters sound as in English.",
    "questions": "[{\"question_n\": \"Q 5.1\", \"prompt\": \"Translate the following into $$$Language X$$$:\", \"subprompts\": [{\"questionpart_n\": \"a.\", \"question\": \"six covers\", \"answer\": \"@@@shest kapaka@@@\", \"matches_human_scoring\": false, \"fuzzy_matching\": false, \"manual_edit\": false}, {\"questionpart_n\": \"b.\", \"question\": \"many morons\", \"answer\": \"@@@mnogo bal\\u0259ci@@@\", \"matches_human_scoring\": false, \"fuzzy_matching\": false, \"manual_edit\": false}, {\"questionpart_n\": \"c.\", \"question\": \"four cleaners\", \"answer\": \"@@@chetirima chistachi@@@\", \"matches_human_scoring\": false, \"fuzzy_matching\": false, \"manual_edit\": false}, {\"questionpart_n\": \"d.\", \"question\": \"many covers\", \"answer\": \"@@@mnogo kapaci@@@\", \"matches_human_scoring\": false, \"fuzzy_matching\": false, \"manual_edit\": false}, {\"questionpart_n\": \"e.\", \"question\": \"one programmer\", \"answer\": \"@@@edin programist@@@\", \"matches_human_scoring\": false, \"fuzzy_matching\": false, \"manual_edit\": false}, {\"questionpart_n\": \"f.\", \"question\": \"three students\", \"answer\": \"@@@trima uchenici@@@\", \"matches_human_scoring\": false, \"fuzzy_matching\": false, \"manual_edit\": false}]}]",
    "notes": "Add \"with their English translations.\"",
    "answers_page": 2,
    "team_review": false
}