{
    "preamble": "$$$Language X$$$ (10 marks)\n$$$Language X$$$ is a dead language, &&& &&& which was usually written in a special script (which we will replace by our familiar Roman letters, using \u0101 and \u012b for long vowels and without capital letters or punctuation).\n\n\n",
    "context": "Here are some expressions in $$$Language X$$$ with their English translations:\n\n\t$$$Language X$$$\tEnglish Translation\n1.\t @@@mah\u0101matto nis\u012bdati@@@\tThe minister sits down.\n2.\t @@@mah\u0101mattam upasamkamanti@@@\tThey visit the minister.\n3.\t @@@samano tath\u0101gato hoti@@@\tThe philosopher is enlightened.\n4.\t @@@samane attham pucchanti@@@\tThey ask the philosophers the meaning.\n5.\t @@@up\u0101sako pucchati@@@\tThe disciple asks.\n6.\t @@@loko mah\u0101mattassa@@@\tthe minister\u2019s world\n\n\nUse the following extra vocabulary: @@@r\u0101jo@@@ \u2018king\u2019, @@@devo@@@ \u2018god\u2019, @@@g\u0101mo@@@ \u2018village\u2019\n",
    "questions": "[{\"question_n\": \"Q 3.1\", \"prompt\": \"Translate the following into English:\", \"subprompts\": [{\"questionpart_n\": \"a.\", \"question\": \"@@@r\\u0101jo nis\\u012bdati@@@\", \"answer\": \"The king sits down.\", \"matches_human_scoring\": false, \"fuzzy_matching\": false, \"manual_edit\": false}, {\"questionpart_n\": \"b.\", \"question\": \"@@@r\\u0101jo g\\u0101massa devo hoti@@@\", \"answer\": \"[\\\"The village\\u2019s king is a god.\\\", \\\"The village\\u2019s king is the god.\\\", \\\"The king of the village is a god.\\\", \\\"The king of the village is the god.\\\"]\", \"matches_human_scoring\": false, \"fuzzy_matching\": false, \"manual_edit\": false}]}, {\"question_n\": \"Q 3.2\", \"prompt\": \"Translate the following into $$$Language X$$$:\", \"subprompts\": [{\"questionpart_n\": \"a.\", \"question\": \"The minister asks the philosophers.\", \"answer\": \"@@@mah\\u0101matto samane pucchati@@@\", \"matches_human_scoring\": false, \"fuzzy_matching\": false, \"manual_edit\": false}, {\"questionpart_n\": \"b.\", \"question\": \"The philosopher sits down.\", \"answer\": \"@@@samano nis\\u012bdati@@@\", \"matches_human_scoring\": false, \"fuzzy_matching\": false, \"manual_edit\": false}, {\"questionpart_n\": \"c.\", \"question\": \"They sit down.\", \"answer\": \"@@@nis\\u012bdanti@@@\", \"matches_human_scoring\": false, \"fuzzy_matching\": false, \"manual_edit\": false}, {\"questionpart_n\": \"d.\", \"question\": \"The minister asks the kings.\", \"answer\": \"@@@mah\\u0101matto r\\u0101je pucchati@@@\", \"matches_human_scoring\": false, \"fuzzy_matching\": false, \"manual_edit\": false}, {\"questionpart_n\": \"e.\", \"question\": \"the disciple\\u2019s village\", \"answer\": \"@@@g\\u0101mo up\\u0101sakassa@@@\", \"matches_human_scoring\": false, \"fuzzy_matching\": false, \"manual_edit\": false}, {\"questionpart_n\": \"f.\", \"question\": \"The meaning of the world is god.\", \"answer\": \"@@@attho lokassa devo hoti@@@\", \"matches_human_scoring\": false, \"fuzzy_matching\": false, \"manual_edit\": false}]}]",
    "notes": "",
    "answers_page": 2,
    "team_review": false
}