{
    "preamble": "1. What time is it &&& &&&? (5 marks)\n",
    "context": "&&& &&& The following expressions show how to tell the time in $$$Language X$$$:\n@@@Kell on \u00fcks@@@ 'It's 1:00'\n@@@Kell on kaks@@@ 'It's 2:00'\n@@@Veerand kaks@@@ '1:15'\n@@@Pool neli@@@ '3:30'\n@@@Kolmveerand \u00fcksteist@@@ '10:45'\n@@@Viis minutit \u00fcks l\u00e4bi@@@ '1:05'\n\nHere are some numbers in English and $$$Language X$$$:\n6\t@@@kuus@@@\n7\t@@@seitse@@@\n8\t@@@kaheksa@@@\n9\t@@@\u00fcheksa@@@\n10\t@@@k\u00fcmme@@@\n",
    "questions": "[{\"question_n\": \"Q 1.1. \", \"prompt\": \"Translate the following times into $$$Language X$$$:\", \"subprompts\": [{\"questionpart_n\": \"a.\", \"question\": \"8:45\", \"answer\": \"@@@kolmveerand \\u00fcheksa@@@\", \"matches_human_scoring\": false, \"fuzzy_matching\": false, \"manual_edit\": false}, {\"questionpart_n\": \"b.\", \"question\": \"4:15\", \"answer\": \"@@@veerand viis@@@\", \"matches_human_scoring\": false, \"fuzzy_matching\": false, \"manual_edit\": false}, {\"questionpart_n\": \"c.\", \"question\": \"11:30\", \"answer\": \"@@@pool kaksteist@@@\", \"matches_human_scoring\": false, \"fuzzy_matching\": false, \"manual_edit\": false}, {\"questionpart_n\": \"d.\", \"question\": \"7:05\", \"answer\": \"@@@viis minutit seitse l\\u00e4bi@@@\", \"matches_human_scoring\": false, \"fuzzy_matching\": false, \"manual_edit\": false}, {\"questionpart_n\": \"e.\", \"question\": \"12:30\", \"answer\": \"@@@pool \\u00fcks@@@\", \"matches_human_scoring\": false, \"fuzzy_matching\": false, \"manual_edit\": false}]}, {\"question_n\": \"Q 1.2 \", \"prompt\": \"Translate the following $$$Language X$$$ words into digital times:\", \"subprompts\": [{\"questionpart_n\": \"a.\", \"question\": \"@@@Kaksk\\u00fcmmend viis minutit \\u00fcheksa l\\u00e4bi@@@\", \"answer\": \"[\\\"9:25\\\", \\\"09:25\\\"]\", \"matches_human_scoring\": false, \"fuzzy_matching\": false, \"manual_edit\": false}, {\"questionpart_n\": \"b.\", \"question\": \"@@@Veerand neli@@@\", \"answer\": \"[\\\"3:15\\\", \\\"03:15\\\"]\", \"matches_human_scoring\": false, \"fuzzy_matching\": false, \"manual_edit\": false}, {\"questionpart_n\": \"c.\", \"question\": \"@@@Pool kolm@@@\", \"answer\": \"[\\\"2:30\\\", \\\"14:30\\\", \\\"02:30\\\"]\", \"matches_human_scoring\": false, \"fuzzy_matching\": false, \"manual_edit\": false}, {\"questionpart_n\": \"d.\", \"question\": \"@@@Kolmveerand kaksteist@@@\", \"answer\": \"11:45\", \"matches_human_scoring\": false, \"fuzzy_matching\": false, \"manual_edit\": false}, {\"questionpart_n\": \"e.\", \"question\": \"@@@Kolmk\\u00fcmmend viis minutit kuus l\\u00e4bi@@@\", \"answer\": \"[\\\"6:35\\\", \\\"06:35\\\"]\", \"matches_human_scoring\": false, \"fuzzy_matching\": false, \"manual_edit\": false}]}]",
    "notes": "",
    "answers_page": 3,
    "team_review": false
}