{
    "preamble": "Question 5: $$$Language X$$$ (25 marks)",
    "context": "Here are some words in $$$Language X$$$ and their English translations. The words in $$$Language X$$$ are all formed by a stem and an ending (or suffix); for instance, @@@g\u00fcre\u015f\u00e7i@@@ consists of @@@g\u00fcre\u015f@@@- followed by -@@@\u00e7i@@@.\n\n @@@g\u00fcre\u015f\u00e7i@@@\t wrestler\n @@@g\u00f6zc\u00fc@@@\t lookout, optician\n @@@ikbalsiz@@@\t unsuccessful\n @@@isimsiz@@@\t nameless\n @@@ormanc\u0131@@@  forester\n @@@sonsuz@@@\t endless\n @@@i\u00e7kici@@@\t drunkard\n @@@takatsiz@@@ \tlacking strength\n @@@barut\u00e7u@@@\t gunpowder maker\n @@@s\u00fcts\u00fcz@@@\t lacking milk\n @@@bal\u0131k\u00e7\u0131@@@\t fisherman\n @@@paras\u0131z@@@\t cashless\n @@@mumcu@@@\t candlemaker\n\n Pronunciation notes:\n\u00e7, c and \u015f like the first consonant in church, job, shoe.\ne, i are like in pet, pit, with the lips spread.\n\u00f6 and \u00fc are like e and i, but with the lips rounded.\no and u are like pot and put, with the lips rounded.\na and \u0131 (NB: no dot) are like o and u, but with the lips spread.",
    "questions": "[{\"question_n\": \"Q 5.1\", \"prompt\": \"Two of the above words are exceptions because they are loanwords from another language, and so don\\u2019t follow the same rules that the other words follow. Which two words are they?\", \"subprompts\": [{\"questionpart_n\": \"a\", \"question\": \"\", \"answer\": \"[\\\"@@@ikbalsiz@@@\\\", \\\"@@@takatsiz@@@\\\"]\", \"matches_human_scoring\": true, \"fuzzy_matching\": false, \"manual_edit\": false}]}, {\"question_n\": \"Q 5.2\", \"prompt\": \"Translate into $$$Language X$$$:  (NB Make sure you distinguish i and \\u0131 in your answer; it is better not to use capital letters.)\", \"subprompts\": [{\"questionpart_n\": \"a\", \"question\": \"milkman\", \"answer\": \"@@@s\\u00fct\\u00e7\\u00fc@@@\", \"matches_human_scoring\": true, \"fuzzy_matching\": false, \"manual_edit\": false}, {\"questionpart_n\": \"b\", \"question\": \"blind\", \"answer\": \"@@@g\\u00f6zs\\u00fcz@@@\", \"matches_human_scoring\": true, \"fuzzy_matching\": false, \"manual_edit\": false}]}, {\"question_n\": \"Q 5.3\", \"prompt\": \"Here are two more words in $$$Language X$$$ (which are not loanwords): @@@dil@@@ (language), @@@kal\\u0131p@@@ (form, shape). Translate into $$$Language X$$$: (Again, make sure you distinguish i and \\u0131 in your answer; it is better not to use capital letters.) \", \"subprompts\": [{\"questionpart_n\": \"a\", \"question\": \"linguist\", \"answer\": \"@@@dilci@@@\", \"matches_human_scoring\": true, \"fuzzy_matching\": false, \"manual_edit\": false}, {\"questionpart_n\": \"b\", \"question\": \"mute\", \"answer\": \"@@@dilsiz@@@\", \"matches_human_scoring\": true, \"fuzzy_matching\": false, \"manual_edit\": false}, {\"questionpart_n\": \"c\", \"question\": \"moulder (i.e someone who makes moulds or shapes things)\", \"answer\": \"@@@kal\\u0131p\\u00e7\\u0131@@@\", \"matches_human_scoring\": true, \"fuzzy_matching\": false, \"manual_edit\": false}, {\"questionpart_n\": \"d\", \"question\": \"shapeless\", \"answer\": \"@@@kal\\u0131ps\\u0131z@@@\", \"matches_human_scoring\": true, \"fuzzy_matching\": false, \"manual_edit\": false}]}]",
    "notes": "",
    "answers_page": 3,
    "team_review": false
}