{
    "preamble": "4. $$$Language X$$$ gophers (15 marks)\n &&& &&&\n",
    "context": "This problem is about the way in which $$$Language X$$$ speakers build sentences out of a verb V, its subject S (identifying the 'do-er' of the action) and its object O (identifying the 'do-ee'). In English, SVO is almost the only possibility (as in John ate porridge), and both SOV (*John porridge ate) and OVS (*Porridge ate John) are ungrammatical (signalled by '*').\n$$$Language X$$$ is different, but it's still helpful to think in terms of V, S and O.\nThe table below shows some $$$Language X$$$ sentences with their English translations; you'll notice that some sentences have the same translation. The $$$Language X$$$ alphabet includes some unfamiliar letters, but how they are pronounced is not relevant to the problem.\n\n1\t@@@Ashkii din\u00e9 bizta\u0142.@@@\tThe man kicked the boy.\n2\t@@@Ashkii din\u00e9 yizta\u0142.@@@\tThe boy kicked the man.\n3\t@@@Ashkii \u0142\u00e9\u00e9ch\u0105\u0105\u0294\u00ed yizta\u0142.@@@\tThe boy kicked the dog.\n4\t@@@Aw\u00e9\u00e9ch\u00ed\u0241\u00ed dib\u00e9 bizta\u0142.@@@\tThe sheep kicked the baby.\n5\t@@@*Aw\u00e9\u00e9ch\u00ed\u0241\u00ed din\u00e9 yizta\u0142.@@@\tThe baby kicked the man.\n6\t@@@Aw\u00e9\u00e9ch\u00ed\u0241\u00ed shash binoo\u0142ch\u00e9\u00e9\u0142.@@@\tThe bear is chasing the baby.\n7\t@@@*Dib\u00e9 aw\u00e9\u00e9ch\u00ed\u0241\u00ed yizta\u0142.@@@\tThe sheep kicked the baby.\n8\t@@@Dib\u00e9 t\u0105zhii yizta\u0142.@@@\tThe sheep kicked the turkey.\n9\t@@@Din\u00e9 ashkii bizta\u0142.@@@\tThe boy kicked the man.\n10\t@@@Din\u00e9 ashkii yizta\u0142.@@@\tThe man kicked the boy.\n11\t@@@Din\u00e9 aw\u00e9\u00e9ch\u00ed\u0241\u00ed bizta\u0142.@@@\tThe baby kicked the man.\n12\t@@@Din\u00e9 d\u00f3ola bizgoh.@@@\tThe bull gored the man.\n13\t@@@*D\u00f3ola din\u00e9 yizgoh.@@@\tThe bull gored the man.\n14\t@@@D\u00f3ola shash yizgoh.@@@\tThe bull gored the bear.\n15\t@@@*\u0141\u00e9\u00e9ch\u0105\u0105\u0294\u00ed ashkii bizta\u0142.@@@\tThe boy kicked the dog.\n16\t@@@M\u00f3s\u00ed na\u0294az\u00edz\u00ed yinoo\u0142ch\u00e9\u00e9\u0142.@@@\tThe cat is chasing the gopher.\n17\t@@@*M\u00f3s\u00ed shash bishxash.@@@\tThe bear bit the cat.\n18\t@@@*M\u00f3s\u00ed shash yishxash.@@@\tThe cat bit the bear.\n19\t@@@M\u00f3s\u00ed t\u0105zhii yinoo\u0142ch\u00e9\u00e9\u0142.@@@\tThe cat is chasing the turkey.\n20\t@@@Na\u0241ashj\u00e9\u0241ii ts\u00eds\u0241n\u00e1 bishish.@@@\tThe bee stung the spider.\n21\t@@@Na\u0241ashj\u00e9\u0241ii w\u00f3l\u00e1ch\u00ed\u00ed yiisx\u00ed.@@@\tThe spider killed the ant.\n22\t@@@Na\u0241asts\u0241\u01eb\u01ebs\u00ed t s\u00eds\u0241n\u00e1 bishish.@@@\tThe bee stung the mouse.\n23\t@@@Na\u0241asts\u0241\u01eb\u01ebs\u00ed t s\u00eds\u0241n\u00e1 bishish.@@@\tThe bee stung the mouse.\n24\t@@@Na\u0241az\u00eds\u00ed w\u00f3l\u00e1ch\u00ed\u00ed yiisx\u00ed.@@@\tThe gopher killed the ant.\n25\t@@@*Na\u0294az\u00edz\u00ed m\u00f3s\u00ed binoo\u0142ch\u00e9\u00e9\u0142.@@@\tThe cat is chasing the gopher.\n26\t@@@Na\u0294az\u00edz\u00ed w\u00f3l\u00e1ch\u00ed\u00ed yinoo\u0142ch\u00e9\u00e9\u0142.@@@\tThe gopher is chasing the ant.\n27\t@@@Shash aw\u00e9\u00e9ch\u00ed\u0241\u00ed yinoo\u0142ch\u00e9\u00e9\u0142.@@@\tThe bear is chasing the baby.\n28\t@@@Shash doola bizgoh.@@@\tThe bull gored the bear.\n29\t@@@Shash m\u00f3s\u00ed bishxash.@@@\tThe cat bit the bear.\n30\t@@@Shash m\u00f3s\u00ed yishxash.@@@\tThe bear bit the cat.\n31\t@@@T\u0105zhii dib\u00e9 bizta\u0142.@@@\tThe sheep kicked the turkey.\n32\t@@@T\u0105zhii m\u00f3s\u00ed binoo\u0142ch\u00e9\u00e9\u0142.@@@\tThe cat is chasing the turkey.\n33\t@@@Ts\u00eds\u0241n\u00e1 na\u0241ashj\u00e9\u0241ii yishish.@@@\tThe bee stung the spider.\n34\t@@@*Ts\u00eds\u0241n\u00e1 na\u0241asts\u0241\u01eb\u01ebs\u00ed yishish.@@@\tThe bee stung the mouse.\n35\t@@@W\u00f3l\u00e1ch\u00ed\u00ed na\u0241ashj\u00e9\u0241ii biisx\u00ed.@@@\tThe spider killed the ant.\n36\t@@@W\u00f3l\u00e1ch\u00ed\u00ed na\u0241ashj\u00e9\u0241ii biisx\u00ed.@@@\tThe spider killed the ant.\n37\t@@@*W\u00f3l\u00e1ch\u00ed\u00ed na\u0241az\u00eds\u00ed biisx\u00ed.@@@\tThe gopher killed the ant.\n38\t@@@*W\u00f3l\u00e1ch\u00ed\u00ed na\u0294az\u00edz\u00ed binoo\u0142ch\u00e9\u00e9\u0142.@@@\tThe gopher is chasing the ant.",
    "questions": "[{\"question_n\": \"Q 4.1\", \"prompt\": \"Q 4.1 Translate the following $$$Language X$$$ sentences into English. If they are ungrammtical, indicate by beginning the translation with '*'.\", \"subprompts\": [{\"questionpart_n\": \"39.\", \"question\": \"@@@\\u0141\\u00e9\\u00e9ch\\u0105\\u0105\\u0294\\u00ed aw\\u00e9\\u00e9ch\\u00ed\\u0241\\u00ed yinoo\\u0142ch\\u00e9\\u00e9\\u0142.@@@\", \"answer\": \"The dog is chasing the baby.\", \"matches_human_scoring\": false, \"fuzzy_matching\": false, \"manual_edit\": false}, {\"questionpart_n\": \"40\", \"question\": \"@@@Ts\\u00eds\\u0241n\\u00e1 ashkii bishish.@@@\", \"answer\": \"*The bee stung the boy.\", \"matches_human_scoring\": false, \"fuzzy_matching\": false, \"manual_edit\": false}, {\"questionpart_n\": \"41\", \"question\": \"@@@M\\u00f3s\\u00ed dib\\u00e9 yinoo\\u0142ch\\u00e9\\u00e9\\u0142.@@@\", \"answer\": \"The cat is chasing the sheep.\", \"matches_human_scoring\": false, \"fuzzy_matching\": false, \"manual_edit\": false}, {\"questionpart_n\": \"42\", \"question\": \"@@@Na\\u0241asts\\u0241\\u01eb\\u01ebs\\u00ed na\\u0241ashj\\u00e9\\u0241ii bishxash.@@@\", \"answer\": \"The spider bit the mouse.\", \"matches_human_scoring\": false, \"fuzzy_matching\": false, \"manual_edit\": false}, {\"questionpart_n\": \"43\", \"question\": \"@@@W\\u00f3l\\u00e1ch\\u00ed\\u00ed din\\u00e9 yiisx\\u00ed.@@@\", \"answer\": \"[\\\"*The man killed the ant.\\\",\\\"*The ant killed the man.\\\"]\", \"matches_human_scoring\": false, \"fuzzy_matching\": false, \"manual_edit\": false}]}]",
    "notes": "",
    "answers_page": 0,
    "team_review": false
}