{
    "preamble": "7. $$$Language X$$$ (20 marks)\n &&& &&&",
    "context": "The table below contains $$$Language X$$$ verb forms and their English translations.\n\n1.\t@@@dinaldalusanda@@@\tthey were cleaning it\n2.\t@@@bimmasata@@@\twe (with you) were reading\n3.\t@@@linablabaanyo@@@\tyou (pl.) were laundering it\n4.\t@@@gimmatingda@@@\tthey were shopping\n5.\t@@@dinalusanta ida@@@\twe (with you) cleaned them\n6.\t@@@pinukkawyo ida@@@\tyou (pl.) called them\n7.\t@@@simmagadda@@@\tthey were sweeping\n8.\t@@@pinukpukkawmi ida@@@\twe (with them) were calling them\n9.\t@@@ginatgatingta ida@@@\twe (with you) were buying them\n10.\t@@@pinunaanda@@@\tthey wiped it\n11.\t@@@timmakawta@@@\twe (with you) were stealing\n12.\t@@@limmabakami@@@\twe (with them) were laundering\n13.\t@@@dimmaluskayo@@@\tyou (pl.) were cleaning\n14.\t@@@tinakawmi@@@\twe (with them) stole it",
    "questions": "[{\"question_n\": \"Q 7.1\", \"prompt\": \"Translate into English:\", \"subprompts\": [{\"questionpart_n\": \"a.\", \"question\": \"@@@binasayo@@@\", \"answer\": \"you (pl.) read it\", \"matches_human_scoring\": false, \"fuzzy_matching\": false, \"manual_edit\": false}, {\"questionpart_n\": \"b.\", \"question\": \"@@@sinagsagadanta@@@\", \"answer\": \"we (with you) were sweeping it\", \"matches_human_scoring\": false, \"fuzzy_matching\": false, \"manual_edit\": false}, {\"questionpart_n\": \"c.\", \"question\": \"@@@pimmukkawkami@@@\", \"answer\": \"we (with them) were calling\", \"matches_human_scoring\": false, \"fuzzy_matching\": false, \"manual_edit\": false}]}, {\"question_n\": \"Q 7.2\", \"prompt\": \"Translate into $$$Language X$$$:\", \"subprompts\": [{\"questionpart_n\": \"d.\", \"question\": \"they were stealing them\", \"answer\": \"@@@tinaktakawda ida@@@\", \"matches_human_scoring\": false, \"fuzzy_matching\": false, \"manual_edit\": false}, {\"questionpart_n\": \"e.\", \"question\": \"we (with them) laundered it\", \"answer\": \"@@@linabaanmi@@@\", \"matches_human_scoring\": false, \"fuzzy_matching\": false, \"manual_edit\": false}, {\"questionpart_n\": \"f.\", \"question\": \"you (pl.) were wiping\", \"answer\": \"@@@pimmunakayo@@@\", \"matches_human_scoring\": false, \"fuzzy_matching\": false, \"manual_edit\": false}]}]",
    "notes": "Broke infixed morphemes into two marking tokens (i.e. A(B)C > A+B+C)",
    "answers_page": 2,
    "team_review": false
}