{
    "preamble": "Problem 1: Counting in $$$Language X$$$\n &&& &&&\n",
    "context": "The table below shows the $$$Language X$$$ words for some numbers. Your task is to complete the table by filling the gaps. The letters \u0161, \u010d and \u01ef are pronounced like the first sounds in shirt, chat and jug, \u00e4 is like the a in cat, and y is a combination of oo and ee (like u in French).\n\n1\t@@@yksi@@@\n2\t@@@kak\u0161i@@@\n3\t__(a)__\n4\t@@@neljj\u00e4@@@\n5\t@@@viizi@@@\n6\t@@@kuu\u01efi@@@\n7\t__(b)__\n8\t__(c)__\n9\t@@@yhek\u0161\u00e4n@@@\n10\t@@@kymmenen@@@\n11\t@@@yksitoista@@@\n12\tk@@@ak\u0161itoista@@@\n13\t@@@kolmetoista@@@\n14\t@@@neljj\u00e4toista@@@\n15\t__(d)__\n18\t__(e)__\n19\t__(f)__\n23\t@@@kak\u0161ikymmend\u00e4 kolme@@@\n28\t__(g)__\n36\t@@@kolmekymmend\u00e4 kuu\u01efi@@@\n44\t__(h)__\n52\t__(i)__\n58\t@@@viizikymmend\u00e4 kahek\u0161an@@@\n60\t__(j)__\n67\t@@@kuu\u01efikymmend\u00e4 sei\u010d\u010dem\u00e4n@@@\n74\t__(k)__\n80\t__(l)__\n81\t@@@kahek\u0161ankymmend\u00e4 yksi@@@\n92\t@@@yhek\u0161\u00e4nkymmend\u00e4 kak\u0161i@@@\n99\t__(m)__\n\n\n\n\n\n",
    "questions": "[{\"question_n\": \"Q 1\", \"prompt\": \"Fill in each gap in turn.\", \"subprompts\": [{\"questionpart_n\": \"a. \", \"question\": \"__(a)__\", \"answer\": \"@@@kolme@@@\", \"matches_human_scoring\": false, \"fuzzy_matching\": false, \"manual_edit\": false}, {\"questionpart_n\": \"b.\", \"question\": \"__(b)__\", \"answer\": \"@@@sei\\u010d\\u010dem\\u00e4n@@@\", \"matches_human_scoring\": false, \"fuzzy_matching\": false, \"manual_edit\": false}, {\"questionpart_n\": \"c.\", \"question\": \"__(c)__\", \"answer\": \"@@@kahek\\u0161an@@@\", \"matches_human_scoring\": false, \"fuzzy_matching\": false, \"manual_edit\": false}, {\"questionpart_n\": \"d.\", \"question\": \"__(d)__\", \"answer\": \"@@@viizitoista@@@\", \"matches_human_scoring\": false, \"fuzzy_matching\": false, \"manual_edit\": false}, {\"questionpart_n\": \"e.\", \"question\": \"__(e)__\", \"answer\": \"@@@kahek\\u0161antoista@@@\", \"matches_human_scoring\": false, \"fuzzy_matching\": false, \"manual_edit\": false}, {\"questionpart_n\": \"f.\", \"question\": \"__(f)__\", \"answer\": \"@@@yhek\\u0161\\u00e4ntoista@@@\", \"matches_human_scoring\": false, \"fuzzy_matching\": false, \"manual_edit\": false}, {\"questionpart_n\": \"g.\", \"question\": \"__(g)__\", \"answer\": \"@@@kak\\u0161ikymmend\\u00e4 kahek\\u0161an@@@\", \"matches_human_scoring\": false, \"fuzzy_matching\": false, \"manual_edit\": false}, {\"questionpart_n\": \"h.\", \"question\": \"__(h)__\", \"answer\": \"@@@neljj\\u00e4kymmend\\u00e4 neljj\\u00e4@@@\", \"matches_human_scoring\": false, \"fuzzy_matching\": false, \"manual_edit\": false}, {\"questionpart_n\": \"i.\", \"question\": \"__(i)__\", \"answer\": \"@@@viizikymmend\\u00e4 kak\\u0161i@@@\", \"matches_human_scoring\": false, \"fuzzy_matching\": false, \"manual_edit\": false}, {\"questionpart_n\": \"j.\", \"question\": \"__(j)__\", \"answer\": \"@@@kuu\\u01efikymmend\\u00e4@@@\", \"matches_human_scoring\": false, \"fuzzy_matching\": false, \"manual_edit\": false}, {\"questionpart_n\": \"k.\", \"question\": \"__(k)__\", \"answer\": \"@@@sei\\u010d\\u010dem\\u00e4nkymmend\\u00e4 neljj\\u00e4@@@\", \"matches_human_scoring\": false, \"fuzzy_matching\": false, \"manual_edit\": false}, {\"questionpart_n\": \"l.\", \"question\": \"__(l)__\", \"answer\": \"@@@kahek\\u0161ankymmend\\u00e4@@@\", \"matches_human_scoring\": false, \"fuzzy_matching\": false, \"manual_edit\": false}, {\"questionpart_n\": \"m.\", \"question\": \"__(m)__\", \"answer\": \"@@@yhek\\u0161\\u00e4nkymmend\\u00e4 yhek\\u0161\\u00e4n@@@\", \"matches_human_scoring\": false, \"fuzzy_matching\": false, \"manual_edit\": false}]}]",
    "notes": "",
    "answers_page": 2,
    "team_review": false
}