{
    "preamble": "3. Learning $$$Language X$$$ (15 marks)\n &&& &&&",
    "context": "Here are some $$$Language X$$$ sentences recorded from mother tongue (or first language) speakers of this language.\n\n(1)\t@@@Nganji jarral dunggul guluguluugu.@@@\tWe set up a fish-trap for black bream.\n(2)\t@@@Nganjiiny bamaal gugaal mayiigu.@@@\tThe people called us for food.\n(3)\t@@@Wanjiirr nyuniinda mayi?@@@\tHow much food have you got?\n(4)\t@@@Ngayu banjaar gabay.@@@\tI followed the road.\n(5)\t@@@Ngayu biwuuda minya jaban bagaal.@@@\tI speared an eel with a fish-spear.\n(6)\t@@@Nganji dugur balgaal jirrgaada.@@@\tWe made a hut with grass.\n(7)\t@@@Nganyany jina banggaaldu gundaajinyu.@@@\tThe axe happened to cut my foot.\n(8)\t@@@Ngayu waguuja banggaalda gundaal.@@@\tI cut the man with an axe.\n(9)\t@@@Nganyany wagujanggu banggaalda gundaal.@@@\tThe man cut me with an axe.\n(10)\t@@@Nyundu gana nganda guman wiwin.@@@\tYou just give me one.\n(11)\t@@@Ngayu nyuniny wawaal.@@@\tI saw you.\n(12)\t@@@Nganyany bamaal wawaal.@@@\tA person saw me.\n(13)\t@@@Ngayu bama wawaajinyu jambuul.@@@\tI happened to see two people.\n(14)\t@@@Minyaagu yingu gadang jabaangu.@@@\tThis (one) is coming for eels.\n(15)\t@@@Ngayu bama bunya barrgandanyu.@@@\tI passed the woman by.\n(16)\t@@@Nganyany bamaal bunyaang barrgandanyu.@@@\tThe woman passed me by.\n(17)\t@@@Ngungu bunya gabaanja janaany.@@@\tThat woman was standing on the road.\n(18)\t@@@Nganjiinda jaja ngunjuung ngurrangurraal bunyaang.@@@\tThat woman showed us the baby.\n(19)\t@@@Waguuja dungu bunyaang jinaa baraal.@@@\tThe woman kicked the man in the head.\n(20)\t@@@Bunya wagujanda dunguu jinaa baraajinyu.@@@\tThe woman happened to kick the man in the head.\n(21)\t@@@Ngayu bama mandii baraal.@@@\tI punched the person.\n\nThe sentences (a-l) below were spoken by a person who was trying to learn $$$Language X$$$ as a second language. This speaker makes grammatical mistakes, as in the following sentences, each of which bears an asterisk (*) to show that it is ungrammatical. In each case just one word is wrong.\n\n(a)\t*@@@Nyuniny gabay mijil.@@@\tYou are blocking the road.\n(b)\t*@@@Ngayu nyuniny jina banggaaldu gundaal.@@@\tI cut your foot with an axe.\n(c)\t*@@@Nganjiiny bama bunyaang wawaal.@@@\tThe woman saw us.\n(d)\t*@@@Wanjiirr ngayu minya?@@@\tHow much meat do I have?\n(e)\t*@@@Bamaal waguuja gabaanja janaany.@@@\tThe man was standing on the road.\n(f)\t*@@@Nganji ngungu guluguluugu bagaal.@@@\tWe speared that black bream.\n(g)\t*@@@Bama ngungu dugur balgaal gabaanja.@@@\tA person made that hut near the road.\n(h)\t*@@@Nganjiiny ngungu mayi wiwin.@@@\tGive us that food.\n(i)\t*@@@Nyundu bama bunya mandi bagaal biwuudu.@@@\tYou stabbed the woman's hand with a fishing-spear.\n(j)\t*@@@Nyundu jina bagaajinyu biwuudu.@@@\tYou happened to get stabbed in the foot by a fishing-spear.\n(k)\t*@@@Nganji jaja dunguu wawaal.@@@\tWe saw the child's head.\n(l)\t*@@@Ngayu ngungu bunyaang mandii baraal.@@@\tI punched that woman.",
    "questions": "[{\"question_n\": \"Q 3.1\", \"prompt\": \"Locate the ungrammatical word in each sentence. Give that incorrect word, followed by the corrected word, separated by a comma. (Don't worry about the $$$Language X$$$ word order.)\", \"subprompts\": [{\"questionpart_n\": \"a.\", \"question\": \"(a)\", \"answer\": \"@@@nyuniny@@@, @@@nyundu@@@\", \"matches_human_scoring\": false, \"fuzzy_matching\": false, \"manual_edit\": false}, {\"questionpart_n\": \"b.\", \"question\": \"(b)\", \"answer\": \"@@@banggaaldu@@@, @@@banggaalda@@@\", \"matches_human_scoring\": false, \"fuzzy_matching\": false, \"manual_edit\": false}, {\"questionpart_n\": \"c.\", \"question\": \"(c)\", \"answer\": \"@@@bama@@@, @@@bamaal@@@\", \"matches_human_scoring\": false, \"fuzzy_matching\": false, \"manual_edit\": false}, {\"questionpart_n\": \"d.\", \"question\": \"(d)\", \"answer\": \"@@@ngayu@@@, @@@nganda@@@\", \"matches_human_scoring\": false, \"fuzzy_matching\": false, \"manual_edit\": false}, {\"questionpart_n\": \"e.\", \"question\": \"(e)\", \"answer\": \"@@@bamaal@@@, @@@bama@@@\", \"matches_human_scoring\": false, \"fuzzy_matching\": false, \"manual_edit\": false}, {\"questionpart_n\": \"f.\", \"question\": \"(f)\", \"answer\": \"@@@guluguluugu@@@, @@@gulugulu@@@\", \"matches_human_scoring\": false, \"fuzzy_matching\": false, \"manual_edit\": false}, {\"questionpart_n\": \"g.\", \"question\": \"(g)\", \"answer\": \"@@@bama@@@, @@@bamaal@@@\", \"matches_human_scoring\": false, \"fuzzy_matching\": false, \"manual_edit\": false}, {\"questionpart_n\": \"h.\", \"question\": \"(h)\", \"answer\": \"@@@nganjiiny@@@, @@@nganjiinda@@@\", \"matches_human_scoring\": false, \"fuzzy_matching\": false, \"manual_edit\": false}, {\"questionpart_n\": \"i.\", \"question\": \"(i)\", \"answer\": \"@@@biwuudu@@@, @@@biwuuda@@@\", \"matches_human_scoring\": false, \"fuzzy_matching\": false, \"manual_edit\": false}, {\"questionpart_n\": \"j.\", \"question\": \"(j)\", \"answer\": \"@@@nyundu@@@, @@@nyuniny@@@\", \"matches_human_scoring\": false, \"fuzzy_matching\": false, \"manual_edit\": false}, {\"questionpart_n\": \"k.\", \"question\": \"(k)\", \"answer\": \"@@@dunguu@@@, @@@dungu@@@\", \"matches_human_scoring\": false, \"fuzzy_matching\": false, \"manual_edit\": false}, {\"questionpart_n\": \"l.\", \"question\": \"(l)\", \"answer\": \"@@@bunyaang@@@, @@@bunya@@@\", \"matches_human_scoring\": false, \"fuzzy_matching\": false, \"manual_edit\": false}]}]",
    "notes": "Rephrased task to explain expected output.",
    "answers_page": 3,
    "team_review": false
}