{
    "preamble": "Problem 7: By hand and foot in $$$Language X$$$\n",
    "context": "$$$Language X$$$ &&& &&& uses a number of sounds that are not found in English, shown in the spelling as rr, nh and th, and long, complex verbs that can express meanings that would take a whole sentence in English, as in the list below. The abbreviations in square brackets, such as \u2018[2n]\u2019, are explained below.\n\n@@@manthap@@@\tI touched it (by hand).\n@@@namnginthathap@@@\tYou [2n] touched it (by hand).\n@@@numamkathap@@@\tYou [2s] touched it (by hand).\n@@@thununganthap@@@\tYou [1] touched it (by foot).\n @@@thunungamnginthathap@@@\tYou [2n] touched it (by foot). \n @@@nunungamkathap@@@\tYou [2s] touched it (by foot).\n@@@thanthap@@@\tYou [1] tasted it (e.g. touched it by mouth).\n@@@thamnginthathap@@@\tYou [2n] tasted it.\n@@@narramkathap@@@\tYou [2s] tasted it.\n@@@namlerrkperrk@@@\tYou [1] crushed it (by hand).\n@@@thunungamlerrkperrk@@@\tYou [1] crushed it (by foot).\n@@@nanthap@@@\tYou [1] touched it (by hand).\n@@@mamnginthathap@@@\tThey [2n] touched it (by hand).\n@@@pumamkathap@@@\tThey [2s] touched it (by hand).\n@@@nunganthap@@@\tHe/she touched it (by foot).\n@@@nungamnginthathap@@@\tThey [2n] touched it (by foot).\n@@@punnungamkathap@@@\tThey [2s] touched it (by foot).\n@@@danthap@@@\tHe/she tasted it.\n@@@damnginthathap@@@\tThey [2n] tasted it.\n@@@parramkathap@@@\tThey [2s] tasted it.\n@@@mamlerrkperrk@@@\tHe/she crushed it (by hand).\n@@@nungamlerrkperrk@@@\tHe/she crushed it (by foot).\n@@@manthap@@@\tHe/she touched it (by hand).\n@@@ngumamkathap@@@\tWe [2s] touched it (by hand).\n@@@ngununganthap@@@\tI touched it (by foot).\n @@@ngunungamnginthathap@@@\tWe [2n] touched it (by foot).\n @@@ngunnungamkathap@@@\tWe [2s] touched it (by foot).\n @@@nganthap@@@\tI tasted it.\n @@@ngamnginthathap@@@\tWe [2n] tasted it.\n @@@ngarramkathap@@@\tWe [2s] tasted it.\n @@@mamlerrkperrk@@@\tI crushed it (by hand).\n @@@ngunungamlerrkperrk@@@\tI crushed it (by foot).\n @@@mamnginthathap@@@ \tWe [2n] touched it (by hand).\n\nAbbreviations: '[2s]', '[2n]' and '[1]' mean 'two people who are siblings', 'two people who are not siblings' and 'one person' (i.e. 'singular'). So, for instance, if someone is speaking to two other people who are siblings, they would use the '[2s]' form.\n\n Below is a second table with some gaps with numbers in them to be filled in.\n\n$$$Language X$$$\tEnglish\n(1)\t'touch'\n(2)\t'crush'\n@@@-ngintha-@@@\t(3)\n@@@mamkurrk@@@\tI scratched it (by hand).\n@@@thunungamkurrk@@@\t(4)\n(5)\tWe [2s] scratched it (by hand).\n(6)\tThey [2n] scratched it (by mouth).\n@@@-thurr@@@\tto tread on something\n(7)\tWe (e.g. my brother and I) trod on it.\n(8)\tHe trod on it.\n@@@mamkamit@@@\tI obstructed it (by hand)\n(9)\tI said no (or: I refused it)\n\n",
    "questions": "[{\"question_n\": \"Q 7.\", \"prompt\": \"Supply the missing $$$Language X$$$ words or English translations in the table above. Write the translation that belongs in the numbered item.\", \"subprompts\": [{\"questionpart_n\": \"1\", \"question\": \"(1)\", \"answer\": \"@@@-thap@@@\", \"matches_human_scoring\": false, \"fuzzy_matching\": false, \"manual_edit\": false}, {\"questionpart_n\": \"2\", \"question\": \"(2)\", \"answer\": \"@@@-lerrkperrk@@@\", \"matches_human_scoring\": false, \"fuzzy_matching\": false, \"manual_edit\": false}, {\"questionpart_n\": \"3\", \"question\": \"(3)\", \"answer\": \"[2n]\", \"matches_human_scoring\": false, \"fuzzy_matching\": false, \"manual_edit\": false}, {\"questionpart_n\": \"4\", \"question\": \"(4)\", \"answer\": \"You [1] scratched it (by foot).\", \"matches_human_scoring\": false, \"fuzzy_matching\": false, \"manual_edit\": false}, {\"questionpart_n\": \"5\", \"question\": \"(5)\", \"answer\": \"@@@ngumamkakurrk@@@\", \"matches_human_scoring\": false, \"fuzzy_matching\": false, \"manual_edit\": false}, {\"questionpart_n\": \"6\", \"question\": \"(6)\", \"answer\": \"@@@damnginthakurrk@@@\", \"matches_human_scoring\": false, \"fuzzy_matching\": false, \"manual_edit\": false}, {\"questionpart_n\": \"7\", \"question\": \"(7)\", \"answer\": \"@@@ngunnungamkathurr@@@\", \"matches_human_scoring\": false, \"fuzzy_matching\": false, \"manual_edit\": false}, {\"questionpart_n\": \"8\", \"question\": \"(8)\", \"answer\": \"@@@nunganthurr@@@\", \"matches_human_scoring\": false, \"fuzzy_matching\": false, \"manual_edit\": false}, {\"questionpart_n\": \"9\", \"question\": \"(9)\", \"answer\": \"@@@ngamkamit@@@\", \"matches_human_scoring\": false, \"fuzzy_matching\": false, \"manual_edit\": false}]}]",
    "notes": "Moved table to the context",
    "answers_page": 3,
    "team_review": false
}