{
    "preamble": "Problem 6: $$$Langugage X$$$ places (15 marks)\n",
    "context": "In many languages, proper nouns often consist of two parts that describe some local geographical feature (e.g. Smallfield, Whitehill, Longridge). The same is true in $$$Language X$$$. Here are some two-part $$$Language X$$$ proper nouns, including some familiar names.\n\n1 @@@\u014cta@@@\n2 @@@Nakayama@@@\n3 @@@Kigawa@@@\n4 @@@Kazan@@@\n5 @@@Murakami@@@\n6 @@@Kagawa@@@\n7 @@@Ono@@@\n8 @@@Fujisan@@@\n9 @@@Nomura@@@\n10 @@@Tanaka@@@\n11 @@@Sakuragi@@@\n12 @@@Nihon@@@\n13 @@@\u014csaka@@@\n14 @@@Yamazaka@@@\n15 @@@Kawakami@@@\n16 @@@Honda@@@\n17 @@@Yamamichi@@@\n\nAnd here are their jumbled up literal translations into English.\n\nA Big slope\nB Tree river\nC Slope of the mountain\nD Field village\nE Upper village\nF Upper river\nG Middle of the rice-field\nH Little field\nI Middle mountain\nJ Original rice-field\nK Mountain road\nL Cherry tree\nM Fire mount (= volcano)\nN Big rice-field\nO Mount Fuji\nP Fire river\nQ Origin of the sun\n\nOf course there are one or two difficulties. The order of the elements in the $$$Language X$$$ words and their natural translations are not always the same. Also, when two elements combine, sometimes one of them might change slightly (as in English, where \u2018s\u2019 is pronounced as /s/ in cats but /z/ in dogs). Note that in these examples, \u2018mount\u2019 and \u2018mountain\u2019 are different words, and so are \u2018field\u2019 and \u2018rice-field\u2019.\n",
    "questions": "[{\"question_n\": \"Q 6.\", \"prompt\": \"All you have to do is match up the names and the translations by writing the corresponding letter of the translation that matches the numbered item.\", \"subprompts\": [{\"questionpart_n\": \"1\", \"question\": \"@@@\\u014cta@@@\", \"answer\": \"N\", \"matches_human_scoring\": false, \"fuzzy_matching\": false, \"manual_edit\": false}, {\"questionpart_n\": \"2\", \"question\": \"@@@Nakayama@@@\", \"answer\": \"I\", \"matches_human_scoring\": false, \"fuzzy_matching\": false, \"manual_edit\": false}, {\"questionpart_n\": \"3\", \"question\": \"@@@Kigawa@@@\", \"answer\": \"B\", \"matches_human_scoring\": false, \"fuzzy_matching\": false, \"manual_edit\": false}, {\"questionpart_n\": \"4\", \"question\": \"@@@Kazan@@@\", \"answer\": \"M\", \"matches_human_scoring\": false, \"fuzzy_matching\": false, \"manual_edit\": false}, {\"questionpart_n\": \"5\", \"question\": \"@@@Murakami@@@\", \"answer\": \"E\", \"matches_human_scoring\": false, \"fuzzy_matching\": false, \"manual_edit\": false}, {\"questionpart_n\": \"6\", \"question\": \"@@@Kagawa@@@\", \"answer\": \"P\", \"matches_human_scoring\": false, \"fuzzy_matching\": false, \"manual_edit\": false}, {\"questionpart_n\": \"7\", \"question\": \"@@@Ono@@@\", \"answer\": \"H\", \"matches_human_scoring\": false, \"fuzzy_matching\": false, \"manual_edit\": false}, {\"questionpart_n\": \"8\", \"question\": \"@@@Fujisan@@@\", \"answer\": \"O\", \"matches_human_scoring\": false, \"fuzzy_matching\": false, \"manual_edit\": false}, {\"questionpart_n\": \"9\", \"question\": \"@@@Nomura@@@\", \"answer\": \"D\", \"matches_human_scoring\": false, \"fuzzy_matching\": false, \"manual_edit\": false}, {\"questionpart_n\": \"10\", \"question\": \"@@@Tanaka@@@\", \"answer\": \"G\", \"matches_human_scoring\": false, \"fuzzy_matching\": false, \"manual_edit\": false}, {\"questionpart_n\": \"11\", \"question\": \"@@@Sakuragi@@@\", \"answer\": \"L\", \"matches_human_scoring\": false, \"fuzzy_matching\": false, \"manual_edit\": false}, {\"questionpart_n\": \"12\", \"question\": \"@@@Nihon@@@\", \"answer\": \"Q\", \"matches_human_scoring\": false, \"fuzzy_matching\": false, \"manual_edit\": false}, {\"questionpart_n\": \"13\", \"question\": \"@@@\\u014csaka@@@\", \"answer\": \"A\", \"matches_human_scoring\": false, \"fuzzy_matching\": false, \"manual_edit\": false}, {\"questionpart_n\": \"14\", \"question\": \"@@@Yamazaka@@@\", \"answer\": \"C\", \"matches_human_scoring\": false, \"fuzzy_matching\": false, \"manual_edit\": false}, {\"questionpart_n\": \"15\", \"question\": \"@@@Kawakami@@@\", \"answer\": \"F\", \"matches_human_scoring\": false, \"fuzzy_matching\": false, \"manual_edit\": false}, {\"questionpart_n\": \"16\", \"question\": \"@@@Honda@@@\", \"answer\": \"J\", \"matches_human_scoring\": false, \"fuzzy_matching\": false, \"manual_edit\": false}, {\"questionpart_n\": \"17\", \"question\": \"@@@Yamamichi@@@\", \"answer\": \"K\", \"matches_human_scoring\": false, \"fuzzy_matching\": false, \"manual_edit\": false}]}]",
    "notes": "",
    "answers_page": 0,
    "team_review": false
}