{
    "preamble": "Problem 5. You to me for them to him for us in $$$Language X$$$ (15 marks)\n &&& &&&",
    "context": "Here are some example sentences in $$$Language X$$$, with their English translations.\n\n@@@Ele ho qetutowa.@@@            We two cut the pig for him.\n@@@Naus ho uten.@@@               Naus gave him the pig. [Naus is a name.]\n@@@Ija dana leis jo ihacaliga.@@@            I showed the two men the house.\n@@@Uqa sab jen.@@@                He ate the food.\n@@@Ele sab jowa.@@@               We two ate the food.\n@@@Ija sab qetaliga.@@@           I cut the food for the two of them.\n@@@Uqa bagol iten.@@@             He gave me the present. \n@@@Ija sab utiga.@@@              I gave him food.\n@@@Uqa jo ihacuten.@@@            He showed him the house.\n@@@Ele ho adowa.@@@               We two gave you two the pig.\n@@@Jo ihacitaga.@@@               Show me the house!\n@@@Sab qetalaga.@@@               Cut the food for the two of them!\n\nNotes: $$$Language X$$$ has no words for \u2018the\u2019, \u2018a\u2019 or \u2018some\u2019.\n",
    "questions": "[{\"question_n\": \"Q 5\", \"prompt\": \"Provide $$$Language X$$$ translations for the English sentences.\", \"subprompts\": [{\"questionpart_n\": \"1. \", \"question\": \"The pig ate the food.\", \"answer\": \"@@@Ho sab jen.@@@\", \"matches_human_scoring\": true, \"fuzzy_matching\": false, \"manual_edit\": false}, {\"questionpart_n\": \"2. \", \"question\": \"I ate the food for Naus.\", \"answer\": \"@@@Ija Naus sab jutiga.@@@\", \"matches_human_scoring\": true, \"fuzzy_matching\": false, \"manual_edit\": false}, {\"questionpart_n\": \"3\", \"question\": \"He gave the two men food.\", \"answer\": \"@@@Uqa dana leis sab alen.@@@\", \"matches_human_scoring\": true, \"fuzzy_matching\": false, \"manual_edit\": false}, {\"questionpart_n\": \"4\", \"question\": \"We two showed the two of them the pig.\", \"answer\": \"@@@Ele ho ihacalowa.@@@\", \"matches_human_scoring\": true, \"fuzzy_matching\": false, \"manual_edit\": false}, {\"questionpart_n\": \"5\", \"question\": \"I gave myself the present. [myself = me]\", \"answer\": \"@@@Ija bagol itiga.@@@\", \"matches_human_scoring\": true, \"fuzzy_matching\": false, \"manual_edit\": false}, {\"questionpart_n\": \"6\", \"question\": \"Give me the pig!\", \"answer\": \"@@@Ho itaga.@@@\", \"matches_human_scoring\": true, \"fuzzy_matching\": false, \"manual_edit\": false}, {\"questionpart_n\": \"7\", \"question\": \"Eat the food for you two!\", \"answer\": \"@@@Sab jadaga.@@@\", \"matches_human_scoring\": true, \"fuzzy_matching\": false, \"manual_edit\": false}, {\"questionpart_n\": \"8\", \"question\": \"Give the two men food!\", \"answer\": \"@@@Dana leis sab alaga.@@@\", \"matches_human_scoring\": true, \"fuzzy_matching\": false, \"manual_edit\": false}]}]",
    "notes": "",
    "answers_page": 3,
    "team_review": false
}