{
    "preamble": "Problem 9. Who does what to who in $$$Language X$$$? (25 marks)\n &&& &&&",
    "context": "Here are seven $$$Language X$$$ sentences with their English translations:\n\n$$$Language X$$$ sentences:\tEnglish Translations:\n@@@Nyarlunggu yawarda nha\u2019i.@@@\tThe woman saw a kangaroo.\n@@@Maacalu arnmanunha nha\u2019i.@@@\tThe boss saw the man.\n@@@Yawardalu badgutunha ngala\u2019i.@@@\tThe kangaroo ate the bread.\n@@@Nyarlu ngaditii.@@@\tThe woman slept.\n@@@Arnmanu yatkayu.@@@\tThe man is coming.\n@@@Yawardalu nyarlunha nha\u2019i.@@@\tThe kangaroo saw the woman.\n@@@Arnmanulu badgutu wumba\u2019i.@@@\tThe man stole some bread.\n\nAnd here is some more $$$Language X$$$ vocabulary:\n\n$$$Language X$$$ words / phrases:\tEnglish Translation:\n@@@ngardayi@@@\t(he / she / it) chased\n@@@wirda\u2019i@@@\t(he /she / it) waited for\n@@@wirdatii@@@\t(he / she / it) kicked\n@@@wanyjida\u2019i@@@\t(he / she / it) knew\n@@@wadaditii@@@\t(he / she / it) jumped\n@@@iciba\u2019i@@@\t(he / she / it) hurt\n@@@ngutijada\u2019i@@@\t(he / she / it) washed\n@@@ngubanu@@@\twild dog, dingo\n@@@nguutu@@@\thorse\n@@@atkajadi@@@\tcream\n@@@coopu@@@\tsoap\n@@@niilu@@@\tneedle\n@@@acijadi@@@\tclothing",
    "questions": "[{\"question_n\": \"Q 9.1\", \"prompt\": \"Translate the following into $$$Language X$$$.\", \"subprompts\": [{\"questionpart_n\": \"a.\", \"question\": \"The man saw the kangaroo.\", \"answer\": \"@@@Arnmanulu yawardanha nha\\u2019i.@@@\", \"matches_human_scoring\": false, \"fuzzy_matching\": false, \"manual_edit\": false}, {\"questionpart_n\": \"b.\", \"question\": \"The dingo chased a kangaroo.\", \"answer\": \"@@@Ngubanulu yawarda ngardayi.@@@\", \"matches_human_scoring\": false, \"fuzzy_matching\": false, \"manual_edit\": false}, {\"questionpart_n\": \"c.\", \"question\": \"The dingo chased the man.\", \"answer\": \"@@@Ngubanulu arnmanunha ngardayi.@@@\", \"matches_human_scoring\": false, \"fuzzy_matching\": false, \"manual_edit\": false}, {\"questionpart_n\": \"d.\", \"question\": \"The dingo ate some cream.\", \"answer\": \"@@@Ngubanulu atkajadi ngala\\u2019i.@@@\", \"matches_human_scoring\": false, \"fuzzy_matching\": false, \"manual_edit\": false}, {\"questionpart_n\": \"e.\", \"question\": \"The woman ate the cream.\", \"answer\": \"@@@Nyarlunggu atkajadinha ngala\\u2019i.@@@\", \"matches_human_scoring\": false, \"fuzzy_matching\": false, \"manual_edit\": false}, {\"questionpart_n\": \"f.\", \"question\": \"The woman knew the man.\", \"answer\": \"@@@Nyarlunggu arnmanunha wanyjida\\u2019i.@@@\", \"matches_human_scoring\": false, \"fuzzy_matching\": false, \"manual_edit\": false}, {\"questionpart_n\": \"g.\", \"question\": \"The man waited for the dingo.\", \"answer\": \"@@@Arnmanulu ngubanunha wirda\\u2019i.@@@\", \"matches_human_scoring\": false, \"fuzzy_matching\": false, \"manual_edit\": false}, {\"questionpart_n\": \"h.\", \"question\": \"The horse jumped.\", \"answer\": \"@@@Nguutu wadaditii.@@@\", \"matches_human_scoring\": false, \"fuzzy_matching\": false, \"manual_edit\": false}]}, {\"question_n\": \"Q 9.2\", \"prompt\": \"Below are some more sentences in $$$Language X$$$, some of which are incorrect. Say \\\"Yes\\\" if the sentence is a grammatical sentence in $$$Language X$$$, and \\\"No\\\" if it is not.\", \"subprompts\": [{\"questionpart_n\": \"i.\", \"question\": \"@@@Nguutulu arnmanunha wirdatii.@@@\", \"answer\": \"Yes\", \"matches_human_scoring\": false, \"fuzzy_matching\": false, \"manual_edit\": false}, {\"questionpart_n\": \"j.\", \"question\": \"@@@Niilulu nguutu iciciba\\u2019i.@@@\", \"answer\": \"No\", \"matches_human_scoring\": false, \"fuzzy_matching\": false, \"manual_edit\": false}, {\"questionpart_n\": \"k.\", \"question\": \"@@@Coopulu acijadinha ngutijada\\u2019i.@@@\", \"answer\": \"Yes\", \"matches_human_scoring\": false, \"fuzzy_matching\": false, \"manual_edit\": false}, {\"questionpart_n\": \"l.\", \"question\": \"@@@Maacanggu badgutunha ngala\\u2019i.@@@\", \"answer\": \"No\", \"matches_human_scoring\": false, \"fuzzy_matching\": false, \"manual_edit\": false}, {\"questionpart_n\": \"m.\", \"question\": \"@@@Niilunggu nguutunggunha iciciba\\u2019i.@@@\", \"answer\": \"No\", \"matches_human_scoring\": false, \"fuzzy_matching\": false, \"manual_edit\": false}]}]",
    "notes": "Reworded final task",
    "answers_page": 3,
    "team_review": false
}