{
    "preamble": "1.$$$Language X $$$: not a hard problem\n &&& $$$Language X $$$ is a &&& &&& language spoken by the $$$People X $$$ and people of other ethnic groups in the $$$Region X $$$ &&& &&& &&&. ",
    "context": "Here are eight $$$Language X $$$ sentences and their English translations.\n\n@@@Gadis cantik itu tidak kaya.@@@\tThe beautiful girl is not rich.\n@@@Penyani itu tidak bahagia.@@@\tThe singer is not happy.\n@@@Kekayaan itu bukan dari bapanya.@@@\tThe wealth is not from his father.\n@@@Wang bukan kebahagiaan.@@@\tMoney is not happiness.\n@@@Kereta itu tidak datang dari medan itu.@@@\tThe car is not coming from the field\n@@@Manusia itu depan rumah itu bukan penyani.@@@\tThe man in front of the house is not a singer.\n@@@Hadiah itu bukan untuk bapa itu.@@@\tThe gift is not for the father.\n@@@Gadis bahagia itu tidak menangis.@@@\tThe happy girl is not crying.\n",
    "questions": "[{\"question_n\": \"Q 1\", \"prompt\": \"Translate the following into $$$Language X$$$.\", \"subprompts\": [{\"questionpart_n\": \"a.\", \"question\": \"Beauty is not a gift.\", \"answer\": \"[\\\"@@@Kecantikan bukan hadiah.@@@\\\", \\\"@@@Kecantikan itu bukan hadiah.@@@\\\"]\", \"matches_human_scoring\": false, \"fuzzy_matching\": false, \"manual_edit\": false}, {\"questionpart_n\": \"b.\", \"question\": \"The rich girl is not a singer.\", \"answer\": \"@@@Gadis kaya itu bukan penyani.@@@\", \"matches_human_scoring\": false, \"fuzzy_matching\": false, \"manual_edit\": false}, {\"questionpart_n\": \"c.\", \"question\": \"His wealth is not for the girl.\", \"answer\": \"@@@Kekayaannya bukan untuk gadis itu.@@@\", \"matches_human_scoring\": false, \"fuzzy_matching\": false, \"manual_edit\": false}, {\"questionpart_n\": \"d.\", \"question\": \"The man is not coming.\", \"answer\": \"@@@Manusia itu tidak datang.@@@\", \"matches_human_scoring\": false, \"fuzzy_matching\": false, \"manual_edit\": false}, {\"questionpart_n\": \"e.\", \"question\": \"The gift from the singer is not beautiful.\", \"answer\": \"@@@Hadiah itu dari penyani itu tidak cantik.@@@\", \"matches_human_scoring\": false, \"fuzzy_matching\": false, \"manual_edit\": false}]}]",
    "notes": "",
    "answers_page": 2,
    "team_review": false
}