{
    "preamble": "Problem 8. $$$Language X$$$ verbs (20 marks)\n &&& &&&",
    "context": "The table below shows two past-tense forms for a number of $$$Language X$$$ verbs. These forms show whether the verb\u2019s subject is \u2018I\u2019 or \u2018he\u2019. The challenge for you is to work out how these forms are related to each other. To help you, here are some notes on how the letters are pronounced:\n\n- Vowel sounds are much as in English.\n   - A double vowel indicates that the vowel is long.\n- Consonants are also as in English except for\n   - the \u2018guttural\u2019 consonants produced at the back of the mouth (in Latin, guttur means \u2018throat\u2019):\n      - <q>: a voiced uvular plosive, like a \u2018g\u2019 but pronounced at the back of the throat.\n      - <kh>: a bit like the \u2018ch\u2019 in Scottish loch but pronounced at the back of the throat.\n      - <x>: a voiceless pharyngeal fricative, hard to describe, but a bit like a heavy \u2018h\u2019.\n      - <c>: same as x, but voiced.\n        <\u2019>: a glottal stop, like the sound in the middle of uh-oh (IPA \u0294 ).\n   - <dh>: a single sound (a \u2018retroflex\u2019 d, produced by curling the tongue-tip back)\n\nAs in English, <sh> is a single sound, as in shell.\n\n\n (a)\u2018I read\u2019,etc.  (b) \u2018He read\u2019,etc.  (c) meaning\n1.   @@@akhriyay@@@      @@@akhriday@@@            read\n2.   @@@aragay@@@        @@@aragtay@@@             saw\n3.   __(3a)__      @@@bartay@@@              taught\n4.   @@@ba\u2019ay@@@         @@@ba\u2019day@@@              was destroyed\n5.   @@@baajiyay@@@      __(5b)__            prevented\n6.   @@@baaqay@@@        @@@baaqday@@@             announced\n7.   @@@baxay@@@         @@@baxday@@@              left\n8.   @@@bi\u2019iyay@@@       __(8b)__            destroyed\n9.   @@@bilaabay@@@      __(9b)__            began\n10.  __(10a)__     @@@cuntay@@@              ate \n11.  @@@cabay@@@         @@@cabtay@@@              drank\n12.  @@@cararay@@@       @@@carartay@@@            ran away\n13.  @@@daaqay@@@        __(13b)__           grazed\n14.  @@@dhacay@@@        __(14b)__           fell\n15.  @@@dhisay@@@        @@@dhistay@@@             built\n16.  @@@diiday@@@        @@@diiday@@@              refused\n17.  @@@dilay@@@         @@@dishay@@@              killed\n18.  @@@faraxay@@@       __(18b)__           was happy\n19.  @@@gaadhay@@@       @@@gaadhay@@@             reached\n20.  @@@galay@@@         __(20b)__           entered\n21.  @@@go\u2019ay@@@         __(21b)__           cut\n22.  __(22a)__     @@@heshay@@@              found\n23.  @@@horjeeday@@@     @@@horjeeday@@@           opposed\n24.  @@@kacay@@@         __(24b)__           rose\n25.  @@@keenay@@@        @@@keentay@@@             brought\n26.  @@@korodhay@@@      @@@korodhay@@@            increased\n27.  @@@qaaday@@@        __(27b)__           took\n28.  @@@tagay@@@         @@@tagtay@@@              went\n29.  @@@xidhay@@@        __(29b)__           closed\n30.  @@@walaaqay@@@      __(30b)__            stirred\n\n\nFootnote: <...> is the standard notation for letters, in contrast with /.../ or [...] for sounds.\n",
    "questions": "[{\"question_n\": \"Q 8\", \"prompt\": \" Some cells in this table are empty except for a row-column identifier (e.g. \\u2018__(3a)__\\u2019). Provide the words to fill the corresponding cells in the table.\", \"subprompts\": [{\"questionpart_n\": \"3a\", \"question\": \"__(3a)__\", \"answer\": \"@@@baray@@@\", \"matches_human_scoring\": true, \"fuzzy_matching\": false, \"manual_edit\": false}, {\"questionpart_n\": \"5b\", \"question\": \"__(5b)__\", \"answer\": \"@@@baajiday@@@\", \"matches_human_scoring\": true, \"fuzzy_matching\": false, \"manual_edit\": false}, {\"questionpart_n\": \"8b\", \"question\": \"__(8b)__\", \"answer\": \"@@@bi\\u2019iday@@@\", \"matches_human_scoring\": true, \"fuzzy_matching\": false, \"manual_edit\": false}, {\"questionpart_n\": \"9b\", \"question\": \"__(9b)__\", \"answer\": \"@@@bilaabtay@@@\", \"matches_human_scoring\": true, \"fuzzy_matching\": false, \"manual_edit\": false}, {\"questionpart_n\": \"10a\", \"question\": \"__(10a)__\", \"answer\": \"@@@cunay@@@\", \"matches_human_scoring\": true, \"fuzzy_matching\": false, \"manual_edit\": false}, {\"questionpart_n\": \"13b\", \"question\": \"__(13b)__\", \"answer\": \"@@@daaqday@@@\", \"matches_human_scoring\": true, \"fuzzy_matching\": false, \"manual_edit\": false}, {\"questionpart_n\": \"14b\", \"question\": \"__(14b)__\", \"answer\": \"@@@dhacday@@@\", \"matches_human_scoring\": true, \"fuzzy_matching\": false, \"manual_edit\": false}, {\"questionpart_n\": \"18b\", \"question\": \"__(18b)__\", \"answer\": \"@@@faraxday@@@\", \"matches_human_scoring\": true, \"fuzzy_matching\": false, \"manual_edit\": false}, {\"questionpart_n\": \"20b\", \"question\": \"__(20b)__\", \"answer\": \"@@@gashay@@@\", \"matches_human_scoring\": true, \"fuzzy_matching\": false, \"manual_edit\": false}, {\"questionpart_n\": \"21b\", \"question\": \"__(21b)__\", \"answer\": \"@@@go\\u2019day@@@\", \"matches_human_scoring\": true, \"fuzzy_matching\": false, \"manual_edit\": false}, {\"questionpart_n\": \"22a\", \"question\": \"__(22a)__\", \"answer\": \"@@@helay@@@\", \"matches_human_scoring\": true, \"fuzzy_matching\": false, \"manual_edit\": false}, {\"questionpart_n\": \"24b\", \"question\": \"__(24b)__\", \"answer\": \"@@@kacday@@@\", \"matches_human_scoring\": true, \"fuzzy_matching\": false, \"manual_edit\": false}, {\"questionpart_n\": \"27b\", \"question\": \"__(27b)__\", \"answer\": \"@@@qaaday@@@\", \"matches_human_scoring\": true, \"fuzzy_matching\": false, \"manual_edit\": false}, {\"questionpart_n\": \"29b\", \"question\": \"__(29b)__\", \"answer\": \"@@@xidhay@@@\", \"matches_human_scoring\": true, \"fuzzy_matching\": false, \"manual_edit\": false}, {\"questionpart_n\": \"30b\", \"question\": \"__(30b)__\", \"answer\": \"@@@walaaqday@@@\", \"matches_human_scoring\": true, \"fuzzy_matching\": false, \"manual_edit\": false}]}]",
    "notes": "",
    "answers_page": 5,
    "team_review": false
}